,YEAR,MONTH,DAY,DAY_OF_WEEK,ORIGIN,DEST,CRS_DEP_TIME,DEP_TIME,DEP_DELAY,CRS_ARR_TIME,ARR_TIME,ARR_DELAY,DATE
1061,2025,6,1,7,LAX,ABQ,845,831,-14,1150,1208,18,2025-06-01
1062,2025,6,1,7,LAX,ABQ,900,859,-1,1200,1217,17,2025-06-01
1063,2025,6,1,7,LAX,ABQ,944,936,-8,1244,1250,6,2025-06-01
1064,2025,6,1,7,LAX,ABQ,1440,1506,26,1733,1804,31,2025-06-01
1065,2025,6,1,7,LAX,ABQ,1459,1537,38,1758,1829,31,2025-06-01
1067,2025,6,1,7,LAX,ABQ,2010,2009,-1,2306,2302,-4,2025-06-01
1068,2025,6,1,7,LAX,ACV,1315,1311,-4,1513,1517,4,2025-06-01
1069,2025,6,1,7,LAX,ANC,1945,1942,-3,20,25,5,2025-06-01
1070,2025,6,1,7,LAX,ATL,615,611,-4,1338,1324,-14,2025-06-01
1071,2025,6,1,7,LAX,ATL,730,730,0,1447,1434,-13,2025-06-01
1072,2025,6,1,7,LAX,ATL,835,835,0,1604,1548,-16,2025-06-01
1073,2025,6,1,7,LAX,ATL,940,932,-8,1703,1639,-24,2025-06-01
1074,2025,6,1,7,LAX,ATL,959,955,-4,1722,1703,-19,2025-06-01
1075,2025,6,1,7,LAX,ATL,1110,1105,-5,1835,1815,-20,2025-06-01
1076,2025,6,1,7,LAX,ATL,1210,1206,-4,1929,1908,-21,2025-06-01
1077,2025,6,1,7,LAX,ATL,1237,1248,11,1959,2000,1,2025-06-01
1078,2025,6,1,7,LAX,ATL,1242,1305,23,2021,2048,27,2025-06-01
1079,2025,6,1,7,LAX,ATL,1310,1314,4,2040,2030,-10,2025-06-01
1080,2025,6,1,7,LAX,ATL,1423,1422,-1,2149,2138,-11,2025-06-01
1081,2025,6,1,7,LAX,ATL,1700,1718,18,21,29,8,2025-06-01
1083,2025,6,1,7,LAX,ATL,2145,2141,-4,501,449,-12,2025-06-01
1084,2025,6,1,7,LAX,ATL,2250,2246,-4,610,556,-14,2025-06-01
1085,2025,6,1,7,LAX,ATL,2310,2312,2,633,645,12,2025-06-01
1086,2025,6,1,7,LAX,ATL,2355,2354,-1,720,721,1,2025-06-01
1087,2025,6,1,7,LAX,AUS,645,639,-6,1140,1125,-15,2025-06-01
1088,2025,6,1,7,LAX,AUS,705,702,-3,1205,1147,-18,2025-06-01
1089,2025,6,1,7,LAX,AUS,730,727,-3,1227,1215,-12,2025-06-01
1090,2025,6,1,7,LAX,AUS,746,739,-7,1244,1225,-19,2025-06-01
1091,2025,6,1,7,LAX,AUS,925,932,7,1451,1431,-20,2025-06-01
1092,2025,6,1,7,LAX,AUS,1000,952,-8,1506,1453,-13,2025-06-01
1094,2025,6,1,7,LAX,AUS,1425,1503,38,1920,1951,31,2025-06-01
1095,2025,6,1,7,LAX,AUS,1555,1550,-5,2054,2037,-17,2025-06-01
1096,2025,6,1,7,LAX,AUS,1852,1919,27,10,20,10,2025-06-01
1097,2025,6,1,7,LAX,AUS,1859,1847,-12,2354,5,11,2025-06-01
1099,2025,6,1,7,LAX,AUS,1919,1910,-9,14,2400,-14,2025-06-01
1100,2025,6,1,7,LAX,BLI,1846,1859,13,2132,2136,4,2025-06-01
1101,2025,6,1,7,LAX,BNA,530,525,-5,1135,1114,-21,2025-06-01
1102,2025,6,1,7,LAX,BNA,655,648,-7,1250,1237,-13,2025-06-01
1103,2025,6,1,7,LAX,BNA,1034,1034,0,1636,1634,-2,2025-06-01
1104,2025,6,1,7,LAX,BNA,1236,1237,1,1840,1839,-1,2025-06-01
1105,2025,6,1,7,LAX,BNA,1735,1750,15,2345,2345,0,2025-06-01
1106,2025,6,1,7,LAX,BNA,1845,1913,28,41,110,29,2025-06-01
1107,2025,6,1,7,LAX,BNA,2320,2314,-6,530,506,-24,2025-06-01
1108,2025,6,1,7,LAX,BOI,1155,1209,14,1459,1458,-1,2025-06-01
1109,2025,6,1,7,LAX,BOI,1245,1236,-9,1559,1535,-24,2025-06-01
1110,2025,6,1,7,LAX,BOI,1945,1939,-6,2252,2234,-18,2025-06-01
1112,2025,6,1,7,LAX,BOS,600,548,-12,1439,1431,-8,2025-06-01
1113,2025,6,1,7,LAX,BOS,700,658,-2,1535,1557,22,2025-06-01
1114,2025,6,1,7,LAX,BOS,750,743,-7,1632,1622,-10,2025-06-01
1115,2025,6,1,7,LAX,BOS,825,817,-8,1700,1647,-13,2025-06-01
1116,2025,6,1,7,LAX,BOS,835,834,-1,1718,1714,-4,2025-06-01
1117,2025,6,1,7,LAX,BOS,1050,1045,-5,1930,1923,-7,2025-06-01
1118,2025,6,1,7,LAX,BOS,1150,1153,3,2035,2039,4,2025-06-01
1119,2025,6,1,7,LAX,BOS,1250,1241,-9,2134,2116,-18,2025-06-01
1120,2025,6,1,7,LAX,BOS,1400,1354,-6,2234,2218,-16,2025-06-01
1121,2025,6,1,7,LAX,BOS,1520,1515,-5,2348,2350,2,2025-06-01
1122,2025,6,1,7,LAX,BOS,2105,2114,9,540,538,-2,2025-06-01
1123,2025,6,1,7,LAX,BOS,2227,2226,-1,700,657,-3,2025-06-01
1124,2025,6,1,7,LAX,BOS,2234,2229,-5,715,706,-9,2025-06-01
1125,2025,6,1,7,LAX,BOS,2235,2235,0,713,705,-8,2025-06-01
1126,2025,6,1,7,LAX,BUF,1410,1419,9,2200,2203,3,2025-06-01
1127,2025,6,1,7,LAX,BWI,640,639,-1,1440,1427,-13,2025-06-01
1128,2025,6,1,7,LAX,BWI,1136,1129,-7,1939,1937,-2,2025-06-01
1129,2025,6,1,7,LAX,BWI,1340,1421,41,2145,2223,38,2025-06-01
1130,2025,6,1,7,LAX,BWI,2215,2215,0,620,618,-2,2025-06-01
1131,2025,6,1,7,LAX,BWI,2359,2359,0,807,809,2,2025-06-01
1132,2025,6,1,7,LAX,BZN,1121,1117,-4,1450,1436,-14,2025-06-01
1133,2025,6,1,7,LAX,BZN,1800,1751,-9,2139,2116,-23,2025-06-01
1134,2025,6,1,7,LAX,CLE,1300,1253,-7,2033,2022,-11,2025-06-01
1135,2025,6,1,7,LAX,CLE,2120,2111,-9,453,448,-5,2025-06-01
1136,2025,6,1,7,LAX,CLT,600,600,0,1346,1334,-12,2025-06-01
1137,2025,6,1,7,LAX,CLT,730,725,-5,1515,1504,-11,2025-06-01
1138,2025,6,1,7,LAX,CLT,930,930,0,1715,1732,17,2025-06-01
1139,2025,6,1,7,LAX,CLT,1130,1147,17,1918,1929,11,2025-06-01
1140,2025,6,1,7,LAX,CLT,1407,1405,-2,2155,2136,-19,2025-06-01
1141,2025,6,1,7,LAX,CLT,2150,2224,34,533,602,29,2025-06-01
1142,2025,6,1,7,LAX,CLT,2239,2239,0,622,620,-2,2025-06-01
1144,2025,6,1,7,LAX,CVG,1350,1348,-2,2104,2106,2,2025-06-01
1145,2025,6,1,7,LAX,CVG,2245,2244,-1,555,550,-5,2025-06-01
1146,2025,6,1,7,LAX,DAL,505,501,-4,1010,957,-13,2025-06-01
1147,2025,6,1,7,LAX,DAL,920,924,4,1430,1413,-17,2025-06-01
1148,2025,6,1,7,LAX,DAL,1555,1627,32,2100,2126,26,2025-06-01
1149,2025,6,1,7,LAX,DAL,1825,1823,-2,2330,2307,-23,2025-06-01
1150,2025,6,1,7,LAX,DCA,745,736,-9,1540,1528,-12,2025-06-01
1152,2025,6,1,7,LAX,DCA,1248,1259,11,2059,2101,2,2025-06-01
1153,2025,6,1,7,LAX,DCA,1255,1309,14,2052,2124,32,2025-06-01
1154,2025,6,1,7,LAX,DEN,522,519,-3,841,835,-6,2025-06-01
1155,2025,6,1,7,LAX,DEN,605,558,-7,935,914,-21,2025-06-01
1156,2025,6,1,7,LAX,DEN,615,700,45,948,1043,55,2025-06-01
1157,2025,6,1,7,LAX,DEN,706,701,-5,1031,1029,-2,2025-06-01
1158,2025,6,1,7,LAX,DEN,815,810,-5,1139,1127,-12,2025-06-01
1159,2025,6,1,7,LAX,DEN,850,843,-7,1213,1224,11,2025-06-01
1160,2025,6,1,7,LAX,DEN,900,857,-3,1227,1209,-18,2025-06-01
1161,2025,6,1,7,LAX,DEN,915,917,2,1240,1227,-13,2025-06-01
1162,2025,6,1,7,LAX,DEN,1050,1038,-12,1425,1410,-15,2025-06-01
1163,2025,6,1,7,LAX,DEN,1052,1052,0,1419,1420,1,2025-06-01
1164,2025,6,1,7,LAX,DEN,1239,1231,-8,1600,1558,-2,2025-06-01
1165,2025,6,1,7,LAX,DEN,1255,1258,3,1625,1632,7,2025-06-01
1166,2025,6,1,7,LAX,DEN,1255,1301,6,1623,1651,28,2025-06-01
1167,2025,6,1,7,LAX,DEN,1435,1432,-3,1805,1845,40,2025-06-01
1168,2025,6,1,7,LAX,DEN,1445,1508,23,1810,1822,12,2025-06-01
1169,2025,6,1,7,LAX,DEN,1457,1458,1,1819,1821,2,2025-06-01
1171,2025,6,1,7,LAX,DEN,1627,1617,-10,1949,2114,85,2025-06-01
1172,2025,6,1,7,LAX,DEN,1830,1842,12,2200,2208,8,2025-06-01
1173,2025,6,1,7,LAX,DEN,1918,1914,-4,2247,2227,-20,2025-06-01
1174,2025,6,1,7,LAX,DEN,1935,1953,18,2300,2302,2,2025-06-01
1175,2025,6,1,7,LAX,DEN,2030,2026,-4,2354,2343,-11,2025-06-01
1176,2025,6,1,7,LAX,DFW,35,33,-2,532,528,-4,2025-06-01
1177,2025,6,1,7,LAX,DFW,530,525,-5,1038,1025,-13,2025-06-01
1178,2025,6,1,7,LAX,DFW,600,600,0,1106,1101,-5,2025-06-01
1179,2025,6,1,7,LAX,DFW,700,656,-4,1209,1157,-12,2025-06-01
1181,2025,6,1,7,LAX,DFW,835,826,-9,1343,1323,-20,2025-06-01
1182,2025,6,1,7,LAX,DFW,904,904,0,1414,1358,-16,2025-06-01
1183,2025,6,1,7,LAX,DFW,1110,1107,-3,1617,1607,-10,2025-06-01
1184,2025,6,1,7,LAX,DFW,1220,1218,-2,1726,1726,0,2025-06-01
1186,2025,6,1,7,LAX,DFW,1438,1436,-2,1944,1933,-11,2025-06-01
1187,2025,6,1,7,LAX,DFW,1535,1606,31,2044,2105,21,2025-06-01
1188,2025,6,1,7,LAX,DFW,1644,1638,-6,2150,2203,13,2025-06-01
1189,2025,6,1,7,LAX,DFW,1825,1819,-6,2331,2317,-14,2025-06-01
1190,2025,6,1,7,LAX,DFW,1859,1858,-1,2359,2359,0,2025-06-01
1191,2025,6,1,7,LAX,DFW,1903,1854,-9,26,2356,-30,2025-06-01
1192,2025,6,1,7,LAX,DFW,1925,1916,-9,31,13,-18,2025-06-01
1193,2025,6,1,7,LAX,DFW,2355,17,22,500,506,6,2025-06-01
1194,2025,6,1,7,LAX,DTW,59,58,-1,825,822,-3,2025-06-01
1195,2025,6,1,7,LAX,DTW,535,530,-5,1301,1307,6,2025-06-01
1196,2025,6,1,7,LAX,DTW,935,931,-4,1657,1645,-12,2025-06-01
1197,2025,6,1,7,LAX,DTW,959,955,-4,1723,1718,-5,2025-06-01
1198,2025,6,1,7,LAX,DTW,1147,1144,-3,1911,1910,-1,2025-06-01
1199,2025,6,1,7,LAX,DTW,1552,1543,-9,2318,2337,19,2025-06-01
1200,2025,6,1,7,LAX,DTW,2126,2126,0,443,448,5,2025-06-01
1201,2025,6,1,7,LAX,DTW,2235,2239,4,600,554,-6,2025-06-01
1202,2025,6,1,7,LAX,ELP,900,855,-5,1156,1158,2,2025-06-01
1203,2025,6,1,7,LAX,ELP,1015,1014,-1,1305,1301,-4,2025-06-01
1204,2025,6,1,7,LAX,ELP,1525,1516,-9,1819,1817,-2,2025-06-01
1205,2025,6,1,7,LAX,ELP,1832,1824,-8,2125,2123,-2,2025-06-01
1206,2025,6,1,7,LAX,EUG,2059,2144,45,2320,2400,40,2025-06-01
1207,2025,6,1,7,LAX,EWR,600,558,-2,1434,1424,-10,2025-06-01
1208,2025,6,1,7,LAX,EWR,700,650,-10,1540,1515,-25,2025-06-01
1209,2025,6,1,7,LAX,EWR,700,701,1,1534,1533,-1,2025-06-01
1210,2025,6,1,7,LAX,EWR,754,753,-1,1629,1618,-11,2025-06-01
1211,2025,6,1,7,LAX,EWR,820,831,11,1645,1654,9,2025-06-01
1212,2025,6,1,7,LAX,EWR,1015,1015,0,1854,1844,-10,2025-06-01
1213,2025,6,1,7,LAX,EWR,1021,1020,-1,1900,1837,-23,2025-06-01
1214,2025,6,1,7,LAX,EWR,1100,1056,-4,1939,1926,-13,2025-06-01
1216,2025,6,1,7,LAX,EWR,1330,1324,-6,2152,2137,-15,2025-06-01
1217,2025,6,1,7,LAX,EWR,1423,1421,-2,2249,2241,-8,2025-06-01
1219,2025,6,1,7,LAX,EWR,2055,2049,-6,508,439,-29,2025-06-01
1220,2025,6,1,7,LAX,EWR,2143,2135,-8,559,559,0,2025-06-01
1221,2025,6,1,7,LAX,EWR,2220,2244,24,648,708,20,2025-06-01
1222,2025,6,1,7,LAX,EWR,2359,2355,-4,812,757,-15,2025-06-01
1223,2025,6,1,7,LAX,FAT,1030,1021,-9,1148,1146,-2,2025-06-01
1224,2025,6,1,7,LAX,FAT,1910,1904,-6,2024,2006,-18,2025-06-01
1225,2025,6,1,7,LAX,FAT,2238,2252,14,2352,2359,7,2025-06-01
1226,2025,6,1,7,LAX,FCA,922,912,-10,1321,1258,-23,2025-06-01
1227,2025,6,1,7,LAX,FLL,830,822,-8,1637,1618,-19,2025-06-01
1228,2025,6,1,7,LAX,FLL,1047,1039,-8,1859,1826,-33,2025-06-01
1230,2025,6,1,7,LAX,FLL,1550,1545,-5,2341,2328,-13,2025-06-01
1231,2025,6,1,7,LAX,FLL,2100,2053,-7,504,442,-22,2025-06-01
1232,2025,6,1,7,LAX,FLL,2305,2312,7,655,657,2,2025-06-01
1234,2025,6,1,7,LAX,GEG,1905,1854,-11,2140,2125,-15,2025-06-01
1235,2025,6,1,7,LAX,GEG,1945,1936,-9,2222,2201,-21,2025-06-01
1236,2025,6,1,7,LAX,HNL,700,652,-8,1005,915,-50,2025-06-01
1237,2025,6,1,7,LAX,HNL,700,700,0,940,929,-11,2025-06-01
1238,2025,6,1,7,LAX,HNL,830,828,-2,1121,1101,-20,2025-06-01
1239,2025,6,1,7,LAX,HNL,835,831,-4,1117,1053,-24,2025-06-01
1240,2025,6,1,7,LAX,HNL,855,853,-2,1147,1124,-23,2025-06-01
1241,2025,6,1,7,LAX,HNL,1000,1000,0,1240,1222,-18,2025-06-01
1242,2025,6,1,7,LAX,HNL,1115,1117,2,1404,1356,-8,2025-06-01
1243,2025,6,1,7,LAX,HNL,1315,1316,1,1601,1549,-12,2025-06-01
1245,2025,6,1,7,LAX,HNL,1646,1640,-6,1935,1910,-25,2025-06-01
1246,2025,6,1,7,LAX,HNL,1710,1706,-4,1944,1926,-18,2025-06-01
1247,2025,6,1,7,LAX,HNL,1755,1746,-9,2040,2019,-21,2025-06-01
1248,2025,6,1,7,LAX,HNL,1759,1814,15,2044,2046,2,2025-06-01
1249,2025,6,1,7,LAX,HNL,1825,1816,-9,2111,2126,15,2025-06-01
1250,2025,6,1,7,LAX,HNL,1845,1844,-1,2128,2111,-17,2025-06-01
1251,2025,6,1,7,LAX,HNL,2050,2116,26,2329,7,38,2025-06-01
1252,2025,6,1,7,LAX,HOU,520,520,0,1035,1022,-13,2025-06-01
1253,2025,6,1,7,LAX,HOU,1435,1437,2,1955,1949,-6,2025-06-01
1254,2025,6,1,7,LAX,HOU,2340,2340,0,500,434,-26,2025-06-01
1255,2025,6,1,7,LAX,IAD,620,620,0,1423,1423,0,2025-06-01
1256,2025,6,1,7,LAX,IAD,800,757,-3,1614,1603,-11,2025-06-01
1257,2025,6,1,7,LAX,IAD,815,810,-5,1621,1616,-5,2025-06-01
1258,2025,6,1,7,LAX,IAD,1058,1051,-7,1903,1859,-4,2025-06-01
1259,2025,6,1,7,LAX,IAD,1315,1312,-3,2120,2118,-2,2025-06-01
1260,2025,6,1,7,LAX,IAD,1645,1652,7,44,51,7,2025-06-01
1261,2025,6,1,7,LAX,IAD,2135,2127,-8,537,527,-10,2025-06-01
1262,2025,6,1,7,LAX,IAD,2250,2304,14,639,705,26,2025-06-01
1263,2025,6,1,7,LAX,IAH,56,54,-2,618,555,-23,2025-06-01
1264,2025,6,1,7,LAX,IAH,515,511,-4,1042,1030,-12,2025-06-01
1265,2025,6,1,7,LAX,IAH,715,711,-4,1244,1233,-11,2025-06-01
1266,2025,6,1,7,LAX,IAH,840,838,-2,1409,1354,-15,2025-06-01
1267,2025,6,1,7,LAX,IAH,850,841,-9,1412,1358,-14,2025-06-01
1268,2025,6,1,7,LAX,IAH,1015,1006,-9,1540,1520,-20,2025-06-01
1269,2025,6,1,7,LAX,IAH,1133,1124,-9,1653,1642,-11,2025-06-01
1270,2025,6,1,7,LAX,IAH,1207,1203,-4,1724,1716,-8,2025-06-01
1271,2025,6,1,7,LAX,IAH,1310,1304,-6,1840,1826,-14,2025-06-01
1272,2025,6,1,7,LAX,IAH,1351,1401,10,1909,1920,11,2025-06-01
1274,2025,6,1,7,LAX,IAH,1810,1803,-7,2321,2317,-4,2025-06-01
1275,2025,6,1,7,LAX,IAH,1810,1807,-3,2333,2319,-14,2025-06-01
1276,2025,6,1,7,LAX,IAH,1920,1913,-7,43,21,-22,2025-06-01
1277,2025,6,1,7,LAX,IAH,2342,12,30,455,524,29,2025-06-01
1279,2025,6,1,7,LAX,IND,948,942,-6,1653,1639,-14,2025-06-01
1280,2025,6,1,7,LAX,IND,1412,1421,9,2114,2118,4,2025-06-01
1281,2025,6,1,7,LAX,IND,2300,2251,-9,600,547,-13,2025-06-01
1282,2025,6,1,7,LAX,JAC,1030,1022,-8,1348,1331,-17,2025-06-01
1283,2025,6,1,7,LAX,JFK,600,553,-7,1430,1426,-4,2025-06-01
1284,2025,6,1,7,LAX,JFK,600,603,3,1430,1433,3,2025-06-01
1285,2025,6,1,7,LAX,JFK,700,652,-8,1528,1537,9,2025-06-01
1286,2025,6,1,7,LAX,JFK,700,655,-5,1525,1555,30,2025-06-01
1287,2025,6,1,7,LAX,JFK,755,749,-6,1632,1629,-3,2025-06-01
1288,2025,6,1,7,LAX,JFK,800,753,-7,1627,1621,-6,2025-06-01
1289,2025,6,1,7,LAX,JFK,905,905,0,1755,1731,-24,2025-06-01
1290,2025,6,1,7,LAX,JFK,955,1000,5,1835,1853,18,2025-06-01
1291,2025,6,1,7,LAX,JFK,1020,1012,-8,1910,1847,-23,2025-06-01
1292,2025,6,1,7,LAX,JFK,1032,1034,2,1900,1904,4,2025-06-01
1293,2025,6,1,7,LAX,JFK,1115,1103,-12,1959,1935,-24,2025-06-01
1294,2025,6,1,7,LAX,JFK,1120,1116,-4,1950,1944,-6,2025-06-01
1295,2025,6,1,7,LAX,JFK,1200,1153,-7,2030,2029,-1,2025-06-01
1296,2025,6,1,7,LAX,JFK,1220,1215,-5,2102,2111,9,2025-06-01
1297,2025,6,1,7,LAX,JFK,1258,1253,-5,2126,2129,3,2025-06-01
1298,2025,6,1,7,LAX,JFK,1305,1259,-6,2144,2125,-19,2025-06-01
1299,2025,6,1,7,LAX,JFK,1420,1419,-1,2255,2244,-11,2025-06-01
1300,2025,6,1,7,LAX,JFK,1430,1421,-9,2310,2302,-8,2025-06-01
1301,2025,6,1,7,LAX,JFK,1520,1515,-5,2358,2342,-16,2025-06-01
1302,2025,6,1,7,LAX,JFK,1529,1518,-11,2357,2350,-7,2025-06-01
1303,2025,6,1,7,LAX,JFK,1620,1614,-6,57,39,-18,2025-06-01
1304,2025,6,1,7,LAX,JFK,1625,1622,-3,55,35,-20,2025-06-01
1305,2025,6,1,7,LAX,JFK,2053,2110,17,530,540,10,2025-06-01
1306,2025,6,1,7,LAX,JFK,2115,2114,-1,542,526,-16,2025-06-01
1307,2025,6,1,7,LAX,JFK,2125,2124,-1,559,551,-8,2025-06-01
1308,2025,6,1,7,LAX,JFK,2155,2146,-9,621,600,-21,2025-06-01
1309,2025,6,1,7,LAX,JFK,2255,2248,-7,722,710,-12,2025-06-01
1310,2025,6,1,7,LAX,JFK,2255,2254,-1,725,720,-5,2025-06-01
1311,2025,6,1,7,LAX,JFK,2355,2350,-5,830,809,-21,2025-06-01
1312,2025,6,1,7,LAX,JFK,2359,1,2,837,831,-6,2025-06-01
1313,2025,6,1,7,LAX,KOA,910,908,-2,1150,1134,-16,2025-06-01
1314,2025,6,1,7,LAX,KOA,933,1004,31,1217,1218,1,2025-06-01
1315,2025,6,1,7,LAX,KOA,1100,1055,-5,1335,1311,-24,2025-06-01
1316,2025,6,1,7,LAX,KOA,1629,1622,-7,1910,1839,-31,2025-06-01
1317,2025,6,1,7,LAX,KOA,1725,1722,-3,2003,1943,-20,2025-06-01
1318,2025,6,1,7,LAX,LAS,535,530,-5,650,631,-19,2025-06-01
1319,2025,6,1,7,LAX,LAS,600,553,-7,719,706,-13,2025-06-01
1320,2025,6,1,7,LAX,LAS,730,721,-9,842,827,-15,2025-06-01
1321,2025,6,1,7,LAX,LAS,810,803,-7,930,925,-5,2025-06-01
1322,2025,6,1,7,LAX,LAS,826,823,-3,951,940,-11,2025-06-01
1323,2025,6,1,7,LAX,LAS,935,927,-8,1047,1045,-2,2025-06-01
1324,2025,6,1,7,LAX,LAS,950,949,-1,1105,1053,-12,2025-06-01
1326,2025,6,1,7,LAX,LAS,1120,1114,-6,1235,1242,7,2025-06-01
1327,2025,6,1,7,LAX,LAS,1137,1129,-8,1252,1302,10,2025-06-01
1328,2025,6,1,7,LAX,LAS,1220,1209,-11,1331,1342,11,2025-06-01
1329,2025,6,1,7,LAX,LAS,1315,1347,32,1435,1518,43,2025-06-01
1330,2025,6,1,7,LAX,LAS,1445,1439,-6,1607,1614,7,2025-06-01
1331,2025,6,1,7,LAX,LAS,1513,1505,-8,1625,1629,4,2025-06-01
1332,2025,6,1,7,LAX,LAS,1548,1555,7,1713,1721,8,2025-06-01
1333,2025,6,1,7,LAX,LAS,1620,1634,14,1740,1759,19,2025-06-01
1334,2025,6,1,7,LAX,LAS,1703,1732,29,1814,1904,50,2025-06-01
1335,2025,6,1,7,LAX,LAS,1735,1728,-7,1849,1841,-8,2025-06-01
1336,2025,6,1,7,LAX,LAS,1753,1744,-9,1911,1919,8,2025-06-01
1337,2025,6,1,7,LAX,LAS,1850,1948,58,2010,2052,42,2025-06-01
1338,2025,6,1,7,LAX,LAS,1852,1842,-10,2010,1951,-19,2025-06-01
1340,2025,6,1,7,LAX,LAS,1945,1936,-9,2108,2108,0,2025-06-01
1341,2025,6,1,7,LAX,LAS,2040,2043,3,2155,2217,22,2025-06-01
1342,2025,6,1,7,LAX,LAS,2055,2046,-9,2205,2251,46,2025-06-01
1343,2025,6,1,7,LAX,LAS,2205,2215,10,2325,2326,1,2025-06-01
1344,2025,6,1,7,LAX,LAS,2210,2253,43,2328,6,38,2025-06-01
1345,2025,6,1,7,LAX,LAS,2305,2300,-5,27,27,0,2025-06-01
1346,2025,6,1,7,LAX,LIH,842,839,-3,1138,1119,-19,2025-06-01
1347,2025,6,1,7,LAX,LIH,900,909,9,1145,1134,-11,2025-06-01
1348,2025,6,1,7,LAX,LIH,930,920,-10,1232,1156,-36,2025-06-01
1349,2025,6,1,7,LAX,LIH,1500,1453,-7,1749,1723,-26,2025-06-01
1350,2025,6,1,7,LAX,MCI,650,653,3,1205,1153,-12,2025-06-01
1351,2025,6,1,7,LAX,MCI,915,903,-12,1424,1410,-14,2025-06-01
1352,2025,6,1,7,LAX,MCI,1501,1556,55,2012,2104,52,2025-06-01
1353,2025,6,1,7,LAX,MCI,1815,1830,15,2324,2358,34,2025-06-01
1354,2025,6,1,7,LAX,MCO,700,655,-5,1449,1432,-17,2025-06-01
1355,2025,6,1,7,LAX,MCO,900,853,-7,1648,1632,-16,2025-06-01
1356,2025,6,1,7,LAX,MCO,1002,957,-5,1804,1730,-34,2025-06-01
1357,2025,6,1,7,LAX,MCO,1115,1110,-5,1910,1900,-10,2025-06-01
1358,2025,6,1,7,LAX,MCO,1401,1445,44,2214,2235,21,2025-06-01
1359,2025,6,1,7,LAX,MCO,1611,1606,-5,2357,2344,-13,2025-06-01
1360,2025,6,1,7,LAX,MCO,2155,2147,-8,540,534,-6,2025-06-01
1361,2025,6,1,7,LAX,MCO,2200,2253,53,542,624,42,2025-06-01
1362,2025,6,1,7,LAX,MCO,2256,2252,-4,657,637,-20,2025-06-01
1363,2025,6,1,7,LAX,MDW,515,512,-3,1115,1104,-11,2025-06-01
1364,2025,6,1,7,LAX,MDW,1350,1406,16,1950,1953,3,2025-06-01
1365,2025,6,1,7,LAX,MDW,2310,2307,-3,515,456,-19,2025-06-01
1366,2025,6,1,7,LAX,MEM,1810,1823,13,2347,2359,12,2025-06-01
1367,2025,6,1,7,LAX,MFE,600,600,0,1109,1114,5,2025-06-01
1368,2025,6,1,7,LAX,MIA,604,557,-7,1403,1337,-26,2025-06-01
1369,2025,6,1,7,LAX,MIA,800,759,-1,1556,1542,-14,2025-06-01
1370,2025,6,1,7,LAX,MIA,955,1004,9,1755,1757,2,2025-06-01
1371,2025,6,1,7,LAX,MIA,1045,1107,22,1845,1904,19,2025-06-01
1372,2025,6,1,7,LAX,MIA,1225,1239,14,2020,2029,9,2025-06-01
1373,2025,6,1,7,LAX,MIA,1358,1446,48,2154,2228,34,2025-06-01
1374,2025,6,1,7,LAX,MIA,2204,2158,-6,600,604,4,2025-06-01
1375,2025,6,1,7,LAX,MIA,2259,2251,-8,657,702,5,2025-06-01
1376,2025,6,1,7,LAX,MIA,2345,2348,3,740,744,4,2025-06-01
1377,2025,6,1,7,LAX,MKE,800,753,-7,1354,1343,-11,2025-06-01
1378,2025,6,1,7,LAX,MRY,820,819,-1,942,937,-5,2025-06-01
1379,2025,6,1,7,LAX,MRY,1823,1815,-8,1937,1924,-13,2025-06-01
1380,2025,6,1,7,LAX,MSP,615,613,-2,1153,1206,13,2025-06-01
1381,2025,6,1,7,LAX,MSP,835,830,-5,1417,1403,-14,2025-06-01
1385,2025,6,1,7,LAX,MSP,2359,2350,-9,543,523,-20,2025-06-01
1386,2025,6,1,7,LAX,MSY,715,748,33,1252,1330,38,2025-06-01
1387,2025,6,1,7,LAX,MSY,745,743,-2,1325,1314,-11,2025-06-01
1388,2025,6,1,7,LAX,MSY,1154,1154,0,1732,1727,-5,2025-06-01
1389,2025,6,1,7,LAX,MSY,1213,1235,22,1751,1800,9,2025-06-01
1391,2025,6,1,7,LAX,MSY,1800,1754,-6,2334,2319,-15,2025-06-01
1392,2025,6,1,7,LAX,OAK,625,623,-2,750,731,-19,2025-06-01
1393,2025,6,1,7,LAX,OAK,820,813,-7,950,920,-30,2025-06-01
1394,2025,6,1,7,LAX,OAK,935,929,-6,1100,1038,-22,2025-06-01
1395,2025,6,1,7,LAX,OAK,1235,1244,9,1400,1353,-7,2025-06-01
1396,2025,6,1,7,LAX,OAK,1420,1435,15,1545,1538,-7,2025-06-01
1397,2025,6,1,7,LAX,OAK,1630,1630,0,1755,1740,-15,2025-06-01
1398,2025,6,1,7,LAX,OAK,1850,1848,-2,2015,1959,-16,2025-06-01
1399,2025,6,1,7,LAX,OAK,2020,2108,48,2145,2211,26,2025-06-01
1400,2025,6,1,7,LAX,OGG,745,755,10,1025,1006,-19,2025-06-01
1401,2025,6,1,7,LAX,OGG,800,755,-5,1035,1007,-28,2025-06-01
1402,2025,6,1,7,LAX,OGG,815,811,-4,1055,1040,-15,2025-06-01
1403,2025,6,1,7,LAX,OGG,939,938,-1,1219,1155,-24,2025-06-01
1404,2025,6,1,7,LAX,OGG,1650,1646,-4,1925,1909,-16,2025-06-01
1405,2025,6,1,7,LAX,OGG,1655,1650,-5,1934,1915,-19,2025-06-01
1406,2025,6,1,7,LAX,OKC,954,1035,41,1449,1547,58,2025-06-01
1407,2025,6,1,7,LAX,OKC,1741,1818,37,2232,2311,39,2025-06-01
1408,2025,6,1,7,LAX,OMA,1404,1357,-7,1915,1915,0,2025-06-01
1409,2025,6,1,7,LAX,ORD,41,30,-11,642,619,-23,2025-06-01
1410,2025,6,1,7,LAX,ORD,545,541,-4,1157,1146,-11,2025-06-01
1411,2025,6,1,7,LAX,ORD,605,558,-7,1220,1201,-19,2025-06-01
1412,2025,6,1,7,LAX,ORD,620,613,-7,1242,1224,-18,2025-06-01
1413,2025,6,1,7,LAX,ORD,730,723,-7,1335,1332,-3,2025-06-01
1414,2025,6,1,7,LAX,ORD,745,738,-7,1356,1355,-1,2025-06-01
1415,2025,6,1,7,LAX,ORD,815,810,-5,1439,1422,-17,2025-06-01
1416,2025,6,1,7,LAX,ORD,943,938,-5,1555,1543,-12,2025-06-01
1417,2025,6,1,7,LAX,ORD,1040,1036,-4,1656,1636,-20,2025-06-01
1418,2025,6,1,7,LAX,ORD,1116,1106,-10,1726,1716,-10,2025-06-01
1419,2025,6,1,7,LAX,ORD,1237,1235,-2,1855,1855,0,2025-06-01
1420,2025,6,1,7,LAX,ORD,1330,1327,-3,1938,1937,-1,2025-06-01
1421,2025,6,1,7,LAX,ORD,1401,1359,-2,2025,2010,-15,2025-06-01
1422,2025,6,1,7,LAX,ORD,1620,1616,-4,2232,2212,-20,2025-06-01
1423,2025,6,1,7,LAX,ORD,1640,1632,-8,2304,2250,-14,2025-06-01
1424,2025,6,1,7,LAX,ORD,1646,1637,-9,2305,2242,-23,2025-06-01
1425,2025,6,1,7,LAX,ORD,1738,1728,-10,2359,2318,-41,2025-06-01
1426,2025,6,1,7,LAX,ORD,1748,1841,53,2359,30,31,2025-06-01
1427,2025,6,1,7,LAX,ORD,2240,2245,5,451,449,-2,2025-06-01
1428,2025,6,1,7,LAX,ORD,2259,2310,11,510,512,2,2025-06-01
1429,2025,6,1,7,LAX,ORD,2337,2337,0,545,538,-7,2025-06-01
1430,2025,6,1,7,LAX,ORD,2345,2342,-3,553,540,-13,2025-06-01
1431,2025,6,1,7,LAX,PDX,700,651,-9,924,901,-23,2025-06-01
1432,2025,6,1,7,LAX,PDX,700,658,-2,928,929,1,2025-06-01
1433,2025,6,1,7,LAX,PDX,850,842,-8,1125,1118,-7,2025-06-01
1434,2025,6,1,7,LAX,PDX,925,917,-8,1152,1139,-13,2025-06-01
1435,2025,6,1,7,LAX,PDX,940,933,-7,1204,1152,-12,2025-06-01
1436,2025,6,1,7,LAX,PDX,943,940,-3,1214,1205,-9,2025-06-01
1437,2025,6,1,7,LAX,PDX,1120,1116,-4,1347,1327,-20,2025-06-01
1438,2025,6,1,7,LAX,PDX,1343,1337,-6,1608,1546,-22,2025-06-01
1439,2025,6,1,7,LAX,PDX,1357,1354,-3,1624,1610,-14,2025-06-01
1440,2025,6,1,7,LAX,PDX,1505,1457,-8,1733,1719,-14,2025-06-01
1441,2025,6,1,7,LAX,PDX,1638,1631,-7,1904,1836,-28,2025-06-01
1442,2025,6,1,7,LAX,PDX,1820,1856,36,2048,2112,24,2025-06-01
1443,2025,6,1,7,LAX,PDX,2020,2017,-3,2241,2224,-17,2025-06-01
1444,2025,6,1,7,LAX,PDX,2128,2123,-5,2359,16,17,2025-06-01
1445,2025,6,1,7,LAX,PDX,2133,2122,-11,2359,2359,0,2025-06-01
1446,2025,6,1,7,LAX,PHL,55,45,-10,900,855,-5,2025-06-01
1447,2025,6,1,7,LAX,PHL,700,659,-1,1505,1515,10,2025-06-01
1448,2025,6,1,7,LAX,PHL,948,940,-8,1755,1750,-5,2025-06-01
1449,2025,6,1,7,LAX,PHL,1204,1157,-7,2012,2015,3,2025-06-01
1450,2025,6,1,7,LAX,PHL,1545,1542,-3,2353,2346,-7,2025-06-01
1451,2025,6,1,7,LAX,PHL,2220,2242,22,630,649,19,2025-06-01
1452,2025,6,1,7,LAX,PHL,2227,2254,27,650,711,21,2025-06-01
1453,2025,6,1,7,LAX,PHL,2321,2314,-7,725,723,-2,2025-06-01
1454,2025,6,1,7,LAX,PHX,525,521,-4,650,636,-14,2025-06-01
1455,2025,6,1,7,LAX,PHX,600,610,10,730,756,26,2025-06-01
1456,2025,6,1,7,LAX,PHX,713,723,10,834,852,18,2025-06-01
1457,2025,6,1,7,LAX,PHX,815,814,-1,945,938,-7,2025-06-01
1458,2025,6,1,7,LAX,PHX,815,814,-1,951,951,0,2025-06-01
1459,2025,6,1,7,LAX,PHX,825,815,-10,956,946,-10,2025-06-01
1460,2025,6,1,7,LAX,PHX,950,948,-2,1115,1104,-11,2025-06-01
1461,2025,6,1,7,LAX,PHX,1000,956,-4,1127,1121,-6,2025-06-01
1462,2025,6,1,7,LAX,PHX,1031,1024,-7,1157,1153,-4,2025-06-01
1463,2025,6,1,7,LAX,PHX,1125,1127,2,1255,1309,14,2025-06-01
1464,2025,6,1,7,LAX,PHX,1303,1256,-7,1430,1432,2,2025-06-01
1465,2025,6,1,7,LAX,PHX,1428,1515,47,1607,1650,43,2025-06-01
1466,2025,6,1,7,LAX,PHX,1430,1450,20,1555,1621,26,2025-06-01
1467,2025,6,1,7,LAX,PHX,1525,1533,8,1655,1651,-4,2025-06-01
1468,2025,6,1,7,LAX,PHX,1711,1746,35,1842,1924,42,2025-06-01
1469,2025,6,1,7,LAX,PHX,1720,1721,1,1855,1845,-10,2025-06-01
1470,2025,6,1,7,LAX,PHX,1744,1738,-6,1909,1856,-13,2025-06-01
1471,2025,6,1,7,LAX,PHX,1857,1845,-12,2025,2010,-15,2025-06-01
1472,2025,6,1,7,LAX,PHX,1910,1907,-3,2039,2033,-6,2025-06-01
1473,2025,6,1,7,LAX,PHX,1952,1942,-10,2116,2111,-5,2025-06-01
1474,2025,6,1,7,LAX,PHX,2025,2024,-1,2155,2142,-13,2025-06-01
1475,2025,6,1,7,LAX,PHX,2130,2121,-9,2257,2245,-12,2025-06-01
1476,2025,6,1,7,LAX,PHX,2235,2230,-5,13,2359,-14,2025-06-01
1477,2025,6,1,7,LAX,PIT,905,853,-12,1646,1638,-8,2025-06-01
1478,2025,6,1,7,LAX,PRC,1945,1938,-7,2111,2110,-1,2025-06-01
1479,2025,6,1,7,LAX,PSC,2022,2016,-6,2257,2244,-13,2025-06-01
1480,2025,6,1,7,LAX,RDD,1256,1250,-6,1445,1505,20,2025-06-01
1481,2025,6,1,7,LAX,RDM,1245,1241,-4,1503,1449,-14,2025-06-01
1482,2025,6,1,7,LAX,RDU,825,826,1,1619,1620,1,2025-06-01
1483,2025,6,1,7,LAX,RDU,1150,1143,-7,1940,1939,-1,2025-06-01
1484,2025,6,1,7,LAX,RNO,959,955,-4,1128,1114,-14,2025-06-01
1485,2025,6,1,7,LAX,RNO,1019,1021,2,1200,1215,15,2025-06-01
1486,2025,6,1,7,LAX,RNO,1300,1255,-5,1435,1435,0,2025-06-01
1487,2025,6,1,7,LAX,RNO,1504,1511,7,1632,1638,6,2025-06-01
1488,2025,6,1,7,LAX,RNO,1710,1706,-4,1844,1836,-8,2025-06-01
1489,2025,6,1,7,LAX,RNO,2015,2013,-2,2149,2136,-13,2025-06-01
1490,2025,6,1,7,LAX,RNO,2055,2120,25,2221,2240,19,2025-06-01
1492,2025,6,1,7,LAX,SAN,825,817,-8,921,912,-9,2025-06-01
1493,2025,6,1,7,LAX,SAN,920,916,-4,1024,1006,-18,2025-06-01
1494,2025,6,1,7,LAX,SAN,1232,1223,-9,1330,1327,-3,2025-06-01
1495,2025,6,1,7,LAX,SAN,1759,1857,58,1851,1950,59,2025-06-01
1496,2025,6,1,7,LAX,SAN,1846,1844,-2,1947,1943,-4,2025-06-01
1497,2025,6,1,7,LAX,SAN,2217,2222,5,2311,2315,4,2025-06-01
1498,2025,6,1,7,LAX,SAN,2245,2240,-5,2346,2333,-13,2025-06-01
1499,2025,6,1,7,LAX,SAT,855,845,-10,1350,1334,-16,2025-06-01
1500,2025,6,1,7,LAX,SAT,911,901,-10,1400,1402,2,2025-06-01
1501,2025,6,1,7,LAX,SAT,949,948,-1,1435,1429,-6,2025-06-01
1502,2025,6,1,7,LAX,SAT,1530,1607,37,2020,2037,17,2025-06-01
1503,2025,6,1,7,LAX,SAT,1730,1808,38,2220,2252,32,2025-06-01
1504,2025,6,1,7,LAX,SAT,1857,1846,-11,2342,2333,-9,2025-06-01
1505,2025,6,1,7,LAX,SBA,1520,1516,-4,1612,1555,-17,2025-06-01
1506,2025,6,1,7,LAX,SBA,2300,2257,-3,2358,2353,-5,2025-06-01
1507,2025,6,1,7,LAX,SBP,1500,1453,-7,1601,1547,-14,2025-06-01
1509,2025,6,1,7,LAX,SEA,700,652,-8,955,928,-27,2025-06-01
1510,2025,6,1,7,LAX,SEA,700,656,-4,1003,936,-27,2025-06-01
1511,2025,6,1,7,LAX,SEA,800,757,-3,1058,1131,33,2025-06-01
1512,2025,6,1,7,LAX,SEA,838,828,-10,1133,1115,-18,2025-06-01
1513,2025,6,1,7,LAX,SEA,935,935,0,1233,1202,-31,2025-06-01
1515,2025,6,1,7,LAX,SEA,1110,1134,24,1401,1415,14,2025-06-01
1517,2025,6,1,7,LAX,SEA,1155,1158,3,1450,1431,-19,2025-06-01
1518,2025,6,1,7,LAX,SEA,1351,1353,2,1645,1616,-29,2025-06-01
1519,2025,6,1,7,LAX,SEA,1358,1351,-7,1653,1638,-15,2025-06-01
1520,2025,6,1,7,LAX,SEA,1529,1519,-10,1831,1803,-28,2025-06-01
1521,2025,6,1,7,LAX,SEA,1536,1529,-7,1827,1815,-12,2025-06-01
1522,2025,6,1,7,LAX,SEA,1745,1737,-8,2035,2036,1,2025-06-01
1523,2025,6,1,7,LAX,SEA,1755,1825,30,2049,2102,13,2025-06-01
1524,2025,6,1,7,LAX,SEA,1845,1836,-9,2136,2123,-13,2025-06-01
1525,2025,6,1,7,LAX,SEA,1907,1904,-3,2158,2152,-6,2025-06-01
1526,2025,6,1,7,LAX,SEA,1955,1946,-9,2247,2250,3,2025-06-01
1527,2025,6,1,7,LAX,SEA,1955,1947,-8,2251,2227,-24,2025-06-01
1528,2025,6,1,7,LAX,SEA,2000,1952,-8,2302,2303,1,2025-06-01
1529,2025,6,1,7,LAX,SEA,2110,2124,14,2359,17,18,2025-06-01
1530,2025,6,1,7,LAX,SEA,2140,2134,-6,29,7,-22,2025-06-01
1531,2025,6,1,7,LAX,SFO,600,600,0,738,720,-18,2025-06-01
1533,2025,6,1,7,LAX,SFO,630,622,-8,753,731,-22,2025-06-01
1534,2025,6,1,7,LAX,SFO,655,656,1,820,803,-17,2025-06-01
1535,2025,6,1,7,LAX,SFO,800,754,-6,938,915,-23,2025-06-01
1536,2025,6,1,7,LAX,SFO,840,837,-3,1010,1000,-10,2025-06-01
1537,2025,6,1,7,LAX,SFO,920,954,34,1052,1110,18,2025-06-01
1538,2025,6,1,7,LAX,SFO,1015,1013,-2,1145,1142,-3,2025-06-01
1539,2025,6,1,7,LAX,SFO,1026,1019,-7,1159,1136,-23,2025-06-01
1540,2025,6,1,7,LAX,SFO,1100,1057,-3,1232,1223,-9,2025-06-01
1541,2025,6,1,7,LAX,SFO,1220,1220,0,1343,1333,-10,2025-06-01
1542,2025,6,1,7,LAX,SFO,1339,1335,-4,1507,1500,-7,2025-06-01
1543,2025,6,1,7,LAX,SFO,1355,1404,9,1515,1516,1,2025-06-01
1544,2025,6,1,7,LAX,SFO,1415,1433,18,1540,1538,-2,2025-06-01
1545,2025,6,1,7,LAX,SFO,1535,1530,-5,1659,1643,-16,2025-06-01
1546,2025,6,1,7,LAX,SFO,1600,1557,-3,1728,1711,-17,2025-06-01
1547,2025,6,1,7,LAX,SFO,1610,1602,-8,1739,1723,-16,2025-06-01
1548,2025,6,1,7,LAX,SFO,1625,1712,47,1748,1822,34,2025-06-01
1549,2025,6,1,7,LAX,SFO,1710,1659,-11,1840,1818,-22,2025-06-01
1550,2025,6,1,7,LAX,SFO,1813,1830,17,1948,1959,11,2025-06-01
1551,2025,6,1,7,LAX,SFO,1831,1834,3,1958,1952,-6,2025-06-01
1552,2025,6,1,7,LAX,SFO,1840,1849,9,2009,2020,11,2025-06-01
1554,2025,6,1,7,LAX,SFO,1925,1918,-7,2057,2136,39,2025-06-01
1555,2025,6,1,7,LAX,SFO,1935,2016,41,2100,2204,64,2025-06-01
1557,2025,6,1,7,LAX,SFO,2130,2123,-7,2302,2257,-5,2025-06-01
1558,2025,6,1,7,LAX,SFO,2145,2223,38,2309,2334,25,2025-06-01
1559,2025,6,1,7,LAX,SFO,2230,2225,-5,2358,13,15,2025-06-01
1560,2025,6,1,7,LAX,SGU,1315,1313,-2,1547,1550,3,2025-06-01
1561,2025,6,1,7,LAX,SJC,655,646,-9,810,755,-15,2025-06-01
1562,2025,6,1,7,LAX,SJC,710,703,-7,830,807,-23,2025-06-01
1564,2025,6,1,7,LAX,SJC,915,940,25,1035,1040,5,2025-06-01
1565,2025,6,1,7,LAX,SJC,1139,1140,1,1257,1310,13,2025-06-01
1566,2025,6,1,7,LAX,SJC,1140,1140,0,1300,1243,-17,2025-06-01
1567,2025,6,1,7,LAX,SJC,1406,1437,31,1520,1548,28,2025-06-01
1568,2025,6,1,7,LAX,SJC,1628,1719,51,1745,1827,42,2025-06-01
1570,2025,6,1,7,LAX,SJC,1900,1918,18,2020,2016,-4,2025-06-01
1572,2025,6,1,7,LAX,SJC,2115,2110,-5,2235,2215,-20,2025-06-01
1573,2025,6,1,7,LAX,SLC,600,553,-7,855,842,-13,2025-06-01
1574,2025,6,1,7,LAX,SLC,700,655,-5,955,939,-16,2025-06-01
1575,2025,6,1,7,LAX,SLC,815,811,-4,1115,1058,-17,2025-06-01
1576,2025,6,1,7,LAX,SLC,825,821,-4,1126,1120,-6,2025-06-01
1577,2025,6,1,7,LAX,SLC,915,919,4,1211,1206,-5,2025-06-01
1578,2025,6,1,7,LAX,SLC,1135,1129,-6,1429,1406,-23,2025-06-01
1580,2025,6,1,7,LAX,SLC,1318,1351,33,1613,1641,28,2025-06-01
1581,2025,6,1,7,LAX,SLC,1705,1713,8,2000,2004,4,2025-06-01
1582,2025,6,1,7,LAX,SLC,1845,1843,-2,2139,2209,30,2025-06-01
1583,2025,6,1,7,LAX,SLC,1925,1928,3,2215,2227,12,2025-06-01
1584,2025,6,1,7,LAX,SMF,610,604,-6,745,728,-17,2025-06-01
1585,2025,6,1,7,LAX,SMF,758,751,-7,924,916,-8,2025-06-01
1586,2025,6,1,7,LAX,SMF,1005,959,-6,1139,1125,-14,2025-06-01
1587,2025,6,1,7,LAX,SMF,1013,1008,-5,1145,1129,-16,2025-06-01
1589,2025,6,1,7,LAX,SMF,1345,1348,3,1510,1513,3,2025-06-01
1590,2025,6,1,7,LAX,SMF,1529,1532,3,1705,1658,-7,2025-06-01
1591,2025,6,1,7,LAX,SMF,1557,1603,6,1726,1738,12,2025-06-01
1592,2025,6,1,7,LAX,SMF,1630,1635,5,1800,1748,-12,2025-06-01
1593,2025,6,1,7,LAX,SMF,1705,1701,-4,1837,1826,-11,2025-06-01
1594,2025,6,1,7,LAX,SMF,1810,1846,36,1937,2005,28,2025-06-01
1595,2025,6,1,7,LAX,SMF,1922,1916,-6,2101,2045,-16,2025-06-01
1596,2025,6,1,7,LAX,SMF,2000,1951,-9,2137,2112,-25,2025-06-01
1597,2025,6,1,7,LAX,SMF,2010,2010,0,2145,2128,-17,2025-06-01
1598,2025,6,1,7,LAX,SMF,2155,2149,-6,2319,2307,-12,2025-06-01
1599,2025,6,1,7,LAX,STL,620,614,-6,1200,1141,-19,2025-06-01
1601,2025,6,1,7,LAX,STL,1900,1854,-6,40,19,-21,2025-06-01
1602,2025,6,1,7,LAX,STS,925,918,-7,1106,1054,-12,2025-06-01
1603,2025,6,1,7,LAX,STS,2156,2151,-5,2330,2317,-13,2025-06-01
1604,2025,6,1,7,LAX,SUN,830,824,-6,1143,1135,-8,2025-06-01
1605,2025,6,1,7,LAX,TPA,1025,1021,-4,1806,1750,-16,2025-06-01
1606,2025,6,1,7,LAX,TPA,2210,2205,-5,540,520,-20,2025-06-01
1607,2025,6,1,7,LAX,TPA,2359,50,51,756,823,27,2025-06-01
1608,2025,6,1,7,LAX,TUL,915,911,-4,1428,1417,-11,2025-06-01
1609,2025,6,1,7,LAX,TUS,926,920,-6,1058,1118,20,2025-06-01
1610,2025,6,1,7,LAX,TUS,936,930,-6,1108,1050,-18,2025-06-01
1611,2025,6,1,7,LAX,TUS,1115,1108,-7,1245,1242,-3,2025-06-01
1612,2025,6,1,7,LAX,TUS,1418,1435,17,1550,1609,19,2025-06-01
1613,2025,6,1,7,LAX,TUS,1435,1427,-8,1604,1556,-8,2025-06-01
1614,2025,6,1,7,LAX,TUS,1720,1711,-9,1850,1845,-5,2025-06-01
1615,2025,6,1,7,LAX,TUS,1800,1900,60,1935,2031,56,2025-06-01
1616,2025,6,1,7,LAX,TUS,1859,1853,-6,2031,2024,-7,2025-06-01
1617,2025,6,1,7,LAX,TUS,1900,1858,-2,2028,2035,7,2025-06-01
1618,2025,6,1,7,LAX,XNA,1009,1001,-8,1525,1523,-2,2025-06-01
4903,2025,6,2,1,LAX,ABQ,859,852,-7,1204,1154,-10,2025-06-02
4904,2025,6,2,1,LAX,ABQ,955,943,-12,1255,1236,-19,2025-06-02
4905,2025,6,2,1,LAX,ABQ,1205,1204,-1,1500,1449,-11,2025-06-02
4906,2025,6,2,1,LAX,ABQ,1440,1507,27,1733,1756,23,2025-06-02
4907,2025,6,2,1,LAX,ABQ,1459,1456,-3,1758,1735,-23,2025-06-02
4908,2025,6,2,1,LAX,ABQ,1959,1950,-9,2255,2238,-17,2025-06-02
4909,2025,6,2,1,LAX,ABQ,2010,2002,-8,2306,2253,-13,2025-06-02
4910,2025,6,2,1,LAX,ACV,1315,1304,-11,1513,1501,-12,2025-06-02
4911,2025,6,2,1,LAX,ANC,1945,2005,20,20,52,32,2025-06-02
4912,2025,6,2,1,LAX,ASE,1040,1052,12,1356,1359,3,2025-06-02
4913,2025,6,2,1,LAX,ATL,55,51,-4,815,814,-1,2025-06-02
4914,2025,6,2,1,LAX,ATL,615,639,24,1338,1353,15,2025-06-02
4915,2025,6,2,1,LAX,ATL,730,722,-8,1447,1426,-21,2025-06-02
4916,2025,6,2,1,LAX,ATL,835,838,3,1604,1552,-12,2025-06-02
4917,2025,6,2,1,LAX,ATL,935,938,3,1658,1710,12,2025-06-02
4918,2025,6,2,1,LAX,ATL,940,935,-5,1703,1647,-16,2025-06-02
4919,2025,6,2,1,LAX,ATL,1105,1104,-1,1830,1828,-2,2025-06-02
4920,2025,6,2,1,LAX,ATL,1205,1203,-2,1924,1918,-6,2025-06-02
4921,2025,6,2,1,LAX,ATL,1237,1232,-5,1959,1954,-5,2025-06-02
4922,2025,6,2,1,LAX,ATL,1239,1255,16,2018,2055,37,2025-06-02
4923,2025,6,2,1,LAX,ATL,1305,1300,-5,2035,2022,-13,2025-06-02
4924,2025,6,2,1,LAX,ATL,1423,1422,-1,2149,2200,11,2025-06-02
4925,2025,6,2,1,LAX,ATL,1700,1652,-8,21,10,-11,2025-06-02
4926,2025,6,2,1,LAX,ATL,2145,2217,32,501,526,25,2025-06-02
4927,2025,6,2,1,LAX,ATL,2227,2318,51,606,652,46,2025-06-02
4928,2025,6,2,1,LAX,ATL,2250,2247,-3,610,603,-7,2025-06-02
4929,2025,6,2,1,LAX,ATL,2310,2310,0,633,615,-18,2025-06-02
4930,2025,6,2,1,LAX,ATL,2355,52,57,720,820,60,2025-06-02
4931,2025,6,2,1,LAX,AUS,600,554,-6,1100,1050,-10,2025-06-02
4932,2025,6,2,1,LAX,AUS,645,641,-4,1140,1130,-10,2025-06-02
4933,2025,6,2,1,LAX,AUS,730,721,-9,1227,1214,-13,2025-06-02
4934,2025,6,2,1,LAX,AUS,925,939,14,1451,1430,-21,2025-06-02
4935,2025,6,2,1,LAX,AUS,1000,950,-10,1506,1454,-12,2025-06-02
4936,2025,6,2,1,LAX,AUS,1115,1114,-1,1610,1554,-16,2025-06-02
4937,2025,6,2,1,LAX,AUS,1415,1416,1,1911,1900,-11,2025-06-02
4938,2025,6,2,1,LAX,AUS,1555,1540,-15,2054,2040,-14,2025-06-02
4939,2025,6,2,1,LAX,AUS,1825,1825,0,2320,2317,-3,2025-06-02
4940,2025,6,2,1,LAX,AUS,1840,1837,-3,2358,2327,-31,2025-06-02
4941,2025,6,2,1,LAX,AUS,1859,1848,-11,2354,2346,-8,2025-06-02
4942,2025,6,2,1,LAX,AUS,1919,1911,-8,14,3,-11,2025-06-02
4943,2025,6,2,1,LAX,BNA,655,647,-8,1250,1256,6,2025-06-02
4944,2025,6,2,1,LAX,BNA,825,819,-6,1425,1409,-16,2025-06-02
4945,2025,6,2,1,LAX,BNA,855,857,2,1505,1459,-6,2025-06-02
4946,2025,6,2,1,LAX,BNA,1034,1030,-4,1636,1627,-9,2025-06-02
4947,2025,6,2,1,LAX,BNA,1236,1229,-7,1840,1840,0,2025-06-02
4948,2025,6,2,1,LAX,BNA,1845,1838,-7,41,32,-9,2025-06-02
4949,2025,6,2,1,LAX,BNA,2300,2256,-4,510,444,-26,2025-06-02
4950,2025,6,2,1,LAX,BOI,1155,1145,-10,1459,1443,-16,2025-06-02
4951,2025,6,2,1,LAX,BOI,1245,1241,-4,1559,1542,-17,2025-06-02
4953,2025,6,2,1,LAX,BOI,2025,2034,9,2328,2322,-6,2025-06-02
4954,2025,6,2,1,LAX,BOS,600,554,-6,1439,1429,-10,2025-06-02
4955,2025,6,2,1,LAX,BOS,700,658,-2,1535,1548,13,2025-06-02
4956,2025,6,2,1,LAX,BOS,750,746,-4,1632,1613,-19,2025-06-02
4957,2025,6,2,1,LAX,BOS,825,815,-10,1700,1640,-20,2025-06-02
4958,2025,6,2,1,LAX,BOS,835,835,0,1718,1712,-6,2025-06-02
4959,2025,6,2,1,LAX,BOS,1050,1043,-7,1930,1916,-14,2025-06-02
4960,2025,6,2,1,LAX,BOS,1150,1144,-6,2035,2010,-25,2025-06-02
4961,2025,6,2,1,LAX,BOS,1250,1242,-8,2134,2103,-31,2025-06-02
4962,2025,6,2,1,LAX,BOS,1400,1350,-10,2234,2219,-15,2025-06-02
4963,2025,6,2,1,LAX,BOS,1520,1510,-10,2348,2340,-8,2025-06-02
4964,2025,6,2,1,LAX,BOS,2105,2108,3,540,531,-9,2025-06-02
4965,2025,6,2,1,LAX,BOS,2227,2213,-14,700,650,-10,2025-06-02
4966,2025,6,2,1,LAX,BOS,2234,2224,-10,715,709,-6,2025-06-02
4967,2025,6,2,1,LAX,BOS,2235,2227,-8,713,657,-16,2025-06-02
4968,2025,6,2,1,LAX,BUF,1410,1402,-8,2200,2144,-16,2025-06-02
4969,2025,6,2,1,LAX,BWI,620,621,1,1430,1423,-7,2025-06-02
4970,2025,6,2,1,LAX,BWI,845,843,-2,1654,1648,-6,2025-06-02
4972,2025,6,2,1,LAX,BWI,2130,2134,4,540,524,-16,2025-06-02
4973,2025,6,2,1,LAX,BWI,2359,2350,-9,807,825,18,2025-06-02
4974,2025,6,2,1,LAX,BZN,1121,1117,-4,1450,1449,-1,2025-06-02
4975,2025,6,2,1,LAX,BZN,1800,1759,-1,2139,2123,-16,2025-06-02
4976,2025,6,2,1,LAX,CLE,1138,1134,-4,1911,1853,-18,2025-06-02
4977,2025,6,2,1,LAX,CLE,2120,2120,0,453,442,-11,2025-06-02
4978,2025,6,2,1,LAX,CLT,600,556,-4,1346,1347,1,2025-06-02
4979,2025,6,2,1,LAX,CLT,730,727,-3,1515,1459,-16,2025-06-02
4980,2025,6,2,1,LAX,CLT,930,924,-6,1715,1710,-5,2025-06-02
4981,2025,6,2,1,LAX,CLT,1130,1123,-7,1918,1911,-7,2025-06-02
4982,2025,6,2,1,LAX,CLT,1407,1353,-14,2155,2140,-15,2025-06-02
4983,2025,6,2,1,LAX,CLT,1518,1510,-8,2238,2240,2,2025-06-02
4984,2025,6,2,1,LAX,CLT,2150,2147,-3,533,519,-14,2025-06-02
4985,2025,6,2,1,LAX,CLT,2239,2231,-8,622,558,-24,2025-06-02
4986,2025,6,2,1,LAX,CMH,840,835,-5,1607,1554,-13,2025-06-02
4987,2025,6,2,1,LAX,CVG,2245,2237,-8,555,539,-16,2025-06-02
4988,2025,6,2,1,LAX,DAL,505,502,-3,1010,1004,-6,2025-06-02
4989,2025,6,2,1,LAX,DAL,650,647,-3,1155,1146,-9,2025-06-02
4990,2025,6,2,1,LAX,DAL,845,841,-4,1400,1329,-31,2025-06-02
4991,2025,6,2,1,LAX,DAL,1435,1433,-2,1940,1920,-20,2025-06-02
4992,2025,6,2,1,LAX,DAL,1745,1744,-1,2255,2238,-17,2025-06-02
4993,2025,6,2,1,LAX,DCA,745,738,-7,1540,1531,-9,2025-06-02
4994,2025,6,2,1,LAX,DCA,800,759,-1,1605,1612,7,2025-06-02
4995,2025,6,2,1,LAX,DCA,1248,1245,-3,2059,2049,-10,2025-06-02
4996,2025,6,2,1,LAX,DCA,1255,1249,-6,2052,2043,-9,2025-06-02
4997,2025,6,2,1,LAX,DEN,505,459,-6,824,814,-10,2025-06-02
4998,2025,6,2,1,LAX,DEN,520,516,-4,845,832,-13,2025-06-02
4999,2025,6,2,1,LAX,DEN,615,605,-10,948,931,-17,2025-06-02
5000,2025,6,2,1,LAX,DEN,706,705,-1,1031,1025,-6,2025-06-02
5001,2025,6,2,1,LAX,DEN,815,804,-11,1139,1130,-9,2025-06-02
5002,2025,6,2,1,LAX,DEN,840,839,-1,1210,1152,-18,2025-06-02
5003,2025,6,2,1,LAX,DEN,850,846,-4,1213,1229,16,2025-06-02
5004,2025,6,2,1,LAX,DEN,900,853,-7,1227,1218,-9,2025-06-02
5005,2025,6,2,1,LAX,DEN,1025,1018,-7,1350,1325,-25,2025-06-02
5006,2025,6,2,1,LAX,DEN,1050,1112,22,1425,1433,8,2025-06-02
5007,2025,6,2,1,LAX,DEN,1052,1051,-1,1419,1413,-6,2025-06-02
5008,2025,6,2,1,LAX,DEN,1239,1232,-7,1600,1559,-1,2025-06-02
5009,2025,6,2,1,LAX,DEN,1255,1251,-4,1623,1622,-1,2025-06-02
5010,2025,6,2,1,LAX,DEN,1300,1301,1,1630,1614,-16,2025-06-02
5011,2025,6,2,1,LAX,DEN,1435,1430,-5,1805,1746,-19,2025-06-02
5012,2025,6,2,1,LAX,DEN,1457,1510,13,1819,1854,35,2025-06-02
5015,2025,6,2,1,LAX,DEN,1627,1656,29,1949,2030,41,2025-06-02
5016,2025,6,2,1,LAX,DEN,1910,1903,-7,2240,2250,10,2025-06-02
5017,2025,6,2,1,LAX,DEN,1918,1928,10,2247,2252,5,2025-06-02
5018,2025,6,2,1,LAX,DEN,2030,2027,-3,2354,2340,-14,2025-06-02
5019,2025,6,2,1,LAX,DFW,35,31,-4,532,533,1,2025-06-02
5020,2025,6,2,1,LAX,DFW,59,57,-2,604,553,-11,2025-06-02
5021,2025,6,2,1,LAX,DFW,530,529,-1,1038,1025,-13,2025-06-02
5022,2025,6,2,1,LAX,DFW,600,559,-1,1106,1133,27,2025-06-02
5023,2025,6,2,1,LAX,DFW,700,658,-2,1209,1153,-16,2025-06-02
5025,2025,6,2,1,LAX,DFW,835,829,-6,1343,1324,-19,2025-06-02
5026,2025,6,2,1,LAX,DFW,904,921,17,1414,1447,33,2025-06-02
5027,2025,6,2,1,LAX,DFW,1110,1114,4,1617,1613,-4,2025-06-02
5028,2025,6,2,1,LAX,DFW,1220,1220,0,1726,1709,-17,2025-06-02
5029,2025,6,2,1,LAX,DFW,1330,1324,-6,1838,1904,26,2025-06-02
5030,2025,6,2,1,LAX,DFW,1438,1433,-5,1944,1918,-26,2025-06-02
5031,2025,6,2,1,LAX,DFW,1535,1532,-3,2044,2100,16,2025-06-02
5032,2025,6,2,1,LAX,DFW,1644,1635,-9,2150,2133,-17,2025-06-02
5033,2025,6,2,1,LAX,DFW,1825,1815,-10,2331,2317,-14,2025-06-02
5034,2025,6,2,1,LAX,DFW,1859,1848,-11,2359,2335,-24,2025-06-02
5035,2025,6,2,1,LAX,DFW,1903,1902,-1,26,6,-20,2025-06-02
5036,2025,6,2,1,LAX,DFW,1925,1916,-9,31,12,-19,2025-06-02
5037,2025,6,2,1,LAX,DFW,2355,2349,-6,500,443,-17,2025-06-02
5038,2025,6,2,1,LAX,DTW,59,47,-12,825,810,-15,2025-06-02
5039,2025,6,2,1,LAX,DTW,535,528,-7,1301,1246,-15,2025-06-02
5040,2025,6,2,1,LAX,DTW,950,945,-5,1710,1654,-16,2025-06-02
5041,2025,6,2,1,LAX,DTW,959,955,-4,1723,1716,-7,2025-06-02
5042,2025,6,2,1,LAX,DTW,1147,1140,-7,1911,1907,-4,2025-06-02
5043,2025,6,2,1,LAX,DTW,1552,1551,-1,2318,2318,0,2025-06-02
5044,2025,6,2,1,LAX,DTW,2126,2123,-3,443,439,-4,2025-06-02
5046,2025,6,2,1,LAX,ELP,900,959,59,1156,1259,63,2025-06-02
5047,2025,6,2,1,LAX,ELP,1230,1230,0,1525,1512,-13,2025-06-02
5048,2025,6,2,1,LAX,ELP,1525,1615,50,1819,1903,44,2025-06-02
5049,2025,6,2,1,LAX,ELP,1832,1825,-7,2125,2109,-16,2025-06-02
5050,2025,6,2,1,LAX,EUG,2059,2049,-10,2320,2323,3,2025-06-02
5051,2025,6,2,1,LAX,EWR,600,551,-9,1434,1427,-7,2025-06-02
5052,2025,6,2,1,LAX,EWR,700,652,-8,1540,1531,-9,2025-06-02
5053,2025,6,2,1,LAX,EWR,700,655,-5,1534,1515,-19,2025-06-02
5054,2025,6,2,1,LAX,EWR,754,747,-7,1629,1617,-12,2025-06-02
5055,2025,6,2,1,LAX,EWR,820,823,3,1645,1637,-8,2025-06-02
5056,2025,6,2,1,LAX,EWR,1015,1019,4,1854,1834,-20,2025-06-02
5057,2025,6,2,1,LAX,EWR,1021,1047,26,1900,1905,5,2025-06-02
5058,2025,6,2,1,LAX,EWR,1215,1209,-6,2054,2024,-30,2025-06-02
5059,2025,6,2,1,LAX,EWR,1330,1320,-10,2152,2132,-20,2025-06-02
5060,2025,6,2,1,LAX,EWR,1423,1419,-4,2249,2225,-24,2025-06-02
5061,2025,6,2,1,LAX,EWR,1630,1625,-5,57,54,-3,2025-06-02
5062,2025,6,2,1,LAX,EWR,2055,2049,-6,508,459,-9,2025-06-02
5063,2025,6,2,1,LAX,EWR,2143,2139,-4,559,552,-7,2025-06-02
5065,2025,6,2,1,LAX,EWR,2359,2354,-5,812,808,-4,2025-06-02
5066,2025,6,2,1,LAX,FAT,1030,1029,-1,1148,1138,-10,2025-06-02
5067,2025,6,2,1,LAX,FAT,1910,1902,-8,2024,1957,-27,2025-06-02
5068,2025,6,2,1,LAX,FAT,2238,2246,8,2352,2352,0,2025-06-02
5069,2025,6,2,1,LAX,FCA,922,1002,40,1321,1345,24,2025-06-02
5070,2025,6,2,1,LAX,FLL,830,823,-7,1637,1714,37,2025-06-02
5071,2025,6,2,1,LAX,FLL,1047,1042,-5,1859,1856,-3,2025-06-02
5072,2025,6,2,1,LAX,FLL,1350,1411,21,2159,2214,15,2025-06-02
5073,2025,6,2,1,LAX,FLL,2100,2051,-9,504,448,-16,2025-06-02
5074,2025,6,2,1,LAX,FLL,2305,2301,-4,655,639,-16,2025-06-02
5076,2025,6,2,1,LAX,GEG,1116,1111,-5,1356,1340,-16,2025-06-02
5078,2025,6,2,1,LAX,GEG,1905,1901,-4,2140,2151,11,2025-06-02
5079,2025,6,2,1,LAX,GEG,1945,1935,-10,2222,2206,-16,2025-06-02
5080,2025,6,2,1,LAX,HNL,700,652,-8,1005,932,-33,2025-06-02
5081,2025,6,2,1,LAX,HNL,700,659,-1,940,927,-13,2025-06-02
5082,2025,6,2,1,LAX,HNL,830,826,-4,1121,1045,-36,2025-06-02
5083,2025,6,2,1,LAX,HNL,835,841,6,1117,1103,-14,2025-06-02
5084,2025,6,2,1,LAX,HNL,855,849,-6,1147,1121,-26,2025-06-02
5085,2025,6,2,1,LAX,HNL,1000,959,-1,1240,1217,-23,2025-06-02
5086,2025,6,2,1,LAX,HNL,1115,1113,-2,1404,1349,-15,2025-06-02
5087,2025,6,2,1,LAX,HNL,1315,1311,-4,1601,1545,-16,2025-06-02
5088,2025,6,2,1,LAX,HNL,1345,1338,-7,1632,1604,-28,2025-06-02
5089,2025,6,2,1,LAX,HNL,1646,1638,-8,1935,1911,-24,2025-06-02
5090,2025,6,2,1,LAX,HNL,1710,1704,-6,1944,1918,-26,2025-06-02
5091,2025,6,2,1,LAX,HNL,1755,1752,-3,2040,2025,-15,2025-06-02
5092,2025,6,2,1,LAX,HNL,1759,1816,17,2044,2120,36,2025-06-02
5094,2025,6,2,1,LAX,HNL,1845,1842,-3,2128,2115,-13,2025-06-02
5095,2025,6,2,1,LAX,HNL,2050,2106,16,2329,2347,18,2025-06-02
5096,2025,6,2,1,LAX,HOU,510,503,-7,1025,1006,-19,2025-06-02
5097,2025,6,2,1,LAX,HOU,945,938,-7,1500,1440,-20,2025-06-02
5098,2025,6,2,1,LAX,HOU,1915,1949,34,30,44,14,2025-06-02
5099,2025,6,2,1,LAX,HOU,2340,2334,-6,500,431,-29,2025-06-02
5100,2025,6,2,1,LAX,IAD,620,615,-5,1423,1421,-2,2025-06-02
5101,2025,6,2,1,LAX,IAD,800,756,-4,1614,1610,-4,2025-06-02
5102,2025,6,2,1,LAX,IAD,815,810,-5,1621,1628,7,2025-06-02
5103,2025,6,2,1,LAX,IAD,1015,1025,10,1820,1820,0,2025-06-02
5104,2025,6,2,1,LAX,IAD,1315,1318,3,2120,2119,-1,2025-06-02
5105,2025,6,2,1,LAX,IAD,1645,1641,-4,44,40,-4,2025-06-02
5106,2025,6,2,1,LAX,IAD,2135,2128,-7,537,531,-6,2025-06-02
5107,2025,6,2,1,LAX,IAD,2250,2250,0,639,632,-7,2025-06-02
5108,2025,6,2,1,LAX,IAH,56,53,-3,618,606,-12,2025-06-02
5109,2025,6,2,1,LAX,IAH,515,511,-4,1042,1024,-18,2025-06-02
5110,2025,6,2,1,LAX,IAH,715,709,-6,1244,1216,-28,2025-06-02
5111,2025,6,2,1,LAX,IAH,840,835,-5,1409,1347,-22,2025-06-02
5112,2025,6,2,1,LAX,IAH,850,838,-12,1412,1340,-32,2025-06-02
5113,2025,6,2,1,LAX,IAH,1015,1029,14,1540,1543,3,2025-06-02
5114,2025,6,2,1,LAX,IAH,1133,1124,-9,1653,1624,-29,2025-06-02
5115,2025,6,2,1,LAX,IAH,1207,1207,0,1724,1703,-21,2025-06-02
5116,2025,6,2,1,LAX,IAH,1310,1303,-7,1840,1830,-10,2025-06-02
5117,2025,6,2,1,LAX,IAH,1351,1354,3,1909,1911,2,2025-06-02
5119,2025,6,2,1,LAX,IAH,1810,1803,-7,2321,2300,-21,2025-06-02
5120,2025,6,2,1,LAX,IAH,1810,1809,-1,2333,2328,-5,2025-06-02
5121,2025,6,2,1,LAX,IAH,1920,1918,-2,43,27,-16,2025-06-02
5122,2025,6,2,1,LAX,IAH,2342,2342,0,455,449,-6,2025-06-02
5123,2025,6,2,1,LAX,IND,948,938,-10,1653,1643,-10,2025-06-02
5124,2025,6,2,1,LAX,IND,1213,1208,-5,1915,1903,-12,2025-06-02
5125,2025,6,2,1,LAX,IND,2300,2310,10,600,616,16,2025-06-02
5126,2025,6,2,1,LAX,JAC,1030,1024,-6,1348,1327,-21,2025-06-02
5127,2025,6,2,1,LAX,JFK,600,551,-9,1430,1420,-10,2025-06-02
5128,2025,6,2,1,LAX,JFK,600,604,4,1430,1424,-6,2025-06-02
5129,2025,6,2,1,LAX,JFK,700,645,-15,1528,1510,-18,2025-06-02
5130,2025,6,2,1,LAX,JFK,700,656,-4,1525,1555,30,2025-06-02
5131,2025,6,2,1,LAX,JFK,755,747,-8,1632,1603,-29,2025-06-02
5132,2025,6,2,1,LAX,JFK,800,751,-9,1627,1607,-20,2025-06-02
5134,2025,6,2,1,LAX,JFK,955,952,-3,1835,1814,-21,2025-06-02
5135,2025,6,2,1,LAX,JFK,1020,1059,39,1910,1912,2,2025-06-02
5136,2025,6,2,1,LAX,JFK,1032,1030,-2,1900,1844,-16,2025-06-02
5137,2025,6,2,1,LAX,JFK,1115,1115,0,1959,1925,-34,2025-06-02
5138,2025,6,2,1,LAX,JFK,1120,1111,-9,1950,1920,-30,2025-06-02
5139,2025,6,2,1,LAX,JFK,1200,1149,-11,2030,2001,-29,2025-06-02
5140,2025,6,2,1,LAX,JFK,1220,1214,-6,2102,2025,-37,2025-06-02
5141,2025,6,2,1,LAX,JFK,1258,1250,-8,2126,2106,-20,2025-06-02
5142,2025,6,2,1,LAX,JFK,1305,1257,-8,2144,2118,-26,2025-06-02
5143,2025,6,2,1,LAX,JFK,1430,1424,-6,2310,2245,-25,2025-06-02
5144,2025,6,2,1,LAX,JFK,1500,1501,1,2335,2320,-15,2025-06-02
5145,2025,6,2,1,LAX,JFK,1515,1512,-3,2350,2332,-18,2025-06-02
5146,2025,6,2,1,LAX,JFK,1529,1547,18,2357,14,17,2025-06-02
5147,2025,6,2,1,LAX,JFK,1620,1619,-1,57,46,-11,2025-06-02
5148,2025,6,2,1,LAX,JFK,2053,2112,19,530,535,5,2025-06-02
5149,2025,6,2,1,LAX,JFK,2115,2148,33,542,606,24,2025-06-02
5150,2025,6,2,1,LAX,JFK,2125,2115,-10,559,537,-22,2025-06-02
5151,2025,6,2,1,LAX,JFK,2155,2154,-1,621,652,31,2025-06-02
5152,2025,6,2,1,LAX,JFK,2255,2249,-6,725,705,-20,2025-06-02
5153,2025,6,2,1,LAX,JFK,2255,2250,-5,722,802,40,2025-06-02
5154,2025,6,2,1,LAX,JFK,2355,2354,-1,830,818,-12,2025-06-02
5155,2025,6,2,1,LAX,JFK,2359,2400,1,837,827,-10,2025-06-02
5156,2025,6,2,1,LAX,KOA,910,904,-6,1150,1140,-10,2025-06-02
5157,2025,6,2,1,LAX,KOA,933,921,-12,1217,1137,-40,2025-06-02
5158,2025,6,2,1,LAX,KOA,1100,1055,-5,1335,1331,-4,2025-06-02
5159,2025,6,2,1,LAX,KOA,1629,1629,0,1910,1847,-23,2025-06-02
5160,2025,6,2,1,LAX,KOA,1725,1721,-4,2003,1950,-13,2025-06-02
5161,2025,6,2,1,LAX,LAS,600,554,-6,719,706,-13,2025-06-02
5162,2025,6,2,1,LAX,LAS,610,608,-2,730,724,-6,2025-06-02
5163,2025,6,2,1,LAX,LAS,730,741,11,842,905,23,2025-06-02
5164,2025,6,2,1,LAX,LAS,735,732,-3,850,838,-12,2025-06-02
5165,2025,6,2,1,LAX,LAS,826,823,-3,951,945,-6,2025-06-02
5166,2025,6,2,1,LAX,LAS,935,928,-7,1047,1048,1,2025-06-02
5167,2025,6,2,1,LAX,LAS,1030,1020,-10,1147,1136,-11,2025-06-02
5168,2025,6,2,1,LAX,LAS,1120,1135,15,1235,1252,17,2025-06-02
5169,2025,6,2,1,LAX,LAS,1137,1129,-8,1252,1252,0,2025-06-02
5170,2025,6,2,1,LAX,LAS,1220,1212,-8,1331,1330,-1,2025-06-02
5171,2025,6,2,1,LAX,LAS,1445,1437,-8,1607,1542,-25,2025-06-02
5172,2025,6,2,1,LAX,LAS,1513,1513,0,1625,1619,-6,2025-06-02
5173,2025,6,2,1,LAX,LAS,1545,1551,6,1700,1729,29,2025-06-02
5174,2025,6,2,1,LAX,LAS,1548,1545,-3,1713,1745,32,2025-06-02
5175,2025,6,2,1,LAX,LAS,1703,1700,-3,1814,1813,-1,2025-06-02
5176,2025,6,2,1,LAX,LAS,1705,1701,-4,1825,1811,-14,2025-06-02
5177,2025,6,2,1,LAX,LAS,1735,1724,-11,1849,1838,-11,2025-06-02
5178,2025,6,2,1,LAX,LAS,1753,1747,-6,1911,1919,8,2025-06-02
5179,2025,6,2,1,LAX,LAS,1825,1820,-5,1945,1927,-18,2025-06-02
5180,2025,6,2,1,LAX,LAS,1852,1847,-5,2010,1951,-19,2025-06-02
5181,2025,6,2,1,LAX,LAS,1930,1920,-10,2052,2057,5,2025-06-02
5183,2025,6,2,1,LAX,LAS,2055,2059,4,2205,2216,11,2025-06-02
5184,2025,6,2,1,LAX,LAS,2140,2137,-3,2300,2314,14,2025-06-02
5185,2025,6,2,1,LAX,LAS,2205,2158,-7,2325,2343,18,2025-06-02
5186,2025,6,2,1,LAX,LAS,2210,2256,46,2328,28,60,2025-06-02
5187,2025,6,2,1,LAX,LAS,2305,2258,-7,27,15,-12,2025-06-02
5188,2025,6,2,1,LAX,LIH,842,838,-4,1138,1113,-25,2025-06-02
5189,2025,6,2,1,LAX,LIH,900,853,-7,1145,1139,-6,2025-06-02
5190,2025,6,2,1,LAX,LIH,930,922,-8,1232,1152,-40,2025-06-02
5191,2025,6,2,1,LAX,LIH,1500,1453,-7,1749,1741,-8,2025-06-02
5192,2025,6,2,1,LAX,MCI,535,531,-4,1050,1044,-6,2025-06-02
5193,2025,6,2,1,LAX,MCI,915,903,-12,1424,1415,-9,2025-06-02
5194,2025,6,2,1,LAX,MCI,1501,1453,-8,2012,2007,-5,2025-06-02
5195,2025,6,2,1,LAX,MCI,1815,1830,15,2324,2352,28,2025-06-02
5196,2025,6,2,1,LAX,MCO,700,656,-4,1449,1445,-4,2025-06-02
5198,2025,6,2,1,LAX,MCO,1002,1000,-2,1804,1748,-16,2025-06-02
5199,2025,6,2,1,LAX,MCO,1115,1112,-3,1910,2000,50,2025-06-02
5200,2025,6,2,1,LAX,MCO,1401,1430,29,2214,2214,0,2025-06-02
5201,2025,6,2,1,LAX,MCO,1611,1605,-6,2357,2348,-9,2025-06-02
5203,2025,6,2,1,LAX,MCO,2155,2154,-1,540,554,14,2025-06-02
5204,2025,6,2,1,LAX,MCO,2200,2214,14,542,549,7,2025-06-02
5205,2025,6,2,1,LAX,MDW,545,542,-3,1145,1137,-8,2025-06-02
5206,2025,6,2,1,LAX,MDW,1130,1127,-3,1735,1706,-29,2025-06-02
5207,2025,6,2,1,LAX,MDW,1740,1755,15,2345,2400,15,2025-06-02
5208,2025,6,2,1,LAX,MDW,2310,2307,-3,515,512,-3,2025-06-02
5209,2025,6,2,1,LAX,MEM,1810,1804,-6,2347,2333,-14,2025-06-02
5212,2025,6,2,1,LAX,MIA,955,938,-17,1755,1811,16,2025-06-02
5213,2025,6,2,1,LAX,MIA,1045,1045,0,1845,1916,31,2025-06-02
5214,2025,6,2,1,LAX,MIA,1225,1227,2,2020,2156,96,2025-06-02
5215,2025,6,2,1,LAX,MIA,1358,1356,-2,2154,2216,22,2025-06-02
5216,2025,6,2,1,LAX,MIA,2204,2158,-6,600,539,-21,2025-06-02
5217,2025,6,2,1,LAX,MIA,2259,2251,-8,657,632,-25,2025-06-02
5218,2025,6,2,1,LAX,MIA,2345,40,55,740,826,46,2025-06-02
5219,2025,6,2,1,LAX,MRY,820,814,-6,942,929,-13,2025-06-02
5220,2025,6,2,1,LAX,MRY,1823,1820,-3,1937,1926,-11,2025-06-02
5221,2025,6,2,1,LAX,MSP,50,41,-9,633,617,-16,2025-06-02
5222,2025,6,2,1,LAX,MSP,615,610,-5,1153,1148,-5,2025-06-02
5223,2025,6,2,1,LAX,MSP,835,836,1,1417,1400,-17,2025-06-02
5224,2025,6,2,1,LAX,MSP,1200,1217,17,1740,1808,28,2025-06-02
5226,2025,6,2,1,LAX,MSP,1840,1848,8,14,16,2,2025-06-02
5227,2025,6,2,1,LAX,MSP,2359,2400,1,543,540,-3,2025-06-02
5228,2025,6,2,1,LAX,MSY,645,640,-5,1225,1208,-17,2025-06-02
5229,2025,6,2,1,LAX,MSY,715,706,-9,1252,1239,-13,2025-06-02
5230,2025,6,2,1,LAX,MSY,1154,1143,-11,1732,1715,-17,2025-06-02
5231,2025,6,2,1,LAX,MSY,1643,1646,3,2220,2216,-4,2025-06-02
5232,2025,6,2,1,LAX,MSY,1800,1753,-7,2334,2315,-19,2025-06-02
5233,2025,6,2,1,LAX,MSY,1840,1931,51,25,51,26,2025-06-02
5234,2025,6,2,1,LAX,OAK,630,620,-10,755,728,-27,2025-06-02
5235,2025,6,2,1,LAX,OAK,825,818,-7,955,927,-28,2025-06-02
5236,2025,6,2,1,LAX,OAK,955,952,-3,1120,1056,-24,2025-06-02
5237,2025,6,2,1,LAX,OAK,1210,1236,26,1335,1348,13,2025-06-02
5238,2025,6,2,1,LAX,OAK,1600,1649,49,1725,1753,28,2025-06-02
5239,2025,6,2,1,LAX,OAK,1905,1910,5,2030,2030,0,2025-06-02
5240,2025,6,2,1,LAX,OAK,2055,2055,0,2220,2200,-20,2025-06-02
5241,2025,6,2,1,LAX,OGG,745,803,18,1025,1024,-1,2025-06-02
5242,2025,6,2,1,LAX,OGG,800,759,-1,1035,1016,-19,2025-06-02
5243,2025,6,2,1,LAX,OGG,815,819,4,1055,1053,-2,2025-06-02
5244,2025,6,2,1,LAX,OGG,939,957,18,1219,1212,-7,2025-06-02
5245,2025,6,2,1,LAX,OGG,1650,1642,-8,1925,1855,-30,2025-06-02
5246,2025,6,2,1,LAX,OGG,1655,1648,-7,1934,1914,-20,2025-06-02
5247,2025,6,2,1,LAX,OKC,954,953,-1,1449,1455,6,2025-06-02
5248,2025,6,2,1,LAX,OKC,1741,1732,-9,2232,2234,2,2025-06-02
5249,2025,6,2,1,LAX,OMA,1404,1357,-7,1915,1906,-9,2025-06-02
5250,2025,6,2,1,LAX,ORD,30,23,-7,642,634,-8,2025-06-02
5251,2025,6,2,1,LAX,ORD,41,105,24,642,704,22,2025-06-02
5252,2025,6,2,1,LAX,ORD,530,524,-6,1136,1128,-8,2025-06-02
5253,2025,6,2,1,LAX,ORD,545,555,10,1157,1204,7,2025-06-02
5254,2025,6,2,1,LAX,ORD,605,554,-11,1220,1200,-20,2025-06-02
5255,2025,6,2,1,LAX,ORD,620,611,-9,1242,1218,-24,2025-06-02
5256,2025,6,2,1,LAX,ORD,745,741,-4,1356,1339,-17,2025-06-02
5257,2025,6,2,1,LAX,ORD,815,809,-6,1439,1410,-29,2025-06-02
5258,2025,6,2,1,LAX,ORD,943,939,-4,1555,1543,-12,2025-06-02
5259,2025,6,2,1,LAX,ORD,1040,1039,-1,1656,1648,-8,2025-06-02
5260,2025,6,2,1,LAX,ORD,1116,1108,-8,1726,1716,-10,2025-06-02
5261,2025,6,2,1,LAX,ORD,1237,1231,-6,1855,1850,-5,2025-06-02
5262,2025,6,2,1,LAX,ORD,1330,1327,-3,1938,1940,2,2025-06-02
5263,2025,6,2,1,LAX,ORD,1401,1351,-10,2025,2012,-13,2025-06-02
5264,2025,6,2,1,LAX,ORD,1620,1611,-9,2232,2212,-20,2025-06-02
5265,2025,6,2,1,LAX,ORD,1640,1633,-7,2304,2245,-19,2025-06-02
5266,2025,6,2,1,LAX,ORD,1646,1644,-2,2305,2250,-15,2025-06-02
5267,2025,6,2,1,LAX,ORD,1738,1728,-10,2359,2326,-33,2025-06-02
5268,2025,6,2,1,LAX,ORD,1748,1739,-9,2359,2327,-32,2025-06-02
5269,2025,6,2,1,LAX,ORD,2240,2230,-10,451,434,-17,2025-06-02
5270,2025,6,2,1,LAX,ORD,2259,2256,-3,510,517,7,2025-06-02
5271,2025,6,2,1,LAX,ORD,2337,2334,-3,545,533,-12,2025-06-02
5272,2025,6,2,1,LAX,ORD,2345,2340,-5,553,547,-6,2025-06-02
5273,2025,6,2,1,LAX,PDX,700,651,-9,924,908,-16,2025-06-02
5274,2025,6,2,1,LAX,PDX,700,741,41,928,953,25,2025-06-02
5275,2025,6,2,1,LAX,PDX,850,843,-7,1125,1120,-5,2025-06-02
5276,2025,6,2,1,LAX,PDX,925,917,-8,1152,1136,-16,2025-06-02
5277,2025,6,2,1,LAX,PDX,940,934,-6,1204,1146,-18,2025-06-02
5278,2025,6,2,1,LAX,PDX,943,933,-10,1214,1144,-30,2025-06-02
5279,2025,6,2,1,LAX,PDX,1120,1131,11,1347,1347,0,2025-06-02
5280,2025,6,2,1,LAX,PDX,1343,1338,-5,1608,1552,-16,2025-06-02
5281,2025,6,2,1,LAX,PDX,1357,1408,11,1624,1622,-2,2025-06-02
5282,2025,6,2,1,LAX,PDX,1505,1521,16,1733,1746,13,2025-06-02
5283,2025,6,2,1,LAX,PDX,1638,1624,-14,1904,1830,-34,2025-06-02
5284,2025,6,2,1,LAX,PDX,1820,1808,-12,2048,2034,-14,2025-06-02
5285,2025,6,2,1,LAX,PDX,2020,2019,-1,2241,2232,-9,2025-06-02
5286,2025,6,2,1,LAX,PDX,2128,2124,-4,2359,2358,-1,2025-06-02
5287,2025,6,2,1,LAX,PDX,2133,2128,-5,2359,2350,-9,2025-06-02
5288,2025,6,2,1,LAX,PHL,55,45,-10,900,859,-1,2025-06-02
5289,2025,6,2,1,LAX,PHL,700,653,-7,1505,1503,-2,2025-06-02
5290,2025,6,2,1,LAX,PHL,948,948,0,1755,1758,3,2025-06-02
5291,2025,6,2,1,LAX,PHL,1204,1200,-4,2012,2012,0,2025-06-02
5292,2025,6,2,1,LAX,PHL,1545,1541,-4,2353,2336,-17,2025-06-02
5293,2025,6,2,1,LAX,PHL,2220,2245,25,630,653,23,2025-06-02
5294,2025,6,2,1,LAX,PHL,2321,2321,0,725,728,3,2025-06-02
5295,2025,6,2,1,LAX,PHX,515,513,-2,640,634,-6,2025-06-02
5296,2025,6,2,1,LAX,PHX,600,602,2,730,722,-8,2025-06-02
5297,2025,6,2,1,LAX,PHX,713,706,-7,834,943,69,2025-06-02
5298,2025,6,2,1,LAX,PHX,815,820,5,951,1024,33,2025-06-02
5299,2025,6,2,1,LAX,PHX,825,818,-7,956,1022,26,2025-06-02
5300,2025,6,2,1,LAX,PHX,840,839,-1,1015,1026,11,2025-06-02
5301,2025,6,2,1,LAX,PHX,1000,955,-5,1127,1118,-9,2025-06-02
5302,2025,6,2,1,LAX,PHX,1030,1026,-4,1200,1154,-6,2025-06-02
5303,2025,6,2,1,LAX,PHX,1031,1025,-6,1157,1143,-14,2025-06-02
5304,2025,6,2,1,LAX,PHX,1303,1306,3,1430,1434,4,2025-06-02
5305,2025,6,2,1,LAX,PHX,1325,1315,-10,1503,1444,-19,2025-06-02
5306,2025,6,2,1,LAX,PHX,1340,1336,-4,1510,1501,-9,2025-06-02
5307,2025,6,2,1,LAX,PHX,1428,1418,-10,1607,1536,-31,2025-06-02
5308,2025,6,2,1,LAX,PHX,1430,1425,-5,1555,1542,-13,2025-06-02
5309,2025,6,2,1,LAX,PHX,1635,1719,44,1805,1840,35,2025-06-02
5310,2025,6,2,1,LAX,PHX,1711,1704,-7,1842,1822,-20,2025-06-02
5311,2025,6,2,1,LAX,PHX,1744,1740,-4,1909,1859,-10,2025-06-02
5312,2025,6,2,1,LAX,PHX,1857,1851,-6,2025,2019,-6,2025-06-02
5313,2025,6,2,1,LAX,PHX,1910,1903,-7,2039,2023,-16,2025-06-02
5314,2025,6,2,1,LAX,PHX,1952,1941,-11,2116,2108,-8,2025-06-02
5315,2025,6,2,1,LAX,PHX,2040,2035,-5,2210,2144,-26,2025-06-02
5316,2025,6,2,1,LAX,PHX,2130,2125,-5,2257,2303,6,2025-06-02
5317,2025,6,2,1,LAX,PHX,2235,2233,-2,13,2352,-21,2025-06-02
5318,2025,6,2,1,LAX,PIT,905,859,-6,1646,1640,-6,2025-06-02
5319,2025,6,2,1,LAX,PRC,1945,1939,-6,2111,2054,-17,2025-06-02
5321,2025,6,2,1,LAX,RDD,1250,1247,-3,1439,1423,-16,2025-06-02
5322,2025,6,2,1,LAX,RDM,1245,1239,-6,1503,1447,-16,2025-06-02
5323,2025,6,2,1,LAX,RDU,825,821,-4,1619,1610,-9,2025-06-02
5325,2025,6,2,1,LAX,RNO,959,949,-10,1128,1111,-17,2025-06-02
5326,2025,6,2,1,LAX,RNO,1019,1012,-7,1200,1132,-28,2025-06-02
5327,2025,6,2,1,LAX,RNO,1504,1458,-6,1632,1615,-17,2025-06-02
5328,2025,6,2,1,LAX,RNO,1525,1624,59,1655,1733,38,2025-06-02
5329,2025,6,2,1,LAX,RNO,1710,1702,-8,1844,1825,-19,2025-06-02
5330,2025,6,2,1,LAX,RNO,2015,2007,-8,2149,2135,-14,2025-06-02
5331,2025,6,2,1,LAX,RNO,2055,2045,-10,2221,2206,-15,2025-06-02
5332,2025,6,2,1,LAX,RNO,2159,2210,11,2332,2328,-4,2025-06-02
5333,2025,6,2,1,LAX,SAN,825,810,-15,921,914,-7,2025-06-02
5334,2025,6,2,1,LAX,SAN,920,913,-7,1024,1021,-3,2025-06-02
5335,2025,6,2,1,LAX,SAN,1232,1222,-10,1330,1323,-7,2025-06-02
5336,2025,6,2,1,LAX,SAN,1759,1750,-9,1851,1836,-15,2025-06-02
5337,2025,6,2,1,LAX,SAN,1846,1843,-3,1947,1936,-11,2025-06-02
5338,2025,6,2,1,LAX,SAN,2217,2207,-10,2311,2251,-20,2025-06-02
5339,2025,6,2,1,LAX,SAN,2245,2248,3,2346,2333,-13,2025-06-02
5340,2025,6,2,1,LAX,SAT,810,815,5,1305,1249,-16,2025-06-02
5341,2025,6,2,1,LAX,SAT,854,845,-9,1342,1326,-16,2025-06-02
5342,2025,6,2,1,LAX,SAT,855,842,-13,1350,1322,-28,2025-06-02
5343,2025,6,2,1,LAX,SAT,949,946,-3,1435,1424,-11,2025-06-02
5344,2025,6,2,1,LAX,SAT,1730,1725,-5,2220,2204,-16,2025-06-02
5345,2025,6,2,1,LAX,SAT,1857,1840,-17,2342,2320,-22,2025-06-02
5346,2025,6,2,1,LAX,SBA,1520,1511,-9,1612,1609,-3,2025-06-02
5347,2025,6,2,1,LAX,SBA,2300,2256,-4,2358,2354,-4,2025-06-02
5348,2025,6,2,1,LAX,SBP,1500,1457,-3,1601,1548,-13,2025-06-02
5349,2025,6,2,1,LAX,SBP,2232,2248,16,2336,2340,4,2025-06-02
5350,2025,6,2,1,LAX,SDF,746,737,-9,1456,1436,-20,2025-06-02
5351,2025,6,2,1,LAX,SEA,600,551,-9,856,850,-6,2025-06-02
5352,2025,6,2,1,LAX,SEA,700,648,-12,955,941,-14,2025-06-02
5353,2025,6,2,1,LAX,SEA,700,650,-10,1003,937,-26,2025-06-02
5354,2025,6,2,1,LAX,SEA,800,752,-8,1058,1048,-10,2025-06-02
5355,2025,6,2,1,LAX,SEA,838,828,-10,1133,1104,-29,2025-06-02
5356,2025,6,2,1,LAX,SEA,935,929,-6,1230,1228,-2,2025-06-02
5357,2025,6,2,1,LAX,SEA,935,929,-6,1233,1159,-34,2025-06-02
5358,2025,6,2,1,LAX,SEA,1110,1110,0,1401,1402,1,2025-06-02
5359,2025,6,2,1,LAX,SEA,1130,1129,-1,1430,1411,-19,2025-06-02
5360,2025,6,2,1,LAX,SEA,1155,1231,36,1450,1508,18,2025-06-02
5361,2025,6,2,1,LAX,SEA,1351,1344,-7,1645,1620,-25,2025-06-02
5362,2025,6,2,1,LAX,SEA,1358,1355,-3,1653,1634,-19,2025-06-02
5363,2025,6,2,1,LAX,SEA,1529,1526,-3,1831,1811,-20,2025-06-02
5364,2025,6,2,1,LAX,SEA,1536,1527,-9,1827,1807,-20,2025-06-02
5365,2025,6,2,1,LAX,SEA,1745,1751,6,2035,2037,2,2025-06-02
5366,2025,6,2,1,LAX,SEA,1755,1749,-6,2049,2021,-28,2025-06-02
5367,2025,6,2,1,LAX,SEA,1845,1838,-7,2136,2120,-16,2025-06-02
5368,2025,6,2,1,LAX,SEA,1907,1918,11,2158,2215,17,2025-06-02
5369,2025,6,2,1,LAX,SEA,1955,1950,-5,2251,2233,-18,2025-06-02
5371,2025,6,2,1,LAX,SEA,1959,1955,-4,2301,2308,7,2025-06-02
5372,2025,6,2,1,LAX,SEA,2110,2105,-5,2359,2353,-6,2025-06-02
5373,2025,6,2,1,LAX,SEA,2140,2125,-15,29,2357,-32,2025-06-02
5374,2025,6,2,1,LAX,SFO,600,553,-7,731,719,-12,2025-06-02
5375,2025,6,2,1,LAX,SFO,600,555,-5,738,722,-16,2025-06-02
5376,2025,6,2,1,LAX,SFO,630,621,-9,753,743,-10,2025-06-02
5377,2025,6,2,1,LAX,SFO,635,630,-5,800,745,-15,2025-06-02
5378,2025,6,2,1,LAX,SFO,805,759,-6,945,957,12,2025-06-02
5379,2025,6,2,1,LAX,SFO,840,837,-3,1010,1001,-9,2025-06-02
5380,2025,6,2,1,LAX,SFO,920,916,-4,1052,1027,-25,2025-06-02
5381,2025,6,2,1,LAX,SFO,1000,1029,29,1125,1132,7,2025-06-02
5382,2025,6,2,1,LAX,SFO,1015,1016,1,1145,1130,-15,2025-06-02
5383,2025,6,2,1,LAX,SFO,1026,1021,-5,1159,1140,-19,2025-06-02
5384,2025,6,2,1,LAX,SFO,1100,1048,-12,1231,1227,-4,2025-06-02
5385,2025,6,2,1,LAX,SFO,1100,1058,-2,1232,1213,-19,2025-06-02
5386,2025,6,2,1,LAX,SFO,1220,1215,-5,1343,1332,-11,2025-06-02
5387,2025,6,2,1,LAX,SFO,1339,1342,3,1507,1455,-12,2025-06-02
5388,2025,6,2,1,LAX,SFO,1355,1411,16,1515,1529,14,2025-06-02
5389,2025,6,2,1,LAX,SFO,1535,1529,-6,1659,1639,-20,2025-06-02
5391,2025,6,2,1,LAX,SFO,1610,1611,1,1739,1717,-22,2025-06-02
5392,2025,6,2,1,LAX,SFO,1625,1620,-5,1748,1732,-16,2025-06-02
5393,2025,6,2,1,LAX,SFO,1640,1655,15,1810,1800,-10,2025-06-02
5394,2025,6,2,1,LAX,SFO,1710,1703,-7,1840,1821,-19,2025-06-02
5396,2025,6,2,1,LAX,SFO,1831,1823,-8,1958,1938,-20,2025-06-02
5397,2025,6,2,1,LAX,SFO,1840,1906,26,2009,2023,14,2025-06-02
5398,2025,6,2,1,LAX,SFO,1855,1917,22,2015,2042,27,2025-06-02
5399,2025,6,2,1,LAX,SFO,1925,1918,-7,2057,2049,-8,2025-06-02
5400,2025,6,2,1,LAX,SFO,1935,1949,14,2100,2102,2,2025-06-02
5401,2025,6,2,1,LAX,SFO,2055,2058,3,2220,2204,-16,2025-06-02
5402,2025,6,2,1,LAX,SFO,2130,2128,-2,2302,2302,0,2025-06-02
5403,2025,6,2,1,LAX,SFO,2145,2140,-5,2309,2248,-21,2025-06-02
5404,2025,6,2,1,LAX,SFO,2230,2226,-4,2358,2349,-9,2025-06-02
5405,2025,6,2,1,LAX,SGF,600,655,55,1119,1218,59,2025-06-02
5406,2025,6,2,1,LAX,SGU,1315,1310,-5,1547,1535,-12,2025-06-02
5407,2025,6,2,1,LAX,SJC,655,645,-10,810,806,-4,2025-06-02
5408,2025,6,2,1,LAX,SJC,800,755,-5,920,858,-22,2025-06-02
5409,2025,6,2,1,LAX,SJC,914,905,-9,1033,1016,-17,2025-06-02
5410,2025,6,2,1,LAX,SJC,1139,1202,23,1257,1305,8,2025-06-02
5411,2025,6,2,1,LAX,SJC,1230,1232,2,1345,1338,-7,2025-06-02
5412,2025,6,2,1,LAX,SJC,1406,1359,-7,1520,1505,-15,2025-06-02
5413,2025,6,2,1,LAX,SJC,1540,1540,0,1655,1639,-16,2025-06-02
5414,2025,6,2,1,LAX,SJC,1628,1629,1,1745,1731,-14,2025-06-02
5415,2025,6,2,1,LAX,SJC,1810,1803,-7,1925,1914,-11,2025-06-02
5416,2025,6,2,1,LAX,SJC,2010,2011,1,2130,2108,-22,2025-06-02
5417,2025,6,2,1,LAX,SJC,2059,2053,-6,2213,2158,-15,2025-06-02
5418,2025,6,2,1,LAX,SLC,600,602,2,855,853,-2,2025-06-02
5419,2025,6,2,1,LAX,SLC,700,653,-7,955,948,-7,2025-06-02
5420,2025,6,2,1,LAX,SLC,800,756,-4,1055,1034,-21,2025-06-02
5421,2025,6,2,1,LAX,SLC,825,824,-1,1126,1116,-10,2025-06-02
5422,2025,6,2,1,LAX,SLC,915,903,-12,1211,1156,-15,2025-06-02
5423,2025,6,2,1,LAX,SLC,1135,1132,-3,1429,1410,-19,2025-06-02
5425,2025,6,2,1,LAX,SLC,1313,1340,27,1608,1620,12,2025-06-02
5426,2025,6,2,1,LAX,SLC,1705,1700,-5,2000,2013,13,2025-06-02
5427,2025,6,2,1,LAX,SLC,1845,1839,-6,2139,2125,-14,2025-06-02
5428,2025,6,2,1,LAX,SLC,1925,1932,7,2215,2214,-1,2025-06-02
5429,2025,6,2,1,LAX,SMF,605,602,-3,740,733,-7,2025-06-02
5430,2025,6,2,1,LAX,SMF,758,747,-11,924,905,-19,2025-06-02
5431,2025,6,2,1,LAX,SMF,815,807,-8,952,940,-12,2025-06-02
5432,2025,6,2,1,LAX,SMF,915,911,-4,1050,1027,-23,2025-06-02
5433,2025,6,2,1,LAX,SMF,1005,957,-8,1139,1126,-13,2025-06-02
5434,2025,6,2,1,LAX,SMF,1013,1006,-7,1145,1121,-24,2025-06-02
5435,2025,6,2,1,LAX,SMF,1220,1215,-5,1350,1324,-26,2025-06-02
5436,2025,6,2,1,LAX,SMF,1325,1317,-8,1457,1450,-7,2025-06-02
5437,2025,6,2,1,LAX,SMF,1528,1519,-9,1704,1640,-24,2025-06-02
5438,2025,6,2,1,LAX,SMF,1557,1551,-6,1726,1720,-6,2025-06-02
5439,2025,6,2,1,LAX,SMF,1600,1553,-7,1730,1710,-20,2025-06-02
5440,2025,6,2,1,LAX,SMF,1705,1701,-4,1837,1835,-2,2025-06-02
5441,2025,6,2,1,LAX,SMF,1810,1814,4,1937,1934,-3,2025-06-02
5442,2025,6,2,1,LAX,SMF,1922,1921,-1,2101,2105,4,2025-06-02
5443,2025,6,2,1,LAX,SMF,2000,1952,-8,2137,2118,-19,2025-06-02
5444,2025,6,2,1,LAX,SMF,2040,2044,4,2210,2200,-10,2025-06-02
5445,2025,6,2,1,LAX,SMF,2155,2153,-2,2319,2310,-9,2025-06-02
5446,2025,6,2,1,LAX,STL,500,452,-8,1040,1028,-12,2025-06-02
5447,2025,6,2,1,LAX,STL,1729,1803,34,2304,2338,34,2025-06-02
5448,2025,6,2,1,LAX,STL,1910,1904,-6,50,55,5,2025-06-02
5450,2025,6,2,1,LAX,STS,2156,2152,-4,2330,2316,-14,2025-06-02
5451,2025,6,2,1,LAX,TPA,1025,1022,-3,1806,1749,-17,2025-06-02
5452,2025,6,2,1,LAX,TPA,2210,2159,-11,540,518,-22,2025-06-02
5453,2025,6,2,1,LAX,TPA,2359,2348,-11,756,734,-22,2025-06-02
5455,2025,6,2,1,LAX,TUL,915,915,0,1428,1429,1,2025-06-02
5456,2025,6,2,1,LAX,TUS,926,918,-8,1058,1054,-4,2025-06-02
5457,2025,6,2,1,LAX,TUS,936,931,-5,1108,1100,-8,2025-06-02
5458,2025,6,2,1,LAX,TUS,1418,1405,-13,1550,1543,-7,2025-06-02
5459,2025,6,2,1,LAX,TUS,1435,1426,-9,1604,1547,-17,2025-06-02
5460,2025,6,2,1,LAX,TUS,1720,1709,-11,1850,1832,-18,2025-06-02
5461,2025,6,2,1,LAX,TUS,1900,1849,-11,2028,2017,-11,2025-06-02
5462,2025,6,2,1,LAX,TUS,1930,2030,60,2100,2141,41,2025-06-02
5463,2025,6,2,1,LAX,XNA,1009,959,-10,1525,1529,4,2025-06-02
8697,2025,6,3,2,LAX,ABQ,859,846,-13,1204,1130,-34,2025-06-03
8698,2025,6,3,2,LAX,ABQ,955,940,-15,1255,1227,-28,2025-06-03
8699,2025,6,3,2,LAX,ABQ,1250,1255,5,1550,1542,-8,2025-06-03
8700,2025,6,3,2,LAX,ABQ,1459,1451,-8,1758,1743,-15,2025-06-03
8701,2025,6,3,2,LAX,ABQ,1650,1641,-9,1945,1938,-7,2025-06-03
8702,2025,6,3,2,LAX,ABQ,1959,1944,-15,2255,2240,-15,2025-06-03
8703,2025,6,3,2,LAX,ACV,1315,1309,-6,1513,1510,-3,2025-06-03
8704,2025,6,3,2,LAX,ANC,1945,1945,0,20,29,9,2025-06-03
8705,2025,6,3,2,LAX,ASE,1040,1036,-4,1356,1338,-18,2025-06-03
8706,2025,6,3,2,LAX,ASE,1725,1727,2,2028,2024,-4,2025-06-03
8707,2025,6,3,2,LAX,ATL,615,614,-1,1338,1325,-13,2025-06-03
8708,2025,6,3,2,LAX,ATL,730,731,1,1447,1445,-2,2025-06-03
8709,2025,6,3,2,LAX,ATL,835,828,-7,1604,1542,-22,2025-06-03
8710,2025,6,3,2,LAX,ATL,935,930,-5,1658,1633,-25,2025-06-03
8711,2025,6,3,2,LAX,ATL,940,948,8,1703,1701,-2,2025-06-03
8712,2025,6,3,2,LAX,ATL,1105,1105,0,1830,1816,-14,2025-06-03
8713,2025,6,3,2,LAX,ATL,1205,1206,1,1924,1936,12,2025-06-03
8714,2025,6,3,2,LAX,ATL,1237,1233,-4,1959,1940,-19,2025-06-03
8715,2025,6,3,2,LAX,ATL,1239,1333,54,2018,2100,42,2025-06-03
8716,2025,6,3,2,LAX,ATL,1305,1311,6,2035,2022,-13,2025-06-03
8717,2025,6,3,2,LAX,ATL,1423,1416,-7,2149,2117,-32,2025-06-03
8718,2025,6,3,2,LAX,ATL,1700,1657,-3,21,27,6,2025-06-03
8719,2025,6,3,2,LAX,ATL,2145,2147,2,501,503,2,2025-06-03
8721,2025,6,3,2,LAX,ATL,2250,2246,-4,610,545,-25,2025-06-03
8722,2025,6,3,2,LAX,ATL,2310,2331,21,633,646,13,2025-06-03
8723,2025,6,3,2,LAX,AUS,545,540,-5,1040,1022,-18,2025-06-03
8724,2025,6,3,2,LAX,AUS,645,635,-10,1140,1113,-27,2025-06-03
8725,2025,6,3,2,LAX,AUS,925,920,-5,1451,1418,-33,2025-06-03
8726,2025,6,3,2,LAX,AUS,935,1001,26,1435,1447,12,2025-06-03
8727,2025,6,3,2,LAX,AUS,940,932,-8,1439,1414,-25,2025-06-03
8728,2025,6,3,2,LAX,AUS,1015,1004,-11,1521,1452,-29,2025-06-03
8729,2025,6,3,2,LAX,AUS,1020,1017,-3,1522,1457,-25,2025-06-03
8730,2025,6,3,2,LAX,AUS,1415,1405,-10,1911,1843,-28,2025-06-03
8731,2025,6,3,2,LAX,AUS,1555,1539,-16,2054,2018,-36,2025-06-03
8732,2025,6,3,2,LAX,AUS,1835,1832,-3,2335,2323,-12,2025-06-03
8733,2025,6,3,2,LAX,AUS,1840,1913,33,2358,19,21,2025-06-03
8734,2025,6,3,2,LAX,AUS,1859,1850,-9,2354,2333,-21,2025-06-03
8735,2025,6,3,2,LAX,BNA,645,639,-6,1245,1223,-22,2025-06-03
8736,2025,6,3,2,LAX,BNA,655,649,-6,1250,1235,-15,2025-06-03
8737,2025,6,3,2,LAX,BNA,1034,1025,-9,1636,1617,-19,2025-06-03
8738,2025,6,3,2,LAX,BNA,1500,1455,-5,2056,2053,-3,2025-06-03
8739,2025,6,3,2,LAX,BNA,2300,2255,-5,510,434,-36,2025-06-03
8740,2025,6,3,2,LAX,BOI,1155,1151,-4,1459,1448,-11,2025-06-03
8741,2025,6,3,2,LAX,BOI,1245,1242,-3,1559,1554,-5,2025-06-03
8742,2025,6,3,2,LAX,BOI,1945,1937,-8,2252,2249,-3,2025-06-03
8743,2025,6,3,2,LAX,BOI,2025,2021,-4,2328,2313,-15,2025-06-03
8744,2025,6,3,2,LAX,BOS,600,550,-10,1439,1418,-21,2025-06-03
8745,2025,6,3,2,LAX,BOS,700,653,-7,1535,1525,-10,2025-06-03
8746,2025,6,3,2,LAX,BOS,750,741,-9,1632,1616,-16,2025-06-03
8747,2025,6,3,2,LAX,BOS,825,822,-3,1700,1659,-1,2025-06-03
8748,2025,6,3,2,LAX,BOS,835,920,45,1718,1801,43,2025-06-03
8749,2025,6,3,2,LAX,BOS,1050,1046,-4,1930,1914,-16,2025-06-03
8750,2025,6,3,2,LAX,BOS,1150,1206,16,2035,2037,2,2025-06-03
8752,2025,6,3,2,LAX,BOS,1400,1353,-7,2234,2218,-16,2025-06-03
8753,2025,6,3,2,LAX,BOS,1520,1508,-12,2348,2348,0,2025-06-03
8754,2025,6,3,2,LAX,BOS,2227,2250,23,700,708,8,2025-06-03
8755,2025,6,3,2,LAX,BOS,2234,2246,12,715,711,-4,2025-06-03
8756,2025,6,3,2,LAX,BOS,2235,2231,-4,713,652,-21,2025-06-03
8757,2025,6,3,2,LAX,BUF,1410,1410,0,2200,2221,21,2025-06-03
8758,2025,6,3,2,LAX,BWI,650,650,0,1455,1450,-5,2025-06-03
8759,2025,6,3,2,LAX,BWI,845,837,-8,1654,1641,-13,2025-06-03
8760,2025,6,3,2,LAX,BWI,1136,1134,-2,1939,1950,11,2025-06-03
8761,2025,6,3,2,LAX,BWI,2130,2135,5,540,521,-19,2025-06-03
8762,2025,6,3,2,LAX,BWI,2359,2350,-9,807,743,-24,2025-06-03
8763,2025,6,3,2,LAX,BZN,1121,1117,-4,1450,1458,8,2025-06-03
8764,2025,6,3,2,LAX,BZN,1800,1754,-6,2139,2121,-18,2025-06-03
8765,2025,6,3,2,LAX,CLE,1138,1129,-9,1911,1906,-5,2025-06-03
8766,2025,6,3,2,LAX,CLE,2120,2110,-10,453,428,-25,2025-06-03
8767,2025,6,3,2,LAX,CLT,600,558,-2,1346,1344,-2,2025-06-03
8768,2025,6,3,2,LAX,CLT,730,823,53,1515,1544,29,2025-06-03
8769,2025,6,3,2,LAX,CLT,930,930,0,1715,1731,16,2025-06-03
8770,2025,6,3,2,LAX,CLT,1130,1129,-1,1918,1859,-19,2025-06-03
8771,2025,6,3,2,LAX,CLT,1407,1406,-1,2155,2144,-11,2025-06-03
8772,2025,6,3,2,LAX,CLT,2239,2235,-4,622,633,11,2025-06-03
8773,2025,6,3,2,LAX,CMH,840,832,-8,1607,1539,-28,2025-06-03
8774,2025,6,3,2,LAX,DAL,610,604,-6,1120,1049,-31,2025-06-03
8775,2025,6,3,2,LAX,DAL,825,822,-3,1335,1306,-29,2025-06-03
8776,2025,6,3,2,LAX,DAL,1355,1406,11,1900,1853,-7,2025-06-03
8777,2025,6,3,2,LAX,DAL,1555,1615,20,2100,2102,2,2025-06-03
8778,2025,6,3,2,LAX,DAL,1810,1825,15,2315,15,60,2025-06-03
8779,2025,6,3,2,LAX,DCA,745,740,-5,1540,1522,-18,2025-06-03
8780,2025,6,3,2,LAX,DCA,800,755,-5,1605,1553,-12,2025-06-03
8782,2025,6,3,2,LAX,DCA,1255,1249,-6,2052,2040,-12,2025-06-03
8783,2025,6,3,2,LAX,DEN,505,457,-8,824,809,-15,2025-06-03
8784,2025,6,3,2,LAX,DEN,615,606,-9,948,940,-8,2025-06-03
8785,2025,6,3,2,LAX,DEN,615,637,22,940,1000,20,2025-06-03
8786,2025,6,3,2,LAX,DEN,706,724,18,1031,1108,37,2025-06-03
8787,2025,6,3,2,LAX,DEN,815,806,-9,1139,1125,-14,2025-06-03
8788,2025,6,3,2,LAX,DEN,845,838,-7,1215,1155,-20,2025-06-03
8789,2025,6,3,2,LAX,DEN,850,845,-5,1213,1224,11,2025-06-03
8790,2025,6,3,2,LAX,DEN,900,859,-1,1227,1223,-4,2025-06-03
8791,2025,6,3,2,LAX,DEN,1052,1044,-8,1419,1352,-27,2025-06-03
8792,2025,6,3,2,LAX,DEN,1147,1217,30,1523,1546,23,2025-06-03
8793,2025,6,3,2,LAX,DEN,1239,1234,-5,1600,1557,-3,2025-06-03
8794,2025,6,3,2,LAX,DEN,1245,1245,0,1615,1558,-17,2025-06-03
8795,2025,6,3,2,LAX,DEN,1255,1256,1,1623,1613,-10,2025-06-03
8796,2025,6,3,2,LAX,DEN,1435,1510,35,1805,1845,40,2025-06-03
8797,2025,6,3,2,LAX,DEN,1457,1553,56,1819,1916,57,2025-06-03
8798,2025,6,3,2,LAX,DEN,1500,1558,58,1825,1923,58,2025-06-03
8799,2025,6,3,2,LAX,DEN,1611,1616,5,1940,2001,21,2025-06-03
8800,2025,6,3,2,LAX,DEN,1627,1620,-7,1949,2007,18,2025-06-03
8801,2025,6,3,2,LAX,DEN,1905,1913,8,2235,2218,-17,2025-06-03
8802,2025,6,3,2,LAX,DEN,1918,2000,42,2247,2328,41,2025-06-03
8803,2025,6,3,2,LAX,DEN,2030,2012,-18,2354,2333,-21,2025-06-03
8804,2025,6,3,2,LAX,DFW,35,29,-6,532,508,-24,2025-06-03
8805,2025,6,3,2,LAX,DFW,59,56,-3,604,552,-12,2025-06-03
8806,2025,6,3,2,LAX,DFW,530,525,-5,1038,1020,-18,2025-06-03
8807,2025,6,3,2,LAX,DFW,600,552,-8,1106,1033,-33,2025-06-03
8808,2025,6,3,2,LAX,DFW,700,654,-6,1209,1153,-16,2025-06-03
8810,2025,6,3,2,LAX,DFW,835,838,3,1343,1324,-19,2025-06-03
8811,2025,6,3,2,LAX,DFW,904,901,-3,1414,1357,-17,2025-06-03
8812,2025,6,3,2,LAX,DFW,1110,1105,-5,1617,1558,-19,2025-06-03
8813,2025,6,3,2,LAX,DFW,1220,1217,-3,1726,1720,-6,2025-06-03
8814,2025,6,3,2,LAX,DFW,1330,1323,-7,1838,1845,7,2025-06-03
8815,2025,6,3,2,LAX,DFW,1438,1432,-6,1944,1928,-16,2025-06-03
8816,2025,6,3,2,LAX,DFW,1535,1530,-5,2044,2029,-15,2025-06-03
8817,2025,6,3,2,LAX,DFW,1644,1642,-2,2150,2203,13,2025-06-03
8819,2025,6,3,2,LAX,DFW,1859,1845,-14,2359,14,15,2025-06-03
8821,2025,6,3,2,LAX,DFW,1925,1936,11,31,42,11,2025-06-03
8822,2025,6,3,2,LAX,DFW,2355,2400,5,500,454,-6,2025-06-03
8823,2025,6,3,2,LAX,DTW,59,113,14,825,823,-2,2025-06-03
8824,2025,6,3,2,LAX,DTW,535,527,-8,1301,1241,-20,2025-06-03
8825,2025,6,3,2,LAX,DTW,950,948,-2,1710,1658,-12,2025-06-03
8826,2025,6,3,2,LAX,DTW,959,1003,4,1723,1718,-5,2025-06-03
8827,2025,6,3,2,LAX,DTW,1147,1154,7,1911,1916,5,2025-06-03
8828,2025,6,3,2,LAX,DTW,1552,1617,25,2318,2340,22,2025-06-03
8829,2025,6,3,2,LAX,DTW,2235,2319,44,600,631,31,2025-06-03
8830,2025,6,3,2,LAX,ELP,900,852,-8,1156,1140,-16,2025-06-03
8831,2025,6,3,2,LAX,ELP,1035,1036,1,1335,1315,-20,2025-06-03
8832,2025,6,3,2,LAX,ELP,1525,1514,-11,1819,1801,-18,2025-06-03
8833,2025,6,3,2,LAX,ELP,1832,1847,15,2125,2133,8,2025-06-03
8834,2025,6,3,2,LAX,EUG,2059,2152,53,2320,2358,38,2025-06-03
8835,2025,6,3,2,LAX,EWR,600,552,-8,1434,1406,-28,2025-06-03
8836,2025,6,3,2,LAX,EWR,700,650,-10,1540,1509,-31,2025-06-03
8837,2025,6,3,2,LAX,EWR,700,655,-5,1534,1519,-15,2025-06-03
8838,2025,6,3,2,LAX,EWR,754,756,2,1629,1640,11,2025-06-03
8839,2025,6,3,2,LAX,EWR,820,816,-4,1645,1623,-22,2025-06-03
8840,2025,6,3,2,LAX,EWR,1015,1012,-3,1854,1838,-16,2025-06-03
8841,2025,6,3,2,LAX,EWR,1021,1016,-5,1900,1821,-39,2025-06-03
8842,2025,6,3,2,LAX,EWR,1215,1214,-1,2054,2050,-4,2025-06-03
8843,2025,6,3,2,LAX,EWR,1330,1320,-10,2152,2129,-23,2025-06-03
8844,2025,6,3,2,LAX,EWR,1423,1417,-6,2249,2214,-35,2025-06-03
8845,2025,6,3,2,LAX,EWR,1630,1618,-12,57,59,2,2025-06-03
8846,2025,6,3,2,LAX,EWR,2055,2053,-2,508,453,-15,2025-06-03
8847,2025,6,3,2,LAX,EWR,2143,2136,-7,559,543,-16,2025-06-03
8848,2025,6,3,2,LAX,EWR,2359,2355,-4,812,755,-17,2025-06-03
8849,2025,6,3,2,LAX,FAT,1030,1026,-4,1148,1148,0,2025-06-03
8850,2025,6,3,2,LAX,FAT,1910,1906,-4,2024,2031,7,2025-06-03
8851,2025,6,3,2,LAX,FAT,2238,2237,-1,2352,2,10,2025-06-03
8852,2025,6,3,2,LAX,FCA,922,915,-7,1321,1256,-25,2025-06-03
8853,2025,6,3,2,LAX,FLL,830,826,-4,1637,1608,-29,2025-06-03
8854,2025,6,3,2,LAX,FLL,1047,1038,-9,1859,1823,-36,2025-06-03
8855,2025,6,3,2,LAX,FLL,1350,1344,-6,2159,2123,-36,2025-06-03
8856,2025,6,3,2,LAX,FLL,2305,2303,-2,655,648,-7,2025-06-03
8857,2025,6,3,2,LAX,GEG,1116,1109,-7,1356,1342,-14,2025-06-03
8858,2025,6,3,2,LAX,GEG,1905,1856,-9,2140,2119,-21,2025-06-03
8859,2025,6,3,2,LAX,GEG,1945,1927,-18,2222,2157,-25,2025-06-03
8860,2025,6,3,2,LAX,HNL,700,659,-1,1005,920,-45,2025-06-03
8861,2025,6,3,2,LAX,HNL,700,705,5,940,936,-4,2025-06-03
8862,2025,6,3,2,LAX,HNL,830,824,-6,1121,1105,-16,2025-06-03
8863,2025,6,3,2,LAX,HNL,835,830,-5,1117,1059,-18,2025-06-03
8864,2025,6,3,2,LAX,HNL,855,904,9,1147,1149,2,2025-06-03
8865,2025,6,3,2,LAX,HNL,1000,1007,7,1240,1242,2,2025-06-03
8866,2025,6,3,2,LAX,HNL,1115,1115,0,1404,1356,-8,2025-06-03
8867,2025,6,3,2,LAX,HNL,1315,1309,-6,1601,1556,-5,2025-06-03
8868,2025,6,3,2,LAX,HNL,1345,1344,-1,1632,1627,-5,2025-06-03
8871,2025,6,3,2,LAX,HNL,1755,1806,11,2040,2043,3,2025-06-03
8872,2025,6,3,2,LAX,HNL,1759,1815,16,2044,2041,-3,2025-06-03
8873,2025,6,3,2,LAX,HNL,1825,1825,0,2111,2129,18,2025-06-03
8874,2025,6,3,2,LAX,HNL,1845,1924,39,2128,2143,15,2025-06-03
8875,2025,6,3,2,LAX,HNL,2050,2108,18,2329,2351,22,2025-06-03
8876,2025,6,3,2,LAX,HOU,505,520,15,1020,1023,3,2025-06-03
8877,2025,6,3,2,LAX,HOU,1320,1323,3,1840,1823,-17,2025-06-03
8878,2025,6,3,2,LAX,HOU,2340,2339,-1,500,450,-10,2025-06-03
8880,2025,6,3,2,LAX,IAD,800,802,2,1614,1601,-13,2025-06-03
8881,2025,6,3,2,LAX,IAD,815,809,-6,1626,1614,-12,2025-06-03
8882,2025,6,3,2,LAX,IAD,1015,1013,-2,1820,1827,7,2025-06-03
8883,2025,6,3,2,LAX,IAD,1315,1309,-6,2120,2109,-11,2025-06-03
8884,2025,6,3,2,LAX,IAD,1645,1648,3,44,54,10,2025-06-03
8885,2025,6,3,2,LAX,IAD,2135,2127,-8,537,549,12,2025-06-03
8886,2025,6,3,2,LAX,IAD,2250,2246,-4,639,629,-10,2025-06-03
8887,2025,6,3,2,LAX,IAH,56,102,6,618,602,-16,2025-06-03
8888,2025,6,3,2,LAX,IAH,515,510,-5,1042,1016,-26,2025-06-03
8889,2025,6,3,2,LAX,IAH,715,708,-7,1244,1205,-39,2025-06-03
8890,2025,6,3,2,LAX,IAH,840,835,-5,1409,1332,-37,2025-06-03
8891,2025,6,3,2,LAX,IAH,850,859,9,1412,1354,-18,2025-06-03
8892,2025,6,3,2,LAX,IAH,1015,1012,-3,1540,1529,-11,2025-06-03
8893,2025,6,3,2,LAX,IAH,1133,1142,9,1653,1642,-11,2025-06-03
8894,2025,6,3,2,LAX,IAH,1207,1205,-2,1724,1659,-25,2025-06-03
8896,2025,6,3,2,LAX,IAH,1351,1344,-7,1909,1854,-15,2025-06-03
8897,2025,6,3,2,LAX,IAH,1403,1503,60,1941,2008,27,2025-06-03
8898,2025,6,3,2,LAX,IAH,1810,1808,-2,2333,2309,-24,2025-06-03
8900,2025,6,3,2,LAX,IND,948,935,-13,1653,1638,-15,2025-06-03
8901,2025,6,3,2,LAX,IND,2300,2311,11,600,616,16,2025-06-03
8902,2025,6,3,2,LAX,JAC,1030,1026,-4,1348,1347,-1,2025-06-03
8903,2025,6,3,2,LAX,JFK,600,558,-2,1430,1418,-12,2025-06-03
8904,2025,6,3,2,LAX,JFK,600,600,0,1430,1445,15,2025-06-03
8905,2025,6,3,2,LAX,JFK,700,654,-6,1528,1515,-13,2025-06-03
8906,2025,6,3,2,LAX,JFK,700,701,1,1525,1515,-10,2025-06-03
8907,2025,6,3,2,LAX,JFK,755,745,-10,1632,1558,-34,2025-06-03
8908,2025,6,3,2,LAX,JFK,800,752,-8,1627,1606,-21,2025-06-03
8909,2025,6,3,2,LAX,JFK,905,906,1,1755,1750,-5,2025-06-03
8910,2025,6,3,2,LAX,JFK,955,1029,34,1835,1842,7,2025-06-03
8911,2025,6,3,2,LAX,JFK,1020,1018,-2,1910,1842,-28,2025-06-03
8912,2025,6,3,2,LAX,JFK,1032,1059,27,1900,1921,21,2025-06-03
8913,2025,6,3,2,LAX,JFK,1115,1106,-9,1959,1924,-35,2025-06-03
8914,2025,6,3,2,LAX,JFK,1120,1147,27,1950,2004,14,2025-06-03
8915,2025,6,3,2,LAX,JFK,1200,1200,0,2030,2041,11,2025-06-03
8916,2025,6,3,2,LAX,JFK,1220,1213,-7,2102,2044,-18,2025-06-03
8917,2025,6,3,2,LAX,JFK,1258,1256,-2,2126,2153,27,2025-06-03
8918,2025,6,3,2,LAX,JFK,1305,1319,14,2144,2135,-9,2025-06-03
8919,2025,6,3,2,LAX,JFK,1430,1434,4,2310,2327,17,2025-06-03
8921,2025,6,3,2,LAX,JFK,1515,1511,-4,2350,2350,0,2025-06-03
8922,2025,6,3,2,LAX,JFK,1529,1521,-8,2357,1,4,2025-06-03
8923,2025,6,3,2,LAX,JFK,2053,2132,39,530,603,33,2025-06-03
8924,2025,6,3,2,LAX,JFK,2115,2114,-1,542,532,-10,2025-06-03
8925,2025,6,3,2,LAX,JFK,2125,2153,28,559,603,4,2025-06-03
8926,2025,6,3,2,LAX,JFK,2155,2153,-2,621,626,5,2025-06-03
8927,2025,6,3,2,LAX,JFK,2255,2248,-7,722,708,-14,2025-06-03
8928,2025,6,3,2,LAX,JFK,2355,2351,-4,830,804,-26,2025-06-03
8929,2025,6,3,2,LAX,JFK,2359,7,8,837,826,-11,2025-06-03
8930,2025,6,3,2,LAX,KOA,910,933,23,1150,1213,23,2025-06-03
8931,2025,6,3,2,LAX,KOA,933,929,-4,1217,1148,-29,2025-06-03
8933,2025,6,3,2,LAX,KOA,1629,1628,-1,1910,1851,-19,2025-06-03
8934,2025,6,3,2,LAX,KOA,1725,1734,9,2003,1953,-10,2025-06-03
8935,2025,6,3,2,LAX,LAS,525,517,-8,640,628,-12,2025-06-03
8936,2025,6,3,2,LAX,LAS,730,721,-9,842,821,-21,2025-06-03
8937,2025,6,3,2,LAX,LAS,826,820,-6,951,1002,11,2025-06-03
8938,2025,6,3,2,LAX,LAS,830,823,-7,950,938,-12,2025-06-03
8939,2025,6,3,2,LAX,LAS,935,928,-7,1047,1041,-6,2025-06-03
8940,2025,6,3,2,LAX,LAS,1030,1025,-5,1147,1128,-19,2025-06-03
8941,2025,6,3,2,LAX,LAS,1137,1126,-11,1252,1234,-18,2025-06-03
8942,2025,6,3,2,LAX,LAS,1145,1149,4,1305,1248,-17,2025-06-03
8944,2025,6,3,2,LAX,LAS,1445,1449,4,1607,1637,30,2025-06-03
8945,2025,6,3,2,LAX,LAS,1513,1605,52,1625,1724,59,2025-06-03
8947,2025,6,3,2,LAX,LAS,1548,1633,45,1713,1744,31,2025-06-03
8948,2025,6,3,2,LAX,LAS,1700,1733,33,1811,1837,26,2025-06-03
8949,2025,6,3,2,LAX,LAS,1735,1806,31,1855,1913,18,2025-06-03
8952,2025,6,3,2,LAX,LAS,1930,1933,3,2052,2041,-11,2025-06-03
8953,2025,6,3,2,LAX,LAS,1940,1948,8,2100,2106,6,2025-06-03
8954,2025,6,3,2,LAX,LAS,2205,2155,-10,2325,2327,2,2025-06-03
8955,2025,6,3,2,LAX,LAS,2305,2302,-3,27,20,-7,2025-06-03
8956,2025,6,3,2,LAX,LIH,842,837,-5,1138,1117,-21,2025-06-03
8957,2025,6,3,2,LAX,LIH,900,941,41,1145,1219,34,2025-06-03
8958,2025,6,3,2,LAX,LIH,930,935,5,1232,1218,-14,2025-06-03
8959,2025,6,3,2,LAX,LIH,1500,1510,10,1749,1805,16,2025-06-03
8962,2025,6,3,2,LAX,MCI,1501,1454,-7,2012,1948,-24,2025-06-03
8963,2025,6,3,2,LAX,MCI,1815,1804,-11,2324,2312,-12,2025-06-03
8964,2025,6,3,2,LAX,MCO,700,731,31,1449,1520,31,2025-06-03
8965,2025,6,3,2,LAX,MCO,900,857,-3,1648,1704,16,2025-06-03
8966,2025,6,3,2,LAX,MCO,1002,958,-4,1804,1740,-24,2025-06-03
8968,2025,6,3,2,LAX,MCO,1611,1608,-3,2357,2351,-6,2025-06-03
8969,2025,6,3,2,LAX,MCO,2135,2134,-1,536,510,-26,2025-06-03
8970,2025,6,3,2,LAX,MCO,2155,2217,22,540,552,12,2025-06-03
8971,2025,6,3,2,LAX,MDW,600,556,-4,1205,1152,-13,2025-06-03
8972,2025,6,3,2,LAX,MDW,1125,1129,4,1725,1739,14,2025-06-03
8974,2025,6,3,2,LAX,MDW,2310,2328,18,515,503,-12,2025-06-03
8975,2025,6,3,2,LAX,MFE,830,815,-15,1340,1306,-34,2025-06-03
8976,2025,6,3,2,LAX,MIA,604,555,-9,1403,1342,-21,2025-06-03
8977,2025,6,3,2,LAX,MIA,800,752,-8,1556,1535,-21,2025-06-03
8978,2025,6,3,2,LAX,MIA,955,1002,7,1755,1751,-4,2025-06-03
8979,2025,6,3,2,LAX,MIA,1045,1041,-4,1845,1831,-14,2025-06-03
8980,2025,6,3,2,LAX,MIA,1225,1216,-9,2020,2007,-13,2025-06-03
8981,2025,6,3,2,LAX,MIA,1358,1402,4,2154,2140,-14,2025-06-03
8982,2025,6,3,2,LAX,MIA,2204,2157,-7,600,551,-9,2025-06-03
8983,2025,6,3,2,LAX,MIA,2259,2253,-6,657,639,-18,2025-06-03
8984,2025,6,3,2,LAX,MIA,2345,2344,-1,740,728,-12,2025-06-03
8985,2025,6,3,2,LAX,MRY,820,811,-9,942,943,1,2025-06-03
8986,2025,6,3,2,LAX,MRY,1823,1817,-6,1937,1918,-19,2025-06-03
8987,2025,6,3,2,LAX,MSP,50,46,-4,633,606,-27,2025-06-03
8988,2025,6,3,2,LAX,MSP,615,621,6,1153,1154,1,2025-06-03
8989,2025,6,3,2,LAX,MSP,825,819,-6,1405,1347,-18,2025-06-03
8990,2025,6,3,2,LAX,MSP,1200,1218,18,1740,1735,-5,2025-06-03
8991,2025,6,3,2,LAX,MSP,1317,1345,28,1855,1913,18,2025-06-03
8993,2025,6,3,2,LAX,MSP,2340,2329,-11,524,446,-38,2025-06-03
8994,2025,6,3,2,LAX,MSY,715,706,-9,1252,1241,-11,2025-06-03
8995,2025,6,3,2,LAX,MSY,735,730,-5,1315,1249,-26,2025-06-03
8996,2025,6,3,2,LAX,MSY,1154,1145,-9,1732,1708,-24,2025-06-03
8997,2025,6,3,2,LAX,MSY,1800,1826,26,2334,2349,15,2025-06-03
8998,2025,6,3,2,LAX,OAK,605,559,-6,735,709,-26,2025-06-03
8999,2025,6,3,2,LAX,OAK,815,816,1,945,922,-23,2025-06-03
9000,2025,6,3,2,LAX,OAK,1135,1130,-5,1300,1248,-12,2025-06-03
9001,2025,6,3,2,LAX,OAK,1515,1509,-6,1640,1636,-4,2025-06-03
9002,2025,6,3,2,LAX,OAK,1800,1801,1,1930,1911,-19,2025-06-03
9003,2025,6,3,2,LAX,OAK,1930,1928,-2,2055,2040,-15,2025-06-03
9004,2025,6,3,2,LAX,OGG,745,746,1,1025,1029,4,2025-06-03
9005,2025,6,3,2,LAX,OGG,800,752,-8,1035,1034,-1,2025-06-03
9006,2025,6,3,2,LAX,OGG,815,809,-6,1055,1043,-12,2025-06-03
9007,2025,6,3,2,LAX,OGG,939,933,-6,1219,1209,-10,2025-06-03
9008,2025,6,3,2,LAX,OGG,1650,1702,12,1925,1920,-5,2025-06-03
9009,2025,6,3,2,LAX,OGG,1655,1654,-1,1934,1927,-7,2025-06-03
9010,2025,6,3,2,LAX,OKC,954,949,-5,1449,1432,-17,2025-06-03
9011,2025,6,3,2,LAX,OKC,1741,1741,0,2232,2241,9,2025-06-03
9012,2025,6,3,2,LAX,OMA,1404,1353,-11,1915,1903,-12,2025-06-03
9013,2025,6,3,2,LAX,ORD,30,30,0,642,636,-6,2025-06-03
9014,2025,6,3,2,LAX,ORD,41,34,-7,642,633,-9,2025-06-03
9015,2025,6,3,2,LAX,ORD,530,520,-10,1136,1107,-29,2025-06-03
9016,2025,6,3,2,LAX,ORD,605,559,-6,1220,1155,-25,2025-06-03
9017,2025,6,3,2,LAX,ORD,620,609,-11,1242,1205,-37,2025-06-03
9018,2025,6,3,2,LAX,ORD,745,742,-3,1351,1329,-22,2025-06-03
9019,2025,6,3,2,LAX,ORD,815,808,-7,1439,1417,-22,2025-06-03
9020,2025,6,3,2,LAX,ORD,943,940,-3,1555,1545,-10,2025-06-03
9021,2025,6,3,2,LAX,ORD,1040,1047,7,1656,1655,-1,2025-06-03
9022,2025,6,3,2,LAX,ORD,1116,1146,30,1726,1745,19,2025-06-03
9023,2025,6,3,2,LAX,ORD,1237,1228,-9,1855,1848,-7,2025-06-03
9024,2025,6,3,2,LAX,ORD,1330,1322,-8,1938,1929,-9,2025-06-03
9025,2025,6,3,2,LAX,ORD,1401,1400,-1,2025,2044,19,2025-06-03
9026,2025,6,3,2,LAX,ORD,1620,1611,-9,2232,2254,22,2025-06-03
9027,2025,6,3,2,LAX,ORD,1640,1656,16,2304,2318,14,2025-06-03
9028,2025,6,3,2,LAX,ORD,1738,1758,20,2359,2357,-2,2025-06-03
9030,2025,6,3,2,LAX,ORD,2240,2239,-1,451,451,0,2025-06-03
9031,2025,6,3,2,LAX,ORD,2259,2251,-8,510,439,-31,2025-06-03
9032,2025,6,3,2,LAX,ORD,2337,2344,7,545,537,-8,2025-06-03
9033,2025,6,3,2,LAX,ORD,2345,2359,14,553,556,3,2025-06-03
9034,2025,6,3,2,LAX,PDX,700,649,-11,924,906,-18,2025-06-03
9035,2025,6,3,2,LAX,PDX,700,652,-8,928,925,-3,2025-06-03
9036,2025,6,3,2,LAX,PDX,925,920,-5,1152,1152,0,2025-06-03
9037,2025,6,3,2,LAX,PDX,940,934,-6,1204,1151,-13,2025-06-03
9038,2025,6,3,2,LAX,PDX,1120,1115,-5,1347,1345,-2,2025-06-03
9039,2025,6,3,2,LAX,PDX,1343,1338,-5,1608,1552,-16,2025-06-03
9040,2025,6,3,2,LAX,PDX,1357,1346,-11,1624,1607,-17,2025-06-03
9041,2025,6,3,2,LAX,PDX,1638,1631,-7,1904,1849,-15,2025-06-03
9042,2025,6,3,2,LAX,PDX,1820,1812,-8,2048,2030,-18,2025-06-03
9043,2025,6,3,2,LAX,PDX,2020,2016,-4,2241,2240,-1,2025-06-03
9044,2025,6,3,2,LAX,PDX,2128,2121,-7,2359,2339,-20,2025-06-03
9047,2025,6,3,2,LAX,PHL,700,656,-4,1505,1505,0,2025-06-03
9048,2025,6,3,2,LAX,PHL,948,949,1,1755,1804,9,2025-06-03
9049,2025,6,3,2,LAX,PHL,1204,1204,0,2012,2014,2,2025-06-03
9050,2025,6,3,2,LAX,PHL,1215,1212,-3,2025,2023,-2,2025-06-03
9051,2025,6,3,2,LAX,PHL,1545,1537,-8,2353,2359,6,2025-06-03
9052,2025,6,3,2,LAX,PHL,2321,2318,-3,725,726,1,2025-06-03
9053,2025,6,3,2,LAX,PHX,515,507,-8,640,623,-17,2025-06-03
9054,2025,6,3,2,LAX,PHX,600,550,-10,730,709,-21,2025-06-03
9055,2025,6,3,2,LAX,PHX,713,703,-10,834,833,-1,2025-06-03
9056,2025,6,3,2,LAX,PHX,815,811,-4,951,959,8,2025-06-03
9057,2025,6,3,2,LAX,PHX,825,818,-7,956,938,-18,2025-06-03
9058,2025,6,3,2,LAX,PHX,830,826,-4,1000,949,-11,2025-06-03
9059,2025,6,3,2,LAX,PHX,1000,950,-10,1127,1114,-13,2025-06-03
9060,2025,6,3,2,LAX,PHX,1030,1102,32,1200,1215,15,2025-06-03
9061,2025,6,3,2,LAX,PHX,1031,1021,-10,1157,1140,-17,2025-06-03
9062,2025,6,3,2,LAX,PHX,1303,1256,-7,1430,1425,-5,2025-06-03
9063,2025,6,3,2,LAX,PHX,1325,1318,-7,1503,1451,-12,2025-06-03
9064,2025,6,3,2,LAX,PHX,1430,1423,-7,1555,1600,5,2025-06-03
9065,2025,6,3,2,LAX,PHX,1615,1617,2,1745,1738,-7,2025-06-03
9066,2025,6,3,2,LAX,PHX,1711,1731,20,1842,1857,15,2025-06-03
9067,2025,6,3,2,LAX,PHX,1744,1738,-6,1909,1906,-3,2025-06-03
9068,2025,6,3,2,LAX,PHX,1830,1841,11,2000,1958,-2,2025-06-03
9069,2025,6,3,2,LAX,PHX,1857,1942,45,2025,2107,42,2025-06-03
9071,2025,6,3,2,LAX,PHX,2020,2031,11,2150,2144,-6,2025-06-03
9072,2025,6,3,2,LAX,PHX,2130,2123,-7,2257,2248,-9,2025-06-03
9073,2025,6,3,2,LAX,PHX,2235,2235,0,13,4,-9,2025-06-03
9074,2025,6,3,2,LAX,PIT,905,900,-5,1646,1641,-5,2025-06-03
9075,2025,6,3,2,LAX,PRC,1945,1937,-8,2111,2100,-11,2025-06-03
9076,2025,6,3,2,LAX,PSC,2022,2012,-10,2257,2246,-11,2025-06-03
9077,2025,6,3,2,LAX,RDD,1250,1304,14,1439,1504,25,2025-06-03
9078,2025,6,3,2,LAX,RDM,1245,1238,-7,1503,1453,-10,2025-06-03
9079,2025,6,3,2,LAX,RDU,825,907,42,1619,1651,32,2025-06-03
9080,2025,6,3,2,LAX,RDU,1150,1145,-5,1940,1934,-6,2025-06-03
9081,2025,6,3,2,LAX,RNO,959,956,-3,1128,1112,-16,2025-06-03
9082,2025,6,3,2,LAX,RNO,1019,1014,-5,1200,1200,0,2025-06-03
9083,2025,6,3,2,LAX,RNO,1504,1557,53,1632,1730,58,2025-06-03
9084,2025,6,3,2,LAX,RNO,1710,1703,-7,1844,1830,-14,2025-06-03
9085,2025,6,3,2,LAX,RNO,2055,2051,-4,2221,2209,-12,2025-06-03
9086,2025,6,3,2,LAX,RNO,2159,2146,-13,2332,2304,-28,2025-06-03
9087,2025,6,3,2,LAX,SAN,825,832,7,921,931,10,2025-06-03
9088,2025,6,3,2,LAX,SAN,920,915,-5,1024,1030,6,2025-06-03
9089,2025,6,3,2,LAX,SAN,1406,1406,0,1457,1458,1,2025-06-03
9090,2025,6,3,2,LAX,SAN,1759,1752,-7,1851,1852,1,2025-06-03
9091,2025,6,3,2,LAX,SAN,1846,1837,-9,1947,1927,-20,2025-06-03
9092,2025,6,3,2,LAX,SAN,2217,2208,-9,2311,2257,-14,2025-06-03
9093,2025,6,3,2,LAX,SAN,2245,2241,-4,2346,2343,-3,2025-06-03
9094,2025,6,3,2,LAX,SAT,805,758,-7,1300,1233,-27,2025-06-03
9095,2025,6,3,2,LAX,SAT,854,845,-9,1342,1329,-13,2025-06-03
9096,2025,6,3,2,LAX,SAT,855,851,-4,1350,1325,-25,2025-06-03
9097,2025,6,3,2,LAX,SAT,949,1012,23,1435,1443,8,2025-06-03
9098,2025,6,3,2,LAX,SAT,1730,1812,42,2220,2300,40,2025-06-03
9099,2025,6,3,2,LAX,SAT,1857,1914,17,2342,2351,9,2025-06-03
9100,2025,6,3,2,LAX,SBA,1520,1512,-8,1612,1600,-12,2025-06-03
9101,2025,6,3,2,LAX,SBA,2300,2234,-26,2358,2342,-16,2025-06-03
9102,2025,6,3,2,LAX,SBP,1500,1453,-7,1601,1539,-22,2025-06-03
9103,2025,6,3,2,LAX,SBP,2232,2228,-4,2336,2321,-15,2025-06-03
9104,2025,6,3,2,LAX,SEA,600,551,-9,856,852,-4,2025-06-03
9105,2025,6,3,2,LAX,SEA,700,649,-11,955,944,-11,2025-06-03
9106,2025,6,3,2,LAX,SEA,700,652,-8,1003,945,-18,2025-06-03
9107,2025,6,3,2,LAX,SEA,800,754,-6,1058,1135,37,2025-06-03
9108,2025,6,3,2,LAX,SEA,935,929,-6,1233,1218,-15,2025-06-03
9109,2025,6,3,2,LAX,SEA,935,1004,29,1230,1247,17,2025-06-03
9110,2025,6,3,2,LAX,SEA,1110,1107,-3,1401,1403,2,2025-06-03
9111,2025,6,3,2,LAX,SEA,1130,1210,40,1430,1445,15,2025-06-03
9112,2025,6,3,2,LAX,SEA,1155,1148,-7,1450,1441,-9,2025-06-03
9113,2025,6,3,2,LAX,SEA,1351,1343,-8,1645,1627,-18,2025-06-03
9114,2025,6,3,2,LAX,SEA,1358,1355,-3,1653,1648,-5,2025-06-03
9115,2025,6,3,2,LAX,SEA,1536,1553,17,1827,1852,25,2025-06-03
9116,2025,6,3,2,LAX,SEA,1745,1739,-6,2035,2028,-7,2025-06-03
9117,2025,6,3,2,LAX,SEA,1755,1748,-7,2049,2018,-31,2025-06-03
9118,2025,6,3,2,LAX,SEA,1845,1849,4,2136,2135,-1,2025-06-03
9119,2025,6,3,2,LAX,SEA,1907,1905,-2,2158,2143,-15,2025-06-03
9121,2025,6,3,2,LAX,SEA,2007,2000,-7,2309,2255,-14,2025-06-03
9122,2025,6,3,2,LAX,SEA,2015,2004,-11,2317,2301,-16,2025-06-03
9123,2025,6,3,2,LAX,SFO,600,551,-9,738,713,-25,2025-06-03
9124,2025,6,3,2,LAX,SFO,600,554,-6,731,720,-11,2025-06-03
9125,2025,6,3,2,LAX,SFO,630,623,-7,753,732,-21,2025-06-03
9126,2025,6,3,2,LAX,SFO,655,653,-2,820,804,-16,2025-06-03
9127,2025,6,3,2,LAX,SFO,805,758,-7,945,930,-15,2025-06-03
9129,2025,6,3,2,LAX,SFO,920,922,2,1052,1038,-14,2025-06-03
9130,2025,6,3,2,LAX,SFO,950,949,-1,1120,1054,-26,2025-06-03
9131,2025,6,3,2,LAX,SFO,1015,1018,3,1145,1133,-12,2025-06-03
9132,2025,6,3,2,LAX,SFO,1026,1016,-10,1159,1130,-29,2025-06-03
9133,2025,6,3,2,LAX,SFO,1100,1050,-10,1231,1205,-26,2025-06-03
9134,2025,6,3,2,LAX,SFO,1100,1055,-5,1232,1212,-20,2025-06-03
9135,2025,6,3,2,LAX,SFO,1220,1215,-5,1343,1341,-2,2025-06-03
9136,2025,6,3,2,LAX,SFO,1339,1334,-5,1507,1447,-20,2025-06-03
9137,2025,6,3,2,LAX,SFO,1355,1431,36,1515,1537,22,2025-06-03
9138,2025,6,3,2,LAX,SFO,1600,1554,-6,1728,1728,0,2025-06-03
9139,2025,6,3,2,LAX,SFO,1610,1605,-5,1739,1724,-15,2025-06-03
9140,2025,6,3,2,LAX,SFO,1625,1652,27,1748,1756,8,2025-06-03
9141,2025,6,3,2,LAX,SFO,1710,1703,-7,1840,1831,-9,2025-06-03
9143,2025,6,3,2,LAX,SFO,1831,1827,-4,1958,1948,-10,2025-06-03
9144,2025,6,3,2,LAX,SFO,1840,1904,24,2009,2015,6,2025-06-03
9145,2025,6,3,2,LAX,SFO,1855,1930,35,2015,2047,32,2025-06-03
9146,2025,6,3,2,LAX,SFO,1925,1917,-8,2057,2053,-4,2025-06-03
9147,2025,6,3,2,LAX,SFO,1935,1928,-7,2100,2045,-15,2025-06-03
9148,2025,6,3,2,LAX,SFO,2110,2131,21,2240,2230,-10,2025-06-03
9149,2025,6,3,2,LAX,SFO,2145,2137,-8,2309,2312,3,2025-06-03
9150,2025,6,3,2,LAX,SFO,2230,2224,-6,2358,3,5,2025-06-03
9151,2025,6,3,2,LAX,SGU,1315,1301,-14,1547,1532,-15,2025-06-03
9152,2025,6,3,2,LAX,SJC,635,629,-6,750,731,-19,2025-06-03
9153,2025,6,3,2,LAX,SJC,655,647,-8,810,755,-15,2025-06-03
9155,2025,6,3,2,LAX,SJC,914,905,-9,1033,1016,-17,2025-06-03
9156,2025,6,3,2,LAX,SJC,1139,1139,0,1257,1240,-17,2025-06-03
9157,2025,6,3,2,LAX,SJC,1225,1249,24,1340,1351,11,2025-06-03
9158,2025,6,3,2,LAX,SJC,1406,1429,23,1520,1533,13,2025-06-03
9159,2025,6,3,2,LAX,SJC,1628,1711,43,1745,1818,33,2025-06-03
9160,2025,6,3,2,LAX,SJC,1650,1649,-1,1810,1753,-17,2025-06-03
9161,2025,6,3,2,LAX,SJC,1716,1712,-4,1834,1822,-12,2025-06-03
9162,2025,6,3,2,LAX,SJC,1810,1804,-6,1925,1914,-11,2025-06-03
9163,2025,6,3,2,LAX,SJC,1920,1937,17,2040,2039,-1,2025-06-03
9164,2025,6,3,2,LAX,SJC,2059,2048,-11,2213,2158,-15,2025-06-03
9165,2025,6,3,2,LAX,SLC,600,601,1,855,848,-7,2025-06-03
9166,2025,6,3,2,LAX,SLC,700,646,-14,955,937,-18,2025-06-03
9167,2025,6,3,2,LAX,SLC,840,834,-6,1140,1120,-20,2025-06-03
9168,2025,6,3,2,LAX,SLC,915,912,-3,1211,1200,-11,2025-06-03
9169,2025,6,3,2,LAX,SLC,1135,1145,10,1429,1431,2,2025-06-03
9170,2025,6,3,2,LAX,SLC,1313,1307,-6,1608,1558,-10,2025-06-03
9171,2025,6,3,2,LAX,SLC,1705,1705,0,2000,2007,7,2025-06-03
9172,2025,6,3,2,LAX,SLC,1845,1937,52,2139,2229,50,2025-06-03
9173,2025,6,3,2,LAX,SLC,1925,1917,-8,2215,2158,-17,2025-06-03
9174,2025,6,3,2,LAX,SMF,625,624,-1,755,735,-20,2025-06-03
9175,2025,6,3,2,LAX,SMF,758,748,-10,924,909,-15,2025-06-03
9176,2025,6,3,2,LAX,SMF,815,810,-5,952,953,1,2025-06-03
9177,2025,6,3,2,LAX,SMF,855,854,-1,1035,1016,-19,2025-06-03
9178,2025,6,3,2,LAX,SMF,1013,1013,0,1145,1143,-2,2025-06-03
9179,2025,6,3,2,LAX,SMF,1300,1249,-11,1435,1434,-1,2025-06-03
9180,2025,6,3,2,LAX,SMF,1325,1321,-4,1457,1454,-3,2025-06-03
9181,2025,6,3,2,LAX,SMF,1355,1401,6,1525,1517,-8,2025-06-03
9182,2025,6,3,2,LAX,SMF,1557,1555,-2,1726,1747,21,2025-06-03
9183,2025,6,3,2,LAX,SMF,1705,1655,-10,1837,1830,-7,2025-06-03
9184,2025,6,3,2,LAX,SMF,1810,1800,-10,1937,1917,-20,2025-06-03
9185,2025,6,3,2,LAX,SMF,1810,1823,13,1940,1936,-4,2025-06-03
9186,2025,6,3,2,LAX,SMF,2000,1952,-8,2137,2122,-15,2025-06-03
9187,2025,6,3,2,LAX,SMF,2015,2017,2,2145,2134,-11,2025-06-03
9188,2025,6,3,2,LAX,SMF,2155,2208,13,2319,2332,13,2025-06-03
9189,2025,6,3,2,LAX,STL,550,544,-6,1130,1108,-22,2025-06-03
9190,2025,6,3,2,LAX,STL,1555,1616,21,2135,2215,40,2025-06-03
9191,2025,6,3,2,LAX,STL,1729,1727,-2,2304,2308,4,2025-06-03
9192,2025,6,3,2,LAX,STS,925,919,-6,1106,1036,-30,2025-06-03
9193,2025,6,3,2,LAX,STS,2156,2204,8,2330,2322,-8,2025-06-03
9194,2025,6,3,2,LAX,TPA,1025,1021,-4,1806,1802,-4,2025-06-03
9195,2025,6,3,2,LAX,TPA,2210,2158,-12,540,530,-10,2025-06-03
9196,2025,6,3,2,LAX,TPA,2359,2345,-14,756,717,-39,2025-06-03
9197,2025,6,3,2,LAX,TUL,915,915,0,1428,1422,-6,2025-06-03
9198,2025,6,3,2,LAX,TUS,926,920,-6,1100,1041,-19,2025-06-03
9199,2025,6,3,2,LAX,TUS,935,931,-4,1106,1050,-16,2025-06-03
9200,2025,6,3,2,LAX,TUS,1418,1420,2,1549,1539,-10,2025-06-03
9201,2025,6,3,2,LAX,TUS,1524,1514,-10,1656,1648,-8,2025-06-03
9203,2025,6,3,2,LAX,TUS,1900,1855,-5,2028,2028,0,2025-06-03
9204,2025,6,3,2,LAX,TUS,1905,1857,-8,2040,2020,-20,2025-06-03
9205,2025,6,3,2,LAX,XNA,1009,1010,1,1525,1529,4,2025-06-03
12218,2025,6,4,3,LAX,ABQ,859,848,-11,1204,1147,-17,2025-06-04
12219,2025,6,4,3,LAX,ABQ,955,946,-9,1255,1235,-20,2025-06-04
12220,2025,6,4,3,LAX,ABQ,1250,1243,-7,1550,1535,-15,2025-06-04
12221,2025,6,4,3,LAX,ABQ,1459,1448,-11,1758,1734,-24,2025-06-04
12222,2025,6,4,3,LAX,ABQ,1650,1644,-6,1945,1934,-11,2025-06-04
12223,2025,6,4,3,LAX,ABQ,1959,1947,-12,2255,2238,-17,2025-06-04
12224,2025,6,4,3,LAX,ACV,1315,1310,-5,1513,1504,-9,2025-06-04
12225,2025,6,4,3,LAX,ANC,1945,1949,4,20,26,6,2025-06-04
12226,2025,6,4,3,LAX,ASE,1040,1033,-7,1356,1330,-26,2025-06-04
12227,2025,6,4,3,LAX,ASE,1725,1737,12,2028,2041,13,2025-06-04
12228,2025,6,4,3,LAX,ATL,615,635,20,1338,1339,1,2025-06-04
12229,2025,6,4,3,LAX,ATL,730,731,1,1447,1430,-17,2025-06-04
12230,2025,6,4,3,LAX,ATL,835,835,0,1604,1544,-20,2025-06-04
12231,2025,6,4,3,LAX,ATL,935,936,1,1658,1644,-14,2025-06-04
12232,2025,6,4,3,LAX,ATL,940,934,-6,1703,1707,4,2025-06-04
12233,2025,6,4,3,LAX,ATL,1105,1102,-3,1830,1801,-29,2025-06-04
12235,2025,6,4,3,LAX,ATL,1237,1237,0,1959,2005,6,2025-06-04
12236,2025,6,4,3,LAX,ATL,1239,1327,48,2018,2116,58,2025-06-04
12237,2025,6,4,3,LAX,ATL,1305,1301,-4,2035,2009,-26,2025-06-04
12238,2025,6,4,3,LAX,ATL,1423,1424,1,2149,2149,0,2025-06-04
12239,2025,6,4,3,LAX,ATL,1700,1655,-5,21,2356,-25,2025-06-04
12240,2025,6,4,3,LAX,ATL,2121,2205,44,500,515,15,2025-06-04
12241,2025,6,4,3,LAX,ATL,2145,2231,46,501,530,29,2025-06-04
12242,2025,6,4,3,LAX,ATL,2250,2250,0,610,553,-17,2025-06-04
12243,2025,6,4,3,LAX,ATL,2310,2343,33,633,648,15,2025-06-04
12244,2025,6,4,3,LAX,AUS,545,542,-3,1040,1026,-14,2025-06-04
12246,2025,6,4,3,LAX,AUS,925,917,-8,1451,1416,-35,2025-06-04
12247,2025,6,4,3,LAX,AUS,925,925,0,1425,1405,-20,2025-06-04
12248,2025,6,4,3,LAX,AUS,940,925,-15,1439,1405,-34,2025-06-04
12249,2025,6,4,3,LAX,AUS,1015,1000,-15,1521,1501,-20,2025-06-04
12250,2025,6,4,3,LAX,AUS,1415,1410,-5,1911,1856,-15,2025-06-04
12251,2025,6,4,3,LAX,AUS,1555,1546,-9,2054,2038,-16,2025-06-04
12252,2025,6,4,3,LAX,AUS,1835,1831,-4,2335,2312,-23,2025-06-04
12253,2025,6,4,3,LAX,AUS,1840,1834,-6,2358,2321,-37,2025-06-04
12254,2025,6,4,3,LAX,AUS,1859,1845,-14,2354,2341,-13,2025-06-04
12255,2025,6,4,3,LAX,BNA,645,700,15,1245,1302,17,2025-06-04
12256,2025,6,4,3,LAX,BNA,655,650,-5,1250,1234,-16,2025-06-04
12257,2025,6,4,3,LAX,BNA,1034,1027,-7,1636,1625,-11,2025-06-04
12258,2025,6,4,3,LAX,BNA,1500,1456,-4,2056,2036,-20,2025-06-04
12259,2025,6,4,3,LAX,BNA,2300,2300,0,510,441,-29,2025-06-04
12260,2025,6,4,3,LAX,BOI,1155,1202,7,1459,1508,9,2025-06-04
12261,2025,6,4,3,LAX,BOI,1245,1241,-4,1559,1543,-16,2025-06-04
12262,2025,6,4,3,LAX,BOI,1945,1939,-6,2252,2241,-11,2025-06-04
12263,2025,6,4,3,LAX,BOI,2025,2020,-5,2328,2327,-1,2025-06-04
12264,2025,6,4,3,LAX,BOS,600,549,-11,1439,1407,-32,2025-06-04
12265,2025,6,4,3,LAX,BOS,700,659,-1,1535,1530,-5,2025-06-04
12266,2025,6,4,3,LAX,BOS,750,740,-10,1632,1555,-37,2025-06-04
12267,2025,6,4,3,LAX,BOS,825,818,-7,1700,1636,-24,2025-06-04
12268,2025,6,4,3,LAX,BOS,835,830,-5,1718,1646,-32,2025-06-04
12269,2025,6,4,3,LAX,BOS,1050,1048,-2,1930,1919,-11,2025-06-04
12270,2025,6,4,3,LAX,BOS,1150,1142,-8,2035,1956,-39,2025-06-04
12271,2025,6,4,3,LAX,BOS,1250,1249,-1,2134,2116,-18,2025-06-04
12272,2025,6,4,3,LAX,BOS,1400,1350,-10,2234,2209,-25,2025-06-04
12273,2025,6,4,3,LAX,BOS,1520,1519,-1,2348,2349,1,2025-06-04
12274,2025,6,4,3,LAX,BOS,2227,2248,21,700,703,3,2025-06-04
12275,2025,6,4,3,LAX,BOS,2234,2231,-3,715,705,-10,2025-06-04
12276,2025,6,4,3,LAX,BOS,2235,2234,-1,713,710,-3,2025-06-04
12277,2025,6,4,3,LAX,BUF,1410,1401,-9,2200,2149,-11,2025-06-04
12278,2025,6,4,3,LAX,BWI,650,648,-2,1455,1432,-23,2025-06-04
12279,2025,6,4,3,LAX,BWI,845,837,-8,1654,1636,-18,2025-06-04
12280,2025,6,4,3,LAX,BWI,1136,1133,-3,1939,1914,-25,2025-06-04
12281,2025,6,4,3,LAX,BWI,2130,2133,3,540,517,-23,2025-06-04
12282,2025,6,4,3,LAX,BWI,2359,2357,-2,807,746,-21,2025-06-04
12284,2025,6,4,3,LAX,BZN,1800,1750,-10,2139,2120,-19,2025-06-04
12285,2025,6,4,3,LAX,CID,1515,1536,21,2050,2047,-3,2025-06-04
12286,2025,6,4,3,LAX,CLE,1138,1133,-5,1911,1857,-14,2025-06-04
12287,2025,6,4,3,LAX,CLE,2120,2113,-7,453,433,-20,2025-06-04
12288,2025,6,4,3,LAX,CLT,600,557,-3,1346,1352,6,2025-06-04
12289,2025,6,4,3,LAX,CLT,730,728,-2,1515,1455,-20,2025-06-04
12290,2025,6,4,3,LAX,CLT,930,924,-6,1715,1733,18,2025-06-04
12291,2025,6,4,3,LAX,CLT,1130,1125,-5,1918,1857,-21,2025-06-04
12292,2025,6,4,3,LAX,CLT,1407,1403,-4,2155,2138,-17,2025-06-04
12294,2025,6,4,3,LAX,CMH,840,833,-7,1607,1600,-7,2025-06-04
12295,2025,6,4,3,LAX,CVG,2245,2242,-3,555,545,-10,2025-06-04
12296,2025,6,4,3,LAX,DAL,610,612,2,1120,1101,-19,2025-06-04
12297,2025,6,4,3,LAX,DAL,825,823,-2,1335,1323,-12,2025-06-04
12298,2025,6,4,3,LAX,DAL,1355,1355,0,1900,1846,-14,2025-06-04
12299,2025,6,4,3,LAX,DAL,1555,1551,-4,2100,2058,-2,2025-06-04
12300,2025,6,4,3,LAX,DAL,1810,1819,9,2315,2306,-9,2025-06-04
12301,2025,6,4,3,LAX,DCA,745,745,0,1540,1529,-11,2025-06-04
12302,2025,6,4,3,LAX,DCA,800,759,-1,1605,1550,-15,2025-06-04
12304,2025,6,4,3,LAX,DCA,1255,1250,-5,2052,2054,2,2025-06-04
12305,2025,6,4,3,LAX,DEN,505,453,-12,824,801,-23,2025-06-04
12306,2025,6,4,3,LAX,DEN,615,611,-4,940,919,-21,2025-06-04
12307,2025,6,4,3,LAX,DEN,615,612,-3,948,930,-18,2025-06-04
12308,2025,6,4,3,LAX,DEN,706,701,-5,1031,1030,-1,2025-06-04
12309,2025,6,4,3,LAX,DEN,815,820,5,1139,1129,-10,2025-06-04
12310,2025,6,4,3,LAX,DEN,845,838,-7,1215,1142,-33,2025-06-04
12311,2025,6,4,3,LAX,DEN,850,845,-5,1213,1210,-3,2025-06-04
12312,2025,6,4,3,LAX,DEN,900,855,-5,1227,1217,-10,2025-06-04
12313,2025,6,4,3,LAX,DEN,1052,1044,-8,1419,1407,-12,2025-06-04
12314,2025,6,4,3,LAX,DEN,1239,1230,-9,1600,1603,3,2025-06-04
12315,2025,6,4,3,LAX,DEN,1245,1240,-5,1615,1555,-20,2025-06-04
12316,2025,6,4,3,LAX,DEN,1255,1252,-3,1623,1607,-16,2025-06-04
12317,2025,6,4,3,LAX,DEN,1435,1427,-8,1805,1750,-15,2025-06-04
12318,2025,6,4,3,LAX,DEN,1457,1530,33,1819,1908,49,2025-06-04
12320,2025,6,4,3,LAX,DEN,1611,1622,11,1940,2057,77,2025-06-04
12321,2025,6,4,3,LAX,DEN,1627,1622,-5,1949,2032,43,2025-06-04
12322,2025,6,4,3,LAX,DEN,1830,1908,38,2200,2230,30,2025-06-04
12323,2025,6,4,3,LAX,DEN,1905,1939,34,2235,2249,14,2025-06-04
12324,2025,6,4,3,LAX,DEN,1918,1908,-10,2247,2224,-23,2025-06-04
12325,2025,6,4,3,LAX,DEN,2030,2023,-7,2354,2331,-23,2025-06-04
12326,2025,6,4,3,LAX,DFW,35,28,-7,532,513,-19,2025-06-04
12327,2025,6,4,3,LAX,DFW,530,527,-3,1038,1014,-24,2025-06-04
12328,2025,6,4,3,LAX,DFW,600,554,-6,1106,1100,-6,2025-06-04
12329,2025,6,4,3,LAX,DFW,700,650,-10,1209,1156,-13,2025-06-04
12330,2025,6,4,3,LAX,DFW,735,725,-10,1245,1215,-30,2025-06-04
12332,2025,6,4,3,LAX,DFW,904,858,-6,1414,1408,-6,2025-06-04
12333,2025,6,4,3,LAX,DFW,1110,1109,-1,1617,1559,-18,2025-06-04
12334,2025,6,4,3,LAX,DFW,1220,1219,-1,1726,1712,-14,2025-06-04
12335,2025,6,4,3,LAX,DFW,1330,1322,-8,1838,1809,-29,2025-06-04
12336,2025,6,4,3,LAX,DFW,1438,1435,-3,1944,1942,-2,2025-06-04
12337,2025,6,4,3,LAX,DFW,1535,1527,-8,2044,2016,-28,2025-06-04
12338,2025,6,4,3,LAX,DFW,1644,1640,-4,2150,2152,2,2025-06-04
12339,2025,6,4,3,LAX,DFW,1825,1817,-8,2331,2300,-31,2025-06-04
12340,2025,6,4,3,LAX,DFW,1859,1852,-7,2359,2343,-16,2025-06-04
12341,2025,6,4,3,LAX,DFW,1903,1914,11,26,20,-6,2025-06-04
12342,2025,6,4,3,LAX,DFW,1925,1917,-8,31,3,-28,2025-06-04
12343,2025,6,4,3,LAX,DFW,2355,2350,-5,500,435,-25,2025-06-04
12344,2025,6,4,3,LAX,DTW,59,49,-10,825,758,-27,2025-06-04
12345,2025,6,4,3,LAX,DTW,535,535,0,1301,1245,-16,2025-06-04
12346,2025,6,4,3,LAX,DTW,950,956,6,1710,1700,-10,2025-06-04
12347,2025,6,4,3,LAX,DTW,959,955,-4,1723,1705,-18,2025-06-04
12348,2025,6,4,3,LAX,DTW,1147,1151,4,1911,1905,-6,2025-06-04
12349,2025,6,4,3,LAX,DTW,1552,1545,-7,2318,2335,17,2025-06-04
12350,2025,6,4,3,LAX,DTW,2235,2315,40,600,615,15,2025-06-04
12351,2025,6,4,3,LAX,ELP,900,852,-8,1156,1144,-12,2025-06-04
12352,2025,6,4,3,LAX,ELP,1035,1035,0,1335,1324,-11,2025-06-04
12353,2025,6,4,3,LAX,ELP,1525,1515,-10,1819,1804,-15,2025-06-04
12354,2025,6,4,3,LAX,ELP,1832,1824,-8,2125,2113,-12,2025-06-04
12355,2025,6,4,3,LAX,EUG,2059,2049,-10,2320,2319,-1,2025-06-04
12357,2025,6,4,3,LAX,EWR,700,701,1,1534,1532,-2,2025-06-04
12358,2025,6,4,3,LAX,EWR,700,702,2,1540,1521,-19,2025-06-04
12359,2025,6,4,3,LAX,EWR,754,745,-9,1629,1551,-38,2025-06-04
12360,2025,6,4,3,LAX,EWR,820,830,10,1645,1634,-11,2025-06-04
12361,2025,6,4,3,LAX,EWR,1015,1017,2,1854,1827,-27,2025-06-04
12362,2025,6,4,3,LAX,EWR,1021,1101,40,1900,1921,21,2025-06-04
12364,2025,6,4,3,LAX,EWR,1330,1354,24,2152,2204,12,2025-06-04
12365,2025,6,4,3,LAX,EWR,1423,1438,15,2249,2252,3,2025-06-04
12366,2025,6,4,3,LAX,EWR,1630,1701,31,57,117,20,2025-06-04
12367,2025,6,4,3,LAX,EWR,2055,2049,-6,508,436,-32,2025-06-04
12368,2025,6,4,3,LAX,EWR,2143,2140,-3,559,549,-10,2025-06-04
12369,2025,6,4,3,LAX,EWR,2220,2231,11,648,644,-4,2025-06-04
12370,2025,6,4,3,LAX,EWR,2359,21,22,812,813,1,2025-06-04
12371,2025,6,4,3,LAX,FAT,1030,1027,-3,1148,1140,-8,2025-06-04
12372,2025,6,4,3,LAX,FAT,1910,1903,-7,2024,2015,-9,2025-06-04
12373,2025,6,4,3,LAX,FAT,2238,2227,-11,2352,2332,-20,2025-06-04
12375,2025,6,4,3,LAX,FLL,830,825,-5,1637,1655,18,2025-06-04
12376,2025,6,4,3,LAX,FLL,1047,1041,-6,1859,1835,-24,2025-06-04
12377,2025,6,4,3,LAX,FLL,1350,1345,-5,2159,2132,-27,2025-06-04
12378,2025,6,4,3,LAX,FLL,2305,2303,-2,655,644,-11,2025-06-04
12379,2025,6,4,3,LAX,GEG,1116,1107,-9,1356,1349,-7,2025-06-04
12380,2025,6,4,3,LAX,GEG,1905,1858,-7,2140,2128,-12,2025-06-04
12381,2025,6,4,3,LAX,GEG,1945,1937,-8,2222,2227,5,2025-06-04
12382,2025,6,4,3,LAX,GRR,931,931,0,1637,1630,-7,2025-06-04
12383,2025,6,4,3,LAX,HNL,700,655,-5,1005,935,-30,2025-06-04
12384,2025,6,4,3,LAX,HNL,700,656,-4,940,930,-10,2025-06-04
12385,2025,6,4,3,LAX,HNL,830,830,0,1121,1102,-19,2025-06-04
12386,2025,6,4,3,LAX,HNL,835,830,-5,1117,1107,-10,2025-06-04
12387,2025,6,4,3,LAX,HNL,855,848,-7,1147,1123,-24,2025-06-04
12388,2025,6,4,3,LAX,HNL,1000,1012,12,1240,1240,0,2025-06-04
12389,2025,6,4,3,LAX,HNL,1115,1159,44,1404,1433,29,2025-06-04
12390,2025,6,4,3,LAX,HNL,1315,1320,5,1601,1546,-15,2025-06-04
12391,2025,6,4,3,LAX,HNL,1345,1339,-6,1632,1615,-17,2025-06-04
12392,2025,6,4,3,LAX,HNL,1646,1637,-9,1935,1914,-21,2025-06-04
12393,2025,6,4,3,LAX,HNL,1710,1705,-5,1944,1916,-28,2025-06-04
12394,2025,6,4,3,LAX,HNL,1755,1753,-2,2040,2038,-2,2025-06-04
12395,2025,6,4,3,LAX,HNL,1759,1825,26,2044,2054,10,2025-06-04
12396,2025,6,4,3,LAX,HNL,1825,1825,0,2111,2101,-10,2025-06-04
12397,2025,6,4,3,LAX,HNL,1845,1844,-1,2128,2112,-16,2025-06-04
12398,2025,6,4,3,LAX,HNL,2050,2104,14,2329,2349,20,2025-06-04
12399,2025,6,4,3,LAX,HOU,505,501,-4,1020,1005,-15,2025-06-04
12400,2025,6,4,3,LAX,HOU,1320,1320,0,1840,1827,-13,2025-06-04
12401,2025,6,4,3,LAX,HOU,2340,2,22,500,518,18,2025-06-04
12402,2025,6,4,3,LAX,IAD,620,615,-5,1423,1401,-22,2025-06-04
12403,2025,6,4,3,LAX,IAD,800,751,-9,1614,1542,-32,2025-06-04
12404,2025,6,4,3,LAX,IAD,815,815,0,1621,1617,-4,2025-06-04
12405,2025,6,4,3,LAX,IAD,1015,1014,-1,1820,1802,-18,2025-06-04
12406,2025,6,4,3,LAX,IAD,1315,1334,19,2120,2140,20,2025-06-04
12407,2025,6,4,3,LAX,IAD,1645,1633,-12,44,13,-31,2025-06-04
12408,2025,6,4,3,LAX,IAD,2135,2129,-6,537,519,-18,2025-06-04
12409,2025,6,4,3,LAX,IAD,2250,2244,-6,639,617,-22,2025-06-04
12410,2025,6,4,3,LAX,IAH,56,54,-2,618,551,-27,2025-06-04
12411,2025,6,4,3,LAX,IAH,515,511,-4,1042,1014,-28,2025-06-04
12412,2025,6,4,3,LAX,IAH,715,705,-10,1244,1215,-29,2025-06-04
12413,2025,6,4,3,LAX,IAH,840,836,-4,1409,1349,-20,2025-06-04
12414,2025,6,4,3,LAX,IAH,850,845,-5,1412,1342,-30,2025-06-04
12415,2025,6,4,3,LAX,IAH,1015,1045,30,1540,1555,15,2025-06-04
12417,2025,6,4,3,LAX,IAH,1207,1204,-3,1724,1704,-20,2025-06-04
12418,2025,6,4,3,LAX,IAH,1310,1302,-8,1840,1843,3,2025-06-04
12419,2025,6,4,3,LAX,IAH,1351,1347,-4,1909,1857,-12,2025-06-04
12420,2025,6,4,3,LAX,IAH,1403,1420,17,1941,1933,-8,2025-06-04
12421,2025,6,4,3,LAX,IAH,1810,1804,-6,2333,2311,-22,2025-06-04
12422,2025,6,4,3,LAX,IAH,1810,1900,50,2321,2358,37,2025-06-04
12423,2025,6,4,3,LAX,IAH,1920,1906,-14,43,5,-38,2025-06-04
12424,2025,6,4,3,LAX,IND,948,948,0,1653,1648,-5,2025-06-04
12425,2025,6,4,3,LAX,IND,2300,2254,-6,600,603,3,2025-06-04
12426,2025,6,4,3,LAX,JAC,1030,1030,0,1348,1336,-12,2025-06-04
12427,2025,6,4,3,LAX,JFK,600,558,-2,1430,1411,-19,2025-06-04
12428,2025,6,4,3,LAX,JFK,600,607,7,1430,1422,-8,2025-06-04
12429,2025,6,4,3,LAX,JFK,700,652,-8,1528,1521,-7,2025-06-04
12430,2025,6,4,3,LAX,JFK,700,710,10,1525,1522,-3,2025-06-04
12431,2025,6,4,3,LAX,JFK,755,751,-4,1632,1558,-34,2025-06-04
12432,2025,6,4,3,LAX,JFK,800,753,-7,1627,1558,-29,2025-06-04
12433,2025,6,4,3,LAX,JFK,905,904,-1,1755,1722,-33,2025-06-04
12434,2025,6,4,3,LAX,JFK,955,953,-2,1835,1804,-31,2025-06-04
12435,2025,6,4,3,LAX,JFK,1020,1015,-5,1910,1855,-15,2025-06-04
12436,2025,6,4,3,LAX,JFK,1032,1026,-6,1900,1847,-13,2025-06-04
12437,2025,6,4,3,LAX,JFK,1115,1118,3,1959,1932,-27,2025-06-04
12438,2025,6,4,3,LAX,JFK,1120,1115,-5,1950,1923,-27,2025-06-04
12439,2025,6,4,3,LAX,JFK,1200,1155,-5,2030,2034,4,2025-06-04
12440,2025,6,4,3,LAX,JFK,1220,1213,-7,2102,2032,-30,2025-06-04
12441,2025,6,4,3,LAX,JFK,1258,1247,-11,2126,2109,-17,2025-06-04
12442,2025,6,4,3,LAX,JFK,1305,1356,51,2144,2234,50,2025-06-04
12443,2025,6,4,3,LAX,JFK,1420,1508,48,2255,2342,47,2025-06-04
12444,2025,6,4,3,LAX,JFK,1430,1424,-6,2310,2252,-18,2025-06-04
12445,2025,6,4,3,LAX,JFK,1515,1521,6,2350,2352,2,2025-06-04
12446,2025,6,4,3,LAX,JFK,1530,1522,-8,2359,2342,-17,2025-06-04
12447,2025,6,4,3,LAX,JFK,1620,1619,-1,57,36,-21,2025-06-04
12448,2025,6,4,3,LAX,JFK,1625,1649,24,55,53,-2,2025-06-04
12450,2025,6,4,3,LAX,JFK,2115,2112,-3,542,507,-35,2025-06-04
12451,2025,6,4,3,LAX,JFK,2125,2144,19,559,607,8,2025-06-04
12452,2025,6,4,3,LAX,JFK,2155,2146,-9,621,549,-32,2025-06-04
12453,2025,6,4,3,LAX,JFK,2255,2252,-3,722,715,-7,2025-06-04
12454,2025,6,4,3,LAX,JFK,2355,10,15,830,830,0,2025-06-04
12455,2025,6,4,3,LAX,JFK,2359,2359,0,837,817,-20,2025-06-04
12456,2025,6,4,3,LAX,KOA,910,907,-3,1150,1127,-23,2025-06-04
12457,2025,6,4,3,LAX,KOA,933,928,-5,1217,1154,-23,2025-06-04
12458,2025,6,4,3,LAX,KOA,1100,1053,-7,1335,1315,-20,2025-06-04
12459,2025,6,4,3,LAX,KOA,1629,1619,-10,1910,1857,-13,2025-06-04
12460,2025,6,4,3,LAX,KOA,1725,1720,-5,2003,1958,-5,2025-06-04
12461,2025,6,4,3,LAX,LAS,525,517,-8,640,619,-21,2025-06-04
12462,2025,6,4,3,LAX,LAS,730,721,-9,842,817,-25,2025-06-04
12463,2025,6,4,3,LAX,LAS,826,822,-4,951,957,6,2025-06-04
12464,2025,6,4,3,LAX,LAS,830,831,1,950,937,-13,2025-06-04
12465,2025,6,4,3,LAX,LAS,935,936,1,1047,1047,0,2025-06-04
12466,2025,6,4,3,LAX,LAS,1030,1022,-8,1147,1128,-19,2025-06-04
12467,2025,6,4,3,LAX,LAS,1137,1128,-9,1252,1228,-24,2025-06-04
12468,2025,6,4,3,LAX,LAS,1145,1141,-4,1305,1238,-27,2025-06-04
12469,2025,6,4,3,LAX,LAS,1220,1212,-8,1331,1318,-13,2025-06-04
12470,2025,6,4,3,LAX,LAS,1445,1439,-6,1607,1554,-13,2025-06-04
12471,2025,6,4,3,LAX,LAS,1513,1510,-3,1625,1630,5,2025-06-04
12472,2025,6,4,3,LAX,LAS,1540,1544,4,1655,1655,0,2025-06-04
12473,2025,6,4,3,LAX,LAS,1548,1620,32,1713,1755,42,2025-06-04
12474,2025,6,4,3,LAX,LAS,1700,1654,-6,1811,1759,-12,2025-06-04
12475,2025,6,4,3,LAX,LAS,1735,1746,11,1855,1912,17,2025-06-04
12477,2025,6,4,3,LAX,LAS,1852,1846,-6,2010,2019,9,2025-06-04
12478,2025,6,4,3,LAX,LAS,1930,1922,-8,2052,2037,-15,2025-06-04
12479,2025,6,4,3,LAX,LAS,1940,1941,1,2100,2046,-14,2025-06-04
12480,2025,6,4,3,LAX,LAS,2205,2159,-6,2325,2306,-19,2025-06-04
12481,2025,6,4,3,LAX,LAS,2305,2305,0,27,14,-13,2025-06-04
12482,2025,6,4,3,LAX,LIH,842,835,-7,1138,1129,-9,2025-06-04
12483,2025,6,4,3,LAX,LIH,900,906,6,1145,1155,10,2025-06-04
12484,2025,6,4,3,LAX,LIH,930,931,1,1232,1212,-20,2025-06-04
12485,2025,6,4,3,LAX,LIH,1500,1453,-7,1749,1724,-25,2025-06-04
12486,2025,6,4,3,LAX,LIT,630,624,-6,1154,1124,-30,2025-06-04
12487,2025,6,4,3,LAX,MCI,915,911,-4,1424,1415,-9,2025-06-04
12488,2025,6,4,3,LAX,MCI,930,932,2,1450,1427,-23,2025-06-04
12489,2025,6,4,3,LAX,MCI,1501,1453,-8,2012,1949,-23,2025-06-04
12490,2025,6,4,3,LAX,MCI,1815,1807,-8,2324,2313,-11,2025-06-04
12491,2025,6,4,3,LAX,MCO,700,655,-5,1449,1522,33,2025-06-04
12492,2025,6,4,3,LAX,MCO,900,955,55,1648,1740,52,2025-06-04
12493,2025,6,4,3,LAX,MCO,1002,1001,-1,1804,1742,-22,2025-06-04
12494,2025,6,4,3,LAX,MCO,1115,1118,3,1910,1903,-7,2025-06-04
12495,2025,6,4,3,LAX,MCO,1611,1612,1,2357,2348,-9,2025-06-04
12496,2025,6,4,3,LAX,MCO,2135,2141,6,536,515,-21,2025-06-04
12497,2025,6,4,3,LAX,MCO,2155,2146,-9,540,520,-20,2025-06-04
12498,2025,6,4,3,LAX,MDW,600,557,-3,1205,1142,-23,2025-06-04
12499,2025,6,4,3,LAX,MDW,1125,1130,5,1725,1711,-14,2025-06-04
12500,2025,6,4,3,LAX,MDW,1720,1722,2,2325,2256,-29,2025-06-04
12501,2025,6,4,3,LAX,MDW,2310,2309,-1,515,446,-29,2025-06-04
12502,2025,6,4,3,LAX,MEM,1810,1804,-6,2347,2335,-12,2025-06-04
12503,2025,6,4,3,LAX,MIA,604,620,16,1403,1429,26,2025-06-04
12504,2025,6,4,3,LAX,MIA,800,757,-3,1556,1606,10,2025-06-04
12505,2025,6,4,3,LAX,MIA,955,1013,18,1755,1752,-3,2025-06-04
12506,2025,6,4,3,LAX,MIA,1045,1043,-2,1845,1836,-9,2025-06-04
12507,2025,6,4,3,LAX,MIA,1225,1222,-3,2020,2003,-17,2025-06-04
12508,2025,6,4,3,LAX,MIA,1358,1401,3,2154,2201,7,2025-06-04
12509,2025,6,4,3,LAX,MIA,2204,2206,2,600,545,-15,2025-06-04
12510,2025,6,4,3,LAX,MIA,2259,2256,-3,657,646,-11,2025-06-04
12511,2025,6,4,3,LAX,MIA,2345,2339,-6,740,722,-18,2025-06-04
12512,2025,6,4,3,LAX,MRY,820,811,-9,942,920,-22,2025-06-04
12513,2025,6,4,3,LAX,MRY,1823,1821,-2,1937,1942,5,2025-06-04
12514,2025,6,4,3,LAX,MSP,615,606,-9,1153,1130,-23,2025-06-04
12515,2025,6,4,3,LAX,MSP,825,824,-1,1405,1345,-20,2025-06-04
12517,2025,6,4,3,LAX,MSP,1317,1326,9,1855,1841,-14,2025-06-04
12518,2025,6,4,3,LAX,MSP,1840,1827,-13,14,2342,-32,2025-06-04
12519,2025,6,4,3,LAX,MSP,2340,2354,14,524,528,4,2025-06-04
12520,2025,6,4,3,LAX,MSY,715,703,-12,1252,1255,3,2025-06-04
12521,2025,6,4,3,LAX,MSY,735,727,-8,1315,1254,-21,2025-06-04
12522,2025,6,4,3,LAX,MSY,1154,1206,12,1732,1726,-6,2025-06-04
12523,2025,6,4,3,LAX,MSY,1800,1752,-8,2334,2330,-4,2025-06-04
12524,2025,6,4,3,LAX,OAK,605,558,-7,735,710,-25,2025-06-04
12525,2025,6,4,3,LAX,OAK,815,822,7,945,926,-19,2025-06-04
12526,2025,6,4,3,LAX,OAK,1135,1135,0,1300,1248,-12,2025-06-04
12527,2025,6,4,3,LAX,OAK,1515,1518,3,1640,1621,-19,2025-06-04
12528,2025,6,4,3,LAX,OAK,1800,1753,-7,1930,1908,-22,2025-06-04
12529,2025,6,4,3,LAX,OAK,1930,1923,-7,2055,2032,-23,2025-06-04
12530,2025,6,4,3,LAX,OGG,745,736,-9,1025,1002,-23,2025-06-04
12531,2025,6,4,3,LAX,OGG,800,800,0,1035,1019,-16,2025-06-04
12532,2025,6,4,3,LAX,OGG,815,810,-5,1055,1042,-13,2025-06-04
12533,2025,6,4,3,LAX,OGG,939,933,-6,1219,1158,-21,2025-06-04
12534,2025,6,4,3,LAX,OGG,1650,1645,-5,1925,1912,-13,2025-06-04
12535,2025,6,4,3,LAX,OGG,1655,1650,-5,1934,1919,-15,2025-06-04
12536,2025,6,4,3,LAX,OKC,954,947,-7,1449,1431,-18,2025-06-04
12537,2025,6,4,3,LAX,OKC,1741,1739,-2,2232,2242,10,2025-06-04
12538,2025,6,4,3,LAX,OMA,730,720,-10,1242,1234,-8,2025-06-04
12539,2025,6,4,3,LAX,OMA,1404,1356,-8,1915,1909,-6,2025-06-04
12540,2025,6,4,3,LAX,ORD,41,37,-4,642,636,-6,2025-06-04
12541,2025,6,4,3,LAX,ORD,530,523,-7,1136,1109,-27,2025-06-04
12543,2025,6,4,3,LAX,ORD,605,551,-14,1220,1203,-17,2025-06-04
12544,2025,6,4,3,LAX,ORD,620,612,-8,1242,1207,-35,2025-06-04
12545,2025,6,4,3,LAX,ORD,745,740,-5,1351,1334,-17,2025-06-04
12546,2025,6,4,3,LAX,ORD,815,810,-5,1439,1405,-34,2025-06-04
12547,2025,6,4,3,LAX,ORD,943,941,-2,1555,1533,-22,2025-06-04
12548,2025,6,4,3,LAX,ORD,1040,1046,6,1656,1723,27,2025-06-04
12549,2025,6,4,3,LAX,ORD,1116,1115,-1,1726,1726,0,2025-06-04
12550,2025,6,4,3,LAX,ORD,1237,1232,-5,1855,1902,7,2025-06-04
12551,2025,6,4,3,LAX,ORD,1330,1331,1,1938,1924,-14,2025-06-04
12552,2025,6,4,3,LAX,ORD,1401,1403,2,2025,2040,15,2025-06-04
12553,2025,6,4,3,LAX,ORD,1620,1610,-10,2232,2155,-37,2025-06-04
12554,2025,6,4,3,LAX,ORD,1640,1638,-2,2304,2228,-36,2025-06-04
12555,2025,6,4,3,LAX,ORD,1738,1735,-3,2359,2328,-31,2025-06-04
12556,2025,6,4,3,LAX,ORD,1748,1837,49,2359,9,10,2025-06-04
12557,2025,6,4,3,LAX,ORD,2240,2231,-9,451,405,-46,2025-06-04
12558,2025,6,4,3,LAX,ORD,2259,2259,0,510,441,-29,2025-06-04
12559,2025,6,4,3,LAX,ORD,2337,2334,-3,549,519,-30,2025-06-04
12560,2025,6,4,3,LAX,ORD,2345,2342,-3,553,527,-26,2025-06-04
12561,2025,6,4,3,LAX,PDX,700,646,-14,924,910,-14,2025-06-04
12562,2025,6,4,3,LAX,PDX,700,651,-9,928,912,-16,2025-06-04
12563,2025,6,4,3,LAX,PDX,925,925,0,1152,1150,-2,2025-06-04
12564,2025,6,4,3,LAX,PDX,940,940,0,1204,1158,-6,2025-06-04
12565,2025,6,4,3,LAX,PDX,1120,1113,-7,1347,1334,-13,2025-06-04
12566,2025,6,4,3,LAX,PDX,1343,1333,-10,1608,1557,-11,2025-06-04
12567,2025,6,4,3,LAX,PDX,1357,1352,-5,1624,1622,-2,2025-06-04
12568,2025,6,4,3,LAX,PDX,1638,1631,-7,1904,1843,-21,2025-06-04
12569,2025,6,4,3,LAX,PDX,1820,1812,-8,2048,2100,12,2025-06-04
12570,2025,6,4,3,LAX,PDX,2020,2017,-3,2241,2235,-6,2025-06-04
12571,2025,6,4,3,LAX,PDX,2128,2122,-6,2359,2348,-11,2025-06-04
12572,2025,6,4,3,LAX,PDX,2133,2128,-5,2359,5,6,2025-06-04
12574,2025,6,4,3,LAX,PHL,700,654,-6,1505,1450,-15,2025-06-04
12575,2025,6,4,3,LAX,PHL,948,1001,13,1755,1806,11,2025-06-04
12576,2025,6,4,3,LAX,PHL,1204,1213,9,2012,2021,9,2025-06-04
12577,2025,6,4,3,LAX,PHL,1545,1540,-5,2353,2341,-12,2025-06-04
12578,2025,6,4,3,LAX,PHL,2220,2214,-6,630,618,-12,2025-06-04
12580,2025,6,4,3,LAX,PHL,2316,2311,-5,720,714,-6,2025-06-04
12581,2025,6,4,3,LAX,PHX,515,506,-9,640,618,-22,2025-06-04
12582,2025,6,4,3,LAX,PHX,600,557,-3,730,717,-13,2025-06-04
12583,2025,6,4,3,LAX,PHX,713,704,-9,834,825,-9,2025-06-04
12584,2025,6,4,3,LAX,PHX,815,806,-9,951,931,-20,2025-06-04
12585,2025,6,4,3,LAX,PHX,825,819,-6,956,938,-18,2025-06-04
12586,2025,6,4,3,LAX,PHX,830,824,-6,1000,937,-23,2025-06-04
12587,2025,6,4,3,LAX,PHX,1000,951,-9,1127,1109,-18,2025-06-04
12588,2025,6,4,3,LAX,PHX,1030,1025,-5,1200,1137,-23,2025-06-04
12589,2025,6,4,3,LAX,PHX,1031,1022,-9,1157,1139,-18,2025-06-04
12590,2025,6,4,3,LAX,PHX,1303,1257,-6,1430,1427,-3,2025-06-04
12591,2025,6,4,3,LAX,PHX,1325,1322,-3,1503,1459,-4,2025-06-04
12592,2025,6,4,3,LAX,PHX,1428,1417,-11,1607,1544,-23,2025-06-04
12593,2025,6,4,3,LAX,PHX,1430,1424,-6,1555,1554,-1,2025-06-04
12594,2025,6,4,3,LAX,PHX,1615,1615,0,1745,1736,-9,2025-06-04
12596,2025,6,4,3,LAX,PHX,1744,1737,-7,1909,1927,18,2025-06-04
12597,2025,6,4,3,LAX,PHX,1830,1840,10,2000,1953,-7,2025-06-04
12599,2025,6,4,3,LAX,PHX,1910,1901,-9,2039,2027,-12,2025-06-04
12600,2025,6,4,3,LAX,PHX,2020,2010,-10,2150,2130,-20,2025-06-04
12601,2025,6,4,3,LAX,PHX,2130,2130,0,2257,2258,1,2025-06-04
12602,2025,6,4,3,LAX,PHX,2235,2229,-6,13,2358,-15,2025-06-04
12603,2025,6,4,3,LAX,PIT,905,900,-5,1646,1623,-23,2025-06-04
12604,2025,6,4,3,LAX,PRC,1945,1936,-9,2111,2051,-20,2025-06-04
12605,2025,6,4,3,LAX,PSC,2022,2018,-4,2257,2251,-6,2025-06-04
12606,2025,6,4,3,LAX,RDD,1250,1242,-8,1439,1436,-3,2025-06-04
12607,2025,6,4,3,LAX,RDM,1245,1239,-6,1503,1448,-15,2025-06-04
12608,2025,6,4,3,LAX,RDU,825,815,-10,1619,1550,-29,2025-06-04
12609,2025,6,4,3,LAX,RDU,1150,1229,39,1940,2003,23,2025-06-04
12610,2025,6,4,3,LAX,RNO,959,952,-7,1128,1104,-24,2025-06-04
12611,2025,6,4,3,LAX,RNO,1019,1012,-7,1200,1135,-25,2025-06-04
12613,2025,6,4,3,LAX,RNO,1710,1742,32,1844,1903,19,2025-06-04
12614,2025,6,4,3,LAX,RNO,2015,2007,-8,2149,2132,-17,2025-06-04
12615,2025,6,4,3,LAX,RNO,2055,2047,-8,2221,2203,-18,2025-06-04
12616,2025,6,4,3,LAX,RNO,2159,2152,-7,2332,2314,-18,2025-06-04
12617,2025,6,4,3,LAX,SAN,825,819,-6,921,913,-8,2025-06-04
12618,2025,6,4,3,LAX,SAN,920,912,-8,1024,1019,-5,2025-06-04
12619,2025,6,4,3,LAX,SAN,1406,1432,26,1457,1533,36,2025-06-04
12620,2025,6,4,3,LAX,SAN,1759,1805,6,1851,1900,9,2025-06-04
12621,2025,6,4,3,LAX,SAN,1846,1851,5,1947,2001,14,2025-06-04
12622,2025,6,4,3,LAX,SAN,2217,2208,-9,2311,2301,-10,2025-06-04
12623,2025,6,4,3,LAX,SAN,2245,2237,-8,2346,2329,-17,2025-06-04
12624,2025,6,4,3,LAX,SAT,805,759,-6,1300,1235,-25,2025-06-04
12625,2025,6,4,3,LAX,SAT,854,844,-10,1342,1323,-19,2025-06-04
12626,2025,6,4,3,LAX,SAT,855,848,-7,1350,1333,-17,2025-06-04
12627,2025,6,4,3,LAX,SAT,949,946,-3,1435,1427,-8,2025-06-04
12628,2025,6,4,3,LAX,SAT,1730,1720,-10,2220,2212,-8,2025-06-04
12629,2025,6,4,3,LAX,SAT,1857,1908,11,2342,2344,2,2025-06-04
12630,2025,6,4,3,LAX,SBA,1520,1518,-2,1612,1601,-11,2025-06-04
12631,2025,6,4,3,LAX,SBA,2300,2252,-8,2358,2349,-9,2025-06-04
12632,2025,6,4,3,LAX,SBP,1500,1451,-9,1601,1543,-18,2025-06-04
12633,2025,6,4,3,LAX,SBP,2232,2227,-5,2336,2314,-22,2025-06-04
12634,2025,6,4,3,LAX,SDF,746,742,-4,1456,1431,-25,2025-06-04
12635,2025,6,4,3,LAX,SEA,600,547,-13,856,847,-9,2025-06-04
12636,2025,6,4,3,LAX,SEA,700,649,-11,955,1023,28,2025-06-04
12637,2025,6,4,3,LAX,SEA,700,655,-5,1003,1000,-3,2025-06-04
12638,2025,6,4,3,LAX,SEA,800,822,22,1058,1139,41,2025-06-04
12639,2025,6,4,3,LAX,SEA,838,837,-1,1133,1129,-4,2025-06-04
12640,2025,6,4,3,LAX,SEA,935,929,-6,1233,1210,-23,2025-06-04
12642,2025,6,4,3,LAX,SEA,1110,1101,-9,1401,1340,-21,2025-06-04
12643,2025,6,4,3,LAX,SEA,1130,1147,17,1430,1417,-13,2025-06-04
12644,2025,6,4,3,LAX,SEA,1155,1156,1,1450,1502,12,2025-06-04
12645,2025,6,4,3,LAX,SEA,1351,1342,-9,1645,1616,-29,2025-06-04
12646,2025,6,4,3,LAX,SEA,1358,1343,-15,1653,1640,-13,2025-06-04
12647,2025,6,4,3,LAX,SEA,1536,1542,6,1827,1832,5,2025-06-04
12648,2025,6,4,3,LAX,SEA,1745,1733,-12,2035,2024,-11,2025-06-04
12649,2025,6,4,3,LAX,SEA,1755,1749,-6,2049,2026,-23,2025-06-04
12650,2025,6,4,3,LAX,SEA,1845,1846,1,2136,2132,-4,2025-06-04
12651,2025,6,4,3,LAX,SEA,1907,1926,19,2158,2227,29,2025-06-04
12652,2025,6,4,3,LAX,SEA,1955,1953,-2,2247,2302,15,2025-06-04
12653,2025,6,4,3,LAX,SEA,2007,1957,-10,2309,2255,-14,2025-06-04
12654,2025,6,4,3,LAX,SEA,2015,2002,-13,2317,2241,-36,2025-06-04
12655,2025,6,4,3,LAX,SFO,600,553,-7,738,707,-31,2025-06-04
12656,2025,6,4,3,LAX,SFO,600,555,-5,731,721,-10,2025-06-04
12657,2025,6,4,3,LAX,SFO,630,621,-9,753,730,-23,2025-06-04
12658,2025,6,4,3,LAX,SFO,655,649,-6,820,755,-25,2025-06-04
12659,2025,6,4,3,LAX,SFO,805,758,-7,945,912,-33,2025-06-04
12660,2025,6,4,3,LAX,SFO,840,832,-8,1010,947,-23,2025-06-04
12661,2025,6,4,3,LAX,SFO,920,920,0,1052,1036,-16,2025-06-04
12662,2025,6,4,3,LAX,SFO,950,950,0,1120,1100,-20,2025-06-04
12663,2025,6,4,3,LAX,SFO,1015,1016,1,1145,1133,-12,2025-06-04
12664,2025,6,4,3,LAX,SFO,1026,1018,-8,1159,1139,-20,2025-06-04
12665,2025,6,4,3,LAX,SFO,1100,1122,22,1232,1244,12,2025-06-04
12666,2025,6,4,3,LAX,SFO,1220,1225,5,1343,1336,-7,2025-06-04
12667,2025,6,4,3,LAX,SFO,1339,1333,-6,1507,1448,-19,2025-06-04
12668,2025,6,4,3,LAX,SFO,1355,1349,-6,1515,1459,-16,2025-06-04
12669,2025,6,4,3,LAX,SFO,1600,1553,-7,1728,1714,-14,2025-06-04
12670,2025,6,4,3,LAX,SFO,1610,1616,6,1739,1733,-6,2025-06-04
12671,2025,6,4,3,LAX,SFO,1625,1618,-7,1748,1723,-25,2025-06-04
12672,2025,6,4,3,LAX,SFO,1710,1704,-6,1840,1817,-23,2025-06-04
12673,2025,6,4,3,LAX,SFO,1715,1710,-5,1845,1820,-25,2025-06-04
12674,2025,6,4,3,LAX,SFO,1831,1821,-10,1958,1952,-6,2025-06-04
12675,2025,6,4,3,LAX,SFO,1840,1912,32,2009,2029,20,2025-06-04
12676,2025,6,4,3,LAX,SFO,1855,1859,4,2015,2006,-9,2025-06-04
12677,2025,6,4,3,LAX,SFO,1925,1920,-5,2057,2039,-18,2025-06-04
12678,2025,6,4,3,LAX,SFO,1935,1927,-8,2100,2050,-10,2025-06-04
12679,2025,6,4,3,LAX,SFO,2110,2102,-8,2240,2207,-33,2025-06-04
12680,2025,6,4,3,LAX,SFO,2130,2128,-2,2302,2253,-9,2025-06-04
12681,2025,6,4,3,LAX,SFO,2145,2138,-7,2309,2243,-26,2025-06-04
12682,2025,6,4,3,LAX,SFO,2230,2220,-10,2358,2333,-25,2025-06-04
12683,2025,6,4,3,LAX,SGU,1315,1309,-6,1547,1529,-18,2025-06-04
12684,2025,6,4,3,LAX,SJC,635,628,-7,750,730,-20,2025-06-04
12685,2025,6,4,3,LAX,SJC,655,645,-10,810,802,-8,2025-06-04
12686,2025,6,4,3,LAX,SJC,855,850,-5,1020,957,-23,2025-06-04
12687,2025,6,4,3,LAX,SJC,914,907,-7,1033,1017,-16,2025-06-04
12688,2025,6,4,3,LAX,SJC,1139,1130,-9,1257,1237,-20,2025-06-04
12689,2025,6,4,3,LAX,SJC,1225,1246,21,1340,1350,10,2025-06-04
12690,2025,6,4,3,LAX,SJC,1406,1407,1,1520,1512,-8,2025-06-04
12693,2025,6,4,3,LAX,SJC,1716,1707,-9,1834,1818,-16,2025-06-04
12694,2025,6,4,3,LAX,SJC,1810,1801,-9,1925,1910,-15,2025-06-04
12695,2025,6,4,3,LAX,SJC,1920,1913,-7,2040,2022,-18,2025-06-04
12696,2025,6,4,3,LAX,SJC,2059,2112,13,2213,2218,5,2025-06-04
12697,2025,6,4,3,LAX,SLC,600,555,-5,855,850,-5,2025-06-04
12698,2025,6,4,3,LAX,SLC,700,647,-13,955,940,-15,2025-06-04
12699,2025,6,4,3,LAX,SLC,840,843,3,1140,1117,-23,2025-06-04
12700,2025,6,4,3,LAX,SLC,915,918,3,1211,1211,0,2025-06-04
12701,2025,6,4,3,LAX,SLC,1135,1124,-11,1429,1412,-17,2025-06-04
12702,2025,6,4,3,LAX,SLC,1313,1306,-7,1608,1546,-22,2025-06-04
12703,2025,6,4,3,LAX,SLC,1705,1710,5,2000,2000,0,2025-06-04
12704,2025,6,4,3,LAX,SLC,1845,1843,-2,2139,2130,-9,2025-06-04
12705,2025,6,4,3,LAX,SLC,1925,1917,-8,2215,2200,-15,2025-06-04
12706,2025,6,4,3,LAX,SMF,625,621,-4,755,735,-20,2025-06-04
12707,2025,6,4,3,LAX,SMF,758,755,-3,924,916,-8,2025-06-04
12708,2025,6,4,3,LAX,SMF,815,808,-7,952,937,-15,2025-06-04
12709,2025,6,4,3,LAX,SMF,855,850,-5,1035,1012,-23,2025-06-04
12710,2025,6,4,3,LAX,SMF,1013,1007,-6,1145,1132,-13,2025-06-04
12711,2025,6,4,3,LAX,SMF,1300,1256,-4,1435,1420,-15,2025-06-04
12712,2025,6,4,3,LAX,SMF,1325,1347,22,1457,1505,8,2025-06-04
12713,2025,6,4,3,LAX,SMF,1355,1358,3,1525,1511,-14,2025-06-04
12714,2025,6,4,3,LAX,SMF,1557,1603,6,1726,1719,-7,2025-06-04
12715,2025,6,4,3,LAX,SMF,1705,1655,-10,1837,1831,-6,2025-06-04
12716,2025,6,4,3,LAX,SMF,1810,1805,-5,1937,1928,-9,2025-06-04
12717,2025,6,4,3,LAX,SMF,1810,1838,28,1940,1950,10,2025-06-04
12718,2025,6,4,3,LAX,SMF,1922,1913,-9,2101,2048,-13,2025-06-04
12719,2025,6,4,3,LAX,SMF,2000,1959,-1,2137,2130,-7,2025-06-04
12720,2025,6,4,3,LAX,SMF,2015,2010,-5,2145,2129,-16,2025-06-04
12721,2025,6,4,3,LAX,SMF,2155,2209,14,2319,2345,26,2025-06-04
12722,2025,6,4,3,LAX,STL,550,550,0,1130,1112,-18,2025-06-04
12723,2025,6,4,3,LAX,STL,1555,1553,-2,2135,2123,-12,2025-06-04
12724,2025,6,4,3,LAX,STL,1729,1724,-5,2304,2248,-16,2025-06-04
12725,2025,6,4,3,LAX,STS,925,919,-6,1106,1056,-10,2025-06-04
12726,2025,6,4,3,LAX,STS,2156,2156,0,2330,2316,-14,2025-06-04
12727,2025,6,4,3,LAX,SUN,830,827,-3,1143,1155,12,2025-06-04
12728,2025,6,4,3,LAX,TPA,1025,1025,0,1806,1745,-21,2025-06-04
12729,2025,6,4,3,LAX,TPA,2210,2201,-9,540,518,-22,2025-06-04
12730,2025,6,4,3,LAX,TPA,2359,2355,-4,756,719,-37,2025-06-04
12731,2025,6,4,3,LAX,TUL,915,905,-10,1428,1403,-25,2025-06-04
12732,2025,6,4,3,LAX,TUS,926,917,-9,1100,1045,-15,2025-06-04
12733,2025,6,4,3,LAX,TUS,935,930,-5,1106,1053,-13,2025-06-04
12734,2025,6,4,3,LAX,TUS,1418,1412,-6,1549,1539,-10,2025-06-04
12735,2025,6,4,3,LAX,TUS,1524,1515,-9,1656,1639,-17,2025-06-04
12736,2025,6,4,3,LAX,TUS,1859,1850,-9,2031,2010,-21,2025-06-04
12737,2025,6,4,3,LAX,TUS,1900,1859,-1,2028,2025,-3,2025-06-04
12738,2025,6,4,3,LAX,TUS,1905,1857,-8,2040,2016,-24,2025-06-04
12739,2025,6,4,3,LAX,XNA,1009,1003,-6,1525,1503,-22,2025-06-04
12740,2025,6,4,3,LAX,XNA,1545,1543,-2,2055,2055,0,2025-06-04
15890,2025,6,5,4,LAX,ABQ,800,747,-13,1108,1027,-41,2025-06-05
15891,2025,6,5,4,LAX,ABQ,859,844,-15,1204,1133,-31,2025-06-05
15892,2025,6,5,4,LAX,ABQ,1120,1124,4,1415,1405,-10,2025-06-05
15893,2025,6,5,4,LAX,ABQ,1459,1451,-8,1758,1738,-20,2025-06-05
15894,2025,6,5,4,LAX,ABQ,1849,1907,18,2152,2148,-4,2025-06-05
15896,2025,6,5,4,LAX,ACV,1315,1306,-9,1513,1512,-1,2025-06-05
15897,2025,6,5,4,LAX,ANC,1945,1944,-1,20,28,8,2025-06-05
15898,2025,6,5,4,LAX,ASE,1040,1036,-4,1356,1403,7,2025-06-05
15899,2025,6,5,4,LAX,ASE,1254,1244,-10,1605,1605,0,2025-06-05
15900,2025,6,5,4,LAX,ASE,1725,1730,5,2028,2108,40,2025-06-05
15901,2025,6,5,4,LAX,ATL,615,612,-3,1338,1327,-11,2025-06-05
15902,2025,6,5,4,LAX,ATL,730,730,0,1447,1439,-8,2025-06-05
15903,2025,6,5,4,LAX,ATL,835,831,-4,1604,1556,-8,2025-06-05
15904,2025,6,5,4,LAX,ATL,935,1000,25,1658,1710,12,2025-06-05
15905,2025,6,5,4,LAX,ATL,951,952,1,1715,1707,-8,2025-06-05
15906,2025,6,5,4,LAX,ATL,1105,1101,-4,1830,1807,-23,2025-06-05
15907,2025,6,5,4,LAX,ATL,1205,1202,-3,1924,1912,-12,2025-06-05
15908,2025,6,5,4,LAX,ATL,1237,1256,19,1959,1958,-1,2025-06-05
15909,2025,6,5,4,LAX,ATL,1302,1359,57,2045,2110,25,2025-06-05
15910,2025,6,5,4,LAX,ATL,1305,1310,5,2035,2009,-26,2025-06-05
15911,2025,6,5,4,LAX,ATL,1423,1421,-2,2149,2129,-20,2025-06-05
15912,2025,6,5,4,LAX,ATL,1700,1643,-17,21,2353,-28,2025-06-05
15914,2025,6,5,4,LAX,ATL,2145,2221,36,501,526,25,2025-06-05
15915,2025,6,5,4,LAX,ATL,2250,2251,1,610,602,-8,2025-06-05
15916,2025,6,5,4,LAX,ATL,2310,2328,18,633,627,-6,2025-06-05
15917,2025,6,5,4,LAX,ATL,2355,2358,3,720,709,-11,2025-06-05
15918,2025,6,5,4,LAX,AUS,500,454,-6,1000,937,-23,2025-06-05
15919,2025,6,5,4,LAX,AUS,645,648,3,1140,1201,21,2025-06-05
15920,2025,6,5,4,LAX,AUS,746,736,-10,1247,1228,-19,2025-06-05
15921,2025,6,5,4,LAX,AUS,746,738,-8,1244,1219,-25,2025-06-05
15922,2025,6,5,4,LAX,AUS,925,921,-4,1451,1439,-12,2025-06-05
15923,2025,6,5,4,LAX,AUS,1015,1009,-6,1521,1509,-12,2025-06-05
15924,2025,6,5,4,LAX,AUS,1115,1142,27,1620,1629,9,2025-06-05
15925,2025,6,5,4,LAX,AUS,1555,1547,-8,2054,2029,-25,2025-06-05
15926,2025,6,5,4,LAX,AUS,1614,1610,-4,2114,2052,-22,2025-06-05
15927,2025,6,5,4,LAX,AUS,1835,1826,-9,2338,2314,-24,2025-06-05
15928,2025,6,5,4,LAX,AUS,1840,1842,2,2358,2347,-11,2025-06-05
15929,2025,6,5,4,LAX,AUS,1855,1950,55,2355,28,33,2025-06-05
15930,2025,6,5,4,LAX,AUS,1859,1851,-8,2354,2335,-19,2025-06-05
15931,2025,6,5,4,LAX,BLI,1850,1842,-8,2132,2127,-5,2025-06-05
15932,2025,6,5,4,LAX,BNA,655,648,-7,1250,1228,-22,2025-06-05
15933,2025,6,5,4,LAX,BNA,710,712,2,1325,1250,-35,2025-06-05
15934,2025,6,5,4,LAX,BNA,1036,1039,3,1645,1647,2,2025-06-05
15935,2025,6,5,4,LAX,BNA,1236,1230,-6,1840,1826,-14,2025-06-05
15936,2025,6,5,4,LAX,BNA,1845,1840,-5,41,23,-18,2025-06-05
15938,2025,6,5,4,LAX,BOI,1155,1206,11,1459,1504,5,2025-06-05
15939,2025,6,5,4,LAX,BOI,1245,1241,-4,1559,1548,-11,2025-06-05
15940,2025,6,5,4,LAX,BOI,1945,2010,25,2252,2312,20,2025-06-05
15942,2025,6,5,4,LAX,BOS,600,554,-6,1439,1419,-20,2025-06-05
15943,2025,6,5,4,LAX,BOS,700,654,-6,1535,1504,-31,2025-06-05
15944,2025,6,5,4,LAX,BOS,750,751,1,1632,1610,-22,2025-06-05
15945,2025,6,5,4,LAX,BOS,833,826,-7,1706,1652,-14,2025-06-05
15946,2025,6,5,4,LAX,BOS,835,832,-3,1718,1659,-19,2025-06-05
15947,2025,6,5,4,LAX,BOS,1050,1049,-1,1930,1910,-20,2025-06-05
15948,2025,6,5,4,LAX,BOS,1150,1149,-1,2035,1958,-37,2025-06-05
15949,2025,6,5,4,LAX,BOS,1250,1255,5,2134,2105,-29,2025-06-05
15950,2025,6,5,4,LAX,BOS,1520,1544,24,2348,2352,4,2025-06-05
15951,2025,6,5,4,LAX,BOS,2105,2128,23,540,556,16,2025-06-05
15952,2025,6,5,4,LAX,BOS,2213,2209,-4,644,617,-27,2025-06-05
15953,2025,6,5,4,LAX,BOS,2234,2229,-5,715,652,-23,2025-06-05
15954,2025,6,5,4,LAX,BOS,2235,2259,24,713,736,23,2025-06-05
15955,2025,6,5,4,LAX,BUF,1410,1405,-5,2200,2128,-32,2025-06-05
15956,2025,6,5,4,LAX,BWI,530,536,6,1335,1335,0,2025-06-05
15957,2025,6,5,4,LAX,BWI,845,841,-4,1654,1628,-26,2025-06-05
15958,2025,6,5,4,LAX,BWI,1005,1003,-2,1810,1739,-31,2025-06-05
15959,2025,6,5,4,LAX,BWI,1136,1145,9,1939,1917,-22,2025-06-05
15960,2025,6,5,4,LAX,BWI,2055,2155,60,500,530,30,2025-06-05
15961,2025,6,5,4,LAX,BWI,2359,2352,-7,807,749,-18,2025-06-05
15962,2025,6,5,4,LAX,BZN,1121,1116,-5,1450,1442,-8,2025-06-05
15963,2025,6,5,4,LAX,BZN,1800,1751,-9,2139,2114,-25,2025-06-05
15964,2025,6,5,4,LAX,CLE,1138,1149,11,1911,1856,-15,2025-06-05
15965,2025,6,5,4,LAX,CLE,2120,2115,-5,453,420,-33,2025-06-05
15966,2025,6,5,4,LAX,CLT,605,604,-1,1354,1349,-5,2025-06-05
15967,2025,6,5,4,LAX,CLT,759,752,-7,1545,1530,-15,2025-06-05
15968,2025,6,5,4,LAX,CLT,911,907,-4,1700,1645,-15,2025-06-05
15969,2025,6,5,4,LAX,CLT,1154,1204,10,1945,1942,-3,2025-06-05
15970,2025,6,5,4,LAX,CLT,1402,1355,-7,2155,2152,-3,2025-06-05
15971,2025,6,5,4,LAX,CLT,2148,2214,26,529,606,37,2025-06-05
15972,2025,6,5,4,LAX,CLT,2249,2247,-2,635,615,-20,2025-06-05
15973,2025,6,5,4,LAX,CLT,2349,2349,0,735,717,-18,2025-06-05
15974,2025,6,5,4,LAX,CMH,934,924,-10,1709,1638,-31,2025-06-05
15975,2025,6,5,4,LAX,CVG,1350,1404,14,2104,2109,5,2025-06-05
15976,2025,6,5,4,LAX,CVG,2245,2243,-2,555,530,-25,2025-06-05
15977,2025,6,5,4,LAX,DAL,505,458,-7,1010,949,-21,2025-06-05
15978,2025,6,5,4,LAX,DAL,645,640,-5,1150,1124,-26,2025-06-05
15979,2025,6,5,4,LAX,DAL,1120,1131,11,1630,1619,-11,2025-06-05
15980,2025,6,5,4,LAX,DAL,1630,1643,13,2145,2139,-6,2025-06-05
15981,2025,6,5,4,LAX,DAL,1810,1848,38,2320,2343,23,2025-06-05
15982,2025,6,5,4,LAX,DCA,800,754,-6,1605,1528,-37,2025-06-05
15983,2025,6,5,4,LAX,DCA,819,813,-6,1622,1554,-28,2025-06-05
15984,2025,6,5,4,LAX,DCA,1228,1223,-5,2029,2010,-19,2025-06-05
15986,2025,6,5,4,LAX,DEN,505,501,-4,824,813,-11,2025-06-05
15987,2025,6,5,4,LAX,DEN,545,546,1,910,858,-12,2025-06-05
15988,2025,6,5,4,LAX,DEN,615,656,41,948,1046,58,2025-06-05
15989,2025,6,5,4,LAX,DEN,706,659,-7,1031,1108,37,2025-06-05
15990,2025,6,5,4,LAX,DEN,753,743,-10,1117,1059,-18,2025-06-05
15991,2025,6,5,4,LAX,DEN,805,801,-4,1130,1113,-17,2025-06-05
15992,2025,6,5,4,LAX,DEN,815,804,-11,1139,1125,-14,2025-06-05
15993,2025,6,5,4,LAX,DEN,900,855,-5,1227,1218,-9,2025-06-05
15994,2025,6,5,4,LAX,DEN,1030,1040,10,1355,1348,-7,2025-06-05
15995,2025,6,5,4,LAX,DEN,1050,1037,-13,1425,1402,-23,2025-06-05
15996,2025,6,5,4,LAX,DEN,1052,1051,-1,1419,1403,-16,2025-06-05
15997,2025,6,5,4,LAX,DEN,1255,1251,-4,1623,1635,12,2025-06-05
15998,2025,6,5,4,LAX,DEN,1338,1346,8,1701,1751,50,2025-06-05
16000,2025,6,5,4,LAX,DEN,1435,1435,0,1805,1756,-9,2025-06-05
16004,2025,6,5,4,LAX,DEN,1830,1901,31,2200,2246,46,2025-06-05
16005,2025,6,5,4,LAX,DEN,1918,1914,-4,2247,2232,-15,2025-06-05
16006,2025,6,5,4,LAX,DEN,1945,2020,35,2309,2352,43,2025-06-05
16007,2025,6,5,4,LAX,DEN,2020,2102,42,2350,10,20,2025-06-05
16008,2025,6,5,4,LAX,DEN,2030,2012,-18,2354,2342,-12,2025-06-05
16009,2025,6,5,4,LAX,DFW,35,27,-8,532,525,-7,2025-06-05
16010,2025,6,5,4,LAX,DFW,130,128,-2,633,614,-19,2025-06-05
16011,2025,6,5,4,LAX,DFW,530,521,-9,1038,1015,-23,2025-06-05
16012,2025,6,5,4,LAX,DFW,600,553,-7,1120,1100,-20,2025-06-05
16013,2025,6,5,4,LAX,DFW,700,654,-6,1209,1143,-26,2025-06-05
16014,2025,6,5,4,LAX,DFW,826,819,-7,1339,1326,-13,2025-06-05
16015,2025,6,5,4,LAX,DFW,835,835,0,1343,1324,-19,2025-06-05
16016,2025,6,5,4,LAX,DFW,930,928,-2,1443,1427,-16,2025-06-05
16017,2025,6,5,4,LAX,DFW,1037,1038,1,1545,1541,-4,2025-06-05
16018,2025,6,5,4,LAX,DFW,1230,1229,-1,1737,1737,0,2025-06-05
16019,2025,6,5,4,LAX,DFW,1348,1355,7,1859,1854,-5,2025-06-05
16020,2025,6,5,4,LAX,DFW,1433,1446,13,1943,1952,9,2025-06-05
16021,2025,6,5,4,LAX,DFW,1548,1544,-4,2059,2037,-22,2025-06-05
16022,2025,6,5,4,LAX,DFW,1636,1634,-2,2147,2127,-20,2025-06-05
16023,2025,6,5,4,LAX,DFW,1835,1833,-2,2347,2325,-22,2025-06-05
16024,2025,6,5,4,LAX,DFW,1859,1853,-6,2359,2346,-13,2025-06-05
16025,2025,6,5,4,LAX,DFW,1900,1901,1,23,2358,-25,2025-06-05
16026,2025,6,5,4,LAX,DFW,2359,21,22,509,527,18,2025-06-05
16027,2025,6,5,4,LAX,DTW,59,51,-8,825,802,-23,2025-06-05
16028,2025,6,5,4,LAX,DTW,535,534,-1,1301,1246,-15,2025-06-05
16029,2025,6,5,4,LAX,DTW,950,944,-6,1710,1650,-20,2025-06-05
16031,2025,6,5,4,LAX,DTW,1147,1146,-1,1911,1856,-15,2025-06-05
16032,2025,6,5,4,LAX,DTW,1552,1548,-4,2318,2251,-27,2025-06-05
16033,2025,6,5,4,LAX,DTW,2126,2120,-6,443,415,-28,2025-06-05
16035,2025,6,5,4,LAX,ELP,1245,1245,0,1545,1531,-14,2025-06-05
16036,2025,6,5,4,LAX,ELP,1430,1421,-9,1731,1711,-20,2025-06-05
16037,2025,6,5,4,LAX,ELP,1947,1938,-9,2247,2232,-15,2025-06-05
16038,2025,6,5,4,LAX,EUG,2059,2145,46,2320,2359,39,2025-06-05
16039,2025,6,5,4,LAX,EWR,600,555,-5,1434,1404,-30,2025-06-05
16040,2025,6,5,4,LAX,EWR,700,657,-3,1534,1509,-25,2025-06-05
16041,2025,6,5,4,LAX,EWR,700,658,-2,1540,1505,-35,2025-06-05
16042,2025,6,5,4,LAX,EWR,754,748,-6,1629,1603,-26,2025-06-05
16044,2025,6,5,4,LAX,EWR,1015,1019,4,1854,1838,-16,2025-06-05
16045,2025,6,5,4,LAX,EWR,1021,1015,-6,1900,1822,-38,2025-06-05
16046,2025,6,5,4,LAX,EWR,1215,1221,6,2054,2022,-32,2025-06-05
16047,2025,6,5,4,LAX,EWR,1330,1419,49,2152,2227,35,2025-06-05
16048,2025,6,5,4,LAX,EWR,1423,1422,-1,2249,2217,-32,2025-06-05
16049,2025,6,5,4,LAX,EWR,1630,1632,2,57,47,-10,2025-06-05
16050,2025,6,5,4,LAX,EWR,2055,2114,19,508,505,-3,2025-06-05
16051,2025,6,5,4,LAX,EWR,2143,2140,-3,559,531,-28,2025-06-05
16052,2025,6,5,4,LAX,EWR,2220,2234,14,648,630,-18,2025-06-05
16054,2025,6,5,4,LAX,FAT,1030,1023,-7,1148,1126,-22,2025-06-05
16055,2025,6,5,4,LAX,FAT,1910,1900,-10,2024,2009,-15,2025-06-05
16056,2025,6,5,4,LAX,FAT,2238,2246,8,2352,4,12,2025-06-05
16057,2025,6,5,4,LAX,FCA,922,916,-6,1321,1325,4,2025-06-05
16058,2025,6,5,4,LAX,FLL,830,820,-10,1637,1605,-32,2025-06-05
16059,2025,6,5,4,LAX,FLL,1047,1039,-8,1859,1832,-27,2025-06-05
16060,2025,6,5,4,LAX,FLL,1350,1346,-4,2159,2135,-24,2025-06-05
16061,2025,6,5,4,LAX,FLL,1550,1544,-6,2341,2317,-24,2025-06-05
16062,2025,6,5,4,LAX,FLL,2100,2058,-2,504,436,-28,2025-06-05
16063,2025,6,5,4,LAX,FLL,2305,2305,0,655,646,-9,2025-06-05
16064,2025,6,5,4,LAX,GEG,1116,1108,-8,1356,1341,-15,2025-06-05
16065,2025,6,5,4,LAX,GEG,1905,1858,-7,2140,2125,-15,2025-06-05
16066,2025,6,5,4,LAX,GEG,1945,1943,-2,2222,2215,-7,2025-06-05
16067,2025,6,5,4,LAX,HNL,700,704,4,940,950,10,2025-06-05
16068,2025,6,5,4,LAX,HNL,705,715,10,1010,958,-12,2025-06-05
16069,2025,6,5,4,LAX,HNL,830,829,-1,1121,1057,-24,2025-06-05
16070,2025,6,5,4,LAX,HNL,835,831,-4,1117,1100,-17,2025-06-05
16071,2025,6,5,4,LAX,HNL,849,841,-8,1137,1109,-28,2025-06-05
16072,2025,6,5,4,LAX,HNL,1000,1006,6,1240,1238,-2,2025-06-05
16073,2025,6,5,4,LAX,HNL,1115,1109,-6,1404,1345,-19,2025-06-05
16075,2025,6,5,4,LAX,HNL,1345,1339,-6,1632,1614,-18,2025-06-05
16076,2025,6,5,4,LAX,HNL,1444,1501,17,1728,1727,-1,2025-06-05
16077,2025,6,5,4,LAX,HNL,1710,1713,3,1944,1938,-6,2025-06-05
16078,2025,6,5,4,LAX,HNL,1755,1756,1,2040,2041,1,2025-06-05
16079,2025,6,5,4,LAX,HNL,1759,1801,2,2044,2035,-9,2025-06-05
16080,2025,6,5,4,LAX,HNL,1810,1811,1,2052,2043,-9,2025-06-05
16081,2025,6,5,4,LAX,HNL,1825,1911,46,2115,2145,30,2025-06-05
16082,2025,6,5,4,LAX,HNL,1845,1842,-3,2128,2116,-12,2025-06-05
16083,2025,6,5,4,LAX,HNL,1913,1937,24,2155,2225,30,2025-06-05
16084,2025,6,5,4,LAX,HNL,2050,2048,-2,2329,2332,3,2025-06-05
16085,2025,6,5,4,LAX,HOU,505,458,-7,1030,1006,-24,2025-06-05
16086,2025,6,5,4,LAX,HOU,1335,1338,3,1900,1847,-13,2025-06-05
16088,2025,6,5,4,LAX,HOU,2350,7,17,515,509,-6,2025-06-05
16089,2025,6,5,4,LAX,IAD,620,611,-9,1423,1405,-18,2025-06-05
16090,2025,6,5,4,LAX,IAD,800,806,6,1614,1553,-21,2025-06-05
16091,2025,6,5,4,LAX,IAD,815,812,-3,1621,1556,-25,2025-06-05
16092,2025,6,5,4,LAX,IAD,1015,1024,9,1820,1826,6,2025-06-05
16093,2025,6,5,4,LAX,IAD,1315,1311,-4,2120,2102,-18,2025-06-05
16094,2025,6,5,4,LAX,IAD,1645,1642,-3,44,20,-24,2025-06-05
16095,2025,6,5,4,LAX,IAD,2135,2144,9,537,522,-15,2025-06-05
16096,2025,6,5,4,LAX,IAD,2250,2302,12,639,632,-7,2025-06-05
16097,2025,6,5,4,LAX,IAH,56,52,-4,618,555,-23,2025-06-05
16098,2025,6,5,4,LAX,IAH,515,507,-8,1042,1026,-16,2025-06-05
16099,2025,6,5,4,LAX,IAH,715,710,-5,1244,1223,-21,2025-06-05
16100,2025,6,5,4,LAX,IAH,840,832,-8,1409,1348,-21,2025-06-05
16101,2025,6,5,4,LAX,IAH,850,847,-3,1412,1352,-20,2025-06-05
16102,2025,6,5,4,LAX,IAH,1015,1014,-1,1540,1521,-19,2025-06-05
16103,2025,6,5,4,LAX,IAH,1133,1128,-5,1653,1643,-10,2025-06-05
16105,2025,6,5,4,LAX,IAH,1310,1306,-4,1840,1817,-23,2025-06-05
16106,2025,6,5,4,LAX,IAH,1358,1353,-5,1925,1912,-13,2025-06-05
16107,2025,6,5,4,LAX,IAH,1418,1436,18,1956,2010,14,2025-06-05
16108,2025,6,5,4,LAX,IAH,1810,1806,-4,2321,2304,-17,2025-06-05
16109,2025,6,5,4,LAX,IAH,1810,1816,6,2333,2320,-13,2025-06-05
16110,2025,6,5,4,LAX,IAH,1920,1912,-8,43,18,-25,2025-06-05
16111,2025,6,5,4,LAX,IAH,2342,2340,-2,455,444,-11,2025-06-05
16112,2025,6,5,4,LAX,ICT,620,609,-11,1114,1111,-3,2025-06-05
16113,2025,6,5,4,LAX,IND,1036,1032,-4,1747,1725,-22,2025-06-05
16114,2025,6,5,4,LAX,IND,1412,1435,23,2114,2113,-1,2025-06-05
16115,2025,6,5,4,LAX,IND,2300,2303,3,600,546,-14,2025-06-05
16116,2025,6,5,4,LAX,JAC,900,850,-10,1218,1209,-9,2025-06-05
16117,2025,6,5,4,LAX,JAC,1030,1024,-6,1348,1338,-10,2025-06-05
16118,2025,6,5,4,LAX,JFK,600,551,-9,1434,1418,-16,2025-06-05
16120,2025,6,5,4,LAX,JFK,700,655,-5,1535,1505,-30,2025-06-05
16121,2025,6,5,4,LAX,JFK,700,658,-2,1525,1522,-3,2025-06-05
16122,2025,6,5,4,LAX,JFK,755,747,-8,1632,1551,-41,2025-06-05
16124,2025,6,5,4,LAX,JFK,920,918,-2,1810,1750,-20,2025-06-05
16125,2025,6,5,4,LAX,JFK,955,949,-6,1835,1816,-19,2025-06-05
16126,2025,6,5,4,LAX,JFK,1020,1020,0,1910,1901,-9,2025-06-05
16127,2025,6,5,4,LAX,JFK,1021,1023,2,1859,1845,-14,2025-06-05
16128,2025,6,5,4,LAX,JFK,1115,1112,-3,1959,1938,-21,2025-06-05
16129,2025,6,5,4,LAX,JFK,1120,1126,6,1950,1952,2,2025-06-05
16130,2025,6,5,4,LAX,JFK,1130,1128,-2,2006,1946,-20,2025-06-05
16131,2025,6,5,4,LAX,JFK,1220,1217,-3,2102,2032,-30,2025-06-05
16132,2025,6,5,4,LAX,JFK,1230,1225,-5,2107,2105,-2,2025-06-05
16133,2025,6,5,4,LAX,JFK,1305,1300,-5,2144,2137,-7,2025-06-05
16134,2025,6,5,4,LAX,JFK,1420,1419,-1,2255,2250,-5,2025-06-05
16135,2025,6,5,4,LAX,JFK,1430,1426,-4,2310,2242,-28,2025-06-05
16136,2025,6,5,4,LAX,JFK,1520,1512,-8,2354,2327,-27,2025-06-05
16137,2025,6,5,4,LAX,JFK,1520,1515,-5,2358,2332,-26,2025-06-05
16138,2025,6,5,4,LAX,JFK,1620,1618,-2,57,37,-20,2025-06-05
16139,2025,6,5,4,LAX,JFK,1625,1623,-2,55,24,-31,2025-06-05
16141,2025,6,5,4,LAX,JFK,2115,2158,43,542,613,31,2025-06-05
16142,2025,6,5,4,LAX,JFK,2121,2117,-4,555,525,-30,2025-06-05
16143,2025,6,5,4,LAX,JFK,2125,2129,4,559,539,-20,2025-06-05
16144,2025,6,5,4,LAX,JFK,2252,2305,13,732,729,-3,2025-06-05
16145,2025,6,5,4,LAX,JFK,2255,2253,-2,725,653,-32,2025-06-05
16146,2025,6,5,4,LAX,JFK,2355,2353,-2,830,758,-32,2025-06-05
16147,2025,6,5,4,LAX,JFK,2359,7,8,837,817,-20,2025-06-05
16148,2025,6,5,4,LAX,KOA,910,903,-7,1150,1141,-9,2025-06-05
16149,2025,6,5,4,LAX,KOA,1100,1100,0,1335,1342,7,2025-06-05
16150,2025,6,5,4,LAX,KOA,1119,1120,1,1355,1350,-5,2025-06-05
16151,2025,6,5,4,LAX,KOA,1629,1628,-1,1910,1852,-18,2025-06-05
16152,2025,6,5,4,LAX,KOA,1725,1718,-7,2003,1952,-11,2025-06-05
16153,2025,6,5,4,LAX,LAS,520,512,-8,635,626,-9,2025-06-05
16154,2025,6,5,4,LAX,LAS,600,551,-9,719,658,-21,2025-06-05
16155,2025,6,5,4,LAX,LAS,725,723,-2,845,837,-8,2025-06-05
16156,2025,6,5,4,LAX,LAS,730,728,-2,842,839,-3,2025-06-05
16157,2025,6,5,4,LAX,LAS,826,824,-2,951,945,-6,2025-06-05
16158,2025,6,5,4,LAX,LAS,845,850,5,1005,1007,2,2025-06-05
16159,2025,6,5,4,LAX,LAS,1019,1031,12,1131,1141,10,2025-06-05
16160,2025,6,5,4,LAX,LAS,1030,1024,-6,1147,1129,-18,2025-06-05
16161,2025,6,5,4,LAX,LAS,1125,1145,20,1245,1256,11,2025-06-05
16162,2025,6,5,4,LAX,LAS,1137,1142,5,1252,1256,4,2025-06-05
16163,2025,6,5,4,LAX,LAS,1445,1509,24,1607,1636,29,2025-06-05
16164,2025,6,5,4,LAX,LAS,1513,1540,27,1625,1802,97,2025-06-05
16167,2025,6,5,4,LAX,LAS,1735,1834,59,1849,2020,91,2025-06-05
16169,2025,6,5,4,LAX,LAS,1753,1837,44,1911,2023,72,2025-06-05
16171,2025,6,5,4,LAX,LAS,1852,1857,5,2010,2105,55,2025-06-05
16177,2025,6,5,4,LAX,LAS,2205,2212,7,2325,2357,32,2025-06-05
16178,2025,6,5,4,LAX,LAS,2210,2255,45,2328,30,62,2025-06-05
16179,2025,6,5,4,LAX,LAS,2305,2309,4,27,37,10,2025-06-05
16180,2025,6,5,4,LAX,LIH,842,836,-6,1138,1126,-12,2025-06-05
16181,2025,6,5,4,LAX,LIH,900,855,-5,1145,1152,7,2025-06-05
16182,2025,6,5,4,LAX,LIH,903,852,-11,1204,1138,-26,2025-06-05
16183,2025,6,5,4,LAX,LIH,1500,1455,-5,1749,1728,-21,2025-06-05
16184,2025,6,5,4,LAX,MCI,800,812,12,1315,1312,-3,2025-06-05
16185,2025,6,5,4,LAX,MCI,915,911,-4,1424,1402,-22,2025-06-05
16186,2025,6,5,4,LAX,MCI,1501,1511,10,2012,2007,-5,2025-06-05
16187,2025,6,5,4,LAX,MCI,1815,1808,-7,2324,2311,-13,2025-06-05
16188,2025,6,5,4,LAX,MCO,700,700,0,1449,1440,-9,2025-06-05
16189,2025,6,5,4,LAX,MCO,1002,954,-8,1804,1739,-25,2025-06-05
16190,2025,6,5,4,LAX,MCO,1115,1115,0,1910,1903,-7,2025-06-05
16191,2025,6,5,4,LAX,MCO,1120,1118,-2,1914,1917,3,2025-06-05
16192,2025,6,5,4,LAX,MCO,1401,1411,10,2214,2211,-3,2025-06-05
16193,2025,6,5,4,LAX,MCO,1611,1602,-9,2357,2352,-5,2025-06-05
16194,2025,6,5,4,LAX,MCO,2135,2137,2,536,507,-29,2025-06-05
16195,2025,6,5,4,LAX,MCO,2200,2159,-1,542,529,-13,2025-06-05
16196,2025,6,5,4,LAX,MCO,2249,2308,19,647,656,9,2025-06-05
16197,2025,6,5,4,LAX,MDW,620,632,12,1225,1209,-16,2025-06-05
16198,2025,6,5,4,LAX,MDW,840,839,-1,1445,1418,-27,2025-06-05
16199,2025,6,5,4,LAX,MDW,1315,1317,2,1920,1855,-25,2025-06-05
16200,2025,6,5,4,LAX,MDW,1610,1656,46,2210,2242,32,2025-06-05
16201,2025,6,5,4,LAX,MDW,2255,2313,18,500,446,-14,2025-06-05
16202,2025,6,5,4,LAX,MEM,1810,1803,-7,2347,2324,-23,2025-06-05
16203,2025,6,5,4,LAX,MFE,600,557,-3,1109,1059,-10,2025-06-05
16204,2025,6,5,4,LAX,MIA,600,601,1,1413,1403,-10,2025-06-05
16205,2025,6,5,4,LAX,MIA,745,738,-7,1553,1519,-34,2025-06-05
16206,2025,6,5,4,LAX,MIA,955,948,-7,1755,1757,2,2025-06-05
16207,2025,6,5,4,LAX,MIA,1005,1004,-1,1816,1751,-25,2025-06-05
16208,2025,6,5,4,LAX,MIA,1210,1205,-5,2020,1954,-26,2025-06-05
16209,2025,6,5,4,LAX,MIA,1500,1538,38,2310,2322,12,2025-06-05
16210,2025,6,5,4,LAX,MIA,2140,2211,31,550,559,9,2025-06-05
16211,2025,6,5,4,LAX,MIA,2249,2240,-9,701,629,-32,2025-06-05
16212,2025,6,5,4,LAX,MIA,2343,2352,9,750,735,-15,2025-06-05
16213,2025,6,5,4,LAX,MKE,800,757,-3,1354,1337,-17,2025-06-05
16214,2025,6,5,4,LAX,MRY,820,817,-3,942,936,-6,2025-06-05
16215,2025,6,5,4,LAX,MRY,1823,1818,-5,1937,1928,-9,2025-06-05
16216,2025,6,5,4,LAX,MSO,1143,1151,8,1521,1529,8,2025-06-05
16217,2025,6,5,4,LAX,MSP,615,619,4,1153,1143,-10,2025-06-05
16218,2025,6,5,4,LAX,MSP,835,833,-2,1417,1350,-27,2025-06-05
16219,2025,6,5,4,LAX,MSP,1200,1159,-1,1740,1719,-21,2025-06-05
16220,2025,6,5,4,LAX,MSP,1317,1310,-7,1855,1838,-17,2025-06-05
16221,2025,6,5,4,LAX,MSP,1840,1833,-7,14,2400,-14,2025-06-05
16222,2025,6,5,4,LAX,MSP,2359,4,5,543,530,-13,2025-06-05
16223,2025,6,5,4,LAX,MSY,715,709,-6,1252,1239,-13,2025-06-05
16224,2025,6,5,4,LAX,MSY,1154,1157,3,1732,1715,-17,2025-06-05
16225,2025,6,5,4,LAX,MSY,1213,1224,11,1751,1810,19,2025-06-05
16226,2025,6,5,4,LAX,MSY,1225,1308,43,1810,1824,14,2025-06-05
16228,2025,6,5,4,LAX,MSY,1800,1752,-8,2334,2321,-13,2025-06-05
16229,2025,6,5,4,LAX,OAK,610,605,-5,735,732,-3,2025-06-05
16230,2025,6,5,4,LAX,OAK,805,758,-7,930,903,-27,2025-06-05
16231,2025,6,5,4,LAX,OAK,925,919,-6,1050,1031,-19,2025-06-05
16232,2025,6,5,4,LAX,OAK,1150,1146,-4,1315,1301,-14,2025-06-05
16233,2025,6,5,4,LAX,OAK,1505,1537,32,1625,1652,27,2025-06-05
16234,2025,6,5,4,LAX,OAK,1845,1855,10,2010,2001,-9,2025-06-05
16235,2025,6,5,4,LAX,OAK,2030,2043,13,2155,2154,-1,2025-06-05
16236,2025,6,5,4,LAX,OGG,745,753,8,1025,1019,-6,2025-06-05
16237,2025,6,5,4,LAX,OGG,800,754,-6,1035,1040,5,2025-06-05
16238,2025,6,5,4,LAX,OGG,815,808,-7,1055,1043,-12,2025-06-05
16239,2025,6,5,4,LAX,OGG,902,901,-1,1147,1120,-27,2025-06-05
16240,2025,6,5,4,LAX,OGG,1650,1645,-5,1925,1915,-10,2025-06-05
16241,2025,6,5,4,LAX,OGG,1655,1652,-3,1934,1924,-10,2025-06-05
16242,2025,6,5,4,LAX,OGG,1754,1756,2,2030,2020,-10,2025-06-05
16243,2025,6,5,4,LAX,OKC,900,856,-4,1400,1352,-8,2025-06-05
16244,2025,6,5,4,LAX,OKC,1732,1728,-4,2230,2210,-20,2025-06-05
16245,2025,6,5,4,LAX,OMA,1236,1226,-10,1752,1729,-23,2025-06-05
16246,2025,6,5,4,LAX,ORD,30,23,-7,639,619,-20,2025-06-05
16247,2025,6,5,4,LAX,ORD,30,29,-1,642,625,-17,2025-06-05
16248,2025,6,5,4,LAX,ORD,41,41,0,642,622,-20,2025-06-05
16249,2025,6,5,4,LAX,ORD,545,538,-7,1157,1128,-29,2025-06-05
16250,2025,6,5,4,LAX,ORD,605,603,-2,1221,1204,-17,2025-06-05
16251,2025,6,5,4,LAX,ORD,620,614,-6,1242,1221,-21,2025-06-05
16252,2025,6,5,4,LAX,ORD,730,724,-6,1335,1338,3,2025-06-05
16253,2025,6,5,4,LAX,ORD,800,757,-3,1415,1420,5,2025-06-05
16254,2025,6,5,4,LAX,ORD,815,818,3,1439,1430,-9,2025-06-05
16256,2025,6,5,4,LAX,ORD,1040,1039,-1,1656,1644,-12,2025-06-05
16258,2025,6,5,4,LAX,ORD,1145,1141,-4,1753,1727,-26,2025-06-05
16259,2025,6,5,4,LAX,ORD,1237,1233,-4,1855,1843,-12,2025-06-05
16260,2025,6,5,4,LAX,ORD,1300,1308,8,1929,1907,-22,2025-06-05
16261,2025,6,5,4,LAX,ORD,1401,1404,3,2025,2005,-20,2025-06-05
16262,2025,6,5,4,LAX,ORD,1502,1504,2,2108,2100,-8,2025-06-05
16263,2025,6,5,4,LAX,ORD,1636,1635,-1,2255,2224,-31,2025-06-05
16264,2025,6,5,4,LAX,ORD,1640,1636,-4,2304,2218,-46,2025-06-05
16265,2025,6,5,4,LAX,ORD,1729,1720,-9,2335,2318,-17,2025-06-05
16266,2025,6,5,4,LAX,ORD,1738,1730,-8,2359,2335,-24,2025-06-05
16267,2025,6,5,4,LAX,ORD,2240,2241,1,451,433,-18,2025-06-05
16268,2025,6,5,4,LAX,ORD,2300,2300,0,513,433,-40,2025-06-05
16269,2025,6,5,4,LAX,ORD,2337,2352,15,545,528,-17,2025-06-05
16270,2025,6,5,4,LAX,PDX,700,652,-8,924,910,-14,2025-06-05
16271,2025,6,5,4,LAX,PDX,700,654,-6,928,913,-15,2025-06-05
16272,2025,6,5,4,LAX,PDX,925,923,-2,1152,1156,4,2025-06-05
16273,2025,6,5,4,LAX,PDX,940,932,-8,1204,1200,-4,2025-06-05
16274,2025,6,5,4,LAX,PDX,943,935,-8,1214,1202,-12,2025-06-05
16275,2025,6,5,4,LAX,PDX,1120,1114,-6,1347,1344,-3,2025-06-05
16276,2025,6,5,4,LAX,PDX,1201,1207,6,1425,1429,4,2025-06-05
16277,2025,6,5,4,LAX,PDX,1343,1336,-7,1608,1545,-23,2025-06-05
16278,2025,6,5,4,LAX,PDX,1357,1405,8,1624,1631,7,2025-06-05
16279,2025,6,5,4,LAX,PDX,1505,1554,49,1733,1823,50,2025-06-05
16280,2025,6,5,4,LAX,PDX,1638,1637,-1,1904,1853,-11,2025-06-05
16281,2025,6,5,4,LAX,PDX,1820,1815,-5,2048,2046,-2,2025-06-05
16282,2025,6,5,4,LAX,PDX,2006,2048,42,2230,2339,69,2025-06-05
16284,2025,6,5,4,LAX,PDX,2133,2124,-9,2359,10,11,2025-06-05
16285,2025,6,5,4,LAX,PHL,108,125,17,916,938,22,2025-06-05
16286,2025,6,5,4,LAX,PHL,645,636,-9,1454,1436,-18,2025-06-05
16287,2025,6,5,4,LAX,PHL,739,728,-11,1550,1520,-30,2025-06-05
16288,2025,6,5,4,LAX,PHL,902,855,-7,1720,1659,-21,2025-06-05
16289,2025,6,5,4,LAX,PHL,1140,1135,-5,1956,1928,-28,2025-06-05
16290,2025,6,5,4,LAX,PHL,1442,1445,3,2254,2241,-13,2025-06-05
16291,2025,6,5,4,LAX,PHL,1630,1622,-8,43,14,-29,2025-06-05
16292,2025,6,5,4,LAX,PHL,2220,2300,40,630,650,20,2025-06-05
16294,2025,6,5,4,LAX,PHL,2253,2304,11,705,708,3,2025-06-05
16295,2025,6,5,4,LAX,PHX,525,520,-5,655,641,-14,2025-06-05
16296,2025,6,5,4,LAX,PHX,610,605,-5,739,738,-1,2025-06-05
16297,2025,6,5,4,LAX,PHX,713,703,-10,834,831,-3,2025-06-05
16298,2025,6,5,4,LAX,PHX,750,756,6,915,918,3,2025-06-05
16299,2025,6,5,4,LAX,PHX,815,808,-7,951,938,-13,2025-06-05
16300,2025,6,5,4,LAX,PHX,830,818,-12,1003,947,-16,2025-06-05
16301,2025,6,5,4,LAX,PHX,1000,956,-4,1127,1117,-10,2025-06-05
16302,2025,6,5,4,LAX,PHX,1015,1009,-6,1145,1129,-16,2025-06-05
16303,2025,6,5,4,LAX,PHX,1105,1102,-3,1235,1220,-15,2025-06-05
16304,2025,6,5,4,LAX,PHX,1325,1324,-1,1503,1453,-10,2025-06-05
16305,2025,6,5,4,LAX,PHX,1325,1338,13,1450,1457,7,2025-06-05
16306,2025,6,5,4,LAX,PHX,1428,1506,38,1607,1635,28,2025-06-05
16307,2025,6,5,4,LAX,PHX,1430,1452,22,1555,1612,17,2025-06-05
16308,2025,6,5,4,LAX,PHX,1440,1519,39,1610,1639,29,2025-06-05
16309,2025,6,5,4,LAX,PHX,1632,1627,-5,1759,1753,-6,2025-06-05
16310,2025,6,5,4,LAX,PHX,1744,1834,50,1909,1952,43,2025-06-05
16311,2025,6,5,4,LAX,PHX,1910,1906,-4,2039,2022,-17,2025-06-05
16312,2025,6,5,4,LAX,PHX,1935,1928,-7,2103,2046,-17,2025-06-05
16313,2025,6,5,4,LAX,PHX,1955,2028,33,2130,2146,16,2025-06-05
16314,2025,6,5,4,LAX,PHX,2130,2118,-12,2257,2301,4,2025-06-05
16315,2025,6,5,4,LAX,PHX,2135,2134,-1,2315,2258,-17,2025-06-05
16316,2025,6,5,4,LAX,PHX,2235,2232,-3,13,2359,-14,2025-06-05
16317,2025,6,5,4,LAX,PIT,915,903,-12,1700,1652,-8,2025-06-05
16318,2025,6,5,4,LAX,PRC,1945,2022,37,2111,2134,23,2025-06-05
16319,2025,6,5,4,LAX,PSC,2022,2021,-1,2257,2252,-5,2025-06-05
16320,2025,6,5,4,LAX,RDD,1250,1243,-7,1439,1426,-13,2025-06-05
16321,2025,6,5,4,LAX,RDM,1245,1242,-3,1503,1456,-7,2025-06-05
16322,2025,6,5,4,LAX,RDU,857,853,-4,1654,1650,-4,2025-06-05
16323,2025,6,5,4,LAX,RDU,1150,1147,-3,1940,1929,-11,2025-06-05
16324,2025,6,5,4,LAX,RDU,2220,2213,-7,618,559,-19,2025-06-05
16325,2025,6,5,4,LAX,RNO,959,952,-7,1128,1108,-20,2025-06-05
16326,2025,6,5,4,LAX,RNO,1019,1014,-5,1200,1156,-4,2025-06-05
16327,2025,6,5,4,LAX,RNO,1425,1444,19,1550,1556,6,2025-06-05
16329,2025,6,5,4,LAX,RNO,1710,1703,-7,1844,1913,29,2025-06-05
16330,2025,6,5,4,LAX,RNO,2015,2031,16,2149,2154,5,2025-06-05
16331,2025,6,5,4,LAX,RNO,2055,2102,7,2221,2227,6,2025-06-05
16333,2025,6,5,4,LAX,SAN,825,815,-10,921,916,-5,2025-06-05
16334,2025,6,5,4,LAX,SAN,920,915,-5,1024,1015,-9,2025-06-05
16335,2025,6,5,4,LAX,SAN,1406,1359,-7,1457,1456,-1,2025-06-05
16336,2025,6,5,4,LAX,SAN,1759,1812,13,1851,1908,17,2025-06-05
16337,2025,6,5,4,LAX,SAN,1846,1844,-2,1947,1948,1,2025-06-05
16338,2025,6,5,4,LAX,SAN,2217,2214,-3,2311,2259,-12,2025-06-05
16339,2025,6,5,4,LAX,SAN,2245,2314,29,2346,19,33,2025-06-05
16340,2025,6,5,4,LAX,SAT,855,913,18,1350,1350,0,2025-06-05
16341,2025,6,5,4,LAX,SAT,911,924,13,1400,1406,6,2025-06-05
16342,2025,6,5,4,LAX,SAT,912,901,-11,1419,1356,-23,2025-06-05
16343,2025,6,5,4,LAX,SAT,1410,1417,7,1910,1858,-12,2025-06-05
16344,2025,6,5,4,LAX,SAT,1700,1650,-10,2158,2139,-19,2025-06-05
16345,2025,6,5,4,LAX,SAT,1857,1849,-8,2342,2327,-15,2025-06-05
16346,2025,6,5,4,LAX,SBA,1520,1514,-6,1612,1603,-9,2025-06-05
16347,2025,6,5,4,LAX,SBA,2300,2250,-10,2358,2343,-15,2025-06-05
16348,2025,6,5,4,LAX,SBP,1500,1455,-5,1601,1543,-18,2025-06-05
16349,2025,6,5,4,LAX,SBP,2232,2240,8,2336,2332,-4,2025-06-05
16350,2025,6,5,4,LAX,SEA,600,555,-5,856,903,7,2025-06-05
16351,2025,6,5,4,LAX,SEA,700,653,-7,1003,943,-20,2025-06-05
16352,2025,6,5,4,LAX,SEA,700,654,-6,955,938,-17,2025-06-05
16354,2025,6,5,4,LAX,SEA,935,933,-2,1233,1224,-9,2025-06-05
16355,2025,6,5,4,LAX,SEA,935,948,13,1230,1245,15,2025-06-05
16356,2025,6,5,4,LAX,SEA,1110,1107,-3,1401,1351,-10,2025-06-05
16357,2025,6,5,4,LAX,SEA,1115,1110,-5,1409,1400,-9,2025-06-05
16358,2025,6,5,4,LAX,SEA,1130,1126,-4,1430,1405,-25,2025-06-05
16359,2025,6,5,4,LAX,SEA,1155,1151,-4,1450,1447,-3,2025-06-05
16360,2025,6,5,4,LAX,SEA,1351,1346,-5,1645,1619,-26,2025-06-05
16361,2025,6,5,4,LAX,SEA,1358,1418,20,1653,1706,13,2025-06-05
16362,2025,6,5,4,LAX,SEA,1536,1537,1,1827,1817,-10,2025-06-05
16363,2025,6,5,4,LAX,SEA,1745,1737,-8,2035,2025,-10,2025-06-05
16364,2025,6,5,4,LAX,SEA,1755,1750,-5,2049,2023,-26,2025-06-05
16365,2025,6,5,4,LAX,SEA,1839,1833,-6,2134,2125,-9,2025-06-05
16366,2025,6,5,4,LAX,SEA,1845,1840,-5,2136,2128,-8,2025-06-05
16367,2025,6,5,4,LAX,SEA,1907,1907,0,2158,2153,-5,2025-06-05
16368,2025,6,5,4,LAX,SEA,1955,1943,-12,2247,2313,26,2025-06-05
16369,2025,6,5,4,LAX,SEA,1955,1951,-4,2251,2257,6,2025-06-05
16370,2025,6,5,4,LAX,SEA,2110,2102,-8,2359,4,5,2025-06-05
16371,2025,6,5,4,LAX,SEA,2140,2127,-13,29,9,-20,2025-06-05
16372,2025,6,5,4,LAX,SFO,600,557,-3,731,726,-5,2025-06-05
16373,2025,6,5,4,LAX,SFO,600,559,-1,738,725,-13,2025-06-05
16374,2025,6,5,4,LAX,SFO,630,622,-8,753,744,-9,2025-06-05
16375,2025,6,5,4,LAX,SFO,714,709,-5,853,842,-11,2025-06-05
16376,2025,6,5,4,LAX,SFO,805,759,-6,945,1004,19,2025-06-05
16377,2025,6,5,4,LAX,SFO,840,834,-6,1010,1017,7,2025-06-05
16378,2025,6,5,4,LAX,SFO,910,904,-6,1045,1031,-14,2025-06-05
16379,2025,6,5,4,LAX,SFO,1000,1006,6,1120,1110,-10,2025-06-05
16380,2025,6,5,4,LAX,SFO,1015,1009,-6,1145,1131,-14,2025-06-05
16381,2025,6,5,4,LAX,SFO,1026,1024,-2,1159,1154,-5,2025-06-05
16382,2025,6,5,4,LAX,SFO,1100,1101,1,1231,1231,0,2025-06-05
16383,2025,6,5,4,LAX,SFO,1220,1217,-3,1343,1321,-22,2025-06-05
16384,2025,6,5,4,LAX,SFO,1339,1330,-9,1507,1450,-17,2025-06-05
16385,2025,6,5,4,LAX,SFO,1355,1355,0,1515,1502,-13,2025-06-05
16386,2025,6,5,4,LAX,SFO,1422,1412,-10,1548,1554,6,2025-06-05
16387,2025,6,5,4,LAX,SFO,1600,1557,-3,1728,1721,-7,2025-06-05
16388,2025,6,5,4,LAX,SFO,1610,1601,-9,1739,1716,-23,2025-06-05
16389,2025,6,5,4,LAX,SFO,1625,1649,24,1748,1809,21,2025-06-05
16390,2025,6,5,4,LAX,SFO,1630,1648,18,1755,1804,9,2025-06-05
16391,2025,6,5,4,LAX,SFO,1710,1714,4,1840,1829,-11,2025-06-05
16392,2025,6,5,4,LAX,SFO,1740,1742,2,1902,1856,-6,2025-06-05
16394,2025,6,5,4,LAX,SFO,1831,1826,-5,1958,1943,-15,2025-06-05
16395,2025,6,5,4,LAX,SFO,1840,1850,10,2009,2004,-5,2025-06-05
16396,2025,6,5,4,LAX,SFO,1855,1913,18,2015,2018,3,2025-06-05
16397,2025,6,5,4,LAX,SFO,1925,1918,-7,2057,2038,-19,2025-06-05
16398,2025,6,5,4,LAX,SFO,1935,1928,-7,2058,2053,-5,2025-06-05
16399,2025,6,5,4,LAX,SFO,1955,1956,1,2125,2105,-20,2025-06-05
16400,2025,6,5,4,LAX,SFO,2130,2124,-6,2302,2306,4,2025-06-05
16401,2025,6,5,4,LAX,SFO,2145,2151,6,2309,2259,-10,2025-06-05
16402,2025,6,5,4,LAX,SFO,2225,2221,-4,2352,4,12,2025-06-05
16403,2025,6,5,4,LAX,SGU,1315,1306,-9,1547,1542,-5,2025-06-05
16404,2025,6,5,4,LAX,SJC,605,555,-10,725,717,-8,2025-06-05
16405,2025,6,5,4,LAX,SJC,655,652,-3,810,809,-1,2025-06-05
16406,2025,6,5,4,LAX,SJC,900,851,-9,1020,959,-21,2025-06-05
16407,2025,6,5,4,LAX,SJC,914,920,6,1033,1028,-5,2025-06-05
16408,2025,6,5,4,LAX,SJC,1025,1028,3,1140,1127,-13,2025-06-05
16409,2025,6,5,4,LAX,SJC,1139,1130,-9,1257,1243,-14,2025-06-05
16411,2025,6,5,4,LAX,SJC,1406,1400,-6,1520,1502,-18,2025-06-05
16412,2025,6,5,4,LAX,SJC,1628,1717,49,1745,1819,34,2025-06-05
16413,2025,6,5,4,LAX,SJC,1635,1655,20,1750,1801,11,2025-06-05
16416,2025,6,5,4,LAX,SJC,2120,2155,35,2245,2302,17,2025-06-05
16417,2025,6,5,4,LAX,SLC,600,554,-6,855,850,-5,2025-06-05
16418,2025,6,5,4,LAX,SLC,700,652,-8,955,936,-19,2025-06-05
16419,2025,6,5,4,LAX,SLC,825,821,-4,1126,1117,-9,2025-06-05
16420,2025,6,5,4,LAX,SLC,915,913,-2,1211,1158,-13,2025-06-05
16421,2025,6,5,4,LAX,SLC,1005,1040,35,1255,1311,16,2025-06-05
16422,2025,6,5,4,LAX,SLC,1135,1125,-10,1429,1408,-21,2025-06-05
16423,2025,6,5,4,LAX,SLC,1309,1311,2,1608,1604,-4,2025-06-05
16424,2025,6,5,4,LAX,SLC,1313,1305,-8,1608,1554,-14,2025-06-05
16425,2025,6,5,4,LAX,SLC,1705,1714,9,2000,1959,-1,2025-06-05
16426,2025,6,5,4,LAX,SLC,1845,1836,-9,2139,2124,-15,2025-06-05
16427,2025,6,5,4,LAX,SLC,1925,1914,-11,2215,2157,-18,2025-06-05
16428,2025,6,5,4,LAX,SMF,600,552,-8,725,723,-2,2025-06-05
16429,2025,6,5,4,LAX,SMF,758,745,-13,924,904,-20,2025-06-05
16430,2025,6,5,4,LAX,SMF,810,804,-6,940,952,12,2025-06-05
16431,2025,6,5,4,LAX,SMF,815,811,-4,952,948,-4,2025-06-05
16432,2025,6,5,4,LAX,SMF,946,940,-6,1123,1101,-22,2025-06-05
16433,2025,6,5,4,LAX,SMF,1013,1010,-3,1145,1133,-12,2025-06-05
16434,2025,6,5,4,LAX,SMF,1140,1138,-2,1305,1254,-11,2025-06-05
16435,2025,6,5,4,LAX,SMF,1325,1316,-9,1457,1444,-13,2025-06-05
16437,2025,6,5,4,LAX,SMF,1620,1642,22,1745,1805,20,2025-06-05
16438,2025,6,5,4,LAX,SMF,1630,1706,36,1801,1841,40,2025-06-05
16439,2025,6,5,4,LAX,SMF,1705,1658,-7,1837,1834,-3,2025-06-05
16440,2025,6,5,4,LAX,SMF,1810,1822,12,1937,1938,1,2025-06-05
16441,2025,6,5,4,LAX,SMF,1922,1910,-12,2101,2042,-19,2025-06-05
16442,2025,6,5,4,LAX,SMF,2030,2059,29,2155,2223,28,2025-06-05
16443,2025,6,5,4,LAX,SMF,2056,2045,-11,2228,2216,-12,2025-06-05
16444,2025,6,5,4,LAX,SMF,2155,2253,58,2319,24,65,2025-06-05
16445,2025,6,5,4,LAX,STL,510,507,-3,1050,1034,-16,2025-06-05
16446,2025,6,5,4,LAX,STL,1733,1726,-7,2259,2301,2,2025-06-05
16447,2025,6,5,4,LAX,STL,1905,1917,12,40,45,5,2025-06-05
16448,2025,6,5,4,LAX,STS,925,919,-6,1106,1055,-11,2025-06-05
16450,2025,6,5,4,LAX,TPA,1025,1024,-1,1806,1751,-15,2025-06-05
16451,2025,6,5,4,LAX,TPA,2210,2202,-8,540,540,0,2025-06-05
16452,2025,6,5,4,LAX,TPA,2359,2351,-8,756,717,-39,2025-06-05
16453,2025,6,5,4,LAX,TUL,931,955,24,1441,1445,4,2025-06-05
16454,2025,6,5,4,LAX,TUS,635,627,-8,807,750,-17,2025-06-05
16455,2025,6,5,4,LAX,TUS,822,813,-9,1003,941,-22,2025-06-05
16456,2025,6,5,4,LAX,TUS,935,925,-10,1106,1050,-16,2025-06-05
16457,2025,6,5,4,LAX,TUS,1240,1234,-6,1410,1353,-17,2025-06-05
16458,2025,6,5,4,LAX,TUS,1418,1407,-11,1549,1532,-17,2025-06-05
16459,2025,6,5,4,LAX,TUS,1458,1447,-11,1627,1608,-19,2025-06-05
16460,2025,6,5,4,LAX,TUS,1830,1839,9,2003,2011,8,2025-06-05
16461,2025,6,5,4,LAX,TUS,1859,1911,12,2031,2038,7,2025-06-05
16462,2025,6,5,4,LAX,XNA,914,904,-10,1438,1433,-5,2025-06-05
19848,2025,6,6,5,LAX,ABQ,800,828,28,1108,1114,6,2025-06-06
19849,2025,6,6,5,LAX,ABQ,859,849,-10,1204,1150,-14,2025-06-06
19850,2025,6,6,5,LAX,ABQ,1120,1136,16,1415,1423,8,2025-06-06
19851,2025,6,6,5,LAX,ABQ,1459,1449,-10,1758,1738,-20,2025-06-06
19853,2025,6,6,5,LAX,ABQ,1959,1953,-6,2255,2243,-12,2025-06-06
19854,2025,6,6,5,LAX,ACV,1315,1309,-6,1513,1504,-9,2025-06-06
19855,2025,6,6,5,LAX,ANC,1945,1948,3,20,13,-7,2025-06-06
19857,2025,6,6,5,LAX,ASE,1254,1249,-5,1605,1547,-18,2025-06-06
19859,2025,6,6,5,LAX,ATL,615,615,0,1338,1325,-13,2025-06-06
19860,2025,6,6,5,LAX,ATL,730,758,28,1447,1510,23,2025-06-06
19861,2025,6,6,5,LAX,ATL,835,834,-1,1604,1602,-2,2025-06-06
19862,2025,6,6,5,LAX,ATL,935,936,1,1658,1721,23,2025-06-06
19863,2025,6,6,5,LAX,ATL,951,944,-7,1715,1716,1,2025-06-06
19864,2025,6,6,5,LAX,ATL,1105,1101,-4,1830,1817,-13,2025-06-06
19865,2025,6,6,5,LAX,ATL,1205,1208,3,1924,1912,-12,2025-06-06
19866,2025,6,6,5,LAX,ATL,1237,1242,5,1959,2004,5,2025-06-06
19869,2025,6,6,5,LAX,ATL,1423,1420,-3,2149,2156,7,2025-06-06
19870,2025,6,6,5,LAX,ATL,1700,1650,-10,21,8,-13,2025-06-06
19871,2025,6,6,5,LAX,ATL,2121,2215,54,500,516,16,2025-06-06
19872,2025,6,6,5,LAX,ATL,2145,2222,37,501,519,18,2025-06-06
19873,2025,6,6,5,LAX,ATL,2250,2245,-5,610,546,-24,2025-06-06
19874,2025,6,6,5,LAX,ATL,2310,2308,-2,633,618,-15,2025-06-06
19875,2025,6,6,5,LAX,ATL,2350,2353,3,715,730,15,2025-06-06
19876,2025,6,6,5,LAX,AUS,500,454,-6,1000,956,-4,2025-06-06
19877,2025,6,6,5,LAX,AUS,645,639,-6,1140,1129,-11,2025-06-06
19878,2025,6,6,5,LAX,AUS,745,738,-7,1246,1223,-23,2025-06-06
19879,2025,6,6,5,LAX,AUS,925,921,-4,1451,1448,-3,2025-06-06
19880,2025,6,6,5,LAX,AUS,1015,1048,33,1521,1609,48,2025-06-06
19881,2025,6,6,5,LAX,AUS,1115,1154,39,1620,1647,27,2025-06-06
19882,2025,6,6,5,LAX,AUS,1555,1541,-14,2054,2033,-21,2025-06-06
19883,2025,6,6,5,LAX,AUS,1614,1612,-2,2114,2109,-5,2025-06-06
19884,2025,6,6,5,LAX,AUS,1835,1829,-6,2338,2314,-24,2025-06-06
19885,2025,6,6,5,LAX,AUS,1840,1841,1,2358,2332,-26,2025-06-06
19886,2025,6,6,5,LAX,AUS,1855,1847,-8,2355,2327,-28,2025-06-06
19887,2025,6,6,5,LAX,AUS,1859,1852,-7,2354,2348,-6,2025-06-06
19888,2025,6,6,5,LAX,BNA,655,647,-8,1250,1245,-5,2025-06-06
19889,2025,6,6,5,LAX,BNA,710,720,10,1325,1323,-2,2025-06-06
19890,2025,6,6,5,LAX,BNA,825,817,-8,1425,1411,-14,2025-06-06
19891,2025,6,6,5,LAX,BNA,1036,1032,-4,1645,1650,5,2025-06-06
19892,2025,6,6,5,LAX,BNA,1236,1231,-5,1840,1816,-24,2025-06-06
19893,2025,6,6,5,LAX,BNA,1845,1938,53,41,103,22,2025-06-06
19894,2025,6,6,5,LAX,BNA,2250,2249,-1,500,435,-25,2025-06-06
19895,2025,6,6,5,LAX,BOI,1155,1156,1,1459,1457,-2,2025-06-06
19896,2025,6,6,5,LAX,BOI,1245,1240,-5,1559,1541,-18,2025-06-06
19897,2025,6,6,5,LAX,BOI,1945,1938,-7,2252,2232,-20,2025-06-06
19898,2025,6,6,5,LAX,BOI,2025,2023,-2,2328,2316,-12,2025-06-06
19899,2025,6,6,5,LAX,BOS,600,556,-4,1439,1421,-18,2025-06-06
19900,2025,6,6,5,LAX,BOS,700,654,-6,1535,1502,-33,2025-06-06
19901,2025,6,6,5,LAX,BOS,750,741,-9,1632,1635,3,2025-06-06
19902,2025,6,6,5,LAX,BOS,835,831,-4,1716,1743,27,2025-06-06
19903,2025,6,6,5,LAX,BOS,840,832,-8,1716,1712,-4,2025-06-06
19904,2025,6,6,5,LAX,BOS,1050,1048,-2,1930,2003,33,2025-06-06
19905,2025,6,6,5,LAX,BOS,1150,1147,-3,2035,2047,12,2025-06-06
19906,2025,6,6,5,LAX,BOS,1300,1314,14,2144,2127,-17,2025-06-06
19907,2025,6,6,5,LAX,BOS,1520,1516,-4,2348,2335,-13,2025-06-06
19908,2025,6,6,5,LAX,BOS,2105,2134,29,540,527,-13,2025-06-06
19909,2025,6,6,5,LAX,BOS,2213,2207,-6,644,603,-41,2025-06-06
19910,2025,6,6,5,LAX,BOS,2234,2328,54,715,807,52,2025-06-06
19911,2025,6,6,5,LAX,BOS,2257,2249,-8,735,722,-13,2025-06-06
19912,2025,6,6,5,LAX,BUF,1410,1410,0,2200,2158,-2,2025-06-06
19913,2025,6,6,5,LAX,BWI,530,530,0,1335,1314,-21,2025-06-06
19914,2025,6,6,5,LAX,BWI,845,838,-7,1654,1659,5,2025-06-06
19916,2025,6,6,5,LAX,BWI,1136,1232,56,1939,2003,24,2025-06-06
19917,2025,6,6,5,LAX,BWI,2055,2115,20,500,512,12,2025-06-06
19918,2025,6,6,5,LAX,BWI,2359,43,44,807,841,34,2025-06-06
19919,2025,6,6,5,LAX,BZN,1121,1115,-6,1450,1443,-7,2025-06-06
19920,2025,6,6,5,LAX,BZN,1800,1808,8,2139,2138,-1,2025-06-06
19921,2025,6,6,5,LAX,CLE,1142,1135,-7,1915,1840,-35,2025-06-06
19922,2025,6,6,5,LAX,CLE,2120,2111,-9,453,439,-14,2025-06-06
19923,2025,6,6,5,LAX,CLT,605,602,-3,1354,1346,-8,2025-06-06
19925,2025,6,6,5,LAX,CLT,911,935,24,1700,1749,49,2025-06-06
19926,2025,6,6,5,LAX,CLT,1154,1157,3,1945,1936,-9,2025-06-06
19927,2025,6,6,5,LAX,CLT,1402,1400,-2,2155,2123,-32,2025-06-06
19928,2025,6,6,5,LAX,CLT,1518,1511,-7,2238,2236,-2,2025-06-06
19929,2025,6,6,5,LAX,CLT,2148,2139,-9,529,452,-37,2025-06-06
19930,2025,6,6,5,LAX,CLT,2249,2242,-7,635,604,-31,2025-06-06
19931,2025,6,6,5,LAX,CLT,2349,2357,8,735,721,-14,2025-06-06
19932,2025,6,6,5,LAX,CMH,925,916,-9,1701,1656,-5,2025-06-06
19933,2025,6,6,5,LAX,CVG,2245,2322,37,555,614,19,2025-06-06
19934,2025,6,6,5,LAX,DAL,505,504,-1,1010,1001,-9,2025-06-06
19935,2025,6,6,5,LAX,DAL,645,650,5,1150,1148,-2,2025-06-06
19936,2025,6,6,5,LAX,DAL,1120,1118,-2,1630,1613,-17,2025-06-06
19937,2025,6,6,5,LAX,DAL,1630,1643,13,2145,2150,5,2025-06-06
19938,2025,6,6,5,LAX,DAL,1810,1806,-4,2320,2309,-11,2025-06-06
19939,2025,6,6,5,LAX,DCA,800,755,-5,1605,1532,-33,2025-06-06
19940,2025,6,6,5,LAX,DCA,819,817,-2,1622,1559,-23,2025-06-06
19941,2025,6,6,5,LAX,DCA,1228,1232,4,2029,2005,-24,2025-06-06
19942,2025,6,6,5,LAX,DCA,1248,1252,4,2059,2021,-38,2025-06-06
19943,2025,6,6,5,LAX,DEN,505,501,-4,824,809,-15,2025-06-06
19944,2025,6,6,5,LAX,DEN,545,542,-3,910,857,-13,2025-06-06
19946,2025,6,6,5,LAX,DEN,706,659,-7,1031,1032,1,2025-06-06
19947,2025,6,6,5,LAX,DEN,746,745,-1,1110,1117,7,2025-06-06
19948,2025,6,6,5,LAX,DEN,805,805,0,1130,1117,-13,2025-06-06
19949,2025,6,6,5,LAX,DEN,815,808,-7,1139,1134,-5,2025-06-06
19950,2025,6,6,5,LAX,DEN,900,855,-5,1227,1240,13,2025-06-06
19951,2025,6,6,5,LAX,DEN,1030,1102,32,1355,1426,31,2025-06-06
19952,2025,6,6,5,LAX,DEN,1050,1109,19,1425,1442,17,2025-06-06
19953,2025,6,6,5,LAX,DEN,1052,1055,3,1419,1457,38,2025-06-06
19954,2025,6,6,5,LAX,DEN,1255,1255,0,1623,1614,-9,2025-06-06
19957,2025,6,6,5,LAX,DEN,1435,1431,-4,1805,1812,7,2025-06-06
19958,2025,6,6,5,LAX,DEN,1457,1530,33,1819,1855,36,2025-06-06
19959,2025,6,6,5,LAX,DEN,1605,1702,57,1930,2019,49,2025-06-06
19960,2025,6,6,5,LAX,DEN,1611,1610,-1,1940,1920,-20,2025-06-06
19961,2025,6,6,5,LAX,DEN,1830,1820,-10,2200,2153,-7,2025-06-06
19962,2025,6,6,5,LAX,DEN,1918,1914,-4,2247,2229,-18,2025-06-06
19963,2025,6,6,5,LAX,DEN,1945,2039,54,2309,7,58,2025-06-06
19964,2025,6,6,5,LAX,DEN,2020,2056,36,2350,7,17,2025-06-06
19965,2025,6,6,5,LAX,DEN,2030,2034,4,2354,2344,-10,2025-06-06
19966,2025,6,6,5,LAX,DFW,35,27,-8,532,528,-4,2025-06-06
19967,2025,6,6,5,LAX,DFW,40,40,0,545,533,-12,2025-06-06
19969,2025,6,6,5,LAX,DFW,530,531,1,1038,1039,1,2025-06-06
19971,2025,6,6,5,LAX,DFW,700,659,-1,1209,1158,-11,2025-06-06
19972,2025,6,6,5,LAX,DFW,826,822,-4,1339,1329,-10,2025-06-06
19973,2025,6,6,5,LAX,DFW,835,830,-5,1343,1335,-8,2025-06-06
19974,2025,6,6,5,LAX,DFW,930,935,5,1443,1500,17,2025-06-06
19975,2025,6,6,5,LAX,DFW,1037,1043,6,1545,1559,14,2025-06-06
19976,2025,6,6,5,LAX,DFW,1230,1256,26,1737,1744,7,2025-06-06
19977,2025,6,6,5,LAX,DFW,1348,1347,-1,1859,1836,-23,2025-06-06
19978,2025,6,6,5,LAX,DFW,1433,1451,18,1943,1955,12,2025-06-06
19979,2025,6,6,5,LAX,DFW,1548,1632,44,2059,2127,28,2025-06-06
19980,2025,6,6,5,LAX,DFW,1636,1631,-5,2147,2133,-14,2025-06-06
19981,2025,6,6,5,LAX,DFW,1835,1853,18,2347,2353,6,2025-06-06
19982,2025,6,6,5,LAX,DFW,1859,1842,-17,2359,2344,-15,2025-06-06
19983,2025,6,6,5,LAX,DFW,1900,1915,15,23,22,-1,2025-06-06
19984,2025,6,6,5,LAX,DFW,2359,18,19,509,531,22,2025-06-06
19985,2025,6,6,5,LAX,DTW,59,104,5,825,757,-28,2025-06-06
19986,2025,6,6,5,LAX,DTW,535,533,-2,1301,1242,-19,2025-06-06
19987,2025,6,6,5,LAX,DTW,950,945,-5,1710,1649,-21,2025-06-06
19988,2025,6,6,5,LAX,DTW,959,954,-5,1723,1708,-15,2025-06-06
19989,2025,6,6,5,LAX,DTW,1147,1158,11,1911,1915,4,2025-06-06
19990,2025,6,6,5,LAX,DTW,1552,1544,-8,2318,2251,-27,2025-06-06
19991,2025,6,6,5,LAX,DTW,2126,2120,-6,443,427,-16,2025-06-06
19992,2025,6,6,5,LAX,ELP,1245,1252,7,1545,1530,-15,2025-06-06
19993,2025,6,6,5,LAX,ELP,1430,1425,-5,1731,1714,-17,2025-06-06
19994,2025,6,6,5,LAX,ELP,1947,1940,-7,2247,2229,-18,2025-06-06
19995,2025,6,6,5,LAX,EUG,2059,2058,-1,2320,2310,-10,2025-06-06
19996,2025,6,6,5,LAX,EWR,600,557,-3,1434,1342,-52,2025-06-06
19997,2025,6,6,5,LAX,EWR,700,648,-12,1540,1440,-60,2025-06-06
19998,2025,6,6,5,LAX,EWR,700,654,-6,1534,1448,-46,2025-06-06
19999,2025,6,6,5,LAX,EWR,754,804,10,1629,1628,-1,2025-06-06
20000,2025,6,6,5,LAX,EWR,820,821,1,1645,1630,-15,2025-06-06
20001,2025,6,6,5,LAX,EWR,1015,1025,10,1854,1924,30,2025-06-06
20002,2025,6,6,5,LAX,EWR,1021,1015,-6,1900,1913,13,2025-06-06
20003,2025,6,6,5,LAX,EWR,1215,1211,-4,2054,2052,-2,2025-06-06
20004,2025,6,6,5,LAX,EWR,1330,1330,0,2152,2147,-5,2025-06-06
20006,2025,6,6,5,LAX,EWR,1630,1627,-3,57,26,-31,2025-06-06
20008,2025,6,6,5,LAX,EWR,2143,2143,0,559,531,-28,2025-06-06
20009,2025,6,6,5,LAX,EWR,2220,2215,-5,648,622,-26,2025-06-06
20010,2025,6,6,5,LAX,EWR,2359,2358,-1,812,751,-21,2025-06-06
20011,2025,6,6,5,LAX,FAT,1030,1030,0,1148,1139,-9,2025-06-06
20012,2025,6,6,5,LAX,FAT,1910,1903,-7,2024,2006,-18,2025-06-06
20013,2025,6,6,5,LAX,FAT,2238,2250,12,2352,17,25,2025-06-06
20014,2025,6,6,5,LAX,FCA,922,913,-9,1321,1321,0,2025-06-06
20015,2025,6,6,5,LAX,FLL,830,825,-5,1637,1620,-17,2025-06-06
20016,2025,6,6,5,LAX,FLL,1047,1046,-1,1859,1857,-2,2025-06-06
20017,2025,6,6,5,LAX,FLL,1353,1351,-2,2200,2138,-22,2025-06-06
20018,2025,6,6,5,LAX,FLL,2100,2103,3,504,450,-14,2025-06-06
20019,2025,6,6,5,LAX,FLL,2305,2300,-5,655,641,-14,2025-06-06
20020,2025,6,6,5,LAX,FSD,1605,1602,-3,2119,2124,5,2025-06-06
20021,2025,6,6,5,LAX,GEG,1116,1109,-7,1356,1346,-10,2025-06-06
20022,2025,6,6,5,LAX,GEG,1432,1427,-5,1707,1655,-12,2025-06-06
20023,2025,6,6,5,LAX,GEG,1905,1902,-3,2140,2140,0,2025-06-06
20024,2025,6,6,5,LAX,GEG,1945,1938,-7,2222,2220,-2,2025-06-06
20025,2025,6,6,5,LAX,HNL,700,657,-3,940,935,-5,2025-06-06
20026,2025,6,6,5,LAX,HNL,705,654,-11,1010,931,-39,2025-06-06
20027,2025,6,6,5,LAX,HNL,830,828,-2,1121,1056,-25,2025-06-06
20028,2025,6,6,5,LAX,HNL,835,835,0,1117,1124,7,2025-06-06
20029,2025,6,6,5,LAX,HNL,849,846,-3,1137,1126,-11,2025-06-06
20030,2025,6,6,5,LAX,HNL,1000,953,-7,1240,1234,-6,2025-06-06
20031,2025,6,6,5,LAX,HNL,1115,1111,-4,1404,1352,-12,2025-06-06
20032,2025,6,6,5,LAX,HNL,1315,1307,-8,1601,1539,-22,2025-06-06
20033,2025,6,6,5,LAX,HNL,1345,1338,-7,1632,1610,-22,2025-06-06
20034,2025,6,6,5,LAX,HNL,1444,1434,-10,1728,1703,-25,2025-06-06
20035,2025,6,6,5,LAX,HNL,1710,1717,7,1944,1958,14,2025-06-06
20036,2025,6,6,5,LAX,HNL,1755,1752,-3,2040,2028,-12,2025-06-06
20039,2025,6,6,5,LAX,HNL,1825,1904,39,2115,2150,35,2025-06-06
20040,2025,6,6,5,LAX,HNL,1845,1848,3,2128,2124,-4,2025-06-06
20041,2025,6,6,5,LAX,HNL,1913,1941,28,2155,2210,15,2025-06-06
20043,2025,6,6,5,LAX,HOU,505,512,7,1030,1025,-5,2025-06-06
20044,2025,6,6,5,LAX,HOU,1335,1340,5,1900,1841,-19,2025-06-06
20045,2025,6,6,5,LAX,HOU,1745,1740,-5,2305,2241,-24,2025-06-06
20046,2025,6,6,5,LAX,HOU,2350,2350,0,515,537,22,2025-06-06
20047,2025,6,6,5,LAX,IAD,620,621,1,1423,1427,4,2025-06-06
20048,2025,6,6,5,LAX,IAD,800,800,0,1614,1603,-11,2025-06-06
20049,2025,6,6,5,LAX,IAD,815,811,-4,1621,1712,51,2025-06-06
20050,2025,6,6,5,LAX,IAD,1015,1022,7,1820,1925,65,2025-06-06
20051,2025,6,6,5,LAX,IAD,1315,1313,-2,2120,2101,-19,2025-06-06
20052,2025,6,6,5,LAX,IAD,1645,1650,5,44,41,-3,2025-06-06
20053,2025,6,6,5,LAX,IAD,2250,2246,-4,639,627,-12,2025-06-06
20054,2025,6,6,5,LAX,IAH,56,58,2,618,603,-15,2025-06-06
20055,2025,6,6,5,LAX,IAH,515,540,25,1042,1055,13,2025-06-06
20056,2025,6,6,5,LAX,IAH,715,714,-1,1244,1230,-14,2025-06-06
20057,2025,6,6,5,LAX,IAH,840,838,-2,1409,1345,-24,2025-06-06
20058,2025,6,6,5,LAX,IAH,850,842,-8,1412,1341,-31,2025-06-06
20059,2025,6,6,5,LAX,IAH,1015,1015,0,1540,1546,6,2025-06-06
20060,2025,6,6,5,LAX,IAH,1133,1126,-7,1653,1620,-33,2025-06-06
20061,2025,6,6,5,LAX,IAH,1207,1221,14,1724,1721,-3,2025-06-06
20062,2025,6,6,5,LAX,IAH,1310,1304,-6,1840,1832,-8,2025-06-06
20063,2025,6,6,5,LAX,IAH,1358,1350,-8,1925,1902,-23,2025-06-06
20065,2025,6,6,5,LAX,IAH,1810,1804,-6,2333,2305,-28,2025-06-06
20066,2025,6,6,5,LAX,IAH,1810,1830,20,2321,2335,14,2025-06-06
20067,2025,6,6,5,LAX,IAH,1920,1915,-5,43,28,-15,2025-06-06
20069,2025,6,6,5,LAX,IND,1036,1037,1,1747,1732,-15,2025-06-06
20070,2025,6,6,5,LAX,IND,1213,1214,1,1915,1910,-5,2025-06-06
20071,2025,6,6,5,LAX,IND,2300,2259,-1,600,538,-22,2025-06-06
20072,2025,6,6,5,LAX,JAC,900,852,-8,1218,1241,23,2025-06-06
20073,2025,6,6,5,LAX,JAC,1030,1029,-1,1348,1350,2,2025-06-06
20074,2025,6,6,5,LAX,JAC,1235,1300,25,1552,1611,19,2025-06-06
20075,2025,6,6,5,LAX,JFK,600,556,-4,1430,1427,-3,2025-06-06
20076,2025,6,6,5,LAX,JFK,600,558,-2,1434,1403,-31,2025-06-06
20077,2025,6,6,5,LAX,JFK,700,651,-9,1535,1446,-49,2025-06-06
20078,2025,6,6,5,LAX,JFK,700,658,-2,1525,1507,-18,2025-06-06
20079,2025,6,6,5,LAX,JFK,755,747,-8,1632,1615,-17,2025-06-06
20080,2025,6,6,5,LAX,JFK,819,812,-7,1658,1624,-34,2025-06-06
20081,2025,6,6,5,LAX,JFK,920,923,3,1810,1830,20,2025-06-06
20082,2025,6,6,5,LAX,JFK,955,1002,7,1835,1914,39,2025-06-06
20083,2025,6,6,5,LAX,JFK,1020,1029,9,1910,1948,38,2025-06-06
20084,2025,6,6,5,LAX,JFK,1021,1026,5,1859,1941,42,2025-06-06
20085,2025,6,6,5,LAX,JFK,1115,1114,-1,1959,2003,4,2025-06-06
20086,2025,6,6,5,LAX,JFK,1120,1139,19,1950,2031,41,2025-06-06
20087,2025,6,6,5,LAX,JFK,1130,1135,5,2006,2033,27,2025-06-06
20088,2025,6,6,5,LAX,JFK,1220,1221,1,2102,2105,3,2025-06-06
20089,2025,6,6,5,LAX,JFK,1230,1234,4,2107,2148,41,2025-06-06
20090,2025,6,6,5,LAX,JFK,1305,1304,-1,2144,2151,7,2025-06-06
20091,2025,6,6,5,LAX,JFK,1420,1438,18,2255,2300,5,2025-06-06
20092,2025,6,6,5,LAX,JFK,1430,1420,-10,2310,2300,-10,2025-06-06
20093,2025,6,6,5,LAX,JFK,1520,1515,-5,2354,12,18,2025-06-06
20094,2025,6,6,5,LAX,JFK,1520,1559,39,2358,44,46,2025-06-06
20095,2025,6,6,5,LAX,JFK,1620,1612,-8,57,17,-40,2025-06-06
20096,2025,6,6,5,LAX,JFK,1625,1647,22,55,54,-1,2025-06-06
20097,2025,6,6,5,LAX,JFK,2053,2057,4,530,514,-16,2025-06-06
20098,2025,6,6,5,LAX,JFK,2115,2210,55,542,601,19,2025-06-06
20099,2025,6,6,5,LAX,JFK,2125,2124,-1,559,529,-30,2025-06-06
20100,2025,6,6,5,LAX,JFK,2125,2156,31,559,610,11,2025-06-06
20101,2025,6,6,5,LAX,JFK,2252,2259,7,732,709,-23,2025-06-06
20102,2025,6,6,5,LAX,JFK,2255,2247,-8,725,649,-36,2025-06-06
20103,2025,6,6,5,LAX,JFK,2355,2350,-5,830,824,-6,2025-06-06
20104,2025,6,6,5,LAX,JFK,2359,18,19,837,844,7,2025-06-06
20105,2025,6,6,5,LAX,KOA,910,904,-6,1150,1158,8,2025-06-06
20106,2025,6,6,5,LAX,KOA,1100,1053,-7,1335,1326,-9,2025-06-06
20107,2025,6,6,5,LAX,KOA,1119,1106,-13,1355,1347,-8,2025-06-06
20108,2025,6,6,5,LAX,KOA,1629,1621,-8,1910,1840,-30,2025-06-06
20109,2025,6,6,5,LAX,KOA,1725,1720,-5,2003,1948,-15,2025-06-06
20111,2025,6,6,5,LAX,LAS,600,559,-1,719,701,-18,2025-06-06
20112,2025,6,6,5,LAX,LAS,725,730,5,845,851,6,2025-06-06
20113,2025,6,6,5,LAX,LAS,730,727,-3,842,838,-4,2025-06-06
20114,2025,6,6,5,LAX,LAS,826,825,-1,951,1001,10,2025-06-06
20115,2025,6,6,5,LAX,LAS,845,846,1,1005,953,-12,2025-06-06
20116,2025,6,6,5,LAX,LAS,1019,1011,-8,1131,1143,12,2025-06-06
20117,2025,6,6,5,LAX,LAS,1030,1029,-1,1147,1156,9,2025-06-06
20119,2025,6,6,5,LAX,LAS,1137,1142,5,1252,1336,44,2025-06-06
20120,2025,6,6,5,LAX,LAS,1445,1435,-10,1607,1605,-2,2025-06-06
20121,2025,6,6,5,LAX,LAS,1513,1511,-2,1625,1627,2,2025-06-06
20123,2025,6,6,5,LAX,LAS,1548,1601,13,1713,1739,26,2025-06-06
20124,2025,6,6,5,LAX,LAS,1735,1753,18,1849,1908,19,2025-06-06
20125,2025,6,6,5,LAX,LAS,1740,1801,21,1855,1910,15,2025-06-06
20126,2025,6,6,5,LAX,LAS,1753,1744,-9,1911,1900,-11,2025-06-06
20127,2025,6,6,5,LAX,LAS,1850,1850,0,2000,2003,3,2025-06-06
20128,2025,6,6,5,LAX,LAS,1852,1844,-8,2010,1941,-29,2025-06-06
20131,2025,6,6,5,LAX,LAS,1945,1950,5,2108,2051,-17,2025-06-06
20132,2025,6,6,5,LAX,LAS,1948,2007,19,2100,2123,23,2025-06-06
20133,2025,6,6,5,LAX,LAS,2155,2211,16,2315,2306,-9,2025-06-06
20134,2025,6,6,5,LAX,LAS,2205,2157,-8,2325,2312,-13,2025-06-06
20135,2025,6,6,5,LAX,LAS,2210,2208,-2,2328,2313,-15,2025-06-06
20136,2025,6,6,5,LAX,LAS,2335,2331,-4,57,53,-4,2025-06-06
20137,2025,6,6,5,LAX,LIH,842,836,-6,1140,1123,-17,2025-06-06
20138,2025,6,6,5,LAX,LIH,900,852,-8,1145,1158,13,2025-06-06
20139,2025,6,6,5,LAX,LIH,903,901,-2,1204,1213,9,2025-06-06
20140,2025,6,6,5,LAX,LIH,1500,1508,8,1749,1747,-2,2025-06-06
20141,2025,6,6,5,LAX,MCI,800,813,13,1315,1312,-3,2025-06-06
20142,2025,6,6,5,LAX,MCI,915,907,-8,1424,1443,19,2025-06-06
20143,2025,6,6,5,LAX,MCI,1501,1506,5,2012,1958,-14,2025-06-06
20144,2025,6,6,5,LAX,MCI,1815,1814,-1,2324,2310,-14,2025-06-06
20145,2025,6,6,5,LAX,MCO,700,712,12,1449,1452,3,2025-06-06
20146,2025,6,6,5,LAX,MCO,1002,954,-8,1804,1752,-12,2025-06-06
20147,2025,6,6,5,LAX,MCO,1115,1109,-6,1910,1907,-3,2025-06-06
20148,2025,6,6,5,LAX,MCO,1120,1151,31,1914,1939,25,2025-06-06
20149,2025,6,6,5,LAX,MCO,1401,1422,21,2214,2207,-7,2025-06-06
20150,2025,6,6,5,LAX,MCO,1611,1604,-7,2357,2348,-9,2025-06-06
20151,2025,6,6,5,LAX,MCO,2135,2125,-10,536,502,-34,2025-06-06
20154,2025,6,6,5,LAX,MDW,620,626,6,1225,1208,-17,2025-06-06
20155,2025,6,6,5,LAX,MDW,840,847,7,1445,1427,-18,2025-06-06
20156,2025,6,6,5,LAX,MDW,1315,1312,-3,1920,1846,-34,2025-06-06
20157,2025,6,6,5,LAX,MDW,1610,1610,0,2210,2151,-19,2025-06-06
20158,2025,6,6,5,LAX,MDW,2255,2338,43,500,508,8,2025-06-06
20160,2025,6,6,5,LAX,MIA,600,553,-7,1413,1342,-31,2025-06-06
20161,2025,6,6,5,LAX,MIA,745,742,-3,1554,1524,-30,2025-06-06
20162,2025,6,6,5,LAX,MIA,955,950,-5,1755,1808,13,2025-06-06
20163,2025,6,6,5,LAX,MIA,1005,1003,-2,1816,1817,1,2025-06-06
20164,2025,6,6,5,LAX,MIA,1210,1208,-2,2020,2008,-12,2025-06-06
20165,2025,6,6,5,LAX,MIA,1500,1449,-11,2310,2225,-45,2025-06-06
20166,2025,6,6,5,LAX,MIA,2140,2148,8,550,527,-23,2025-06-06
20167,2025,6,6,5,LAX,MIA,2249,2244,-5,701,640,-21,2025-06-06
20168,2025,6,6,5,LAX,MIA,2343,2346,3,750,732,-18,2025-06-06
20169,2025,6,6,5,LAX,MRY,820,810,-10,942,935,-7,2025-06-06
20170,2025,6,6,5,LAX,MRY,1823,1816,-7,1937,1930,-7,2025-06-06
20171,2025,6,6,5,LAX,MSO,1131,1130,-1,1510,1525,15,2025-06-06
20172,2025,6,6,5,LAX,MSP,50,58,8,633,614,-19,2025-06-06
20173,2025,6,6,5,LAX,MSP,615,610,-5,1153,1136,-17,2025-06-06
20174,2025,6,6,5,LAX,MSP,835,829,-6,1417,1346,-31,2025-06-06
20175,2025,6,6,5,LAX,MSP,1200,1156,-4,1740,1715,-25,2025-06-06
20176,2025,6,6,5,LAX,MSP,1317,1313,-4,1855,1834,-21,2025-06-06
20177,2025,6,6,5,LAX,MSP,1840,1827,-13,14,2341,-33,2025-06-06
20178,2025,6,6,5,LAX,MSP,2359,2349,-10,543,510,-33,2025-06-06
20179,2025,6,6,5,LAX,MSY,715,707,-8,1252,1238,-14,2025-06-06
20182,2025,6,6,5,LAX,MSY,1643,1737,54,2220,2302,42,2025-06-06
20183,2025,6,6,5,LAX,MSY,1800,1804,4,2334,2335,1,2025-06-06
20184,2025,6,6,5,LAX,OAK,610,604,-6,735,730,-5,2025-06-06
20185,2025,6,6,5,LAX,OAK,805,801,-4,930,908,-22,2025-06-06
20187,2025,6,6,5,LAX,OAK,1150,1150,0,1315,1302,-13,2025-06-06
20188,2025,6,6,5,LAX,OAK,1505,1529,24,1625,1635,10,2025-06-06
20189,2025,6,6,5,LAX,OAK,1845,1909,24,2010,2018,8,2025-06-06
20191,2025,6,6,5,LAX,OGG,745,741,-4,1025,1012,-13,2025-06-06
20192,2025,6,6,5,LAX,OGG,800,752,-8,1035,1011,-24,2025-06-06
20193,2025,6,6,5,LAX,OGG,815,817,2,1055,1046,-9,2025-06-06
20194,2025,6,6,5,LAX,OGG,902,913,11,1147,1151,4,2025-06-06
20195,2025,6,6,5,LAX,OGG,1650,1654,4,1925,1923,-2,2025-06-06
20196,2025,6,6,5,LAX,OGG,1655,1651,-4,1934,1925,-9,2025-06-06
20198,2025,6,6,5,LAX,OKC,900,900,0,1400,1422,22,2025-06-06
20199,2025,6,6,5,LAX,OKC,1732,1739,7,2230,2238,8,2025-06-06
20200,2025,6,6,5,LAX,OMA,1236,1227,-9,1752,1727,-25,2025-06-06
20201,2025,6,6,5,LAX,ORD,30,30,0,642,621,-21,2025-06-06
20202,2025,6,6,5,LAX,ORD,32,39,7,638,631,-7,2025-06-06
20203,2025,6,6,5,LAX,ORD,41,52,11,642,637,-5,2025-06-06
20204,2025,6,6,5,LAX,ORD,530,525,-5,1136,1108,-28,2025-06-06
20205,2025,6,6,5,LAX,ORD,545,537,-8,1157,1131,-26,2025-06-06
20206,2025,6,6,5,LAX,ORD,605,601,-4,1221,1156,-25,2025-06-06
20207,2025,6,6,5,LAX,ORD,620,611,-9,1242,1208,-34,2025-06-06
20208,2025,6,6,5,LAX,ORD,800,755,-5,1415,1358,-17,2025-06-06
20209,2025,6,6,5,LAX,ORD,815,815,0,1439,1413,-26,2025-06-06
20210,2025,6,6,5,LAX,ORD,936,945,9,1544,1615,31,2025-06-06
20211,2025,6,6,5,LAX,ORD,1040,1042,2,1656,1649,-7,2025-06-06
20212,2025,6,6,5,LAX,ORD,1105,1111,6,1717,1657,-20,2025-06-06
20213,2025,6,6,5,LAX,ORD,1145,1157,12,1753,1749,-4,2025-06-06
20214,2025,6,6,5,LAX,ORD,1237,1233,-4,1855,1832,-23,2025-06-06
20216,2025,6,6,5,LAX,ORD,1401,1356,-5,2025,2008,-17,2025-06-06
20218,2025,6,6,5,LAX,ORD,1636,1656,20,2255,2259,4,2025-06-06
20219,2025,6,6,5,LAX,ORD,1640,1640,0,2304,2237,-27,2025-06-06
20220,2025,6,6,5,LAX,ORD,1729,1728,-1,2335,2328,-7,2025-06-06
20221,2025,6,6,5,LAX,ORD,1738,1727,-11,2359,2316,-43,2025-06-06
20222,2025,6,6,5,LAX,ORD,2240,2240,0,451,430,-21,2025-06-06
20223,2025,6,6,5,LAX,ORD,2300,2255,-5,513,452,-21,2025-06-06
20224,2025,6,6,5,LAX,ORD,2325,2319,-6,533,502,-31,2025-06-06
20225,2025,6,6,5,LAX,PDX,700,654,-6,928,918,-10,2025-06-06
20226,2025,6,6,5,LAX,PDX,700,656,-4,924,916,-8,2025-06-06
20227,2025,6,6,5,LAX,PDX,925,919,-6,1152,1155,3,2025-06-06
20228,2025,6,6,5,LAX,PDX,940,935,-5,1204,1158,-6,2025-06-06
20229,2025,6,6,5,LAX,PDX,943,1008,25,1214,1229,15,2025-06-06
20230,2025,6,6,5,LAX,PDX,1110,1107,-3,1348,1350,2,2025-06-06
20231,2025,6,6,5,LAX,PDX,1343,1335,-8,1608,1547,-21,2025-06-06
20233,2025,6,6,5,LAX,PDX,1505,1501,-4,1733,1719,-14,2025-06-06
20234,2025,6,6,5,LAX,PDX,1638,1627,-11,1904,1840,-24,2025-06-06
20235,2025,6,6,5,LAX,PDX,1820,1816,-4,2048,2036,-12,2025-06-06
20237,2025,6,6,5,LAX,PDX,2020,2120,60,2241,2335,54,2025-06-06
20238,2025,6,6,5,LAX,PDX,2133,2129,-4,2359,2345,-14,2025-06-06
20239,2025,6,6,5,LAX,PHL,108,101,-7,916,916,0,2025-06-06
20240,2025,6,6,5,LAX,PHL,645,638,-7,1454,1436,-18,2025-06-06
20241,2025,6,6,5,LAX,PHL,745,739,-6,1556,1534,-22,2025-06-06
20242,2025,6,6,5,LAX,PHL,900,915,15,1718,1816,58,2025-06-06
20243,2025,6,6,5,LAX,PHL,1140,1211,31,1956,2039,43,2025-06-06
20244,2025,6,6,5,LAX,PHL,1442,1435,-7,2254,2257,3,2025-06-06
20245,2025,6,6,5,LAX,PHL,1630,1619,-11,43,5,-38,2025-06-06
20246,2025,6,6,5,LAX,PHL,2220,2224,4,630,609,-21,2025-06-06
20248,2025,6,6,5,LAX,PHL,2253,2249,-4,705,646,-19,2025-06-06
20249,2025,6,6,5,LAX,PHX,525,528,3,655,703,8,2025-06-06
20250,2025,6,6,5,LAX,PHX,610,604,-6,739,733,-6,2025-06-06
20251,2025,6,6,5,LAX,PHX,713,720,7,834,841,7,2025-06-06
20252,2025,6,6,5,LAX,PHX,750,749,-1,915,908,-7,2025-06-06
20253,2025,6,6,5,LAX,PHX,815,805,-10,951,932,-19,2025-06-06
20254,2025,6,6,5,LAX,PHX,1000,952,-8,1127,1145,18,2025-06-06
20255,2025,6,6,5,LAX,PHX,1015,1006,-9,1145,1152,7,2025-06-06
20256,2025,6,6,5,LAX,PHX,1105,1103,-2,1235,1230,-5,2025-06-06
20257,2025,6,6,5,LAX,PHX,1325,1316,-9,1450,1439,-11,2025-06-06
20258,2025,6,6,5,LAX,PHX,1325,1316,-9,1503,1445,-18,2025-06-06
20259,2025,6,6,5,LAX,PHX,1428,1422,-6,1607,1545,-22,2025-06-06
20260,2025,6,6,5,LAX,PHX,1430,1429,-1,1555,1554,-1,2025-06-06
20261,2025,6,6,5,LAX,PHX,1440,1507,27,1610,1624,14,2025-06-06
20262,2025,6,6,5,LAX,PHX,1632,1637,5,1759,1803,4,2025-06-06
20263,2025,6,6,5,LAX,PHX,1744,1734,-10,1909,1852,-17,2025-06-06
20264,2025,6,6,5,LAX,PHX,1910,1908,-2,2039,2025,-14,2025-06-06
20267,2025,6,6,5,LAX,PHX,2130,2120,-10,2257,2244,-13,2025-06-06
20269,2025,6,6,5,LAX,PHX,2235,2235,0,13,11,-2,2025-06-06
20270,2025,6,6,5,LAX,PIT,915,910,-5,1700,1730,30,2025-06-06
20272,2025,6,6,5,LAX,PSC,2022,2048,26,2257,2335,38,2025-06-06
20273,2025,6,6,5,LAX,RDD,1250,1243,-7,1439,1417,-22,2025-06-06
20274,2025,6,6,5,LAX,RDM,1245,1254,9,1503,1501,-2,2025-06-06
20275,2025,6,6,5,LAX,RDU,857,850,-7,1654,1711,17,2025-06-06
20276,2025,6,6,5,LAX,RDU,1150,1154,4,1940,1957,17,2025-06-06
20277,2025,6,6,5,LAX,RDU,2220,2222,2,618,611,-7,2025-06-06
20278,2025,6,6,5,LAX,RNO,959,954,-5,1128,1112,-16,2025-06-06
20279,2025,6,6,5,LAX,RNO,1019,1012,-7,1200,1142,-18,2025-06-06
20280,2025,6,6,5,LAX,RNO,1425,1443,18,1550,1601,11,2025-06-06
20281,2025,6,6,5,LAX,RNO,1504,1457,-7,1632,1624,-8,2025-06-06
20282,2025,6,6,5,LAX,RNO,1710,1734,24,1844,1856,12,2025-06-06
20284,2025,6,6,5,LAX,RNO,2055,2050,-5,2221,2228,7,2025-06-06
20285,2025,6,6,5,LAX,RNO,2159,2151,-8,2332,2320,-12,2025-06-06
20286,2025,6,6,5,LAX,SAN,825,815,-10,921,910,-11,2025-06-06
20287,2025,6,6,5,LAX,SAN,920,918,-2,1024,1039,15,2025-06-06
20288,2025,6,6,5,LAX,SAN,1406,1400,-6,1457,1457,0,2025-06-06
20289,2025,6,6,5,LAX,SAN,1759,1748,-11,1851,1847,-4,2025-06-06
20290,2025,6,6,5,LAX,SAN,1846,1847,1,1947,1948,1,2025-06-06
20291,2025,6,6,5,LAX,SAN,2217,2211,-6,2311,2302,-9,2025-06-06
20292,2025,6,6,5,LAX,SAN,2245,2246,1,2346,2,16,2025-06-06
20293,2025,6,6,5,LAX,SAT,854,851,-3,1342,1351,9,2025-06-06
20294,2025,6,6,5,LAX,SAT,855,852,-3,1350,1412,22,2025-06-06
20295,2025,6,6,5,LAX,SAT,912,906,-6,1419,1424,5,2025-06-06
20296,2025,6,6,5,LAX,SAT,1410,1411,1,1910,1845,-25,2025-06-06
20297,2025,6,6,5,LAX,SAT,1700,1650,-10,2158,2134,-24,2025-06-06
20298,2025,6,6,5,LAX,SAT,1857,1849,-8,2342,2328,-14,2025-06-06
20299,2025,6,6,5,LAX,SBA,1520,1514,-6,1612,1557,-15,2025-06-06
20300,2025,6,6,5,LAX,SBA,2300,2313,13,2358,19,21,2025-06-06
20301,2025,6,6,5,LAX,SBP,1500,1557,57,1601,1707,66,2025-06-06
20302,2025,6,6,5,LAX,SBP,2232,2232,0,2336,2327,-9,2025-06-06
20303,2025,6,6,5,LAX,SDF,746,740,-6,1456,1423,-33,2025-06-06
20304,2025,6,6,5,LAX,SEA,600,557,-3,856,901,5,2025-06-06
20305,2025,6,6,5,LAX,SEA,700,653,-7,955,935,-20,2025-06-06
20306,2025,6,6,5,LAX,SEA,700,653,-7,1003,932,-31,2025-06-06
20307,2025,6,6,5,LAX,SEA,800,755,-5,1058,1131,33,2025-06-06
20308,2025,6,6,5,LAX,SEA,838,827,-11,1133,1111,-22,2025-06-06
20309,2025,6,6,5,LAX,SEA,935,926,-9,1230,1234,4,2025-06-06
20310,2025,6,6,5,LAX,SEA,935,936,1,1233,1225,-8,2025-06-06
20311,2025,6,6,5,LAX,SEA,1110,1103,-7,1401,1402,1,2025-06-06
20312,2025,6,6,5,LAX,SEA,1115,1107,-8,1409,1358,-11,2025-06-06
20313,2025,6,6,5,LAX,SEA,1130,1121,-9,1430,1405,-25,2025-06-06
20314,2025,6,6,5,LAX,SEA,1155,1151,-4,1450,1433,-17,2025-06-06
20315,2025,6,6,5,LAX,SEA,1351,1350,-1,1645,1621,-24,2025-06-06
20316,2025,6,6,5,LAX,SEA,1358,1412,14,1653,1709,16,2025-06-06
20317,2025,6,6,5,LAX,SEA,1536,1530,-6,1827,1814,-13,2025-06-06
20318,2025,6,6,5,LAX,SEA,1745,1748,3,2035,2029,-6,2025-06-06
20319,2025,6,6,5,LAX,SEA,1755,1751,-4,2049,2036,-13,2025-06-06
20321,2025,6,6,5,LAX,SEA,1907,1859,-8,2158,2144,-14,2025-06-06
20322,2025,6,6,5,LAX,SEA,1955,1954,-1,2247,2330,43,2025-06-06
20323,2025,6,6,5,LAX,SEA,1955,2016,21,2251,2258,7,2025-06-06
20324,2025,6,6,5,LAX,SEA,2110,2103,-7,2359,2352,-7,2025-06-06
20326,2025,6,6,5,LAX,SFO,600,552,-8,738,719,-19,2025-06-06
20327,2025,6,6,5,LAX,SFO,600,618,18,731,737,6,2025-06-06
20328,2025,6,6,5,LAX,SFO,630,623,-7,753,737,-16,2025-06-06
20329,2025,6,6,5,LAX,SFO,630,628,-2,750,744,-6,2025-06-06
20330,2025,6,6,5,LAX,SFO,700,704,4,836,814,-22,2025-06-06
20331,2025,6,6,5,LAX,SFO,805,804,-1,945,1001,16,2025-06-06
20332,2025,6,6,5,LAX,SFO,840,836,-4,1010,1021,11,2025-06-06
20333,2025,6,6,5,LAX,SFO,910,903,-7,1045,1048,3,2025-06-06
20334,2025,6,6,5,LAX,SFO,1000,1006,6,1120,1115,-5,2025-06-06
20335,2025,6,6,5,LAX,SFO,1015,1009,-6,1145,1153,8,2025-06-06
20336,2025,6,6,5,LAX,SFO,1026,1019,-7,1159,1143,-16,2025-06-06
20337,2025,6,6,5,LAX,SFO,1100,1055,-5,1231,1221,-10,2025-06-06
20338,2025,6,6,5,LAX,SFO,1220,1220,0,1343,1338,-5,2025-06-06
20339,2025,6,6,5,LAX,SFO,1339,1359,20,1507,1506,-1,2025-06-06
20340,2025,6,6,5,LAX,SFO,1355,1404,9,1515,1512,-3,2025-06-06
20341,2025,6,6,5,LAX,SFO,1422,1417,-5,1548,1535,-13,2025-06-06
20342,2025,6,6,5,LAX,SFO,1600,1556,-4,1728,1713,-15,2025-06-06
20343,2025,6,6,5,LAX,SFO,1610,1601,-9,1739,1713,-26,2025-06-06
20344,2025,6,6,5,LAX,SFO,1625,1647,22,1748,1756,8,2025-06-06
20345,2025,6,6,5,LAX,SFO,1630,1641,11,1755,1744,-11,2025-06-06
20346,2025,6,6,5,LAX,SFO,1710,1706,-4,1840,1820,-20,2025-06-06
20347,2025,6,6,5,LAX,SFO,1740,1739,-1,1902,1857,-5,2025-06-06
20348,2025,6,6,5,LAX,SFO,1813,1822,9,1948,1934,-14,2025-06-06
20349,2025,6,6,5,LAX,SFO,1831,1822,-9,1958,1936,-22,2025-06-06
20350,2025,6,6,5,LAX,SFO,1840,1835,-5,2009,1948,-21,2025-06-06
20351,2025,6,6,5,LAX,SFO,1855,1851,-4,2015,2005,-10,2025-06-06
20352,2025,6,6,5,LAX,SFO,1925,1919,-6,2057,2047,-10,2025-06-06
20353,2025,6,6,5,LAX,SFO,1935,1931,-4,2058,2054,-4,2025-06-06
20354,2025,6,6,5,LAX,SFO,1955,2009,14,2125,2113,-12,2025-06-06
20355,2025,6,6,5,LAX,SFO,2130,2130,0,2302,2251,-11,2025-06-06
20356,2025,6,6,5,LAX,SFO,2145,2136,-9,2309,2248,-21,2025-06-06
20357,2025,6,6,5,LAX,SFO,2225,2219,-6,2352,2354,2,2025-06-06
20358,2025,6,6,5,LAX,SGF,600,557,-3,1117,1111,-6,2025-06-06
20360,2025,6,6,5,LAX,SJC,605,558,-7,725,720,-5,2025-06-06
20361,2025,6,6,5,LAX,SJC,655,716,21,810,827,17,2025-06-06
20362,2025,6,6,5,LAX,SJC,900,854,-6,1020,1004,-16,2025-06-06
20363,2025,6,6,5,LAX,SJC,914,906,-8,1033,1029,-4,2025-06-06
20364,2025,6,6,5,LAX,SJC,1025,1032,7,1140,1136,-4,2025-06-06
20365,2025,6,6,5,LAX,SJC,1139,1132,-7,1257,1236,-21,2025-06-06
20366,2025,6,6,5,LAX,SJC,1405,1432,27,1520,1530,10,2025-06-06
20367,2025,6,6,5,LAX,SJC,1406,1358,-8,1520,1504,-16,2025-06-06
20368,2025,6,6,5,LAX,SJC,1628,1709,41,1745,1813,28,2025-06-06
20369,2025,6,6,5,LAX,SJC,1635,1638,3,1750,1739,-11,2025-06-06
20370,2025,6,6,5,LAX,SJC,1810,1805,-5,1925,1912,-13,2025-06-06
20371,2025,6,6,5,LAX,SJC,2059,2054,-5,2213,2200,-13,2025-06-06
20372,2025,6,6,5,LAX,SJC,2120,2212,52,2245,2315,30,2025-06-06
20373,2025,6,6,5,LAX,SLC,600,553,-7,855,850,-5,2025-06-06
20374,2025,6,6,5,LAX,SLC,700,653,-7,955,932,-23,2025-06-06
20375,2025,6,6,5,LAX,SLC,915,912,-3,1211,1207,-4,2025-06-06
20376,2025,6,6,5,LAX,SLC,1005,1007,2,1255,1307,12,2025-06-06
20377,2025,6,6,5,LAX,SLC,1135,1128,-7,1429,1411,-18,2025-06-06
20378,2025,6,6,5,LAX,SLC,1309,1306,-3,1608,1555,-13,2025-06-06
20379,2025,6,6,5,LAX,SLC,1313,1312,-1,1608,1601,-7,2025-06-06
20380,2025,6,6,5,LAX,SLC,1705,1658,-7,2000,1959,-1,2025-06-06
20381,2025,6,6,5,LAX,SLC,1845,1838,-7,2139,2119,-20,2025-06-06
20382,2025,6,6,5,LAX,SLC,1925,1916,-9,2215,2152,-23,2025-06-06
20383,2025,6,6,5,LAX,SMF,600,552,-8,725,724,-1,2025-06-06
20384,2025,6,6,5,LAX,SMF,758,814,16,924,930,6,2025-06-06
20385,2025,6,6,5,LAX,SMF,810,807,-3,940,920,-20,2025-06-06
20386,2025,6,6,5,LAX,SMF,815,811,-4,952,937,-15,2025-06-06
20387,2025,6,6,5,LAX,SMF,946,1008,22,1123,1139,16,2025-06-06
20388,2025,6,6,5,LAX,SMF,1013,1003,-10,1145,1127,-18,2025-06-06
20389,2025,6,6,5,LAX,SMF,1140,1152,12,1305,1306,1,2025-06-06
20390,2025,6,6,5,LAX,SMF,1325,1318,-7,1457,1433,-24,2025-06-06
20391,2025,6,6,5,LAX,SMF,1557,1608,11,1726,1729,3,2025-06-06
20392,2025,6,6,5,LAX,SMF,1620,1704,44,1745,1829,44,2025-06-06
20393,2025,6,6,5,LAX,SMF,1630,1633,3,1801,1756,-5,2025-06-06
20394,2025,6,6,5,LAX,SMF,1705,1656,-9,1837,1826,-11,2025-06-06
20395,2025,6,6,5,LAX,SMF,1810,1813,3,1937,1932,-5,2025-06-06
20396,2025,6,6,5,LAX,SMF,1922,1921,-1,2101,2046,-15,2025-06-06
20397,2025,6,6,5,LAX,SMF,2030,2049,19,2155,2203,8,2025-06-06
20398,2025,6,6,5,LAX,SMF,2056,2049,-7,2228,2224,-4,2025-06-06
20400,2025,6,6,5,LAX,STL,510,537,27,1050,1102,12,2025-06-06
20401,2025,6,6,5,LAX,STL,1733,1811,38,2259,2332,33,2025-06-06
20402,2025,6,6,5,LAX,STL,1905,1904,-1,40,34,-6,2025-06-06
20403,2025,6,6,5,LAX,STS,925,924,-1,1106,1109,3,2025-06-06
20404,2025,6,6,5,LAX,STS,2156,2210,14,2330,2329,-1,2025-06-06
20405,2025,6,6,5,LAX,SUN,830,826,-4,1143,1148,5,2025-06-06
20406,2025,6,6,5,LAX,TPA,1025,1021,-4,1806,1807,1,2025-06-06
20407,2025,6,6,5,LAX,TPA,2210,2159,-11,540,516,-24,2025-06-06
20408,2025,6,6,5,LAX,TPA,2359,2353,-6,756,724,-32,2025-06-06
20409,2025,6,6,5,LAX,TUL,745,741,-4,1243,1229,-14,2025-06-06
20410,2025,6,6,5,LAX,TUL,930,930,0,1440,1456,16,2025-06-06
20411,2025,6,6,5,LAX,TUS,822,812,-10,1003,953,-10,2025-06-06
20412,2025,6,6,5,LAX,TUS,935,937,2,1106,1137,31,2025-06-06
20413,2025,6,6,5,LAX,TUS,1240,1240,0,1410,1355,-15,2025-06-06
20414,2025,6,6,5,LAX,TUS,1418,1426,8,1549,1551,2,2025-06-06
20415,2025,6,6,5,LAX,TUS,1458,1513,15,1627,1643,16,2025-06-06
20416,2025,6,6,5,LAX,TUS,1818,1813,-5,1949,1947,-2,2025-06-06
20417,2025,6,6,5,LAX,TUS,1859,1854,-5,2031,2030,-1,2025-06-06
20418,2025,6,6,5,LAX,XNA,914,944,30,1438,1519,41,2025-06-06
23638,2025,6,7,6,LAX,ABQ,725,722,-3,1025,1001,-24,2025-06-07
23639,2025,6,7,6,LAX,ABQ,800,750,-10,1108,1042,-26,2025-06-07
23640,2025,6,7,6,LAX,ABQ,859,849,-10,1204,1136,-28,2025-06-07
23641,2025,6,7,6,LAX,ABQ,1849,1904,15,2152,2148,-4,2025-06-07
23642,2025,6,7,6,LAX,ABQ,1959,1955,-4,2255,2240,-15,2025-06-07
23643,2025,6,7,6,LAX,ACV,1315,1306,-9,1513,1503,-10,2025-06-07
23644,2025,6,7,6,LAX,ANC,900,851,-9,1319,1248,-31,2025-06-07
23645,2025,6,7,6,LAX,ANC,1945,2003,18,20,16,-4,2025-06-07
23646,2025,6,7,6,LAX,ASE,1040,1036,-4,1356,1343,-13,2025-06-07
23649,2025,6,7,6,LAX,ATL,615,612,-3,1338,1334,-4,2025-06-07
23650,2025,6,7,6,LAX,ATL,730,727,-3,1447,1425,-22,2025-06-07
23651,2025,6,7,6,LAX,ATL,835,903,28,1604,1628,24,2025-06-07
23652,2025,6,7,6,LAX,ATL,935,935,0,1658,1639,-19,2025-06-07
23654,2025,6,7,6,LAX,ATL,1105,1105,0,1830,1906,36,2025-06-07
23655,2025,6,7,6,LAX,ATL,1205,1215,10,1924,1910,-14,2025-06-07
23656,2025,6,7,6,LAX,ATL,1237,1234,-3,1959,1956,-3,2025-06-07
23657,2025,6,7,6,LAX,ATL,1305,1300,-5,2035,1958,-37,2025-06-07
23659,2025,6,7,6,LAX,ATL,1600,1545,-15,2322,2304,-18,2025-06-07
23660,2025,6,7,6,LAX,ATL,1700,1731,31,21,39,18,2025-06-07
23662,2025,6,7,6,LAX,ATL,2145,2144,-1,501,441,-20,2025-06-07
23663,2025,6,7,6,LAX,ATL,2250,2338,48,610,639,29,2025-06-07
23664,2025,6,7,6,LAX,ATL,2310,2302,-8,633,603,-30,2025-06-07
23665,2025,6,7,6,LAX,ATL,2345,6,21,706,704,-2,2025-06-07
23666,2025,6,7,6,LAX,AUS,600,554,-6,1105,1037,-28,2025-06-07
23667,2025,6,7,6,LAX,AUS,645,640,-5,1140,1121,-19,2025-06-07
23668,2025,6,7,6,LAX,AUS,745,833,48,1246,1326,40,2025-06-07
23669,2025,6,7,6,LAX,AUS,925,916,-9,1451,1359,-52,2025-06-07
23670,2025,6,7,6,LAX,AUS,1015,1000,-15,1521,1503,-18,2025-06-07
23671,2025,6,7,6,LAX,AUS,1555,1545,-10,2054,2025,-29,2025-06-07
23672,2025,6,7,6,LAX,AUS,1614,1609,-5,2114,2050,-24,2025-06-07
23674,2025,6,7,6,LAX,AUS,1835,1818,-17,2338,2301,-37,2025-06-07
23675,2025,6,7,6,LAX,AUS,1840,1831,-9,2358,2318,-40,2025-06-07
23676,2025,6,7,6,LAX,BNA,645,708,23,1250,1317,27,2025-06-07
23677,2025,6,7,6,LAX,BNA,655,648,-7,1250,1236,-14,2025-06-07
23680,2025,6,7,6,LAX,BNA,1500,1457,-3,2056,2032,-24,2025-06-07
23681,2025,6,7,6,LAX,BNA,2250,2244,-6,500,413,-47,2025-06-07
23682,2025,6,7,6,LAX,BOI,1155,1210,15,1459,1502,3,2025-06-07
23683,2025,6,7,6,LAX,BOI,1240,1235,-5,1554,1531,-23,2025-06-07
23684,2025,6,7,6,LAX,BOI,1945,1940,-5,2252,2245,-7,2025-06-07
23685,2025,6,7,6,LAX,BOI,2025,2017,-8,2328,2328,0,2025-06-07
23686,2025,6,7,6,LAX,BOS,600,547,-13,1439,1410,-29,2025-06-07
23687,2025,6,7,6,LAX,BOS,700,656,-4,1535,1524,-11,2025-06-07
23688,2025,6,7,6,LAX,BOS,750,743,-7,1632,1603,-29,2025-06-07
23689,2025,6,7,6,LAX,BOS,830,825,-5,1713,1639,-34,2025-06-07
23690,2025,6,7,6,LAX,BOS,840,834,-6,1716,1650,-26,2025-06-07
23691,2025,6,7,6,LAX,BOS,1130,1125,-5,2003,1934,-29,2025-06-07
23692,2025,6,7,6,LAX,BOS,1520,1514,-6,2348,2329,-19,2025-06-07
23694,2025,6,7,6,LAX,BOS,2234,2226,-8,715,647,-28,2025-06-07
23695,2025,6,7,6,LAX,BOS,2250,2246,-4,728,713,-15,2025-06-07
23696,2025,6,7,6,LAX,BUF,1410,1404,-6,2200,2129,-31,2025-06-07
23697,2025,6,7,6,LAX,BWI,630,631,1,1430,1407,-23,2025-06-07
23698,2025,6,7,6,LAX,BWI,1136,1137,1,1939,1918,-21,2025-06-07
23700,2025,6,7,6,LAX,BWI,2055,2104,9,500,444,-16,2025-06-07
23701,2025,6,7,6,LAX,BWI,2359,2358,-1,807,813,6,2025-06-07
23702,2025,6,7,6,LAX,BZN,1121,1117,-4,1450,1437,-13,2025-06-07
23703,2025,6,7,6,LAX,BZN,1800,1752,-8,2139,2121,-18,2025-06-07
23704,2025,6,7,6,LAX,CID,640,634,-6,1215,1151,-24,2025-06-07
23705,2025,6,7,6,LAX,CLE,1222,1216,-6,1955,1936,-19,2025-06-07
23706,2025,6,7,6,LAX,CLE,2245,2238,-7,617,610,-7,2025-06-07
23707,2025,6,7,6,LAX,CLT,605,604,-1,1354,1335,-19,2025-06-07
23708,2025,6,7,6,LAX,CLT,759,855,56,1545,1618,33,2025-06-07
23709,2025,6,7,6,LAX,CLT,911,905,-6,1700,1647,-13,2025-06-07
23710,2025,6,7,6,LAX,CLT,1154,1204,10,1945,1946,1,2025-06-07
23711,2025,6,7,6,LAX,CLT,1413,1503,50,2202,2250,48,2025-06-07
23712,2025,6,7,6,LAX,CLT,2148,2147,-1,529,459,-30,2025-06-07
23714,2025,6,7,6,LAX,CLT,2349,5,16,735,723,-12,2025-06-07
23715,2025,6,7,6,LAX,CMH,902,852,-10,1641,1552,-49,2025-06-07
23716,2025,6,7,6,LAX,DAL,500,455,-5,1005,950,-15,2025-06-07
23717,2025,6,7,6,LAX,DAL,815,814,-1,1330,1257,-33,2025-06-07
23718,2025,6,7,6,LAX,DAL,1320,1339,19,1830,1823,-7,2025-06-07
23719,2025,6,7,6,LAX,DAL,1810,1814,4,2320,2250,-30,2025-06-07
23720,2025,6,7,6,LAX,DCA,800,753,-7,1605,1528,-37,2025-06-07
23721,2025,6,7,6,LAX,DCA,819,812,-7,1622,1547,-35,2025-06-07
23722,2025,6,7,6,LAX,DCA,1228,1225,-3,2029,1957,-32,2025-06-07
23723,2025,6,7,6,LAX,DCA,1248,1249,1,2059,2021,-38,2025-06-07
23724,2025,6,7,6,LAX,DEN,515,511,-4,840,823,-17,2025-06-07
23725,2025,6,7,6,LAX,DEN,522,515,-7,841,827,-14,2025-06-07
23726,2025,6,7,6,LAX,DEN,615,618,3,948,956,8,2025-06-07
23727,2025,6,7,6,LAX,DEN,704,656,-8,1029,1014,-15,2025-06-07
23728,2025,6,7,6,LAX,DEN,740,739,-1,1100,1048,-12,2025-06-07
23729,2025,6,7,6,LAX,DEN,746,738,-8,1110,1057,-13,2025-06-07
23730,2025,6,7,6,LAX,DEN,815,814,-1,1139,1121,-18,2025-06-07
23731,2025,6,7,6,LAX,DEN,900,855,-5,1227,1201,-26,2025-06-07
23732,2025,6,7,6,LAX,DEN,1020,1019,-1,1345,1339,-6,2025-06-07
23733,2025,6,7,6,LAX,DEN,1050,1042,-8,1425,1354,-31,2025-06-07
23734,2025,6,7,6,LAX,DEN,1052,1046,-6,1419,1408,-11,2025-06-07
23735,2025,6,7,6,LAX,DEN,1255,1333,38,1623,1649,26,2025-06-07
23736,2025,6,7,6,LAX,DEN,1338,1404,26,1701,1718,17,2025-06-07
23737,2025,6,7,6,LAX,DEN,1435,1433,-2,1805,1750,-15,2025-06-07
23738,2025,6,7,6,LAX,DEN,1457,1449,-8,1819,1810,-9,2025-06-07
23739,2025,6,7,6,LAX,DEN,1520,1525,5,1845,1833,-12,2025-06-07
23740,2025,6,7,6,LAX,DEN,1611,1607,-4,1940,1923,-17,2025-06-07
23741,2025,6,7,6,LAX,DEN,1918,1913,-5,2247,2226,-21,2025-06-07
23742,2025,6,7,6,LAX,DEN,1920,1930,10,2245,2239,-6,2025-06-07
23743,2025,6,7,6,LAX,DEN,1945,1934,-11,2309,2247,-22,2025-06-07
23744,2025,6,7,6,LAX,DEN,2030,2024,-6,2354,2336,-18,2025-06-07
23745,2025,6,7,6,LAX,DFW,35,29,-6,532,536,4,2025-06-07
23746,2025,6,7,6,LAX,DFW,40,40,0,545,549,4,2025-06-07
23747,2025,6,7,6,LAX,DFW,130,129,-1,633,624,-9,2025-06-07
23748,2025,6,7,6,LAX,DFW,530,524,-6,1038,1004,-34,2025-06-07
23749,2025,6,7,6,LAX,DFW,600,609,9,1120,1111,-9,2025-06-07
23750,2025,6,7,6,LAX,DFW,700,657,-3,1209,1154,-15,2025-06-07
23751,2025,6,7,6,LAX,DFW,800,757,-3,1312,1249,-23,2025-06-07
23752,2025,6,7,6,LAX,DFW,845,840,-5,1353,1340,-13,2025-06-07
23754,2025,6,7,6,LAX,DFW,1037,1051,14,1545,1559,14,2025-06-07
23756,2025,6,7,6,LAX,DFW,1433,1425,-8,1943,1916,-27,2025-06-07
23757,2025,6,7,6,LAX,DFW,1545,1545,0,2056,2114,18,2025-06-07
23758,2025,6,7,6,LAX,DFW,1636,1632,-4,2147,2123,-24,2025-06-07
23759,2025,6,7,6,LAX,DFW,1835,1846,11,2347,2328,-19,2025-06-07
23760,2025,6,7,6,LAX,DFW,1859,1852,-7,2359,2339,-20,2025-06-07
23761,2025,6,7,6,LAX,DFW,1900,1853,-7,23,2351,-32,2025-06-07
23762,2025,6,7,6,LAX,DFW,2359,11,12,506,501,-5,2025-06-07
23763,2025,6,7,6,LAX,DTW,59,148,49,825,856,31,2025-06-07
23764,2025,6,7,6,LAX,DTW,535,526,-9,1301,1239,-22,2025-06-07
23765,2025,6,7,6,LAX,DTW,950,947,-3,1710,1651,-19,2025-06-07
23766,2025,6,7,6,LAX,DTW,959,954,-5,1723,1711,-12,2025-06-07
23767,2025,6,7,6,LAX,DTW,1147,1142,-5,1911,1851,-20,2025-06-07
23768,2025,6,7,6,LAX,DTW,1552,1556,4,2318,2315,-3,2025-06-07
23769,2025,6,7,6,LAX,DTW,2235,2228,-7,600,549,-11,2025-06-07
23770,2025,6,7,6,LAX,ELP,1120,1122,2,1420,1412,-8,2025-06-07
23771,2025,6,7,6,LAX,ELP,1430,1430,0,1731,1727,-4,2025-06-07
23772,2025,6,7,6,LAX,ELP,1947,1947,0,2247,2240,-7,2025-06-07
23773,2025,6,7,6,LAX,EUG,2059,2058,-1,2320,2308,-12,2025-06-07
23774,2025,6,7,6,LAX,EWR,600,556,-4,1434,1414,-20,2025-06-07
23775,2025,6,7,6,LAX,EWR,700,648,-12,1540,1458,-42,2025-06-07
23776,2025,6,7,6,LAX,EWR,700,659,-1,1534,1531,-3,2025-06-07
23777,2025,6,7,6,LAX,EWR,754,811,17,1629,1618,-11,2025-06-07
23779,2025,6,7,6,LAX,EWR,1015,1014,-1,1854,1804,-50,2025-06-07
23780,2025,6,7,6,LAX,EWR,1021,1020,-1,1900,1824,-36,2025-06-07
23781,2025,6,7,6,LAX,EWR,1145,1141,-4,2024,1944,-40,2025-06-07
23782,2025,6,7,6,LAX,EWR,1330,1335,5,2152,2129,-23,2025-06-07
23783,2025,6,7,6,LAX,EWR,1423,1422,-1,2249,2226,-23,2025-06-07
23784,2025,6,7,6,LAX,EWR,2055,2140,45,508,533,25,2025-06-07
23785,2025,6,7,6,LAX,EWR,2220,2216,-4,648,616,-32,2025-06-07
23786,2025,6,7,6,LAX,EWR,2243,2243,0,659,652,-7,2025-06-07
23787,2025,6,7,6,LAX,EWR,2359,3,4,812,813,1,2025-06-07
23789,2025,6,7,6,LAX,FAT,1910,1904,-6,2024,2020,-4,2025-06-07
23790,2025,6,7,6,LAX,FAT,2238,2228,-10,2352,2331,-21,2025-06-07
23791,2025,6,7,6,LAX,FCA,922,913,-9,1321,1317,-4,2025-06-07
23792,2025,6,7,6,LAX,FLL,830,825,-5,1637,1611,-26,2025-06-07
23793,2025,6,7,6,LAX,FLL,1047,1041,-6,1859,1824,-35,2025-06-07
23794,2025,6,7,6,LAX,FLL,1353,1343,-10,2200,2124,-36,2025-06-07
23796,2025,6,7,6,LAX,FLL,2305,2301,-4,655,643,-12,2025-06-07
23797,2025,6,7,6,LAX,GEG,1116,1124,8,1356,1350,-6,2025-06-07
23798,2025,6,7,6,LAX,GEG,1905,1854,-11,2140,2134,-6,2025-06-07
23799,2025,6,7,6,LAX,GEG,1945,1934,-11,2222,2202,-20,2025-06-07
23800,2025,6,7,6,LAX,GRR,1621,1641,20,2327,2332,5,2025-06-07
23801,2025,6,7,6,LAX,HNL,700,655,-5,940,935,-5,2025-06-07
23802,2025,6,7,6,LAX,HNL,705,656,-9,1010,945,-25,2025-06-07
23803,2025,6,7,6,LAX,HNL,830,825,-5,1121,1101,-20,2025-06-07
23804,2025,6,7,6,LAX,HNL,835,829,-6,1117,1100,-17,2025-06-07
23805,2025,6,7,6,LAX,HNL,849,907,18,1137,1131,-6,2025-06-07
23806,2025,6,7,6,LAX,HNL,1000,956,-4,1240,1223,-17,2025-06-07
23807,2025,6,7,6,LAX,HNL,1115,1112,-3,1404,1359,-5,2025-06-07
23808,2025,6,7,6,LAX,HNL,1315,1311,-4,1601,1557,-4,2025-06-07
23809,2025,6,7,6,LAX,HNL,1345,1347,2,1632,1627,-5,2025-06-07
23810,2025,6,7,6,LAX,HNL,1444,1510,26,1728,1805,37,2025-06-07
23811,2025,6,7,6,LAX,HNL,1710,1702,-8,1944,1943,-1,2025-06-07
23812,2025,6,7,6,LAX,HNL,1755,1752,-3,2040,2047,7,2025-06-07
23815,2025,6,7,6,LAX,HNL,1825,1838,13,2115,2124,9,2025-06-07
23816,2025,6,7,6,LAX,HNL,1845,1839,-6,2128,2115,-13,2025-06-07
23817,2025,6,7,6,LAX,HNL,1913,1915,2,2155,2209,14,2025-06-07
23818,2025,6,7,6,LAX,HNL,2050,2047,-3,2329,1,32,2025-06-07
23819,2025,6,7,6,LAX,HOU,505,504,-1,1030,1013,-17,2025-06-07
23820,2025,6,7,6,LAX,HOU,1320,1340,20,1845,1841,-4,2025-06-07
23821,2025,6,7,6,LAX,HOU,2350,2344,-6,515,431,-44,2025-06-07
23822,2025,6,7,6,LAX,IAD,620,613,-7,1423,1404,-19,2025-06-07
23823,2025,6,7,6,LAX,IAD,800,754,-6,1614,1522,-52,2025-06-07
23824,2025,6,7,6,LAX,IAD,815,812,-3,1621,1556,-25,2025-06-07
23825,2025,6,7,6,LAX,IAD,1115,1117,2,1920,1914,-6,2025-06-07
23826,2025,6,7,6,LAX,IAD,1245,1239,-6,2050,2014,-36,2025-06-07
23827,2025,6,7,6,LAX,IAD,2250,2350,60,639,736,57,2025-06-07
23828,2025,6,7,6,LAX,IAH,56,48,-8,618,611,-7,2025-06-07
23829,2025,6,7,6,LAX,IAH,515,511,-4,1042,1021,-21,2025-06-07
23830,2025,6,7,6,LAX,IAH,715,709,-6,1244,1221,-23,2025-06-07
23831,2025,6,7,6,LAX,IAH,840,835,-5,1409,1336,-33,2025-06-07
23832,2025,6,7,6,LAX,IAH,920,906,-14,1439,1438,-1,2025-06-07
23833,2025,6,7,6,LAX,IAH,1015,1014,-1,1540,1522,-18,2025-06-07
23834,2025,6,7,6,LAX,IAH,1133,1128,-5,1653,1633,-20,2025-06-07
23835,2025,6,7,6,LAX,IAH,1310,1338,28,1840,1850,10,2025-06-07
23836,2025,6,7,6,LAX,IAH,1358,1349,-9,1925,1903,-22,2025-06-07
23837,2025,6,7,6,LAX,IAH,1418,1456,38,1956,2003,7,2025-06-07
23838,2025,6,7,6,LAX,IAH,1810,1803,-7,2333,2308,-25,2025-06-07
23839,2025,6,7,6,LAX,IAH,1920,1914,-6,43,17,-26,2025-06-07
23840,2025,6,7,6,LAX,IND,1036,1034,-2,1747,1722,-25,2025-06-07
23842,2025,6,7,6,LAX,JAC,1030,1022,-8,1348,1327,-21,2025-06-07
23843,2025,6,7,6,LAX,JAC,1235,1307,32,1552,1637,45,2025-06-07
23844,2025,6,7,6,LAX,JFK,600,553,-7,1434,1415,-19,2025-06-07
23845,2025,6,7,6,LAX,JFK,600,554,-6,1430,1434,4,2025-06-07
23846,2025,6,7,6,LAX,JFK,700,651,-9,1535,1508,-27,2025-06-07
23847,2025,6,7,6,LAX,JFK,700,657,-3,1525,1509,-16,2025-06-07
23848,2025,6,7,6,LAX,JFK,755,749,-6,1632,1612,-20,2025-06-07
23849,2025,6,7,6,LAX,JFK,819,819,0,1658,1644,-14,2025-06-07
23851,2025,6,7,6,LAX,JFK,1021,1022,1,1859,1925,26,2025-06-07
23853,2025,6,7,6,LAX,JFK,1130,1122,-8,2006,2014,8,2025-06-07
23854,2025,6,7,6,LAX,JFK,1145,1145,0,2030,2042,12,2025-06-07
23855,2025,6,7,6,LAX,JFK,1225,1221,-4,2059,2136,37,2025-06-07
23857,2025,6,7,6,LAX,JFK,1320,1345,25,2205,2213,8,2025-06-07
23859,2025,6,7,6,LAX,JFK,1520,1535,15,2354,2355,1,2025-06-07
23860,2025,6,7,6,LAX,JFK,1620,1615,-5,57,43,-14,2025-06-07
23861,2025,6,7,6,LAX,JFK,2053,2117,24,530,529,-1,2025-06-07
23862,2025,6,7,6,LAX,JFK,2121,2146,25,555,553,-2,2025-06-07
23863,2025,6,7,6,LAX,JFK,2125,2156,31,559,613,14,2025-06-07
23864,2025,6,7,6,LAX,JFK,2252,2304,12,732,728,-4,2025-06-07
23865,2025,6,7,6,LAX,JFK,2355,2346,-9,830,807,-23,2025-06-07
23866,2025,6,7,6,LAX,JFK,2359,29,30,837,901,24,2025-06-07
23867,2025,6,7,6,LAX,KOA,725,727,2,1005,1004,-1,2025-06-07
23868,2025,6,7,6,LAX,KOA,903,853,-10,1143,1123,-20,2025-06-07
23869,2025,6,7,6,LAX,KOA,1100,1050,-10,1335,1323,-12,2025-06-07
23870,2025,6,7,6,LAX,KOA,1119,1117,-2,1355,1348,-7,2025-06-07
23871,2025,6,7,6,LAX,KOA,1629,1640,11,1910,1909,-1,2025-06-07
23872,2025,6,7,6,LAX,KOA,1725,1713,-12,2003,1955,-8,2025-06-07
23873,2025,6,7,6,LAX,LAS,525,526,1,640,636,-4,2025-06-07
23874,2025,6,7,6,LAX,LAS,730,718,-12,842,827,-15,2025-06-07
23875,2025,6,7,6,LAX,LAS,820,822,2,945,921,-24,2025-06-07
23876,2025,6,7,6,LAX,LAS,826,821,-5,951,937,-14,2025-06-07
23877,2025,6,7,6,LAX,LAS,1019,1017,-2,1131,1120,-11,2025-06-07
23878,2025,6,7,6,LAX,LAS,1030,1025,-5,1147,1130,-17,2025-06-07
23879,2025,6,7,6,LAX,LAS,1137,1139,2,1252,1248,-4,2025-06-07
23880,2025,6,7,6,LAX,LAS,1330,1338,8,1452,1444,-8,2025-06-07
23881,2025,6,7,6,LAX,LAS,1410,1416,6,1530,1510,-20,2025-06-07
23882,2025,6,7,6,LAX,LAS,1513,1512,-1,1625,1612,-13,2025-06-07
23883,2025,6,7,6,LAX,LAS,1548,1637,49,1713,1756,43,2025-06-07
23884,2025,6,7,6,LAX,LAS,1610,1609,-1,1725,1707,-18,2025-06-07
23885,2025,6,7,6,LAX,LAS,1850,1906,16,2000,2012,12,2025-06-07
23886,2025,6,7,6,LAX,LAS,1852,1845,-7,2010,1956,-14,2025-06-07
23887,2025,6,7,6,LAX,LAS,1930,1925,-5,2052,2029,-23,2025-06-07
23888,2025,6,7,6,LAX,LAS,1948,2034,46,2100,2139,39,2025-06-07
23890,2025,6,7,6,LAX,LAS,2205,2156,-9,2325,2301,-24,2025-06-07
23891,2025,6,7,6,LAX,LAS,2305,2325,20,27,32,5,2025-06-07
23892,2025,6,7,6,LAX,LIH,720,714,-6,1020,1000,-20,2025-06-07
23893,2025,6,7,6,LAX,LIH,842,838,-4,1138,1127,-11,2025-06-07
23895,2025,6,7,6,LAX,LIH,903,859,-4,1204,1154,-10,2025-06-07
23896,2025,6,7,6,LAX,LIH,1500,1500,0,1749,1753,4,2025-06-07
23897,2025,6,7,6,LAX,LIH,1730,1724,-6,2025,2012,-13,2025-06-07
23898,2025,6,7,6,LAX,LIT,1542,1539,-3,2106,2058,-8,2025-06-07
23899,2025,6,7,6,LAX,MCI,730,726,-4,1245,1235,-10,2025-06-07
23900,2025,6,7,6,LAX,MCI,1501,1453,-8,2012,1947,-25,2025-06-07
23901,2025,6,7,6,LAX,MCI,1815,1810,-5,2324,2321,-3,2025-06-07
23902,2025,6,7,6,LAX,MCI,1825,1900,35,2340,2400,20,2025-06-07
23903,2025,6,7,6,LAX,MCO,700,652,-8,1449,1431,-18,2025-06-07
23904,2025,6,7,6,LAX,MCO,700,654,-6,1508,1434,-34,2025-06-07
23905,2025,6,7,6,LAX,MCO,1115,1112,-3,1910,1854,-16,2025-06-07
23906,2025,6,7,6,LAX,MCO,1120,1123,3,1914,1857,-17,2025-06-07
23907,2025,6,7,6,LAX,MCO,1401,1439,38,2214,2221,7,2025-06-07
23908,2025,6,7,6,LAX,MCO,1611,1614,3,2357,2346,-11,2025-06-07
23909,2025,6,7,6,LAX,MCO,2135,2132,-3,536,509,-27,2025-06-07
23910,2025,6,7,6,LAX,MCO,2200,2158,-2,542,529,-13,2025-06-07
23911,2025,6,7,6,LAX,MCO,2249,2251,2,647,626,-21,2025-06-07
23912,2025,6,7,6,LAX,MDW,540,603,23,1145,1157,12,2025-06-07
23913,2025,6,7,6,LAX,MDW,1155,1210,15,1755,1744,-11,2025-06-07
23914,2025,6,7,6,LAX,MDW,1640,1705,25,2245,2237,-8,2025-06-07
23915,2025,6,7,6,LAX,MDW,2255,2251,-4,500,433,-27,2025-06-07
23916,2025,6,7,6,LAX,MIA,600,552,-8,1413,1328,-45,2025-06-07
23917,2025,6,7,6,LAX,MIA,745,742,-3,1554,1519,-35,2025-06-07
23918,2025,6,7,6,LAX,MIA,955,950,-5,1755,1725,-30,2025-06-07
23919,2025,6,7,6,LAX,MIA,1005,1007,2,1816,1755,-21,2025-06-07
23921,2025,6,7,6,LAX,MIA,1500,1503,3,2310,2245,-25,2025-06-07
23922,2025,6,7,6,LAX,MIA,2140,2142,2,550,519,-31,2025-06-07
23923,2025,6,7,6,LAX,MIA,2249,2244,-5,701,616,-45,2025-06-07
23924,2025,6,7,6,LAX,MIA,2343,2342,-1,750,725,-25,2025-06-07
23925,2025,6,7,6,LAX,MRY,820,816,-4,942,936,-6,2025-06-07
23926,2025,6,7,6,LAX,MRY,1823,1816,-7,1937,1924,-13,2025-06-07
23927,2025,6,7,6,LAX,MSO,1131,1138,7,1510,1507,-3,2025-06-07
23928,2025,6,7,6,LAX,MSP,50,112,22,633,639,6,2025-06-07
23929,2025,6,7,6,LAX,MSP,615,606,-9,1153,1146,-7,2025-06-07
23930,2025,6,7,6,LAX,MSP,835,834,-1,1417,1352,-25,2025-06-07
23931,2025,6,7,6,LAX,MSP,1200,1156,-4,1740,1716,-24,2025-06-07
23932,2025,6,7,6,LAX,MSP,1317,1318,1,1855,1851,-4,2025-06-07
23933,2025,6,7,6,LAX,MSP,1840,1853,13,14,15,1,2025-06-07
23934,2025,6,7,6,LAX,MSP,2359,2351,-8,543,538,-5,2025-06-07
23935,2025,6,7,6,LAX,MSY,715,706,-9,1252,1252,0,2025-06-07
23936,2025,6,7,6,LAX,MSY,1050,1056,6,1640,1623,-17,2025-06-07
23937,2025,6,7,6,LAX,MSY,1800,1815,15,2334,2341,7,2025-06-07
23938,2025,6,7,6,LAX,OAK,535,527,-8,655,642,-13,2025-06-07
23939,2025,6,7,6,LAX,OAK,850,856,6,1015,1005,-10,2025-06-07
23940,2025,6,7,6,LAX,OAK,1245,1248,3,1405,1355,-10,2025-06-07
23941,2025,6,7,6,LAX,OAK,1720,1719,-1,1845,1826,-19,2025-06-07
23942,2025,6,7,6,LAX,OAK,2040,2040,0,2205,2146,-19,2025-06-07
23943,2025,6,7,6,LAX,OGG,745,740,-5,1025,1018,-7,2025-06-07
23944,2025,6,7,6,LAX,OGG,800,757,-3,1035,1037,2,2025-06-07
23945,2025,6,7,6,LAX,OGG,902,901,-1,1147,1133,-14,2025-06-07
23946,2025,6,7,6,LAX,OGG,908,906,-2,1145,1130,-15,2025-06-07
23947,2025,6,7,6,LAX,OGG,1048,1040,-8,1327,1322,-5,2025-06-07
23948,2025,6,7,6,LAX,OGG,1650,1705,15,1925,1942,17,2025-06-07
23949,2025,6,7,6,LAX,OGG,1655,1645,-10,1934,1929,-5,2025-06-07
23950,2025,6,7,6,LAX,OGG,1754,1751,-3,2030,2026,-4,2025-06-07
23951,2025,6,7,6,LAX,OKC,900,852,-8,1400,1334,-26,2025-06-07
23952,2025,6,7,6,LAX,OKC,1732,1758,26,2230,2236,6,2025-06-07
23953,2025,6,7,6,LAX,OMA,620,615,-5,1132,1119,-13,2025-06-07
23954,2025,6,7,6,LAX,OMA,1236,1227,-9,1752,1741,-11,2025-06-07
23955,2025,6,7,6,LAX,ORD,23,45,22,635,645,10,2025-06-07
23956,2025,6,7,6,LAX,ORD,32,37,5,638,633,-5,2025-06-07
23957,2025,6,7,6,LAX,ORD,41,38,-3,642,644,2,2025-06-07
23958,2025,6,7,6,LAX,ORD,530,525,-5,1136,1105,-31,2025-06-07
23959,2025,6,7,6,LAX,ORD,545,539,-6,1157,1135,-22,2025-06-07
23960,2025,6,7,6,LAX,ORD,605,558,-7,1221,1212,-9,2025-06-07
23961,2025,6,7,6,LAX,ORD,800,804,4,1415,1411,-4,2025-06-07
23962,2025,6,7,6,LAX,ORD,815,809,-6,1439,1442,3,2025-06-07
23963,2025,6,7,6,LAX,ORD,936,932,-4,1544,1529,-15,2025-06-07
23964,2025,6,7,6,LAX,ORD,1040,1040,0,1656,1645,-11,2025-06-07
23968,2025,6,7,6,LAX,ORD,1401,1354,-7,2025,2021,-4,2025-06-07
23971,2025,6,7,6,LAX,ORD,1640,1632,-8,2304,2233,-31,2025-06-07
23973,2025,6,7,6,LAX,ORD,2240,2234,-6,451,434,-17,2025-06-07
23974,2025,6,7,6,LAX,ORD,2300,2303,3,513,451,-22,2025-06-07
23975,2025,6,7,6,LAX,ORD,2325,1,36,533,542,9,2025-06-07
23976,2025,6,7,6,LAX,PDX,700,653,-7,924,912,-12,2025-06-07
23977,2025,6,7,6,LAX,PDX,700,655,-5,928,921,-7,2025-06-07
23978,2025,6,7,6,LAX,PDX,925,912,-13,1152,1133,-19,2025-06-07
23979,2025,6,7,6,LAX,PDX,940,934,-6,1204,1145,-19,2025-06-07
23981,2025,6,7,6,LAX,PDX,1343,1330,-13,1608,1605,-3,2025-06-07
23982,2025,6,7,6,LAX,PDX,1357,1356,-1,1624,1614,-10,2025-06-07
23983,2025,6,7,6,LAX,PDX,1600,1551,-9,1828,1805,-23,2025-06-07
23984,2025,6,7,6,LAX,PDX,1820,1815,-5,2048,2025,-23,2025-06-07
23985,2025,6,7,6,LAX,PDX,2006,2005,-1,2230,2224,-6,2025-06-07
23986,2025,6,7,6,LAX,PDX,2020,2009,-11,2241,2243,2,2025-06-07
23988,2025,6,7,6,LAX,PHL,108,140,32,916,925,9,2025-06-07
23989,2025,6,7,6,LAX,PHL,645,705,20,1454,1450,-4,2025-06-07
23990,2025,6,7,6,LAX,PHL,745,749,4,1556,1544,-12,2025-06-07
23991,2025,6,7,6,LAX,PHL,900,855,-5,1718,1652,-26,2025-06-07
23992,2025,6,7,6,LAX,PHL,1215,1215,0,2025,2004,-21,2025-06-07
23993,2025,6,7,6,LAX,PHL,1442,1435,-7,2254,2227,-27,2025-06-07
23994,2025,6,7,6,LAX,PHL,1630,1623,-7,43,7,-36,2025-06-07
23995,2025,6,7,6,LAX,PHL,2235,2249,14,658,647,-11,2025-06-07
23996,2025,6,7,6,LAX,PHL,2253,2253,0,705,649,-16,2025-06-07
23997,2025,6,7,6,LAX,PHX,500,453,-7,630,605,-25,2025-06-07
23998,2025,6,7,6,LAX,PHX,610,601,-9,739,726,-13,2025-06-07
23999,2025,6,7,6,LAX,PHX,713,705,-8,834,838,4,2025-06-07
24000,2025,6,7,6,LAX,PHX,815,815,0,951,945,-6,2025-06-07
24001,2025,6,7,6,LAX,PHX,940,946,6,1110,1103,-7,2025-06-07
24002,2025,6,7,6,LAX,PHX,1000,954,-6,1127,1114,-13,2025-06-07
24003,2025,6,7,6,LAX,PHX,1015,1011,-4,1145,1133,-12,2025-06-07
24004,2025,6,7,6,LAX,PHX,1230,1249,19,1355,1409,14,2025-06-07
24005,2025,6,7,6,LAX,PHX,1325,1330,5,1450,1447,-3,2025-06-07
24006,2025,6,7,6,LAX,PHX,1428,1430,2,1607,1601,-6,2025-06-07
24007,2025,6,7,6,LAX,PHX,1430,1424,-6,1555,1551,-4,2025-06-07
24009,2025,6,7,6,LAX,PHX,1744,1740,-4,1909,1903,-6,2025-06-07
24010,2025,6,7,6,LAX,PHX,1910,1902,-8,2039,2019,-20,2025-06-07
24011,2025,6,7,6,LAX,PHX,1920,1928,8,2050,2048,-2,2025-06-07
24012,2025,6,7,6,LAX,PHX,1935,1927,-8,2103,2100,-3,2025-06-07
24013,2025,6,7,6,LAX,PHX,2055,2059,4,2225,2217,-8,2025-06-07
24014,2025,6,7,6,LAX,PHX,2130,2121,-9,2257,2239,-18,2025-06-07
24015,2025,6,7,6,LAX,PHX,2235,2227,-8,13,2359,-14,2025-06-07
24016,2025,6,7,6,LAX,PIT,915,908,-7,1700,1626,-34,2025-06-07
24018,2025,6,7,6,LAX,PSC,2022,2020,-2,2257,2243,-14,2025-06-07
24019,2025,6,7,6,LAX,RDD,1257,1253,-4,1446,1444,-2,2025-06-07
24020,2025,6,7,6,LAX,RDM,1245,1243,-2,1503,1439,-24,2025-06-07
24021,2025,6,7,6,LAX,RDU,1150,1146,-4,1940,1916,-24,2025-06-07
24022,2025,6,7,6,LAX,RDU,2220,2215,-5,618,537,-41,2025-06-07
24023,2025,6,7,6,LAX,RNO,959,951,-8,1128,1103,-25,2025-06-07
24024,2025,6,7,6,LAX,RNO,1504,1459,-5,1632,1611,-21,2025-06-07
24025,2025,6,7,6,LAX,RNO,1720,1725,5,1854,1857,3,2025-06-07
24026,2025,6,7,6,LAX,RNO,2015,2006,-9,2149,2129,-20,2025-06-07
24027,2025,6,7,6,LAX,RNO,2055,2050,-5,2221,2213,-8,2025-06-07
24028,2025,6,7,6,LAX,RNO,2110,2117,7,2240,2227,-13,2025-06-07
24029,2025,6,7,6,LAX,RNO,2159,2148,-11,2332,2310,-22,2025-06-07
24030,2025,6,7,6,LAX,SAN,825,833,8,921,924,3,2025-06-07
24031,2025,6,7,6,LAX,SAN,920,918,-2,1024,1004,-20,2025-06-07
24032,2025,6,7,6,LAX,SAN,1406,1450,44,1457,1533,36,2025-06-07
24033,2025,6,7,6,LAX,SAN,1759,1751,-8,1851,1841,-10,2025-06-07
24034,2025,6,7,6,LAX,SAN,1852,1849,-3,1953,1939,-14,2025-06-07
24035,2025,6,7,6,LAX,SAN,2217,2208,-9,2311,2252,-19,2025-06-07
24036,2025,6,7,6,LAX,SAN,2245,2244,-1,2346,2345,-1,2025-06-07
24037,2025,6,7,6,LAX,SAT,850,844,-6,1345,1332,-13,2025-06-07
24038,2025,6,7,6,LAX,SAT,854,843,-11,1342,1319,-23,2025-06-07
24039,2025,6,7,6,LAX,SAT,912,933,21,1419,1424,5,2025-06-07
24040,2025,6,7,6,LAX,SAT,1700,1649,-11,2158,2130,-28,2025-06-07
24041,2025,6,7,6,LAX,SAT,1810,1816,6,2305,2255,-10,2025-06-07
24042,2025,6,7,6,LAX,SAT,1857,1848,-9,2342,2323,-19,2025-06-07
24043,2025,6,7,6,LAX,SBA,1520,1515,-5,1612,1556,-16,2025-06-07
24044,2025,6,7,6,LAX,SBA,2300,2257,-3,2358,2354,-4,2025-06-07
24045,2025,6,7,6,LAX,SBP,1500,1449,-11,1601,1543,-18,2025-06-07
24046,2025,6,7,6,LAX,SBP,2232,2228,-4,2336,2324,-12,2025-06-07
24047,2025,6,7,6,LAX,SDF,730,727,-3,1440,1417,-23,2025-06-07
24048,2025,6,7,6,LAX,SEA,700,651,-9,955,941,-14,2025-06-07
24050,2025,6,7,6,LAX,SEA,800,801,1,1058,1053,-5,2025-06-07
24051,2025,6,7,6,LAX,SEA,838,838,0,1133,1120,-13,2025-06-07
24052,2025,6,7,6,LAX,SEA,935,931,-4,1233,1200,-33,2025-06-07
24053,2025,6,7,6,LAX,SEA,1115,1144,29,1409,1427,18,2025-06-07
24054,2025,6,7,6,LAX,SEA,1130,1137,7,1431,1404,-27,2025-06-07
24055,2025,6,7,6,LAX,SEA,1150,1150,0,1438,1424,-14,2025-06-07
24056,2025,6,7,6,LAX,SEA,1155,1216,21,1450,1452,2,2025-06-07
24057,2025,6,7,6,LAX,SEA,1351,1345,-6,1645,1616,-29,2025-06-07
24058,2025,6,7,6,LAX,SEA,1505,1507,2,1756,1748,-8,2025-06-07
24059,2025,6,7,6,LAX,SEA,1608,1641,33,1859,1912,13,2025-06-07
24060,2025,6,7,6,LAX,SEA,1745,1737,-8,2035,2022,-13,2025-06-07
24061,2025,6,7,6,LAX,SEA,1755,1745,-10,2049,2013,-36,2025-06-07
24062,2025,6,7,6,LAX,SEA,1845,1837,-8,2136,2127,-9,2025-06-07
24063,2025,6,7,6,LAX,SEA,1850,1900,10,2145,2159,14,2025-06-07
24064,2025,6,7,6,LAX,SEA,1907,1900,-7,2158,2136,-22,2025-06-07
24065,2025,6,7,6,LAX,SEA,1955,1946,-9,2251,2229,-22,2025-06-07
24066,2025,6,7,6,LAX,SEA,1955,1953,-2,2247,2302,15,2025-06-07
24067,2025,6,7,6,LAX,SEA,2110,2059,-11,2359,2400,1,2025-06-07
24068,2025,6,7,6,LAX,SFO,520,516,-4,640,628,-12,2025-06-07
24069,2025,6,7,6,LAX,SFO,600,558,-2,738,714,-24,2025-06-07
24070,2025,6,7,6,LAX,SFO,630,620,-10,753,733,-20,2025-06-07
24071,2025,6,7,6,LAX,SFO,700,651,-9,836,817,-19,2025-06-07
24072,2025,6,7,6,LAX,SFO,805,759,-6,949,920,-29,2025-06-07
24073,2025,6,7,6,LAX,SFO,837,831,-6,1007,1016,9,2025-06-07
24074,2025,6,7,6,LAX,SFO,910,901,-9,1045,1035,-10,2025-06-07
24075,2025,6,7,6,LAX,SFO,927,928,1,1058,1046,-12,2025-06-07
24076,2025,6,7,6,LAX,SFO,945,1003,18,1110,1145,35,2025-06-07
24077,2025,6,7,6,LAX,SFO,1015,1013,-2,1145,1200,15,2025-06-07
24078,2025,6,7,6,LAX,SFO,1026,1019,-7,1203,1156,-7,2025-06-07
24079,2025,6,7,6,LAX,SFO,1220,1211,-9,1343,1328,-15,2025-06-07
24080,2025,6,7,6,LAX,SFO,1339,1436,57,1507,1552,45,2025-06-07
24081,2025,6,7,6,LAX,SFO,1353,1428,35,1516,1533,17,2025-06-07
24082,2025,6,7,6,LAX,SFO,1422,1415,-7,1548,1532,-16,2025-06-07
24083,2025,6,7,6,LAX,SFO,1600,1555,-5,1728,1707,-21,2025-06-07
24084,2025,6,7,6,LAX,SFO,1610,1611,1,1739,1738,-1,2025-06-07
24085,2025,6,7,6,LAX,SFO,1625,1616,-9,1748,1724,-24,2025-06-07
24086,2025,6,7,6,LAX,SFO,1640,1641,1,1800,1744,-16,2025-06-07
24087,2025,6,7,6,LAX,SFO,1710,1703,-7,1840,1823,-17,2025-06-07
24090,2025,6,7,6,LAX,SFO,1831,1827,-4,1958,1935,-23,2025-06-07
24091,2025,6,7,6,LAX,SFO,1935,1928,-7,2058,2052,-6,2025-06-07
24092,2025,6,7,6,LAX,SFO,1935,1934,-1,2107,2126,19,2025-06-07
24093,2025,6,7,6,LAX,SFO,1955,1944,-11,2118,2053,-25,2025-06-07
24094,2025,6,7,6,LAX,SFO,1955,1954,-1,2125,2104,-21,2025-06-07
24095,2025,6,7,6,LAX,SFO,2055,2048,-7,2221,2240,19,2025-06-07
24096,2025,6,7,6,LAX,SFO,2225,2218,-7,2352,2329,-23,2025-06-07
24097,2025,6,7,6,LAX,SGU,1315,1342,27,1547,1604,17,2025-06-07
24098,2025,6,7,6,LAX,SJC,555,549,-6,710,701,-9,2025-06-07
24099,2025,6,7,6,LAX,SJC,655,646,-9,810,801,-9,2025-06-07
24100,2025,6,7,6,LAX,SJC,914,908,-6,1033,1021,-12,2025-06-07
24101,2025,6,7,6,LAX,SJC,1139,1129,-10,1257,1233,-24,2025-06-07
24102,2025,6,7,6,LAX,SJC,1145,1144,-1,1300,1240,-20,2025-06-07
24103,2025,6,7,6,LAX,SJC,1405,1424,19,1520,1525,5,2025-06-07
24104,2025,6,7,6,LAX,SJC,1406,1356,-10,1520,1507,-13,2025-06-07
24105,2025,6,7,6,LAX,SJC,1628,1616,-12,1745,1721,-24,2025-06-07
24106,2025,6,7,6,LAX,SJC,1716,1712,-4,1834,1825,-9,2025-06-07
24107,2025,6,7,6,LAX,SJC,1810,1807,-3,1925,1905,-20,2025-06-07
24108,2025,6,7,6,LAX,SJC,1930,1940,10,2045,2037,-8,2025-06-07
24109,2025,6,7,6,LAX,SLC,600,612,12,855,912,17,2025-06-07
24110,2025,6,7,6,LAX,SLC,700,653,-7,955,940,-15,2025-06-07
24111,2025,6,7,6,LAX,SLC,825,818,-7,1126,1125,-1,2025-06-07
24112,2025,6,7,6,LAX,SLC,915,931,16,1211,1209,-2,2025-06-07
24113,2025,6,7,6,LAX,SLC,1020,1024,4,1310,1309,-1,2025-06-07
24114,2025,6,7,6,LAX,SLC,1135,1132,-3,1428,1413,-15,2025-06-07
24115,2025,6,7,6,LAX,SLC,1328,1322,-6,1623,1604,-19,2025-06-07
24117,2025,6,7,6,LAX,SLC,1845,1845,0,2139,2133,-6,2025-06-07
24118,2025,6,7,6,LAX,SMF,530,520,-10,655,645,-10,2025-06-07
24119,2025,6,7,6,LAX,SMF,758,750,-8,924,911,-13,2025-06-07
24120,2025,6,7,6,LAX,SMF,946,939,-7,1123,1101,-22,2025-06-07
24121,2025,6,7,6,LAX,SMF,1013,1003,-10,1145,1124,-21,2025-06-07
24122,2025,6,7,6,LAX,SMF,1150,1154,4,1315,1310,-5,2025-06-07
24123,2025,6,7,6,LAX,SMF,1325,1318,-7,1457,1443,-14,2025-06-07
24124,2025,6,7,6,LAX,SMF,1557,1552,-5,1726,1713,-13,2025-06-07
24125,2025,6,7,6,LAX,SMF,1630,1636,6,1801,1757,-4,2025-06-07
24126,2025,6,7,6,LAX,SMF,1705,1705,0,1837,1833,-4,2025-06-07
24127,2025,6,7,6,LAX,SMF,1810,1803,-7,1934,1919,-15,2025-06-07
24128,2025,6,7,6,LAX,SMF,1922,1914,-8,2101,2031,-30,2025-06-07
24129,2025,6,7,6,LAX,SMF,2035,2031,-4,2200,2144,-16,2025-06-07
24130,2025,6,7,6,LAX,SMF,2056,2051,-5,2228,2213,-15,2025-06-07
24131,2025,6,7,6,LAX,STL,840,845,5,1425,1400,-25,2025-06-07
24132,2025,6,7,6,LAX,STL,1733,1724,-9,2259,2248,-11,2025-06-07
24133,2025,6,7,6,LAX,STL,1805,1820,15,2345,2336,-9,2025-06-07
24134,2025,6,7,6,LAX,STS,925,915,-10,1106,1100,-6,2025-06-07
24135,2025,6,7,6,LAX,STS,2156,2148,-8,2330,2307,-23,2025-06-07
24136,2025,6,7,6,LAX,TPA,1025,1017,-8,1806,1744,-22,2025-06-07
24137,2025,6,7,6,LAX,TPA,2359,2350,-9,756,727,-29,2025-06-07
24138,2025,6,7,6,LAX,TUL,930,926,-4,1440,1412,-28,2025-06-07
24139,2025,6,7,6,LAX,TUS,822,810,-12,1003,930,-33,2025-06-07
24140,2025,6,7,6,LAX,TUS,935,928,-7,1106,1049,-17,2025-06-07
24141,2025,6,7,6,LAX,TUS,1418,1413,-5,1549,1535,-14,2025-06-07
24143,2025,6,7,6,LAX,TUS,1818,1816,-2,1949,1947,-2,2025-06-07
24144,2025,6,7,6,LAX,TUS,1859,1854,-5,2031,2037,6,2025-06-07
24145,2025,6,7,6,LAX,TUS,1955,1947,-8,2135,2106,-29,2025-06-07
24146,2025,6,7,6,LAX,XNA,914,903,-11,1438,1431,-7,2025-06-07
24147,2025,6,7,6,LAX,XNA,1442,1433,-9,1952,1930,-22,2025-06-07
27128,2025,6,8,7,LAX,ABQ,800,756,-4,1108,1100,-8,2025-06-08
27129,2025,6,8,7,LAX,ABQ,855,847,-8,1158,1133,-25,2025-06-08
27130,2025,6,8,7,LAX,ABQ,1440,1502,22,1735,1739,4,2025-06-08
27131,2025,6,8,7,LAX,ABQ,1459,1455,-4,1802,1822,20,2025-06-08
27133,2025,6,8,7,LAX,ABQ,1958,2006,8,2258,2258,0,2025-06-08
27134,2025,6,8,7,LAX,ACV,1315,1308,-7,1513,1506,-7,2025-06-08
27135,2025,6,8,7,LAX,ANC,1945,1958,13,20,15,-5,2025-06-08
27136,2025,6,8,7,LAX,ASE,1040,1035,-5,1356,1345,-11,2025-06-08
27137,2025,6,8,7,LAX,ASE,1254,1242,-12,1605,1642,37,2025-06-08
27139,2025,6,8,7,LAX,ATL,620,615,-5,1342,1317,-25,2025-06-08
27140,2025,6,8,7,LAX,ATL,735,736,1,1448,1430,-18,2025-06-08
27141,2025,6,8,7,LAX,ATL,845,837,-8,1607,1537,-30,2025-06-08
27143,2025,6,8,7,LAX,ATL,953,956,3,1719,1659,-20,2025-06-08
27145,2025,6,8,7,LAX,ATL,1215,1223,8,1930,1922,-8,2025-06-08
27146,2025,6,8,7,LAX,ATL,1237,1311,34,1959,2027,28,2025-06-08
27148,2025,6,8,7,LAX,ATL,1315,1307,-8,2046,2014,-32,2025-06-08
27149,2025,6,8,7,LAX,ATL,1430,1430,0,2150,2128,-22,2025-06-08
27150,2025,6,8,7,LAX,ATL,1735,1759,24,54,112,18,2025-06-08
27151,2025,6,8,7,LAX,ATL,2121,2146,25,500,502,2,2025-06-08
27152,2025,6,8,7,LAX,ATL,2145,2202,17,500,507,7,2025-06-08
27153,2025,6,8,7,LAX,ATL,2245,2242,-3,600,539,-21,2025-06-08
27154,2025,6,8,7,LAX,ATL,2310,2304,-6,633,606,-27,2025-06-08
27155,2025,6,8,7,LAX,ATL,2345,2340,-5,706,632,-34,2025-06-08
27156,2025,6,8,7,LAX,AUS,510,504,-6,1010,946,-24,2025-06-08
27157,2025,6,8,7,LAX,AUS,615,609,-6,1117,1049,-28,2025-06-08
27158,2025,6,8,7,LAX,AUS,745,737,-8,1246,1221,-25,2025-06-08
27159,2025,6,8,7,LAX,AUS,746,738,-8,1244,1218,-26,2025-06-08
27160,2025,6,8,7,LAX,AUS,925,921,-4,1451,1420,-31,2025-06-08
27161,2025,6,8,7,LAX,AUS,1035,1031,-4,1545,1601,16,2025-06-08
27162,2025,6,8,7,LAX,AUS,1040,1040,0,1545,1526,-19,2025-06-08
27163,2025,6,8,7,LAX,AUS,1614,1703,49,2114,2145,31,2025-06-08
27164,2025,6,8,7,LAX,AUS,1620,1612,-8,2121,2052,-29,2025-06-08
27165,2025,6,8,7,LAX,AUS,1835,1828,-7,2338,2304,-34,2025-06-08
27166,2025,6,8,7,LAX,AUS,1850,1847,-3,2350,2330,-20,2025-06-08
27167,2025,6,8,7,LAX,AUS,1852,1853,1,10,2349,-21,2025-06-08
27168,2025,6,8,7,LAX,AUS,1930,2018,48,35,124,49,2025-06-08
27169,2025,6,8,7,LAX,BLI,1850,1851,1,2132,2131,-1,2025-06-08
27170,2025,6,8,7,LAX,BNA,700,659,-1,1257,1234,-23,2025-06-08
27171,2025,6,8,7,LAX,BNA,750,809,19,1355,1352,-3,2025-06-08
27172,2025,6,8,7,LAX,BNA,1036,1031,-5,1645,1619,-26,2025-06-08
27175,2025,6,8,7,LAX,BNA,1839,1849,10,37,34,-3,2025-06-08
27176,2025,6,8,7,LAX,BNA,2250,2255,5,500,428,-32,2025-06-08
27177,2025,6,8,7,LAX,BOI,1157,1211,14,1503,1500,-3,2025-06-08
27178,2025,6,8,7,LAX,BOI,1245,1238,-7,1559,1544,-15,2025-06-08
27180,2025,6,8,7,LAX,BOI,1959,2002,3,2301,2251,-10,2025-06-08
27181,2025,6,8,7,LAX,BOS,600,550,-10,1439,1415,-24,2025-06-08
27182,2025,6,8,7,LAX,BOS,640,633,-7,1515,1516,1,2025-06-08
27183,2025,6,8,7,LAX,BOS,750,748,-2,1632,1609,-23,2025-06-08
27184,2025,6,8,7,LAX,BOS,835,829,-6,1718,1711,-7,2025-06-08
27189,2025,6,8,7,LAX,BOS,1525,1612,47,2355,34,39,2025-06-08
27190,2025,6,8,7,LAX,BOS,2102,2100,-2,532,516,-16,2025-06-08
27191,2025,6,8,7,LAX,BOS,2213,2222,9,644,641,-3,2025-06-08
27192,2025,6,8,7,LAX,BOS,2234,2228,-6,715,636,-39,2025-06-08
27193,2025,6,8,7,LAX,BOS,2235,2230,-5,713,653,-20,2025-06-08
27194,2025,6,8,7,LAX,BUF,1410,1408,-2,2200,2141,-19,2025-06-08
27195,2025,6,8,7,LAX,BWI,500,500,0,1305,1250,-15,2025-06-08
27196,2025,6,8,7,LAX,BWI,1136,1129,-7,1939,1933,-6,2025-06-08
27197,2025,6,8,7,LAX,BWI,1345,1414,29,2150,2201,11,2025-06-08
27198,2025,6,8,7,LAX,BWI,2055,2102,7,500,438,-22,2025-06-08
27199,2025,6,8,7,LAX,BWI,2359,2350,-9,807,729,-38,2025-06-08
27200,2025,6,8,7,LAX,BZN,1121,1115,-6,1450,1455,5,2025-06-08
27201,2025,6,8,7,LAX,BZN,1800,1752,-8,2139,2133,-6,2025-06-08
27202,2025,6,8,7,LAX,CLE,1300,1303,3,2033,2023,-10,2025-06-08
27203,2025,6,8,7,LAX,CLE,2120,2108,-12,453,426,-27,2025-06-08
27204,2025,6,8,7,LAX,CLT,605,559,-6,1354,1323,-31,2025-06-08
27205,2025,6,8,7,LAX,CLT,759,754,-5,1545,1529,-16,2025-06-08
27208,2025,6,8,7,LAX,CLT,1402,1501,59,2155,2250,55,2025-06-08
27209,2025,6,8,7,LAX,CLT,2148,2214,26,529,543,14,2025-06-08
27210,2025,6,8,7,LAX,CLT,2249,2242,-7,635,611,-24,2025-06-08
27211,2025,6,8,7,LAX,CLT,2349,22,33,735,750,15,2025-06-08
27212,2025,6,8,7,LAX,CMH,925,1002,37,1701,1719,18,2025-06-08
27213,2025,6,8,7,LAX,CVG,1350,1350,0,2104,2111,7,2025-06-08
27215,2025,6,8,7,LAX,DAL,520,543,23,1025,1039,14,2025-06-08
27216,2025,6,8,7,LAX,DAL,745,745,0,1245,1240,-5,2025-06-08
27217,2025,6,8,7,LAX,DAL,1445,1537,52,1955,2036,41,2025-06-08
27218,2025,6,8,7,LAX,DAL,1720,1758,38,2230,2246,16,2025-06-08
27219,2025,6,8,7,LAX,DCA,759,754,-5,1600,1606,6,2025-06-08
27220,2025,6,8,7,LAX,DCA,819,813,-6,1622,1616,-6,2025-06-08
27221,2025,6,8,7,LAX,DCA,1228,1227,-1,2029,2014,-15,2025-06-08
27222,2025,6,8,7,LAX,DCA,1248,1246,-2,2059,2050,-9,2025-06-08
27223,2025,6,8,7,LAX,DEN,522,522,0,841,833,-8,2025-06-08
27224,2025,6,8,7,LAX,DEN,610,604,-6,935,917,-18,2025-06-08
27225,2025,6,8,7,LAX,DEN,615,611,-4,948,949,1,2025-06-08
27226,2025,6,8,7,LAX,DEN,706,658,-8,1031,1108,37,2025-06-08
27227,2025,6,8,7,LAX,DEN,746,807,21,1110,1143,33,2025-06-08
27228,2025,6,8,7,LAX,DEN,800,807,7,1125,1125,0,2025-06-08
27229,2025,6,8,7,LAX,DEN,804,754,-10,1133,1124,-9,2025-06-08
27230,2025,6,8,7,LAX,DEN,900,856,-4,1227,1213,-14,2025-06-08
27231,2025,6,8,7,LAX,DEN,1050,1046,-4,1425,1415,-10,2025-06-08
27232,2025,6,8,7,LAX,DEN,1052,1049,-3,1419,1409,-10,2025-06-08
27233,2025,6,8,7,LAX,DEN,1155,1156,1,1520,1512,-8,2025-06-08
27234,2025,6,8,7,LAX,DEN,1255,1250,-5,1623,1624,1,2025-06-08
27236,2025,6,8,7,LAX,DEN,1435,1500,25,1805,1856,51,2025-06-08
27238,2025,6,8,7,LAX,DEN,1505,1541,36,1830,1855,25,2025-06-08
27241,2025,6,8,7,LAX,DEN,1830,1838,8,2200,2153,-7,2025-06-08
27242,2025,6,8,7,LAX,DEN,1918,1916,-2,2247,2237,-10,2025-06-08
27243,2025,6,8,7,LAX,DEN,1945,1935,-10,2309,2311,2,2025-06-08
27244,2025,6,8,7,LAX,DEN,2025,2018,-7,2348,2334,-14,2025-06-08
27246,2025,6,8,7,LAX,DFW,35,27,-8,532,533,1,2025-06-08
27247,2025,6,8,7,LAX,DFW,130,203,33,633,649,16,2025-06-08
27248,2025,6,8,7,LAX,DFW,530,524,-6,1038,1023,-15,2025-06-08
27250,2025,6,8,7,LAX,DFW,700,658,-2,1209,1145,-24,2025-06-08
27251,2025,6,8,7,LAX,DFW,826,832,6,1339,1326,-13,2025-06-08
27252,2025,6,8,7,LAX,DFW,835,828,-7,1343,1316,-27,2025-06-08
27253,2025,6,8,7,LAX,DFW,930,951,21,1443,1440,-3,2025-06-08
27254,2025,6,8,7,LAX,DFW,1037,1044,7,1545,1535,-10,2025-06-08
27256,2025,6,8,7,LAX,DFW,1348,1346,-2,1859,1912,13,2025-06-08
27257,2025,6,8,7,LAX,DFW,1433,1430,-3,1943,1927,-16,2025-06-08
27261,2025,6,8,7,LAX,DFW,1855,1949,54,2356,103,67,2025-06-08
27263,2025,6,8,7,LAX,DFW,2359,2358,-1,509,453,-16,2025-06-08
27264,2025,6,8,7,LAX,DTW,530,528,-2,1257,1233,-24,2025-06-08
27265,2025,6,8,7,LAX,DTW,735,811,36,1456,1519,23,2025-06-08
27266,2025,6,8,7,LAX,DTW,925,924,-1,1652,1634,-18,2025-06-08
27267,2025,6,8,7,LAX,DTW,959,948,-11,1723,1656,-27,2025-06-08
27268,2025,6,8,7,LAX,DTW,1209,1213,4,1931,1924,-7,2025-06-08
27269,2025,6,8,7,LAX,DTW,1536,1529,-7,2304,2247,-17,2025-06-08
27270,2025,6,8,7,LAX,DTW,2126,2131,5,443,443,0,2025-06-08
27271,2025,6,8,7,LAX,DTW,2215,2211,-4,535,511,-24,2025-06-08
27272,2025,6,8,7,LAX,ELP,1125,1143,18,1425,1454,29,2025-06-08
27274,2025,6,8,7,LAX,ELP,1947,1943,-4,2247,2241,-6,2025-06-08
27275,2025,6,8,7,LAX,EUG,2059,2059,0,2320,2308,-12,2025-06-08
27276,2025,6,8,7,LAX,EWR,600,556,-4,1434,1404,-30,2025-06-08
27277,2025,6,8,7,LAX,EWR,700,653,-7,1534,1514,-20,2025-06-08
27278,2025,6,8,7,LAX,EWR,700,711,11,1540,1532,-8,2025-06-08
27279,2025,6,8,7,LAX,EWR,754,754,0,1629,1618,-11,2025-06-08
27280,2025,6,8,7,LAX,EWR,820,820,0,1645,1623,-22,2025-06-08
27281,2025,6,8,7,LAX,EWR,1015,1010,-5,1854,1816,-38,2025-06-08
27282,2025,6,8,7,LAX,EWR,1021,1019,-2,1900,1839,-21,2025-06-08
27283,2025,6,8,7,LAX,EWR,1100,1106,6,1939,1906,-33,2025-06-08
27284,2025,6,8,7,LAX,EWR,1145,1139,-6,2024,1955,-29,2025-06-08
27285,2025,6,8,7,LAX,EWR,1330,1419,49,2152,2212,20,2025-06-08
27286,2025,6,8,7,LAX,EWR,1423,1415,-8,2249,2221,-28,2025-06-08
27287,2025,6,8,7,LAX,EWR,1630,1628,-2,57,32,-25,2025-06-08
27289,2025,6,8,7,LAX,EWR,2143,2138,-5,559,543,-16,2025-06-08
27290,2025,6,8,7,LAX,EWR,2220,2220,0,648,621,-27,2025-06-08
27291,2025,6,8,7,LAX,EWR,2359,9,10,812,805,-7,2025-06-08
27292,2025,6,8,7,LAX,FAT,1030,1021,-9,1148,1146,-2,2025-06-08
27293,2025,6,8,7,LAX,FAT,1910,1904,-6,2024,2005,-19,2025-06-08
27294,2025,6,8,7,LAX,FAT,2238,2244,6,2352,5,13,2025-06-08
27295,2025,6,8,7,LAX,FCA,922,917,-5,1321,1310,-11,2025-06-08
27296,2025,6,8,7,LAX,FLL,830,822,-8,1637,1602,-35,2025-06-08
27297,2025,6,8,7,LAX,FLL,1047,1037,-10,1859,1819,-40,2025-06-08
27299,2025,6,8,7,LAX,FLL,1550,1545,-5,2341,2318,-23,2025-06-08
27300,2025,6,8,7,LAX,FLL,2100,2110,10,504,445,-19,2025-06-08
27301,2025,6,8,7,LAX,FLL,2309,2331,22,705,704,-1,2025-06-08
27302,2025,6,8,7,LAX,GEG,1114,1109,-5,1352,1328,-24,2025-06-08
27303,2025,6,8,7,LAX,GEG,1859,1849,-10,2133,2127,-6,2025-06-08
27304,2025,6,8,7,LAX,GEG,1945,1933,-12,2222,2207,-15,2025-06-08
27305,2025,6,8,7,LAX,HNL,700,658,-2,940,943,3,2025-06-08
27306,2025,6,8,7,LAX,HNL,705,702,-3,1010,954,-16,2025-06-08
27307,2025,6,8,7,LAX,HNL,825,824,-1,1107,1103,-4,2025-06-08
27308,2025,6,8,7,LAX,HNL,835,830,-5,1117,1119,2,2025-06-08
27309,2025,6,8,7,LAX,HNL,849,843,-6,1137,1133,-4,2025-06-08
27310,2025,6,8,7,LAX,HNL,1000,958,-2,1240,1243,3,2025-06-08
27311,2025,6,8,7,LAX,HNL,1115,1114,-1,1404,1355,-9,2025-06-08
27312,2025,6,8,7,LAX,HNL,1315,1310,-5,1601,1559,-2,2025-06-08
27313,2025,6,8,7,LAX,HNL,1335,1334,-1,1618,1623,5,2025-06-08
27314,2025,6,8,7,LAX,HNL,1444,1459,15,1728,1745,17,2025-06-08
27315,2025,6,8,7,LAX,HNL,1710,1705,-5,1944,1952,8,2025-06-08
27317,2025,6,8,7,LAX,HNL,1810,1816,6,2052,2103,11,2025-06-08
27318,2025,6,8,7,LAX,HNL,1820,1835,15,2057,2119,22,2025-06-08
27319,2025,6,8,7,LAX,HNL,1825,1840,15,2115,2127,12,2025-06-08
27320,2025,6,8,7,LAX,HNL,1845,1841,-4,2128,2113,-15,2025-06-08
27321,2025,6,8,7,LAX,HNL,1913,1937,24,2155,2235,40,2025-06-08
27322,2025,6,8,7,LAX,HNL,2050,2107,17,2329,1,32,2025-06-08
27323,2025,6,8,7,LAX,HOU,505,504,-1,1030,1006,-24,2025-06-08
27324,2025,6,8,7,LAX,HOU,1405,1434,29,1930,1934,4,2025-06-08
27325,2025,6,8,7,LAX,HOU,2350,13,23,515,513,-2,2025-06-08
27326,2025,6,8,7,LAX,IAD,620,618,-2,1423,1357,-26,2025-06-08
27327,2025,6,8,7,LAX,IAD,800,756,-4,1614,1604,-10,2025-06-08
27328,2025,6,8,7,LAX,IAD,815,807,-8,1621,1610,-11,2025-06-08
27329,2025,6,8,7,LAX,IAD,1058,1059,1,1903,1858,-5,2025-06-08
27330,2025,6,8,7,LAX,IAD,1315,1313,-2,2120,2109,-11,2025-06-08
27331,2025,6,8,7,LAX,IAD,1645,1645,0,44,49,5,2025-06-08
27332,2025,6,8,7,LAX,IAD,2135,2131,-4,537,538,1,2025-06-08
27333,2025,6,8,7,LAX,IAD,2250,2318,28,639,647,8,2025-06-08
27334,2025,6,8,7,LAX,IAH,56,50,-6,618,542,-36,2025-06-08
27335,2025,6,8,7,LAX,IAH,515,513,-2,1042,1022,-20,2025-06-08
27336,2025,6,8,7,LAX,IAH,715,711,-4,1244,1221,-23,2025-06-08
27337,2025,6,8,7,LAX,IAH,840,834,-6,1409,1351,-18,2025-06-08
27338,2025,6,8,7,LAX,IAH,845,839,-6,1407,1344,-23,2025-06-08
27339,2025,6,8,7,LAX,IAH,1015,1031,16,1540,1531,-9,2025-06-08
27340,2025,6,8,7,LAX,IAH,1133,1130,-3,1653,1636,-17,2025-06-08
27341,2025,6,8,7,LAX,IAH,1207,1256,49,1724,1750,26,2025-06-08
27342,2025,6,8,7,LAX,IAH,1310,1307,-3,1840,1822,-18,2025-06-08
27343,2025,6,8,7,LAX,IAH,1358,1351,-7,1925,1955,30,2025-06-08
27345,2025,6,8,7,LAX,IAH,1809,1805,-4,2328,2312,-16,2025-06-08
27346,2025,6,8,7,LAX,IAH,1810,1905,55,2333,2357,24,2025-06-08
27347,2025,6,8,7,LAX,IAH,1920,1914,-6,43,12,-31,2025-06-08
27348,2025,6,8,7,LAX,IAH,2342,2337,-5,455,429,-26,2025-06-08
27349,2025,6,8,7,LAX,ICT,620,611,-9,1114,1048,-26,2025-06-08
27350,2025,6,8,7,LAX,IND,1036,1042,6,1747,1733,-14,2025-06-08
27351,2025,6,8,7,LAX,IND,1412,1435,23,2114,2128,14,2025-06-08
27352,2025,6,8,7,LAX,IND,2314,2314,0,614,603,-11,2025-06-08
27353,2025,6,8,7,LAX,JAC,900,851,-9,1218,1206,-12,2025-06-08
27354,2025,6,8,7,LAX,JAC,1030,1024,-6,1348,1331,-17,2025-06-08
27355,2025,6,8,7,LAX,JAC,1235,1323,48,1552,1644,52,2025-06-08
27356,2025,6,8,7,LAX,JFK,600,550,-10,1434,1401,-33,2025-06-08
27357,2025,6,8,7,LAX,JFK,600,611,11,1430,1426,-4,2025-06-08
27358,2025,6,8,7,LAX,JFK,700,653,-7,1535,1515,-20,2025-06-08
27359,2025,6,8,7,LAX,JFK,700,655,-5,1535,1532,-3,2025-06-08
27360,2025,6,8,7,LAX,JFK,755,749,-6,1632,1603,-29,2025-06-08
27361,2025,6,8,7,LAX,JFK,819,812,-7,1658,1640,-18,2025-06-08
27362,2025,6,8,7,LAX,JFK,905,900,-5,1757,1733,-24,2025-06-08
27363,2025,6,8,7,LAX,JFK,955,1002,7,1835,1823,-12,2025-06-08
27365,2025,6,8,7,LAX,JFK,1021,1121,60,1859,1949,50,2025-06-08
27374,2025,6,8,7,LAX,JFK,1520,1544,24,2354,10,16,2025-06-08
27375,2025,6,8,7,LAX,JFK,1520,1554,34,2358,27,29,2025-06-08
27376,2025,6,8,7,LAX,JFK,1620,1614,-6,57,29,-28,2025-06-08
27377,2025,6,8,7,LAX,JFK,2053,2121,28,530,511,-19,2025-06-08
27378,2025,6,8,7,LAX,JFK,2121,2116,-5,555,527,-28,2025-06-08
27379,2025,6,8,7,LAX,JFK,2125,2122,-3,559,526,-33,2025-06-08
27380,2025,6,8,7,LAX,JFK,2140,2200,20,607,557,-10,2025-06-08
27381,2025,6,8,7,LAX,JFK,2250,2316,26,723,718,-5,2025-06-08
27383,2025,6,8,7,LAX,JFK,2355,1,6,830,823,-7,2025-06-08
27384,2025,6,8,7,LAX,JFK,2359,15,16,837,832,-5,2025-06-08
27385,2025,6,8,7,LAX,KOA,725,717,-8,1005,1002,-3,2025-06-08
27386,2025,6,8,7,LAX,KOA,910,906,-4,1150,1150,0,2025-06-08
27387,2025,6,8,7,LAX,KOA,1100,1050,-10,1335,1323,-12,2025-06-08
27388,2025,6,8,7,LAX,KOA,1119,1115,-4,1355,1402,7,2025-06-08
27389,2025,6,8,7,LAX,KOA,1629,1701,32,1859,1929,30,2025-06-08
27390,2025,6,8,7,LAX,KOA,1725,1719,-6,2003,2028,25,2025-06-08
27391,2025,6,8,7,LAX,LAS,555,551,-4,715,659,-16,2025-06-08
27392,2025,6,8,7,LAX,LAS,600,552,-8,719,704,-15,2025-06-08
27393,2025,6,8,7,LAX,LAS,730,721,-9,840,839,-1,2025-06-08
27394,2025,6,8,7,LAX,LAS,810,813,3,930,926,-4,2025-06-08
27395,2025,6,8,7,LAX,LAS,826,817,-9,951,929,-22,2025-06-08
27396,2025,6,8,7,LAX,LAS,935,935,0,1050,1034,-16,2025-06-08
27398,2025,6,8,7,LAX,LAS,1030,1023,-7,1147,1124,-23,2025-06-08
27399,2025,6,8,7,LAX,LAS,1140,1138,-2,1254,1309,15,2025-06-08
27400,2025,6,8,7,LAX,LAS,1305,1323,18,1425,1447,22,2025-06-08
27401,2025,6,8,7,LAX,LAS,1445,1440,-5,1607,1543,-24,2025-06-08
27402,2025,6,8,7,LAX,LAS,1505,1456,-9,1615,1614,-1,2025-06-08
27403,2025,6,8,7,LAX,LAS,1548,1544,-4,1713,1712,-1,2025-06-08
27404,2025,6,8,7,LAX,LAS,1705,1731,26,1825,1836,11,2025-06-08
27405,2025,6,8,7,LAX,LAS,1753,1757,4,1911,1914,3,2025-06-08
27406,2025,6,8,7,LAX,LAS,1850,1931,41,2000,2039,39,2025-06-08
27407,2025,6,8,7,LAX,LAS,1852,1944,52,2010,2105,55,2025-06-08
27408,2025,6,8,7,LAX,LAS,1930,1926,-4,2052,2034,-18,2025-06-08
27410,2025,6,8,7,LAX,LAS,1948,1945,-3,2100,2102,2,2025-06-08
27411,2025,6,8,7,LAX,LAS,1959,1951,-8,2110,2056,-14,2025-06-08
27412,2025,6,8,7,LAX,LAS,2000,2026,26,2125,2130,5,2025-06-08
27414,2025,6,8,7,LAX,LAS,2210,2200,-10,2328,2312,-16,2025-06-08
27415,2025,6,8,7,LAX,LAS,2215,2211,-4,2327,2321,-6,2025-06-08
27416,2025,6,8,7,LAX,LAS,2305,2257,-8,27,6,-21,2025-06-08
27417,2025,6,8,7,LAX,LIH,720,714,-6,1020,1003,-17,2025-06-08
27418,2025,6,8,7,LAX,LIH,842,839,-3,1138,1135,-3,2025-06-08
27419,2025,6,8,7,LAX,LIH,900,859,-1,1145,1144,-1,2025-06-08
27420,2025,6,8,7,LAX,LIH,903,856,-7,1204,1156,-8,2025-06-08
27421,2025,6,8,7,LAX,LIH,1425,1426,1,1708,1725,17,2025-06-08
27422,2025,6,8,7,LAX,MCI,745,743,-2,1255,1240,-15,2025-06-08
27423,2025,6,8,7,LAX,MCI,930,929,-1,1444,1441,-3,2025-06-08
27424,2025,6,8,7,LAX,MCI,1501,1457,-4,2012,2009,-3,2025-06-08
27425,2025,6,8,7,LAX,MCI,1815,1843,28,2327,2351,24,2025-06-08
27426,2025,6,8,7,LAX,MCO,700,651,-9,1458,1422,-36,2025-06-08
27427,2025,6,8,7,LAX,MCO,1002,957,-5,1804,1730,-34,2025-06-08
27428,2025,6,8,7,LAX,MCO,1035,1041,6,1838,1822,-16,2025-06-08
27430,2025,6,8,7,LAX,MCO,1401,1444,43,2214,2212,-2,2025-06-08
27431,2025,6,8,7,LAX,MCO,1605,1611,6,2359,2339,-20,2025-06-08
27432,2025,6,8,7,LAX,MCO,2145,2144,-1,532,517,-15,2025-06-08
27433,2025,6,8,7,LAX,MCO,2249,2243,-6,647,622,-25,2025-06-08
27434,2025,6,8,7,LAX,MCO,2256,2259,3,657,638,-19,2025-06-08
27435,2025,6,8,7,LAX,MDW,630,628,-2,1230,1212,-18,2025-06-08
27436,2025,6,8,7,LAX,MDW,1140,1136,-4,1740,1750,10,2025-06-08
27437,2025,6,8,7,LAX,MDW,1550,1558,8,2150,2143,-7,2025-06-08
27438,2025,6,8,7,LAX,MDW,2255,2306,11,500,441,-19,2025-06-08
27439,2025,6,8,7,LAX,MEM,1820,1829,9,2358,2353,-5,2025-06-08
27440,2025,6,8,7,LAX,MFE,600,553,-7,1109,1106,-3,2025-06-08
27441,2025,6,8,7,LAX,MIA,600,556,-4,1413,1343,-30,2025-06-08
27443,2025,6,8,7,LAX,MIA,900,859,-1,1719,1633,-46,2025-06-08
27444,2025,6,8,7,LAX,MIA,1005,1011,6,1816,1741,-35,2025-06-08
27445,2025,6,8,7,LAX,MIA,1210,1210,0,2020,1954,-26,2025-06-08
27447,2025,6,8,7,LAX,MIA,2140,2144,4,550,521,-29,2025-06-08
27448,2025,6,8,7,LAX,MIA,2249,2247,-2,701,632,-29,2025-06-08
27449,2025,6,8,7,LAX,MIA,2343,2355,12,750,734,-16,2025-06-08
27451,2025,6,8,7,LAX,MRY,820,817,-3,942,946,4,2025-06-08
27452,2025,6,8,7,LAX,MRY,1823,1835,12,1937,1939,2,2025-06-08
27453,2025,6,8,7,LAX,MSO,1131,1154,23,1510,1525,15,2025-06-08
27454,2025,6,8,7,LAX,MSP,617,612,-5,1148,1141,-7,2025-06-08
27455,2025,6,8,7,LAX,MSP,800,758,-2,1334,1329,-5,2025-06-08
27456,2025,6,8,7,LAX,MSP,1130,1140,10,1702,1705,3,2025-06-08
27457,2025,6,8,7,LAX,MSP,1325,1330,5,1855,1914,19,2025-06-08
27458,2025,6,8,7,LAX,MSP,1520,1530,10,2049,2108,19,2025-06-08
27459,2025,6,8,7,LAX,MSP,1850,1929,39,20,113,53,2025-06-08
27460,2025,6,8,7,LAX,MSP,2330,2332,2,504,501,-3,2025-06-08
27461,2025,6,8,7,LAX,MSY,700,652,-8,1240,1219,-21,2025-06-08
27462,2025,6,8,7,LAX,MSY,900,859,-1,1455,1427,-28,2025-06-08
27463,2025,6,8,7,LAX,MSY,1210,1203,-7,1753,1731,-22,2025-06-08
27464,2025,6,8,7,LAX,MSY,1213,1206,-7,1751,1737,-14,2025-06-08
27465,2025,6,8,7,LAX,MSY,1643,1638,-5,2220,2206,-14,2025-06-08
27466,2025,6,8,7,LAX,MSY,1818,1845,27,2358,29,31,2025-06-08
27467,2025,6,8,7,LAX,OAK,825,837,12,955,941,-14,2025-06-08
27468,2025,6,8,7,LAX,OAK,1030,1107,37,1155,1215,20,2025-06-08
27469,2025,6,8,7,LAX,OAK,1420,1431,11,1545,1541,-4,2025-06-08
27472,2025,6,8,7,LAX,OAK,2105,2115,10,2230,2225,-5,2025-06-08
27473,2025,6,8,7,LAX,OGG,745,739,-6,1025,1021,-4,2025-06-08
27475,2025,6,8,7,LAX,OGG,815,808,-7,1055,1045,-10,2025-06-08
27477,2025,6,8,7,LAX,OGG,1655,1651,-4,1934,1931,-3,2025-06-08
27478,2025,6,8,7,LAX,OGG,1656,1650,-6,1928,1934,6,2025-06-08
27480,2025,6,8,7,LAX,OKC,900,854,-6,1400,1343,-17,2025-06-08
27481,2025,6,8,7,LAX,OKC,1732,1725,-7,2230,2230,0,2025-06-08
27482,2025,6,8,7,LAX,OMA,1236,1233,-3,1752,1748,-4,2025-06-08
27483,2025,6,8,7,LAX,ORD,32,31,-1,638,616,-22,2025-06-08
27484,2025,6,8,7,LAX,ORD,41,36,-5,642,629,-13,2025-06-08
27485,2025,6,8,7,LAX,ORD,545,540,-5,1157,1143,-14,2025-06-08
27486,2025,6,8,7,LAX,ORD,605,621,16,1221,1215,-6,2025-06-08
27487,2025,6,8,7,LAX,ORD,620,615,-5,1242,1215,-27,2025-06-08
27488,2025,6,8,7,LAX,ORD,730,726,-4,1335,1314,-21,2025-06-08
27490,2025,6,8,7,LAX,ORD,815,809,-6,1439,1411,-28,2025-06-08
27492,2025,6,8,7,LAX,ORD,1040,1053,13,1656,1749,53,2025-06-08
27493,2025,6,8,7,LAX,ORD,1237,1232,-5,1855,1828,-27,2025-06-08
27495,2025,6,8,7,LAX,ORD,1401,1453,52,2025,2130,65,2025-06-08
27496,2025,6,8,7,LAX,ORD,1502,1532,30,2108,2147,39,2025-06-08
27497,2025,6,8,7,LAX,ORD,1636,1647,11,2255,2316,21,2025-06-08
27498,2025,6,8,7,LAX,ORD,1640,1642,2,2304,2310,6,2025-06-08
27500,2025,6,8,7,LAX,ORD,1738,1737,-1,2359,2343,-16,2025-06-08
27501,2025,6,8,7,LAX,ORD,2240,2243,3,451,440,-11,2025-06-08
27502,2025,6,8,7,LAX,ORD,2300,2312,12,513,451,-22,2025-06-08
27503,2025,6,8,7,LAX,ORD,2337,19,42,545,621,36,2025-06-08
27504,2025,6,8,7,LAX,PDX,700,651,-9,921,913,-8,2025-06-08
27505,2025,6,8,7,LAX,PDX,700,656,-4,928,923,-5,2025-06-08
27506,2025,6,8,7,LAX,PDX,845,836,-9,1110,1044,-26,2025-06-08
27507,2025,6,8,7,LAX,PDX,925,918,-7,1152,1127,-25,2025-06-08
27508,2025,6,8,7,LAX,PDX,943,933,-10,1214,1146,-28,2025-06-08
27509,2025,6,8,7,LAX,PDX,1120,1120,0,1347,1340,-7,2025-06-08
27510,2025,6,8,7,LAX,PDX,1340,1331,-9,1600,1553,-7,2025-06-08
27511,2025,6,8,7,LAX,PDX,1357,1352,-5,1624,1615,-9,2025-06-08
27512,2025,6,8,7,LAX,PDX,1505,1501,-4,1733,1725,-8,2025-06-08
27513,2025,6,8,7,LAX,PDX,1640,1632,-8,1859,1841,-18,2025-06-08
27514,2025,6,8,7,LAX,PDX,1820,1824,4,2048,2036,-12,2025-06-08
27516,2025,6,8,7,LAX,PDX,2025,2015,-10,2245,2236,-9,2025-06-08
27517,2025,6,8,7,LAX,PDX,2133,2214,41,2359,38,39,2025-06-08
27518,2025,6,8,7,LAX,PHL,645,643,-2,1454,1436,-18,2025-06-08
27519,2025,6,8,7,LAX,PHL,745,742,-3,1556,1547,-9,2025-06-08
27520,2025,6,8,7,LAX,PHL,900,944,44,1718,1745,27,2025-06-08
27524,2025,6,8,7,LAX,PHL,2220,2214,-6,630,613,-17,2025-06-08
27526,2025,6,8,7,LAX,PHL,2253,2251,-2,705,645,-20,2025-06-08
27527,2025,6,8,7,LAX,PHX,550,549,-1,720,658,-22,2025-06-08
27528,2025,6,8,7,LAX,PHX,610,624,14,739,746,7,2025-06-08
27529,2025,6,8,7,LAX,PHX,705,659,-6,830,819,-11,2025-06-08
27530,2025,6,8,7,LAX,PHX,815,812,-3,951,935,-16,2025-06-08
27531,2025,6,8,7,LAX,PHX,940,947,7,1110,1102,-8,2025-06-08
27532,2025,6,8,7,LAX,PHX,1000,953,-7,1130,1111,-19,2025-06-08
27533,2025,6,8,7,LAX,PHX,1015,1013,-2,1145,1125,-20,2025-06-08
27534,2025,6,8,7,LAX,PHX,1325,1338,13,1450,1508,18,2025-06-08
27535,2025,6,8,7,LAX,PHX,1400,1357,-3,1528,1525,-3,2025-06-08
27536,2025,6,8,7,LAX,PHX,1428,1434,6,1607,1620,13,2025-06-08
27537,2025,6,8,7,LAX,PHX,1515,1518,3,1645,1644,-1,2025-06-08
27538,2025,6,8,7,LAX,PHX,1632,1628,-4,1759,1757,-2,2025-06-08
27539,2025,6,8,7,LAX,PHX,1730,1743,13,1855,1901,6,2025-06-08
27540,2025,6,8,7,LAX,PHX,1800,1821,21,1930,1941,11,2025-06-08
27541,2025,6,8,7,LAX,PHX,1910,1902,-8,2039,2036,-3,2025-06-08
27542,2025,6,8,7,LAX,PHX,1935,2006,31,2103,2139,36,2025-06-08
27543,2025,6,8,7,LAX,PHX,2134,2127,-7,2305,2256,-9,2025-06-08
27544,2025,6,8,7,LAX,PHX,2220,2306,46,2350,25,35,2025-06-08
27545,2025,6,8,7,LAX,PHX,2235,2229,-6,13,2351,-22,2025-06-08
27546,2025,6,8,7,LAX,PIT,915,907,-8,1700,1641,-19,2025-06-08
27548,2025,6,8,7,LAX,PSC,2022,2019,-3,2257,2244,-13,2025-06-08
27549,2025,6,8,7,LAX,RDD,1256,1247,-9,1445,1440,-5,2025-06-08
27550,2025,6,8,7,LAX,RDM,1245,1243,-2,1503,1459,-4,2025-06-08
27551,2025,6,8,7,LAX,RDU,857,851,-6,1654,1618,-36,2025-06-08
27552,2025,6,8,7,LAX,RDU,1037,1031,-6,1831,1811,-20,2025-06-08
27553,2025,6,8,7,LAX,RDU,2220,2219,-1,618,608,-10,2025-06-08
27554,2025,6,8,7,LAX,RNO,935,938,3,1100,1053,-7,2025-06-08
27555,2025,6,8,7,LAX,RNO,959,957,-2,1131,1110,-21,2025-06-08
27556,2025,6,8,7,LAX,RNO,1019,1014,-5,1200,1130,-30,2025-06-08
27557,2025,6,8,7,LAX,RNO,1502,1459,-3,1630,1629,-1,2025-06-08
27558,2025,6,8,7,LAX,RNO,1710,1708,-2,1844,1857,13,2025-06-08
27559,2025,6,8,7,LAX,RNO,1920,1937,17,2045,2050,5,2025-06-08
27560,2025,6,8,7,LAX,RNO,2015,2010,-5,2149,2142,-7,2025-06-08
27561,2025,6,8,7,LAX,RNO,2050,2115,25,2217,2235,18,2025-06-08
27562,2025,6,8,7,LAX,RNO,2159,2152,-7,2332,2316,-16,2025-06-08
27563,2025,6,8,7,LAX,SAN,820,813,-7,919,937,18,2025-06-08
27564,2025,6,8,7,LAX,SAN,920,917,-3,1024,1014,-10,2025-06-08
27565,2025,6,8,7,LAX,SAN,1428,1423,-5,1522,1517,-5,2025-06-08
27566,2025,6,8,7,LAX,SAN,1800,1755,-5,1854,1839,-15,2025-06-08
27567,2025,6,8,7,LAX,SAN,1846,1844,-2,1947,1937,-10,2025-06-08
27568,2025,6,8,7,LAX,SAN,2159,2157,-2,2253,2245,-8,2025-06-08
27569,2025,6,8,7,LAX,SAN,2245,2337,52,2346,22,36,2025-06-08
27570,2025,6,8,7,LAX,SAT,911,902,-9,1400,1346,-14,2025-06-08
27571,2025,6,8,7,LAX,SAT,912,906,-6,1419,1354,-25,2025-06-08
27572,2025,6,8,7,LAX,SAT,930,920,-10,1423,1402,-21,2025-06-08
27573,2025,6,8,7,LAX,SAT,1520,1529,9,2015,1958,-17,2025-06-08
27574,2025,6,8,7,LAX,SAT,1700,1708,8,2158,2153,-5,2025-06-08
27575,2025,6,8,7,LAX,SAT,1858,1846,-12,2349,2317,-32,2025-06-08
27576,2025,6,8,7,LAX,SBA,1520,1517,-3,1612,1616,4,2025-06-08
27577,2025,6,8,7,LAX,SBA,2300,2253,-7,2358,15,17,2025-06-08
27578,2025,6,8,7,LAX,SBP,1500,1451,-9,1601,1548,-13,2025-06-08
27579,2025,6,8,7,LAX,SBP,2232,2231,-1,2336,2321,-15,2025-06-08
27580,2025,6,8,7,LAX,SEA,700,652,-8,954,929,-25,2025-06-08
27581,2025,6,8,7,LAX,SEA,700,655,-5,955,941,-14,2025-06-08
27582,2025,6,8,7,LAX,SEA,800,753,-7,1058,1048,-10,2025-06-08
27583,2025,6,8,7,LAX,SEA,935,925,-10,1230,1219,-11,2025-06-08
27584,2025,6,8,7,LAX,SEA,945,939,-6,1242,1208,-34,2025-06-08
27585,2025,6,8,7,LAX,SEA,1110,1106,-4,1401,1413,12,2025-06-08
27586,2025,6,8,7,LAX,SEA,1115,1131,16,1409,1416,7,2025-06-08
27587,2025,6,8,7,LAX,SEA,1155,1203,8,1450,1435,-15,2025-06-08
27588,2025,6,8,7,LAX,SEA,1155,1206,11,1445,1441,-4,2025-06-08
27589,2025,6,8,7,LAX,SEA,1358,1352,-6,1653,1640,-13,2025-06-08
27590,2025,6,8,7,LAX,SEA,1415,1412,-3,1700,1655,-5,2025-06-08
27591,2025,6,8,7,LAX,SEA,1536,1535,-1,1827,1812,-15,2025-06-08
27592,2025,6,8,7,LAX,SEA,1743,1751,8,2035,2050,15,2025-06-08
27594,2025,6,8,7,LAX,SEA,1845,1925,40,2136,2222,46,2025-06-08
27595,2025,6,8,7,LAX,SEA,1850,1852,2,2145,2130,-15,2025-06-08
27596,2025,6,8,7,LAX,SEA,1907,1939,32,2158,2235,37,2025-06-08
27597,2025,6,8,7,LAX,SEA,1955,2014,19,2247,2329,42,2025-06-08
27598,2025,6,8,7,LAX,SEA,1959,2001,2,2257,2244,-13,2025-06-08
27599,2025,6,8,7,LAX,SEA,2110,2108,-2,2359,21,22,2025-06-08
27600,2025,6,8,7,LAX,SEA,2129,2139,10,25,17,-8,2025-06-08
27601,2025,6,8,7,LAX,SFO,600,553,-7,738,712,-26,2025-06-08
27602,2025,6,8,7,LAX,SFO,600,557,-3,731,717,-14,2025-06-08
27603,2025,6,8,7,LAX,SFO,600,623,23,725,734,9,2025-06-08
27604,2025,6,8,7,LAX,SFO,630,625,-5,752,744,-8,2025-06-08
27605,2025,6,8,7,LAX,SFO,700,657,-3,836,820,-16,2025-06-08
27606,2025,6,8,7,LAX,SFO,800,755,-5,940,929,-11,2025-06-08
27607,2025,6,8,7,LAX,SFO,835,832,-3,958,1012,14,2025-06-08
27608,2025,6,8,7,LAX,SFO,910,904,-6,1045,1027,-18,2025-06-08
27609,2025,6,8,7,LAX,SFO,1015,1008,-7,1140,1128,-12,2025-06-08
27610,2025,6,8,7,LAX,SFO,1026,1124,58,1159,1241,42,2025-06-08
27611,2025,6,8,7,LAX,SFO,1220,1243,23,1343,1403,20,2025-06-08
27612,2025,6,8,7,LAX,SFO,1235,1240,5,1355,1358,3,2025-06-08
27613,2025,6,8,7,LAX,SFO,1330,1327,-3,1452,1447,-5,2025-06-08
27614,2025,6,8,7,LAX,SFO,1339,1330,-9,1507,1449,-18,2025-06-08
27615,2025,6,8,7,LAX,SFO,1422,1419,-3,1548,1532,-16,2025-06-08
27616,2025,6,8,7,LAX,SFO,1600,1557,-3,1728,1726,-2,2025-06-08
27617,2025,6,8,7,LAX,SFO,1610,1646,36,1739,1815,36,2025-06-08
27618,2025,6,8,7,LAX,SFO,1627,1626,-1,1745,1738,-7,2025-06-08
27619,2025,6,8,7,LAX,SFO,1710,1701,-9,1840,1820,-20,2025-06-08
27620,2025,6,8,7,LAX,SFO,1740,1828,48,1902,1946,44,2025-06-08
27621,2025,6,8,7,LAX,SFO,1813,1847,34,1948,2005,17,2025-06-08
27622,2025,6,8,7,LAX,SFO,1820,1816,-4,1943,1926,-17,2025-06-08
27623,2025,6,8,7,LAX,SFO,1831,1824,-7,1958,1942,-16,2025-06-08
27624,2025,6,8,7,LAX,SFO,1840,1839,-1,2009,1952,-17,2025-06-08
27625,2025,6,8,7,LAX,SFO,1925,1920,-5,2057,2058,1,2025-06-08
27626,2025,6,8,7,LAX,SFO,1935,1927,-8,2058,2057,-1,2025-06-08
27627,2025,6,8,7,LAX,SFO,1945,2010,25,2110,2141,31,2025-06-08
27628,2025,6,8,7,LAX,SFO,2130,2130,0,2302,2322,20,2025-06-08
27629,2025,6,8,7,LAX,SFO,2149,2224,35,2312,2339,27,2025-06-08
27630,2025,6,8,7,LAX,SFO,2225,2318,53,2352,46,54,2025-06-08
27631,2025,6,8,7,LAX,SGU,1315,1315,0,1547,1538,-9,2025-06-08
27632,2025,6,8,7,LAX,SJC,550,545,-5,705,645,-20,2025-06-08
27633,2025,6,8,7,LAX,SJC,705,659,-6,820,801,-19,2025-06-08
27634,2025,6,8,7,LAX,SJC,910,951,41,1030,1050,20,2025-06-08
27635,2025,6,8,7,LAX,SJC,915,912,-3,1030,1022,-8,2025-06-08
27636,2025,6,8,7,LAX,SJC,1135,1130,-5,1252,1244,-8,2025-06-08
27637,2025,6,8,7,LAX,SJC,1325,1328,3,1440,1446,6,2025-06-08
27638,2025,6,8,7,LAX,SJC,1445,1457,12,1600,1603,3,2025-06-08
27639,2025,6,8,7,LAX,SJC,1545,1542,-3,1700,1649,-11,2025-06-08
27640,2025,6,8,7,LAX,SJC,1800,1756,-4,1915,1904,-11,2025-06-08
27642,2025,6,8,7,LAX,SJC,2115,2139,24,2240,2238,-2,2025-06-08
27643,2025,6,8,7,LAX,SJC,2128,2121,-7,2244,2229,-15,2025-06-08
27644,2025,6,8,7,LAX,SLC,600,600,0,854,843,-11,2025-06-08
27645,2025,6,8,7,LAX,SLC,700,657,-3,955,949,-6,2025-06-08
27646,2025,6,8,7,LAX,SLC,825,821,-4,1126,1114,-12,2025-06-08
27647,2025,6,8,7,LAX,SLC,949,943,-6,1244,1220,-24,2025-06-08
27648,2025,6,8,7,LAX,SLC,1055,1051,-4,1350,1331,-19,2025-06-08
27649,2025,6,8,7,LAX,SLC,1111,1111,0,1403,1355,-8,2025-06-08
27650,2025,6,8,7,LAX,SLC,1309,1340,31,1608,1656,48,2025-06-08
27651,2025,6,8,7,LAX,SLC,1311,1305,-6,1604,1553,-11,2025-06-08
27652,2025,6,8,7,LAX,SLC,1710,1722,12,2000,2010,10,2025-06-08
27653,2025,6,8,7,LAX,SLC,1845,1844,-1,2139,2147,8,2025-06-08
27654,2025,6,8,7,LAX,SLC,1919,1932,13,2206,2212,6,2025-06-08
27655,2025,6,8,7,LAX,SMF,540,533,-7,705,646,-19,2025-06-08
27656,2025,6,8,7,LAX,SMF,755,745,-10,924,907,-17,2025-06-08
27657,2025,6,8,7,LAX,SMF,810,804,-6,940,915,-25,2025-06-08
27659,2025,6,8,7,LAX,SMF,1025,1020,-5,1159,1147,-12,2025-06-08
27660,2025,6,8,7,LAX,SMF,1225,1219,-6,1354,1341,-13,2025-06-08
27661,2025,6,8,7,LAX,SMF,1230,1251,21,1345,1410,25,2025-06-08
27662,2025,6,8,7,LAX,SMF,1630,1627,-3,1801,1749,-12,2025-06-08
27663,2025,6,8,7,LAX,SMF,1654,1648,-6,1823,1816,-7,2025-06-08
27664,2025,6,8,7,LAX,SMF,1705,1705,0,1837,1838,1,2025-06-08
27665,2025,6,8,7,LAX,SMF,1710,1715,5,1840,1840,0,2025-06-08
27666,2025,6,8,7,LAX,SMF,1815,1806,-9,1945,1931,-14,2025-06-08
27667,2025,6,8,7,LAX,SMF,1922,1915,-7,2101,2044,-17,2025-06-08
27668,2025,6,8,7,LAX,SMF,2035,2101,26,2200,2220,20,2025-06-08
27671,2025,6,8,7,LAX,STL,515,510,-5,1055,1031,-24,2025-06-08
27672,2025,6,8,7,LAX,STL,1325,1357,32,1905,1918,13,2025-06-08
27673,2025,6,8,7,LAX,STL,1733,1726,-7,2259,2259,0,2025-06-08
27674,2025,6,8,7,LAX,STS,925,920,-5,1106,1114,8,2025-06-08
27675,2025,6,8,7,LAX,STS,2156,2218,22,2330,2341,11,2025-06-08
27676,2025,6,8,7,LAX,SUN,830,821,-9,1143,1140,-3,2025-06-08
27678,2025,6,8,7,LAX,TPA,2210,2206,-4,544,522,-22,2025-06-08
27679,2025,6,8,7,LAX,TPA,2359,2356,-3,756,720,-36,2025-06-08
27680,2025,6,8,7,LAX,TUL,930,949,19,1440,1438,-2,2025-06-08
27681,2025,6,8,7,LAX,TUS,822,811,-11,1003,940,-23,2025-06-08
27682,2025,6,8,7,LAX,TUS,935,932,-3,1110,1059,-11,2025-06-08
27683,2025,6,8,7,LAX,TUS,1005,1012,7,1135,1124,-11,2025-06-08
27684,2025,6,8,7,LAX,TUS,1410,1418,8,1544,1546,2,2025-06-08
27685,2025,6,8,7,LAX,TUS,1458,1449,-9,1627,1612,-15,2025-06-08
27686,2025,6,8,7,LAX,TUS,1818,1813,-5,1949,1938,-11,2025-06-08
27687,2025,6,8,7,LAX,TUS,1900,1946,46,2033,2118,45,2025-06-08
27688,2025,6,8,7,LAX,XNA,914,906,-8,1438,1435,-3,2025-06-08
31018,2025,6,9,1,LAX,ABQ,800,844,44,1108,1135,27,2025-06-09
31019,2025,6,9,1,LAX,ABQ,855,904,9,1158,1155,-3,2025-06-09
31021,2025,6,9,1,LAX,ABQ,1459,1524,25,1802,1831,29,2025-06-09
31022,2025,6,9,1,LAX,ABQ,1849,1900,11,2152,2159,7,2025-06-09
31024,2025,6,9,1,LAX,ACV,1315,1311,-4,1513,1515,2,2025-06-09
31025,2025,6,9,1,LAX,ANC,1945,1940,-5,20,22,2,2025-06-09
31026,2025,6,9,1,LAX,ASE,1040,1140,60,1356,1508,72,2025-06-09
31027,2025,6,9,1,LAX,ASE,1254,1242,-12,1605,1555,-10,2025-06-09
31028,2025,6,9,1,LAX,ASE,1445,1451,6,1751,1758,7,2025-06-09
31029,2025,6,9,1,LAX,ATL,55,112,17,821,805,-16,2025-06-09
31030,2025,6,9,1,LAX,ATL,620,611,-9,1342,1322,-20,2025-06-09
31031,2025,6,9,1,LAX,ATL,735,740,5,1448,1456,8,2025-06-09
31032,2025,6,9,1,LAX,ATL,845,844,-1,1607,1556,-11,2025-06-09
31034,2025,6,9,1,LAX,ATL,953,953,0,1719,1703,-16,2025-06-09
31035,2025,6,9,1,LAX,ATL,1115,1133,18,1834,1839,5,2025-06-09
31037,2025,6,9,1,LAX,ATL,1237,1231,-6,1959,1945,-14,2025-06-09
31039,2025,6,9,1,LAX,ATL,1315,1343,28,2046,2108,22,2025-06-09
31040,2025,6,9,1,LAX,ATL,1430,1426,-4,2150,2139,-11,2025-06-09
31041,2025,6,9,1,LAX,ATL,1735,1726,-9,54,36,-18,2025-06-09
31042,2025,6,9,1,LAX,ATL,2145,2145,0,500,454,-6,2025-06-09
31044,2025,6,9,1,LAX,ATL,2245,2328,43,600,646,46,2025-06-09
31045,2025,6,9,1,LAX,ATL,2310,2305,-5,633,613,-20,2025-06-09
31047,2025,6,9,1,LAX,AUS,500,456,-4,1000,945,-15,2025-06-09
31048,2025,6,9,1,LAX,AUS,615,616,1,1117,1056,-21,2025-06-09
31049,2025,6,9,1,LAX,AUS,745,738,-7,1246,1218,-28,2025-06-09
31050,2025,6,9,1,LAX,AUS,925,924,-1,1451,1423,-28,2025-06-09
31051,2025,6,9,1,LAX,AUS,1035,1027,-8,1545,1539,-6,2025-06-09
31052,2025,6,9,1,LAX,AUS,1115,1114,-1,1620,1559,-21,2025-06-09
31053,2025,6,9,1,LAX,AUS,1614,1638,24,2114,2126,12,2025-06-09
31054,2025,6,9,1,LAX,AUS,1620,1625,5,2121,2120,-1,2025-06-09
31055,2025,6,9,1,LAX,AUS,1835,1838,3,2338,2326,-12,2025-06-09
31056,2025,6,9,1,LAX,AUS,1840,1833,-7,2358,2341,-17,2025-06-09
31057,2025,6,9,1,LAX,AUS,1850,1836,-14,2350,2323,-27,2025-06-09
31058,2025,6,9,1,LAX,AUS,1855,1927,32,2355,9,14,2025-06-09
31060,2025,6,9,1,LAX,BNA,710,710,0,1325,1337,12,2025-06-09
31061,2025,6,9,1,LAX,BNA,825,823,-2,1425,1423,-2,2025-06-09
31062,2025,6,9,1,LAX,BNA,1036,1035,-1,1645,1637,-8,2025-06-09
31063,2025,6,9,1,LAX,BNA,1239,1304,25,1844,1857,13,2025-06-09
31064,2025,6,9,1,LAX,BNA,1839,1841,2,37,114,37,2025-06-09
31065,2025,6,9,1,LAX,BNA,2250,2253,3,500,442,-18,2025-06-09
31066,2025,6,9,1,LAX,BOI,1157,1146,-11,1503,1435,-28,2025-06-09
31067,2025,6,9,1,LAX,BOI,1245,1238,-7,1559,1538,-21,2025-06-09
31069,2025,6,9,1,LAX,BOI,1959,1951,-8,2301,2245,-16,2025-06-09
31070,2025,6,9,1,LAX,BOS,600,550,-10,1439,1427,-12,2025-06-09
31071,2025,6,9,1,LAX,BOS,640,655,15,1515,1519,4,2025-06-09
31072,2025,6,9,1,LAX,BOS,750,741,-9,1632,1625,-7,2025-06-09
31073,2025,6,9,1,LAX,BOS,835,832,-3,1718,1716,-2,2025-06-09
31074,2025,6,9,1,LAX,BOS,840,834,-6,1716,1705,-11,2025-06-09
31077,2025,6,9,1,LAX,BOS,1300,1344,44,2144,2307,83,2025-06-09
31078,2025,6,9,1,LAX,BOS,1525,1521,-4,2355,6,11,2025-06-09
31079,2025,6,9,1,LAX,BOS,2102,2116,14,532,537,5,2025-06-09
31080,2025,6,9,1,LAX,BOS,2213,2218,5,644,638,-6,2025-06-09
31081,2025,6,9,1,LAX,BOS,2234,2224,-10,715,647,-28,2025-06-09
31082,2025,6,9,1,LAX,BOS,2235,2225,-10,713,648,-25,2025-06-09
31083,2025,6,9,1,LAX,BUF,1410,1414,4,2200,2150,-10,2025-06-09
31084,2025,6,9,1,LAX,BWI,530,535,5,1335,1318,-17,2025-06-09
31085,2025,6,9,1,LAX,BWI,845,840,-5,1654,1637,-17,2025-06-09
31086,2025,6,9,1,LAX,BWI,1005,1021,16,1810,1807,-3,2025-06-09
31087,2025,6,9,1,LAX,BWI,1136,1152,16,1939,1946,7,2025-06-09
31088,2025,6,9,1,LAX,BWI,2055,2055,0,500,442,-18,2025-06-09
31089,2025,6,9,1,LAX,BWI,2359,2347,-12,807,813,6,2025-06-09
31090,2025,6,9,1,LAX,BZN,1121,1118,-3,1450,1442,-8,2025-06-09
31091,2025,6,9,1,LAX,BZN,1800,1751,-9,2139,2118,-21,2025-06-09
31092,2025,6,9,1,LAX,CLE,1138,1204,26,1911,1926,15,2025-06-09
31093,2025,6,9,1,LAX,CLE,2120,2112,-8,453,444,-9,2025-06-09
31094,2025,6,9,1,LAX,CLT,605,601,-4,1354,1321,-33,2025-06-09
31095,2025,6,9,1,LAX,CLT,759,758,-1,1545,1533,-12,2025-06-09
31096,2025,6,9,1,LAX,CLT,911,915,4,1700,1637,-23,2025-06-09
31097,2025,6,9,1,LAX,CLT,1154,1157,3,1945,1946,1,2025-06-09
31099,2025,6,9,1,LAX,CLT,1518,1541,23,2238,2310,32,2025-06-09
31100,2025,6,9,1,LAX,CLT,2148,2147,-1,529,525,-4,2025-06-09
31101,2025,6,9,1,LAX,CLT,2249,2342,53,635,735,60,2025-06-09
31102,2025,6,9,1,LAX,CLT,2349,2352,3,735,730,-5,2025-06-09
31103,2025,6,9,1,LAX,CMH,925,931,6,1701,1656,-5,2025-06-09
31104,2025,6,9,1,LAX,CVG,2229,2310,41,538,614,36,2025-06-09
31105,2025,6,9,1,LAX,DAL,505,507,2,1010,951,-19,2025-06-09
31106,2025,6,9,1,LAX,DAL,645,644,-1,1150,1135,-15,2025-06-09
31107,2025,6,9,1,LAX,DAL,1120,1117,-3,1630,1556,-34,2025-06-09
31108,2025,6,9,1,LAX,DAL,1630,1702,32,2145,2201,16,2025-06-09
31109,2025,6,9,1,LAX,DAL,1810,1855,45,2320,2350,30,2025-06-09
31110,2025,6,9,1,LAX,DCA,759,754,-5,1600,1546,-14,2025-06-09
31111,2025,6,9,1,LAX,DCA,819,816,-3,1622,1609,-13,2025-06-09
31112,2025,6,9,1,LAX,DCA,1228,1223,-5,2029,2011,-18,2025-06-09
31113,2025,6,9,1,LAX,DCA,1248,1244,-4,2059,2039,-20,2025-06-09
31114,2025,6,9,1,LAX,DEN,505,501,-4,824,820,-4,2025-06-09
31115,2025,6,9,1,LAX,DEN,545,545,0,910,900,-10,2025-06-09
31117,2025,6,9,1,LAX,DEN,706,702,-4,1031,1023,-8,2025-06-09
31118,2025,6,9,1,LAX,DEN,746,738,-8,1110,1058,-12,2025-06-09
31119,2025,6,9,1,LAX,DEN,804,755,-9,1133,1112,-21,2025-06-09
31120,2025,6,9,1,LAX,DEN,805,804,-1,1130,1118,-12,2025-06-09
31121,2025,6,9,1,LAX,DEN,900,858,-2,1227,1218,-9,2025-06-09
31122,2025,6,9,1,LAX,DEN,1030,1031,1,1355,1358,3,2025-06-09
31123,2025,6,9,1,LAX,DEN,1050,1045,-5,1425,1418,-7,2025-06-09
31124,2025,6,9,1,LAX,DEN,1052,1051,-1,1419,1421,2,2025-06-09
31125,2025,6,9,1,LAX,DEN,1255,1249,-6,1623,1610,-13,2025-06-09
31126,2025,6,9,1,LAX,DEN,1338,1336,-2,1701,1710,9,2025-06-09
31128,2025,6,9,1,LAX,DEN,1435,1428,-7,1805,1751,-14,2025-06-09
31129,2025,6,9,1,LAX,DEN,1459,1456,-3,1819,1805,-14,2025-06-09
31130,2025,6,9,1,LAX,DEN,1605,1633,28,1930,1945,15,2025-06-09
31131,2025,6,9,1,LAX,DEN,1611,1606,-5,1940,1935,-5,2025-06-09
31132,2025,6,9,1,LAX,DEN,1918,1920,2,2247,2241,-6,2025-06-09
31133,2025,6,9,1,LAX,DEN,1945,1939,-6,2309,2301,-8,2025-06-09
31134,2025,6,9,1,LAX,DEN,2020,2021,1,2350,2349,-1,2025-06-09
31135,2025,6,9,1,LAX,DEN,2025,2017,-8,2348,2336,-12,2025-06-09
31136,2025,6,9,1,LAX,DFW,35,28,-7,532,531,-1,2025-06-09
31137,2025,6,9,1,LAX,DFW,40,32,-8,545,538,-7,2025-06-09
31138,2025,6,9,1,LAX,DFW,130,127,-3,633,603,-30,2025-06-09
31139,2025,6,9,1,LAX,DFW,530,524,-6,1038,1044,6,2025-06-09
31140,2025,6,9,1,LAX,DFW,600,601,1,1120,1053,-27,2025-06-09
31141,2025,6,9,1,LAX,DFW,700,655,-5,1209,1145,-24,2025-06-09
31142,2025,6,9,1,LAX,DFW,826,907,41,1339,1410,31,2025-06-09
31143,2025,6,9,1,LAX,DFW,835,840,5,1343,1338,-5,2025-06-09
31144,2025,6,9,1,LAX,DFW,930,950,20,1443,1449,6,2025-06-09
31145,2025,6,9,1,LAX,DFW,1037,1057,20,1545,1601,16,2025-06-09
31147,2025,6,9,1,LAX,DFW,1348,1343,-5,1859,1839,-20,2025-06-09
31148,2025,6,9,1,LAX,DFW,1433,1441,8,1943,1924,-19,2025-06-09
31150,2025,6,9,1,LAX,DFW,1636,1726,50,2147,2215,28,2025-06-09
31151,2025,6,9,1,LAX,DFW,1835,1851,16,2347,2356,9,2025-06-09
31152,2025,6,9,1,LAX,DFW,1855,1910,15,2356,9,13,2025-06-09
31153,2025,6,9,1,LAX,DFW,1900,1859,-1,23,12,-11,2025-06-09
31154,2025,6,9,1,LAX,DFW,2359,2357,-2,509,521,12,2025-06-09
31156,2025,6,9,1,LAX,DTW,530,525,-5,1257,1244,-13,2025-06-09
31157,2025,6,9,1,LAX,DTW,735,731,-4,1456,1440,-16,2025-06-09
31158,2025,6,9,1,LAX,DTW,925,924,-1,1652,1649,-3,2025-06-09
31159,2025,6,9,1,LAX,DTW,959,952,-7,1723,1713,-10,2025-06-09
31160,2025,6,9,1,LAX,DTW,1209,1212,3,1931,1950,19,2025-06-09
31161,2025,6,9,1,LAX,DTW,1536,1532,-4,2304,2257,-7,2025-06-09
31162,2025,6,9,1,LAX,DTW,2126,2128,2,443,446,3,2025-06-09
31163,2025,6,9,1,LAX,DTW,2215,2234,19,535,551,16,2025-06-09
31166,2025,6,9,1,LAX,ELP,1947,1938,-9,2247,2234,-13,2025-06-09
31167,2025,6,9,1,LAX,EUG,2059,2153,54,2320,18,58,2025-06-09
31168,2025,6,9,1,LAX,EWR,600,602,2,1434,1413,-21,2025-06-09
31169,2025,6,9,1,LAX,EWR,700,648,-12,1540,1452,-48,2025-06-09
31170,2025,6,9,1,LAX,EWR,700,711,11,1534,1521,-13,2025-06-09
31171,2025,6,9,1,LAX,EWR,754,747,-7,1629,1604,-25,2025-06-09
31172,2025,6,9,1,LAX,EWR,820,816,-4,1645,1614,-31,2025-06-09
31173,2025,6,9,1,LAX,EWR,1015,1015,0,1854,1817,-37,2025-06-09
31174,2025,6,9,1,LAX,EWR,1021,1012,-9,1900,1839,-21,2025-06-09
31175,2025,6,9,1,LAX,EWR,1215,1220,5,2054,2018,-36,2025-06-09
31176,2025,6,9,1,LAX,EWR,1330,1325,-5,2152,2118,-34,2025-06-09
31177,2025,6,9,1,LAX,EWR,1423,1418,-5,2249,2229,-20,2025-06-09
31178,2025,6,9,1,LAX,EWR,1630,1624,-6,57,37,-20,2025-06-09
31179,2025,6,9,1,LAX,EWR,2055,2047,-8,508,443,-25,2025-06-09
31180,2025,6,9,1,LAX,EWR,2143,2225,42,559,652,53,2025-06-09
31181,2025,6,9,1,LAX,EWR,2220,2211,-9,648,625,-23,2025-06-09
31182,2025,6,9,1,LAX,EWR,2359,59,60,812,907,55,2025-06-09
31183,2025,6,9,1,LAX,FAT,1030,1026,-4,1148,1137,-11,2025-06-09
31184,2025,6,9,1,LAX,FAT,1910,1904,-6,2024,2006,-18,2025-06-09
31185,2025,6,9,1,LAX,FAT,2238,2236,-2,2352,2357,5,2025-06-09
31186,2025,6,9,1,LAX,FCA,922,917,-5,1321,1322,1,2025-06-09
31187,2025,6,9,1,LAX,FLL,830,822,-8,1637,1605,-32,2025-06-09
31188,2025,6,9,1,LAX,FLL,1047,1041,-6,1859,1821,-38,2025-06-09
31189,2025,6,9,1,LAX,FLL,1353,1350,-3,2200,2138,-22,2025-06-09
31190,2025,6,9,1,LAX,FLL,2100,2051,-9,504,430,-34,2025-06-09
31192,2025,6,9,1,LAX,FSD,1605,1559,-6,2119,2103,-16,2025-06-09
31193,2025,6,9,1,LAX,GEG,1114,1107,-7,1352,1349,-3,2025-06-09
31194,2025,6,9,1,LAX,GEG,1432,1450,18,1707,1717,10,2025-06-09
31195,2025,6,9,1,LAX,GEG,1859,1851,-8,2133,2127,-6,2025-06-09
31196,2025,6,9,1,LAX,GEG,1945,1938,-7,2222,2210,-12,2025-06-09
31197,2025,6,9,1,LAX,HNL,700,659,-1,940,946,6,2025-06-09
31198,2025,6,9,1,LAX,HNL,705,659,-6,1010,941,-29,2025-06-09
31199,2025,6,9,1,LAX,HNL,825,820,-5,1107,1101,-6,2025-06-09
31200,2025,6,9,1,LAX,HNL,835,831,-4,1117,1117,0,2025-06-09
31201,2025,6,9,1,LAX,HNL,849,844,-5,1137,1138,1,2025-06-09
31202,2025,6,9,1,LAX,HNL,1000,956,-4,1240,1243,3,2025-06-09
31203,2025,6,9,1,LAX,HNL,1115,1126,11,1404,1410,6,2025-06-09
31204,2025,6,9,1,LAX,HNL,1315,1310,-5,1601,1608,7,2025-06-09
31206,2025,6,9,1,LAX,HNL,1444,1445,1,1728,1725,-3,2025-06-09
31207,2025,6,9,1,LAX,HNL,1710,1701,-9,1944,1951,7,2025-06-09
31209,2025,6,9,1,LAX,HNL,1810,1822,12,2052,2113,21,2025-06-09
31210,2025,6,9,1,LAX,HNL,1820,1816,-4,2057,2053,-4,2025-06-09
31211,2025,6,9,1,LAX,HNL,1825,1851,26,2115,2134,19,2025-06-09
31212,2025,6,9,1,LAX,HNL,1845,1910,25,2128,2143,15,2025-06-09
31213,2025,6,9,1,LAX,HNL,1913,1956,43,2155,2241,46,2025-06-09
31214,2025,6,9,1,LAX,HNL,2050,2108,18,2329,2351,22,2025-06-09
31215,2025,6,9,1,LAX,HOU,505,510,5,1030,1026,-4,2025-06-09
31217,2025,6,9,1,LAX,HOU,1745,1844,59,2305,2349,44,2025-06-09
31218,2025,6,9,1,LAX,HOU,2350,2355,5,515,515,0,2025-06-09
31219,2025,6,9,1,LAX,IAD,620,615,-5,1423,1356,-27,2025-06-09
31220,2025,6,9,1,LAX,IAD,800,752,-8,1614,1540,-34,2025-06-09
31221,2025,6,9,1,LAX,IAD,815,815,0,1621,1619,-2,2025-06-09
31222,2025,6,9,1,LAX,IAD,1015,1013,-2,1820,1806,-14,2025-06-09
31223,2025,6,9,1,LAX,IAD,1315,1310,-5,2120,2108,-12,2025-06-09
31224,2025,6,9,1,LAX,IAD,1645,1638,-7,44,21,-23,2025-06-09
31226,2025,6,9,1,LAX,IAD,2250,2254,4,639,625,-14,2025-06-09
31227,2025,6,9,1,LAX,IAH,56,55,-1,618,616,-2,2025-06-09
31228,2025,6,9,1,LAX,IAH,515,509,-6,1042,1014,-28,2025-06-09
31229,2025,6,9,1,LAX,IAH,715,712,-3,1244,1220,-24,2025-06-09
31230,2025,6,9,1,LAX,IAH,840,916,36,1409,1421,12,2025-06-09
31231,2025,6,9,1,LAX,IAH,845,838,-7,1407,1350,-17,2025-06-09
31232,2025,6,9,1,LAX,IAH,1015,1057,42,1540,1607,27,2025-06-09
31233,2025,6,9,1,LAX,IAH,1133,1131,-2,1653,1624,-29,2025-06-09
31234,2025,6,9,1,LAX,IAH,1207,1210,3,1724,1918,114,2025-06-09
31235,2025,6,9,1,LAX,IAH,1310,1307,-3,1840,2008,88,2025-06-09
31236,2025,6,9,1,LAX,IAH,1358,1350,-8,1925,1855,-30,2025-06-09
31238,2025,6,9,1,LAX,IAH,1809,1805,-4,2328,2302,-26,2025-06-09
31239,2025,6,9,1,LAX,IAH,1810,1810,0,2333,2341,8,2025-06-09
31240,2025,6,9,1,LAX,IAH,1920,1918,-2,43,16,-27,2025-06-09
31242,2025,6,9,1,LAX,IND,1036,1034,-2,1747,1738,-9,2025-06-09
31243,2025,6,9,1,LAX,IND,1213,1208,-5,1915,1923,8,2025-06-09
31244,2025,6,9,1,LAX,IND,2314,2308,-6,614,603,-11,2025-06-09
31245,2025,6,9,1,LAX,JAC,900,850,-10,1218,1246,28,2025-06-09
31246,2025,6,9,1,LAX,JAC,1030,1019,-11,1348,1339,-9,2025-06-09
31247,2025,6,9,1,LAX,JFK,600,555,-5,1434,1354,-40,2025-06-09
31248,2025,6,9,1,LAX,JFK,600,556,-4,1430,1419,-11,2025-06-09
31249,2025,6,9,1,LAX,JFK,700,654,-6,1535,1510,-25,2025-06-09
31250,2025,6,9,1,LAX,JFK,700,658,-2,1535,1522,-13,2025-06-09
31251,2025,6,9,1,LAX,JFK,755,753,-2,1632,1621,-11,2025-06-09
31252,2025,6,9,1,LAX,JFK,819,812,-7,1658,1637,-21,2025-06-09
31253,2025,6,9,1,LAX,JFK,905,859,-6,1757,1742,-15,2025-06-09
31254,2025,6,9,1,LAX,JFK,955,955,0,1835,1824,-11,2025-06-09
31255,2025,6,9,1,LAX,JFK,1010,1011,1,1910,1843,-27,2025-06-09
31256,2025,6,9,1,LAX,JFK,1021,1015,-6,1859,1844,-15,2025-06-09
31257,2025,6,9,1,LAX,JFK,1110,1132,22,1950,2101,71,2025-06-09
31258,2025,6,9,1,LAX,JFK,1115,1107,-8,1959,1921,-38,2025-06-09
31260,2025,6,9,1,LAX,JFK,1220,1307,47,2102,2119,17,2025-06-09
31261,2025,6,9,1,LAX,JFK,1230,1253,23,2107,2147,40,2025-06-09
31263,2025,6,9,1,LAX,JFK,1430,1459,29,2310,2330,20,2025-06-09
31264,2025,6,9,1,LAX,JFK,1515,1519,4,2355,2351,-4,2025-06-09
31265,2025,6,9,1,LAX,JFK,1520,1515,-5,2358,3,5,2025-06-09
31266,2025,6,9,1,LAX,JFK,1520,1516,-4,2354,2354,0,2025-06-09
31267,2025,6,9,1,LAX,JFK,1620,1712,52,57,117,20,2025-06-09
31268,2025,6,9,1,LAX,JFK,2053,2132,39,530,555,25,2025-06-09
31269,2025,6,9,1,LAX,JFK,2121,2118,-3,555,538,-17,2025-06-09
31270,2025,6,9,1,LAX,JFK,2125,2118,-7,559,526,-33,2025-06-09
31271,2025,6,9,1,LAX,JFK,2140,2209,29,607,603,-4,2025-06-09
31272,2025,6,9,1,LAX,JFK,2250,2319,29,723,718,-5,2025-06-09
31273,2025,6,9,1,LAX,JFK,2252,2250,-2,732,738,6,2025-06-09
31274,2025,6,9,1,LAX,JFK,2355,2350,-5,830,854,24,2025-06-09
31275,2025,6,9,1,LAX,JFK,2359,2355,-4,837,835,-2,2025-06-09
31276,2025,6,9,1,LAX,KOA,910,942,32,1150,1233,43,2025-06-09
31277,2025,6,9,1,LAX,KOA,1100,1058,-2,1335,1344,9,2025-06-09
31278,2025,6,9,1,LAX,KOA,1119,1140,21,1355,1441,46,2025-06-09
31279,2025,6,9,1,LAX,KOA,1629,1623,-6,1859,1854,-5,2025-06-09
31280,2025,6,9,1,LAX,KOA,1725,1719,-6,2003,1946,-17,2025-06-09
31281,2025,6,9,1,LAX,LAS,520,513,-7,635,613,-22,2025-06-09
31282,2025,6,9,1,LAX,LAS,600,558,-2,719,703,-16,2025-06-09
31283,2025,6,9,1,LAX,LAS,725,719,-6,845,826,-19,2025-06-09
31284,2025,6,9,1,LAX,LAS,730,724,-6,840,831,-9,2025-06-09
31285,2025,6,9,1,LAX,LAS,826,824,-2,951,946,-5,2025-06-09
31286,2025,6,9,1,LAX,LAS,845,841,-4,1005,959,-6,2025-06-09
31287,2025,6,9,1,LAX,LAS,1019,1010,-9,1131,1120,-11,2025-06-09
31288,2025,6,9,1,LAX,LAS,1030,1022,-8,1147,1135,-12,2025-06-09
31289,2025,6,9,1,LAX,LAS,1125,1134,9,1245,1236,-9,2025-06-09
31290,2025,6,9,1,LAX,LAS,1140,1138,-2,1254,1252,-2,2025-06-09
31291,2025,6,9,1,LAX,LAS,1445,1439,-6,1607,1546,-21,2025-06-09
31292,2025,6,9,1,LAX,LAS,1505,1540,35,1615,1701,46,2025-06-09
31293,2025,6,9,1,LAX,LAS,1535,1558,23,1655,1705,10,2025-06-09
31294,2025,6,9,1,LAX,LAS,1548,1616,28,1713,1724,11,2025-06-09
31295,2025,6,9,1,LAX,LAS,1740,1735,-5,1855,1843,-12,2025-06-09
31297,2025,6,9,1,LAX,LAS,1850,1936,46,2000,2101,61,2025-06-09
31298,2025,6,9,1,LAX,LAS,1852,1848,-4,2010,1955,-15,2025-06-09
31299,2025,6,9,1,LAX,LAS,1930,1920,-10,2052,2027,-25,2025-06-09
31300,2025,6,9,1,LAX,LAS,1940,2033,53,2100,2204,64,2025-06-09
31301,2025,6,9,1,LAX,LAS,1945,1941,-4,2108,2121,13,2025-06-09
31302,2025,6,9,1,LAX,LAS,1948,1954,6,2100,2139,39,2025-06-09
31303,2025,6,9,1,LAX,LAS,1959,1953,-6,2110,2129,19,2025-06-09
31304,2025,6,9,1,LAX,LAS,2155,2156,1,2315,2301,-14,2025-06-09
31306,2025,6,9,1,LAX,LAS,2215,2224,9,2327,2346,19,2025-06-09
31307,2025,6,9,1,LAX,LAS,2305,2328,23,27,35,8,2025-06-09
31308,2025,6,9,1,LAX,LIH,842,906,24,1138,1205,27,2025-06-09
31309,2025,6,9,1,LAX,LIH,900,855,-5,1145,1153,8,2025-06-09
31310,2025,6,9,1,LAX,LIH,903,902,-1,1204,1200,-4,2025-06-09
31311,2025,6,9,1,LAX,LIH,1425,1513,48,1708,1803,55,2025-06-09
31312,2025,6,9,1,LAX,MCI,800,813,13,1315,1330,15,2025-06-09
31313,2025,6,9,1,LAX,MCI,930,927,-3,1444,1438,-6,2025-06-09
31314,2025,6,9,1,LAX,MCI,1501,1502,1,2012,2013,1,2025-06-09
31315,2025,6,9,1,LAX,MCI,1815,1859,44,2327,9,42,2025-06-09
31316,2025,6,9,1,LAX,MCO,700,658,-2,1458,1451,-7,2025-06-09
31317,2025,6,9,1,LAX,MCO,1002,1009,7,1804,1743,-21,2025-06-09
31318,2025,6,9,1,LAX,MCO,1035,1033,-2,1838,1827,-11,2025-06-09
31319,2025,6,9,1,LAX,MCO,1120,1116,-4,1914,1858,-16,2025-06-09
31321,2025,6,9,1,LAX,MCO,1605,1643,38,2359,4,5,2025-06-09
31322,2025,6,9,1,LAX,MCO,2135,2132,-3,536,506,-30,2025-06-09
31323,2025,6,9,1,LAX,MCO,2145,2148,3,532,523,-9,2025-06-09
31324,2025,6,9,1,LAX,MCO,2249,2248,-1,647,643,-4,2025-06-09
31325,2025,6,9,1,LAX,MDW,620,617,-3,1225,1206,-19,2025-06-09
31326,2025,6,9,1,LAX,MDW,840,841,1,1445,1435,-10,2025-06-09
31327,2025,6,9,1,LAX,MDW,1315,1355,40,1920,1955,35,2025-06-09
31329,2025,6,9,1,LAX,MDW,2255,2257,2,500,452,-8,2025-06-09
31330,2025,6,9,1,LAX,MEM,1820,1811,-9,2358,2351,-7,2025-06-09
31331,2025,6,9,1,LAX,MIA,600,556,-4,1413,1336,-37,2025-06-09
31332,2025,6,9,1,LAX,MIA,745,745,0,1554,1530,-24,2025-06-09
31333,2025,6,9,1,LAX,MIA,900,912,12,1719,1701,-18,2025-06-09
31334,2025,6,9,1,LAX,MIA,1005,1058,53,1816,1853,37,2025-06-09
31335,2025,6,9,1,LAX,MIA,1210,1220,10,2020,2007,-13,2025-06-09
31336,2025,6,9,1,LAX,MIA,1500,1521,21,2310,2247,-23,2025-06-09
31337,2025,6,9,1,LAX,MIA,2140,2147,7,550,524,-26,2025-06-09
31338,2025,6,9,1,LAX,MIA,2249,2336,47,701,735,34,2025-06-09
31339,2025,6,9,1,LAX,MIA,2343,2341,-2,750,720,-30,2025-06-09
31340,2025,6,9,1,LAX,MRY,820,819,-1,942,940,-2,2025-06-09
31341,2025,6,9,1,LAX,MRY,1823,1820,-3,1937,1936,-1,2025-06-09
31342,2025,6,9,1,LAX,MSO,1131,1125,-6,1510,1504,-6,2025-06-09
31343,2025,6,9,1,LAX,MSP,50,55,5,625,624,-1,2025-06-09
31344,2025,6,9,1,LAX,MSP,617,615,-2,1148,1151,3,2025-06-09
31345,2025,6,9,1,LAX,MSP,800,800,0,1334,1356,22,2025-06-09
31346,2025,6,9,1,LAX,MSP,1130,1123,-7,1702,1652,-10,2025-06-09
31347,2025,6,9,1,LAX,MSP,1325,1343,18,1855,1919,24,2025-06-09
31348,2025,6,9,1,LAX,MSP,1520,1532,12,2049,2100,11,2025-06-09
31349,2025,6,9,1,LAX,MSP,1850,1845,-5,20,18,-2,2025-06-09
31350,2025,6,9,1,LAX,MSP,2330,2347,17,504,526,22,2025-06-09
31351,2025,6,9,1,LAX,MSY,700,659,-1,1240,1229,-11,2025-06-09
31352,2025,6,9,1,LAX,MSY,1210,1201,-9,1753,1725,-28,2025-06-09
31353,2025,6,9,1,LAX,MSY,1225,1224,-1,1810,1809,-1,2025-06-09
31354,2025,6,9,1,LAX,MSY,1643,1642,-1,2220,2214,-6,2025-06-09
31355,2025,6,9,1,LAX,MSY,1818,1835,17,2358,8,10,2025-06-09
31356,2025,6,9,1,LAX,OAK,610,605,-5,735,715,-20,2025-06-09
31357,2025,6,9,1,LAX,OAK,805,800,-5,930,915,-15,2025-06-09
31358,2025,6,9,1,LAX,OAK,925,920,-5,1050,1031,-19,2025-06-09
31359,2025,6,9,1,LAX,OAK,1150,1153,3,1315,1310,-5,2025-06-09
31360,2025,6,9,1,LAX,OAK,1505,1523,18,1625,1636,11,2025-06-09
31361,2025,6,9,1,LAX,OAK,1845,1846,1,2010,1956,-14,2025-06-09
31362,2025,6,9,1,LAX,OAK,2030,2024,-6,2155,2146,-9,2025-06-09
31363,2025,6,9,1,LAX,OGG,745,753,8,1025,1037,12,2025-06-09
31364,2025,6,9,1,LAX,OGG,800,754,-6,1031,1022,-9,2025-06-09
31365,2025,6,9,1,LAX,OGG,815,806,-9,1055,1039,-16,2025-06-09
31366,2025,6,9,1,LAX,OGG,902,905,3,1147,1145,-2,2025-06-09
31367,2025,6,9,1,LAX,OGG,1655,1651,-4,1934,1925,-9,2025-06-09
31368,2025,6,9,1,LAX,OGG,1656,1650,-6,1928,1914,-14,2025-06-09
31369,2025,6,9,1,LAX,OGG,1754,1749,-5,2030,2019,-11,2025-06-09
31370,2025,6,9,1,LAX,OKC,900,926,26,1400,1405,5,2025-06-09
31371,2025,6,9,1,LAX,OKC,1732,1803,31,2230,2255,25,2025-06-09
31372,2025,6,9,1,LAX,OMA,1236,1232,-4,1752,1744,-8,2025-06-09
31373,2025,6,9,1,LAX,ORD,30,27,-3,642,639,-3,2025-06-09
31374,2025,6,9,1,LAX,ORD,32,37,5,638,630,-8,2025-06-09
31375,2025,6,9,1,LAX,ORD,41,36,-5,642,638,-4,2025-06-09
31376,2025,6,9,1,LAX,ORD,530,524,-6,1136,1123,-13,2025-06-09
31377,2025,6,9,1,LAX,ORD,545,537,-8,1157,1132,-25,2025-06-09
31378,2025,6,9,1,LAX,ORD,605,601,-4,1221,1210,-11,2025-06-09
31379,2025,6,9,1,LAX,ORD,620,643,23,1242,1241,-1,2025-06-09
31380,2025,6,9,1,LAX,ORD,800,757,-3,1415,1404,-11,2025-06-09
31381,2025,6,9,1,LAX,ORD,815,844,29,1439,1509,30,2025-06-09
31382,2025,6,9,1,LAX,ORD,936,943,7,1544,1546,2,2025-06-09
31383,2025,6,9,1,LAX,ORD,1040,1037,-3,1656,1648,-8,2025-06-09
31384,2025,6,9,1,LAX,ORD,1105,1119,14,1717,1733,16,2025-06-09
31385,2025,6,9,1,LAX,ORD,1145,1158,13,1753,1825,32,2025-06-09
31386,2025,6,9,1,LAX,ORD,1237,1230,-7,1855,1900,5,2025-06-09
31387,2025,6,9,1,LAX,ORD,1300,1253,-7,1929,1907,-22,2025-06-09
31388,2025,6,9,1,LAX,ORD,1401,1357,-4,2025,2035,10,2025-06-09
31391,2025,6,9,1,LAX,ORD,1640,1637,-3,2304,2245,-19,2025-06-09
31393,2025,6,9,1,LAX,ORD,1738,1733,-5,2359,2329,-30,2025-06-09
31394,2025,6,9,1,LAX,ORD,2240,2235,-5,451,424,-27,2025-06-09
31395,2025,6,9,1,LAX,ORD,2300,2256,-4,513,454,-19,2025-06-09
31396,2025,6,9,1,LAX,ORD,2337,2331,-6,545,523,-22,2025-06-09
31397,2025,6,9,1,LAX,PDX,700,648,-12,928,908,-20,2025-06-09
31398,2025,6,9,1,LAX,PDX,700,650,-10,921,857,-24,2025-06-09
31399,2025,6,9,1,LAX,PDX,845,837,-8,1110,1049,-21,2025-06-09
31400,2025,6,9,1,LAX,PDX,925,922,-3,1152,1149,-3,2025-06-09
31402,2025,6,9,1,LAX,PDX,1120,1114,-6,1347,1344,-3,2025-06-09
31403,2025,6,9,1,LAX,PDX,1201,1151,-10,1425,1408,-17,2025-06-09
31404,2025,6,9,1,LAX,PDX,1340,1345,5,1600,1612,12,2025-06-09
31405,2025,6,9,1,LAX,PDX,1357,1350,-7,1624,1602,-22,2025-06-09
31406,2025,6,9,1,LAX,PDX,1505,1454,-11,1733,1723,-10,2025-06-09
31407,2025,6,9,1,LAX,PDX,1640,1633,-7,1859,1844,-15,2025-06-09
31408,2025,6,9,1,LAX,PDX,1820,1820,0,2048,2047,-1,2025-06-09
31409,2025,6,9,1,LAX,PDX,2006,2047,41,2230,2324,54,2025-06-09
31410,2025,6,9,1,LAX,PDX,2025,2118,53,2245,2330,45,2025-06-09
31411,2025,6,9,1,LAX,PDX,2133,2124,-9,2359,2347,-12,2025-06-09
31412,2025,6,9,1,LAX,PHL,108,101,-7,916,859,-17,2025-06-09
31413,2025,6,9,1,LAX,PHL,645,637,-8,1454,1446,-8,2025-06-09
31414,2025,6,9,1,LAX,PHL,745,736,-9,1556,1542,-14,2025-06-09
31415,2025,6,9,1,LAX,PHL,900,856,-4,1718,1719,1,2025-06-09
31416,2025,6,9,1,LAX,PHL,1140,1142,2,1956,2007,11,2025-06-09
31417,2025,6,9,1,LAX,PHL,1442,1435,-7,2254,2243,-11,2025-06-09
31418,2025,6,9,1,LAX,PHL,1630,1619,-11,43,26,-17,2025-06-09
31419,2025,6,9,1,LAX,PHL,2220,2313,53,630,716,46,2025-06-09
31420,2025,6,9,1,LAX,PHL,2253,2254,1,705,651,-14,2025-06-09
31421,2025,6,9,1,LAX,PHX,525,521,-4,655,638,-17,2025-06-09
31422,2025,6,9,1,LAX,PHX,610,620,10,739,739,0,2025-06-09
31423,2025,6,9,1,LAX,PHX,705,701,-4,830,823,-7,2025-06-09
31424,2025,6,9,1,LAX,PHX,750,800,10,915,907,-8,2025-06-09
31425,2025,6,9,1,LAX,PHX,815,806,-9,951,936,-15,2025-06-09
31426,2025,6,9,1,LAX,PHX,1000,955,-5,1130,1114,-16,2025-06-09
31427,2025,6,9,1,LAX,PHX,1015,1018,3,1145,1142,-3,2025-06-09
31428,2025,6,9,1,LAX,PHX,1105,1102,-3,1235,1209,-26,2025-06-09
31429,2025,6,9,1,LAX,PHX,1325,1319,-6,1503,1447,-16,2025-06-09
31430,2025,6,9,1,LAX,PHX,1325,1321,-4,1450,1434,-16,2025-06-09
31431,2025,6,9,1,LAX,PHX,1400,1355,-5,1528,1519,-9,2025-06-09
31432,2025,6,9,1,LAX,PHX,1428,1455,27,1607,1623,16,2025-06-09
31433,2025,6,9,1,LAX,PHX,1440,1527,47,1610,1640,30,2025-06-09
31434,2025,6,9,1,LAX,PHX,1632,1633,1,1759,1753,-6,2025-06-09
31435,2025,6,9,1,LAX,PHX,1730,1722,-8,1855,1843,-12,2025-06-09
31436,2025,6,9,1,LAX,PHX,1910,1902,-8,2039,2022,-17,2025-06-09
31437,2025,6,9,1,LAX,PHX,1935,1948,13,2103,2110,7,2025-06-09
31438,2025,6,9,1,LAX,PHX,1955,2001,6,2130,2124,-6,2025-06-09
31439,2025,6,9,1,LAX,PHX,2134,2138,4,2305,2310,5,2025-06-09
31440,2025,6,9,1,LAX,PHX,2135,2207,32,2315,2324,9,2025-06-09
31441,2025,6,9,1,LAX,PHX,2235,2232,-3,13,8,-5,2025-06-09
31442,2025,6,9,1,LAX,PIT,915,910,-5,1700,1655,-5,2025-06-09
31443,2025,6,9,1,LAX,PRC,1945,1935,-10,2111,2053,-18,2025-06-09
31444,2025,6,9,1,LAX,PSC,2022,2029,7,2257,2249,-8,2025-06-09
31445,2025,6,9,1,LAX,RDD,1250,1244,-6,1439,1428,-11,2025-06-09
31446,2025,6,9,1,LAX,RDM,1245,1243,-2,1503,1451,-12,2025-06-09
31447,2025,6,9,1,LAX,RDU,857,858,1,1654,1636,-18,2025-06-09
31448,2025,6,9,1,LAX,RDU,1037,1033,-4,1831,1818,-13,2025-06-09
31449,2025,6,9,1,LAX,RDU,2220,2213,-7,618,553,-25,2025-06-09
31450,2025,6,9,1,LAX,RNO,959,951,-8,1131,1106,-25,2025-06-09
31451,2025,6,9,1,LAX,RNO,1019,1017,-2,1200,1155,-5,2025-06-09
31452,2025,6,9,1,LAX,RNO,1425,1432,7,1550,1547,-3,2025-06-09
31453,2025,6,9,1,LAX,RNO,1502,1502,0,1630,1627,-3,2025-06-09
31454,2025,6,9,1,LAX,RNO,1710,1704,-6,1844,1843,-1,2025-06-09
31455,2025,6,9,1,LAX,RNO,2015,2011,-4,2149,2132,-17,2025-06-09
31456,2025,6,9,1,LAX,RNO,2050,2051,1,2217,2219,2,2025-06-09
31457,2025,6,9,1,LAX,RNO,2159,2248,49,2332,10,38,2025-06-09
31458,2025,6,9,1,LAX,SAN,820,811,-9,919,902,-17,2025-06-09
31459,2025,6,9,1,LAX,SAN,920,911,-9,1024,1022,-2,2025-06-09
31460,2025,6,9,1,LAX,SAN,1428,1423,-5,1522,1511,-11,2025-06-09
31461,2025,6,9,1,LAX,SAN,1800,1803,3,1854,1900,6,2025-06-09
31462,2025,6,9,1,LAX,SAN,1846,1839,-7,1947,1936,-11,2025-06-09
31463,2025,6,9,1,LAX,SAN,2159,2157,-2,2253,2252,-1,2025-06-09
31464,2025,6,9,1,LAX,SAN,2245,2251,6,2346,2337,-9,2025-06-09
31465,2025,6,9,1,LAX,SAT,854,850,-4,1342,1332,-10,2025-06-09
31466,2025,6,9,1,LAX,SAT,912,916,4,1419,1358,-21,2025-06-09
31468,2025,6,9,1,LAX,SAT,1410,1437,27,1910,1909,-1,2025-06-09
31469,2025,6,9,1,LAX,SAT,1700,1652,-8,2158,2151,-7,2025-06-09
31470,2025,6,9,1,LAX,SAT,1858,1853,-5,2349,2335,-14,2025-06-09
31471,2025,6,9,1,LAX,SBA,1520,1509,-11,1612,1551,-21,2025-06-09
31472,2025,6,9,1,LAX,SBA,2300,2251,-9,2358,2351,-7,2025-06-09
31473,2025,6,9,1,LAX,SBP,1500,1452,-8,1601,1542,-19,2025-06-09
31474,2025,6,9,1,LAX,SBP,2232,2228,-4,2336,2331,-5,2025-06-09
31475,2025,6,9,1,LAX,SDF,746,738,-8,1456,1444,-12,2025-06-09
31476,2025,6,9,1,LAX,SEA,600,558,-2,856,855,-1,2025-06-09
31477,2025,6,9,1,LAX,SEA,700,652,-8,955,939,-16,2025-06-09
31478,2025,6,9,1,LAX,SEA,700,656,-4,954,932,-22,2025-06-09
31479,2025,6,9,1,LAX,SEA,800,748,-12,1058,1048,-10,2025-06-09
31480,2025,6,9,1,LAX,SEA,838,838,0,1133,1114,-19,2025-06-09
31481,2025,6,9,1,LAX,SEA,935,942,7,1230,1226,-4,2025-06-09
31482,2025,6,9,1,LAX,SEA,945,936,-9,1242,1211,-31,2025-06-09
31483,2025,6,9,1,LAX,SEA,1110,1105,-5,1401,1354,-7,2025-06-09
31484,2025,6,9,1,LAX,SEA,1115,1105,-10,1409,1401,-8,2025-06-09
31485,2025,6,9,1,LAX,SEA,1155,1148,-7,1450,1438,-12,2025-06-09
31486,2025,6,9,1,LAX,SEA,1155,1153,-2,1445,1451,6,2025-06-09
31487,2025,6,9,1,LAX,SEA,1358,1353,-5,1653,1640,-13,2025-06-09
31488,2025,6,9,1,LAX,SEA,1415,1416,1,1700,1653,-7,2025-06-09
31489,2025,6,9,1,LAX,SEA,1536,1534,-2,1827,1816,-11,2025-06-09
31490,2025,6,9,1,LAX,SEA,1743,1743,0,2035,2015,-20,2025-06-09
31491,2025,6,9,1,LAX,SEA,1745,1736,-9,2035,2031,-4,2025-06-09
31492,2025,6,9,1,LAX,SEA,1839,1831,-8,2134,2110,-24,2025-06-09
31493,2025,6,9,1,LAX,SEA,1845,1836,-9,2136,2121,-15,2025-06-09
31494,2025,6,9,1,LAX,SEA,1907,1928,21,2158,2228,30,2025-06-09
31495,2025,6,9,1,LAX,SEA,1955,1956,1,2247,2245,-2,2025-06-09
31496,2025,6,9,1,LAX,SEA,1959,1950,-9,2257,2236,-21,2025-06-09
31497,2025,6,9,1,LAX,SEA,2110,2108,-2,2359,2,3,2025-06-09
31498,2025,6,9,1,LAX,SEA,2129,2117,-12,25,2359,-26,2025-06-09
31499,2025,6,9,1,LAX,SFO,600,552,-8,731,717,-14,2025-06-09
31500,2025,6,9,1,LAX,SFO,600,557,-3,738,715,-23,2025-06-09
31501,2025,6,9,1,LAX,SFO,630,630,0,752,740,-12,2025-06-09
31502,2025,6,9,1,LAX,SFO,630,634,4,750,741,-9,2025-06-09
31503,2025,6,9,1,LAX,SFO,700,652,-8,836,819,-17,2025-06-09
31504,2025,6,9,1,LAX,SFO,805,800,-5,945,1045,60,2025-06-09
31505,2025,6,9,1,LAX,SFO,835,833,-2,958,1029,31,2025-06-09
31506,2025,6,9,1,LAX,SFO,910,902,-8,1045,1055,10,2025-06-09
31507,2025,6,9,1,LAX,SFO,1000,1011,11,1120,1127,7,2025-06-09
31508,2025,6,9,1,LAX,SFO,1015,1021,6,1140,1143,3,2025-06-09
31509,2025,6,9,1,LAX,SFO,1026,1018,-8,1159,1147,-12,2025-06-09
31510,2025,6,9,1,LAX,SFO,1100,1054,-6,1231,1217,-14,2025-06-09
31511,2025,6,9,1,LAX,SFO,1220,1215,-5,1343,1333,-10,2025-06-09
31512,2025,6,9,1,LAX,SFO,1330,1355,25,1452,1510,18,2025-06-09
31513,2025,6,9,1,LAX,SFO,1339,1343,4,1507,1455,-12,2025-06-09
31514,2025,6,9,1,LAX,SFO,1422,1413,-9,1548,1528,-20,2025-06-09
31515,2025,6,9,1,LAX,SFO,1600,1631,31,1728,1746,18,2025-06-09
31516,2025,6,9,1,LAX,SFO,1610,1605,-5,1739,1725,-14,2025-06-09
31517,2025,6,9,1,LAX,SFO,1627,1638,11,1745,1747,2,2025-06-09
31518,2025,6,9,1,LAX,SFO,1630,1717,47,1755,1843,48,2025-06-09
31519,2025,6,9,1,LAX,SFO,1710,1704,-6,1840,1823,-17,2025-06-09
31520,2025,6,9,1,LAX,SFO,1740,1744,4,1902,1914,12,2025-06-09
31522,2025,6,9,1,LAX,SFO,1820,1834,14,1943,1959,16,2025-06-09
31523,2025,6,9,1,LAX,SFO,1831,1842,11,1958,2011,13,2025-06-09
31525,2025,6,9,1,LAX,SFO,1925,2010,45,2057,2140,43,2025-06-09
31526,2025,6,9,1,LAX,SFO,1935,1929,-6,2058,2105,7,2025-06-09
31527,2025,6,9,1,LAX,SFO,1955,2028,33,2125,2305,100,2025-06-09
31528,2025,6,9,1,LAX,SFO,2130,2159,29,2302,2325,23,2025-06-09
31529,2025,6,9,1,LAX,SFO,2149,2235,46,2312,10,58,2025-06-09
31530,2025,6,9,1,LAX,SFO,2225,2219,-6,2352,2351,-1,2025-06-09
31531,2025,6,9,1,LAX,SGF,600,553,-7,1117,1100,-17,2025-06-09
31533,2025,6,9,1,LAX,SJC,605,601,-4,725,706,-19,2025-06-09
31534,2025,6,9,1,LAX,SJC,705,658,-7,820,819,-1,2025-06-09
31535,2025,6,9,1,LAX,SJC,900,851,-9,1020,1013,-7,2025-06-09
31536,2025,6,9,1,LAX,SJC,915,907,-8,1030,1023,-7,2025-06-09
31537,2025,6,9,1,LAX,SJC,1025,1028,3,1140,1143,3,2025-06-09
31538,2025,6,9,1,LAX,SJC,1135,1125,-10,1252,1315,23,2025-06-09
31539,2025,6,9,1,LAX,SJC,1325,1322,-3,1440,1429,-11,2025-06-09
31540,2025,6,9,1,LAX,SJC,1405,1413,8,1520,1518,-2,2025-06-09
31541,2025,6,9,1,LAX,SJC,1545,1544,-1,1700,1649,-11,2025-06-09
31542,2025,6,9,1,LAX,SJC,1635,1629,-6,1750,1732,-18,2025-06-09
31543,2025,6,9,1,LAX,SJC,1800,1758,-2,1915,1906,-9,2025-06-09
31544,2025,6,9,1,LAX,SJC,2120,2132,12,2245,2236,-9,2025-06-09
31545,2025,6,9,1,LAX,SJC,2128,2124,-4,2244,2228,-16,2025-06-09
31546,2025,6,9,1,LAX,SLC,600,554,-6,853,840,-13,2025-06-09
31547,2025,6,9,1,LAX,SLC,700,736,36,955,1019,24,2025-06-09
31548,2025,6,9,1,LAX,SLC,825,823,-2,1126,1115,-11,2025-06-09
31549,2025,6,9,1,LAX,SLC,948,942,-6,1243,1224,-19,2025-06-09
31550,2025,6,9,1,LAX,SLC,1005,1024,19,1255,1306,11,2025-06-09
31551,2025,6,9,1,LAX,SLC,1111,1104,-7,1403,1340,-23,2025-06-09
31552,2025,6,9,1,LAX,SLC,1309,1337,28,1608,1637,29,2025-06-09
31553,2025,6,9,1,LAX,SLC,1311,1315,4,1604,1558,-6,2025-06-09
31554,2025,6,9,1,LAX,SLC,1710,1734,24,2000,2014,14,2025-06-09
31555,2025,6,9,1,LAX,SLC,1845,1840,-5,2139,2134,-5,2025-06-09
31556,2025,6,9,1,LAX,SLC,1919,1916,-3,2206,2156,-10,2025-06-09
31557,2025,6,9,1,LAX,SMF,600,556,-4,725,717,-8,2025-06-09
31558,2025,6,9,1,LAX,SMF,755,747,-8,924,905,-19,2025-06-09
31559,2025,6,9,1,LAX,SMF,810,814,4,940,930,-10,2025-06-09
31560,2025,6,9,1,LAX,SMF,815,809,-6,952,947,-5,2025-06-09
31561,2025,6,9,1,LAX,SMF,946,1013,27,1123,1131,8,2025-06-09
31562,2025,6,9,1,LAX,SMF,1025,1020,-5,1159,1139,-20,2025-06-09
31563,2025,6,9,1,LAX,SMF,1140,1214,34,1305,1330,25,2025-06-09
31564,2025,6,9,1,LAX,SMF,1225,1224,-1,1354,1356,2,2025-06-09
31565,2025,6,9,1,LAX,SMF,1620,1718,58,1745,1844,59,2025-06-09
31567,2025,6,9,1,LAX,SMF,1654,1702,8,1823,1820,-3,2025-06-09
31568,2025,6,9,1,LAX,SMF,1705,1701,-4,1837,1829,-8,2025-06-09
31569,2025,6,9,1,LAX,SMF,1815,1819,4,1945,1938,-7,2025-06-09
31570,2025,6,9,1,LAX,SMF,1922,1913,-9,2101,2044,-17,2025-06-09
31572,2025,6,9,1,LAX,SMF,2056,2149,53,2228,2323,55,2025-06-09
31573,2025,6,9,1,LAX,SMF,2155,2148,-7,2320,2316,-4,2025-06-09
31574,2025,6,9,1,LAX,STL,510,508,-2,1050,1033,-17,2025-06-09
31575,2025,6,9,1,LAX,STL,1733,1752,19,2259,2330,31,2025-06-09
31577,2025,6,9,1,LAX,STS,925,924,-1,1106,1120,14,2025-06-09
31579,2025,6,9,1,LAX,TPA,1012,1028,16,1800,1819,19,2025-06-09
31580,2025,6,9,1,LAX,TPA,2210,2203,-7,544,521,-23,2025-06-09
31581,2025,6,9,1,LAX,TPA,2359,2355,-4,756,755,-1,2025-06-09
31582,2025,6,9,1,LAX,TUL,745,740,-5,1243,1233,-10,2025-06-09
31584,2025,6,9,1,LAX,TUS,822,827,5,1003,950,-13,2025-06-09
31585,2025,6,9,1,LAX,TUS,935,928,-7,1110,1103,-7,2025-06-09
31587,2025,6,9,1,LAX,TUS,1410,1407,-3,1544,1530,-14,2025-06-09
31588,2025,6,9,1,LAX,TUS,1458,1511,13,1627,1633,6,2025-06-09
31589,2025,6,9,1,LAX,TUS,1818,1818,0,1949,1946,-3,2025-06-09
31590,2025,6,9,1,LAX,TUS,1900,1853,-7,2033,2016,-17,2025-06-09
31591,2025,6,9,1,LAX,XNA,914,941,27,1438,1503,25,2025-06-09
34890,2025,6,10,2,LAX,ABQ,800,750,-10,1108,1044,-24,2025-06-10
34891,2025,6,10,2,LAX,ABQ,855,916,21,1158,1210,12,2025-06-10
34892,2025,6,10,2,LAX,ABQ,1459,1453,-6,1802,1743,-19,2025-06-10
34893,2025,6,10,2,LAX,ABQ,1620,1617,-3,1915,1916,1,2025-06-10
34895,2025,6,10,2,LAX,ABQ,1958,1954,-4,2258,2249,-9,2025-06-10
34896,2025,6,10,2,LAX,ACV,1315,1308,-7,1513,1516,3,2025-06-10
34897,2025,6,10,2,LAX,ANC,1945,1941,-4,20,2347,-33,2025-06-10
34898,2025,6,10,2,LAX,ASE,1040,1036,-4,1356,1358,2,2025-06-10
34899,2025,6,10,2,LAX,ASE,1254,1244,-10,1605,1604,-1,2025-06-10
34902,2025,6,10,2,LAX,ATL,620,616,-4,1342,1325,-17,2025-06-10
34903,2025,6,10,2,LAX,ATL,735,737,2,1448,1448,0,2025-06-10
34905,2025,6,10,2,LAX,ATL,951,1007,16,1715,1717,2,2025-06-10
34907,2025,6,10,2,LAX,ATL,1115,1118,3,1834,1839,5,2025-06-10
34908,2025,6,10,2,LAX,ATL,1215,1214,-1,1930,1923,-7,2025-06-10
34910,2025,6,10,2,LAX,ATL,1315,1345,30,2046,2107,21,2025-06-10
34911,2025,6,10,2,LAX,ATL,1430,1430,0,2150,2139,-11,2025-06-10
34912,2025,6,10,2,LAX,ATL,1735,1801,26,54,104,10,2025-06-10
34913,2025,6,10,2,LAX,ATL,2145,2219,34,500,521,21,2025-06-10
34915,2025,6,10,2,LAX,ATL,2245,2245,0,600,556,-4,2025-06-10
34916,2025,6,10,2,LAX,ATL,2310,2324,14,633,632,-1,2025-06-10
34917,2025,6,10,2,LAX,AUS,615,608,-7,1117,1106,-11,2025-06-10
34918,2025,6,10,2,LAX,AUS,635,634,-1,1135,1126,-9,2025-06-10
34919,2025,6,10,2,LAX,AUS,745,737,-8,1246,1227,-19,2025-06-10
34920,2025,6,10,2,LAX,AUS,925,921,-4,1451,1426,-25,2025-06-10
34921,2025,6,10,2,LAX,AUS,1020,1026,6,1522,1530,8,2025-06-10
34922,2025,6,10,2,LAX,AUS,1035,1108,33,1545,1601,16,2025-06-10
34923,2025,6,10,2,LAX,AUS,1205,1221,16,1710,1728,18,2025-06-10
34924,2025,6,10,2,LAX,AUS,1614,1611,-3,2114,2126,12,2025-06-10
34925,2025,6,10,2,LAX,AUS,1620,1615,-5,2121,2126,5,2025-06-10
34926,2025,6,10,2,LAX,AUS,1835,1843,8,2338,2351,13,2025-06-10
34927,2025,6,10,2,LAX,AUS,1840,1838,-2,2358,2355,-3,2025-06-10
34928,2025,6,10,2,LAX,AUS,1850,1840,-10,2350,2338,-12,2025-06-10
34929,2025,6,10,2,LAX,AUS,1935,1924,-11,40,23,-17,2025-06-10
34930,2025,6,10,2,LAX,BNA,700,653,-7,1257,1250,-7,2025-06-10
34931,2025,6,10,2,LAX,BNA,740,751,11,1345,1348,3,2025-06-10
34932,2025,6,10,2,LAX,BNA,1036,1032,-4,1645,1638,-7,2025-06-10
34933,2025,6,10,2,LAX,BNA,1239,1231,-8,1844,1835,-9,2025-06-10
34934,2025,6,10,2,LAX,BNA,1839,1833,-6,37,29,-8,2025-06-10
34935,2025,6,10,2,LAX,BNA,2250,2250,0,500,443,-17,2025-06-10
34936,2025,6,10,2,LAX,BOI,1157,1202,5,1503,1457,-6,2025-06-10
34937,2025,6,10,2,LAX,BOI,1245,1243,-2,1559,1546,-13,2025-06-10
34938,2025,6,10,2,LAX,BOI,1945,2041,56,2252,2335,43,2025-06-10
34939,2025,6,10,2,LAX,BOI,1959,1951,-8,2301,2237,-24,2025-06-10
34940,2025,6,10,2,LAX,BOS,600,600,0,1439,1435,-4,2025-06-10
34941,2025,6,10,2,LAX,BOS,700,701,1,1537,1536,-1,2025-06-10
34942,2025,6,10,2,LAX,BOS,750,812,22,1632,1647,15,2025-06-10
34944,2025,6,10,2,LAX,BOS,840,939,59,1716,1803,47,2025-06-10
34946,2025,6,10,2,LAX,BOS,1150,1158,8,2035,2047,12,2025-06-10
34948,2025,6,10,2,LAX,BOS,1525,1518,-7,2355,2337,-18,2025-06-10
34949,2025,6,10,2,LAX,BOS,2213,2209,-4,644,633,-11,2025-06-10
34950,2025,6,10,2,LAX,BOS,2234,2233,-1,715,653,-22,2025-06-10
34951,2025,6,10,2,LAX,BOS,2235,2230,-5,713,659,-14,2025-06-10
34952,2025,6,10,2,LAX,BUF,1410,1402,-8,2200,2148,-12,2025-06-10
34953,2025,6,10,2,LAX,BWI,600,601,1,1405,1352,-13,2025-06-10
34954,2025,6,10,2,LAX,BWI,845,843,-2,1654,1641,-13,2025-06-10
34955,2025,6,10,2,LAX,BWI,1005,1017,12,1810,1817,7,2025-06-10
34956,2025,6,10,2,LAX,BWI,1136,1217,41,1939,2019,40,2025-06-10
34957,2025,6,10,2,LAX,BWI,2055,2057,2,500,449,-11,2025-06-10
34958,2025,6,10,2,LAX,BWI,2359,2353,-6,807,742,-25,2025-06-10
34959,2025,6,10,2,LAX,BZN,1121,1158,37,1450,1517,27,2025-06-10
34960,2025,6,10,2,LAX,BZN,1800,1751,-9,2139,2120,-19,2025-06-10
34961,2025,6,10,2,LAX,CLE,1138,1144,6,1911,1914,3,2025-06-10
34962,2025,6,10,2,LAX,CLE,2120,2115,-5,453,444,-9,2025-06-10
34963,2025,6,10,2,LAX,CLT,605,600,-5,1354,1345,-9,2025-06-10
34964,2025,6,10,2,LAX,CLT,759,755,-4,1545,1537,-8,2025-06-10
34965,2025,6,10,2,LAX,CLT,911,936,25,1700,1739,39,2025-06-10
34966,2025,6,10,2,LAX,CLT,1154,1147,-7,1945,1938,-7,2025-06-10
34967,2025,6,10,2,LAX,CLT,1402,1414,12,2155,2149,-6,2025-06-10
34968,2025,6,10,2,LAX,CLT,2148,2141,-7,529,510,-19,2025-06-10
34969,2025,6,10,2,LAX,CLT,2249,2244,-5,635,626,-9,2025-06-10
34970,2025,6,10,2,LAX,CLT,2349,3,14,735,748,13,2025-06-10
34971,2025,6,10,2,LAX,CMH,925,919,-6,1701,1640,-21,2025-06-10
34972,2025,6,10,2,LAX,CVG,2229,2250,21,538,600,22,2025-06-10
34973,2025,6,10,2,LAX,DAL,520,523,3,1025,1013,-12,2025-06-10
34974,2025,6,10,2,LAX,DAL,750,751,1,1255,1252,-3,2025-06-10
34975,2025,6,10,2,LAX,DAL,950,947,-3,1500,1446,-14,2025-06-10
34977,2025,6,10,2,LAX,DAL,1820,1850,30,2330,2348,18,2025-06-10
34979,2025,6,10,2,LAX,DCA,819,813,-6,1622,1607,-15,2025-06-10
34980,2025,6,10,2,LAX,DCA,1228,1320,52,2029,2123,54,2025-06-10
34981,2025,6,10,2,LAX,DCA,1248,1241,-7,2059,2045,-14,2025-06-10
34982,2025,6,10,2,LAX,DEN,505,457,-8,824,814,-10,2025-06-10
34983,2025,6,10,2,LAX,DEN,525,623,58,850,939,49,2025-06-10
34985,2025,6,10,2,LAX,DEN,706,703,-3,1031,1029,-2,2025-06-10
34986,2025,6,10,2,LAX,DEN,746,738,-8,1110,1106,-4,2025-06-10
34987,2025,6,10,2,LAX,DEN,750,745,-5,1110,1104,-6,2025-06-10
34988,2025,6,10,2,LAX,DEN,804,859,55,1133,1211,38,2025-06-10
34989,2025,6,10,2,LAX,DEN,900,910,10,1227,1228,1,2025-06-10
34990,2025,6,10,2,LAX,DEN,930,929,-1,1255,1243,-12,2025-06-10
34991,2025,6,10,2,LAX,DEN,1052,1047,-5,1419,1412,-7,2025-06-10
34992,2025,6,10,2,LAX,DEN,1255,1247,-8,1623,1614,-9,2025-06-10
34993,2025,6,10,2,LAX,DEN,1300,1320,20,1625,1635,10,2025-06-10
34994,2025,6,10,2,LAX,DEN,1338,1325,-13,1701,1652,-9,2025-06-10
34995,2025,6,10,2,LAX,DEN,1435,1429,-6,1805,1800,-5,2025-06-10
34996,2025,6,10,2,LAX,DEN,1459,1518,19,1819,1831,12,2025-06-10
34997,2025,6,10,2,LAX,DEN,1515,1513,-2,1840,1826,-14,2025-06-10
34998,2025,6,10,2,LAX,DEN,1611,1611,0,1940,1952,12,2025-06-10
34999,2025,6,10,2,LAX,DEN,1850,1854,4,2215,2207,-8,2025-06-10
35000,2025,6,10,2,LAX,DEN,1918,1913,-5,2247,2231,-16,2025-06-10
35001,2025,6,10,2,LAX,DEN,1945,1945,0,2309,2305,-4,2025-06-10
35002,2025,6,10,2,LAX,DEN,2025,2013,-12,2348,2329,-19,2025-06-10
35003,2025,6,10,2,LAX,DFW,35,28,-7,532,517,-15,2025-06-10
35004,2025,6,10,2,LAX,DFW,40,48,8,545,540,-5,2025-06-10
35005,2025,6,10,2,LAX,DFW,130,128,-2,633,620,-13,2025-06-10
35006,2025,6,10,2,LAX,DFW,530,523,-7,1038,1042,4,2025-06-10
35007,2025,6,10,2,LAX,DFW,600,558,-2,1120,1101,-19,2025-06-10
35008,2025,6,10,2,LAX,DFW,700,718,18,1209,1219,10,2025-06-10
35010,2025,6,10,2,LAX,DFW,835,830,-5,1343,1333,-10,2025-06-10
35011,2025,6,10,2,LAX,DFW,930,931,1,1443,1436,-7,2025-06-10
35012,2025,6,10,2,LAX,DFW,1037,1033,-4,1545,1538,-7,2025-06-10
35013,2025,6,10,2,LAX,DFW,1230,1227,-3,1737,1737,0,2025-06-10
35014,2025,6,10,2,LAX,DFW,1348,1348,0,1859,1919,20,2025-06-10
35015,2025,6,10,2,LAX,DFW,1433,1503,30,1943,2024,41,2025-06-10
35016,2025,6,10,2,LAX,DFW,1548,1550,2,2059,2125,26,2025-06-10
35017,2025,6,10,2,LAX,DFW,1636,1634,-2,2147,2159,12,2025-06-10
35018,2025,6,10,2,LAX,DFW,1835,1831,-4,2347,2331,-16,2025-06-10
35019,2025,6,10,2,LAX,DFW,1855,1845,-10,2356,2343,-13,2025-06-10
35020,2025,6,10,2,LAX,DFW,1903,1904,1,26,2,-24,2025-06-10
35021,2025,6,10,2,LAX,DFW,2359,2351,-8,506,438,-28,2025-06-10
35023,2025,6,10,2,LAX,DTW,530,524,-6,1257,1246,-11,2025-06-10
35024,2025,6,10,2,LAX,DTW,735,750,15,1456,1507,11,2025-06-10
35025,2025,6,10,2,LAX,DTW,925,920,-5,1652,1632,-20,2025-06-10
35026,2025,6,10,2,LAX,DTW,959,951,-8,1723,1710,-13,2025-06-10
35027,2025,6,10,2,LAX,DTW,1209,1204,-5,1931,1925,-6,2025-06-10
35028,2025,6,10,2,LAX,DTW,1536,1527,-9,2304,2242,-22,2025-06-10
35029,2025,6,10,2,LAX,DTW,2215,2222,7,535,535,0,2025-06-10
35030,2025,6,10,2,LAX,ELP,940,938,-2,1240,1220,-20,2025-06-10
35031,2025,6,10,2,LAX,ELP,1430,1428,-2,1731,1733,2,2025-06-10
35032,2025,6,10,2,LAX,ELP,1947,1956,9,2247,2253,6,2025-06-10
35033,2025,6,10,2,LAX,EUG,2059,2052,-7,2320,2310,-10,2025-06-10
35034,2025,6,10,2,LAX,EWR,600,558,-2,1434,1422,-12,2025-06-10
35035,2025,6,10,2,LAX,EWR,700,652,-8,1540,1508,-32,2025-06-10
35036,2025,6,10,2,LAX,EWR,700,654,-6,1534,1524,-10,2025-06-10
35037,2025,6,10,2,LAX,EWR,754,802,8,1629,1637,8,2025-06-10
35038,2025,6,10,2,LAX,EWR,820,837,17,1645,1640,-5,2025-06-10
35039,2025,6,10,2,LAX,EWR,1015,1100,45,1854,1904,10,2025-06-10
35040,2025,6,10,2,LAX,EWR,1021,1020,-1,1900,1839,-21,2025-06-10
35041,2025,6,10,2,LAX,EWR,1215,1217,2,2054,2029,-25,2025-06-10
35042,2025,6,10,2,LAX,EWR,1330,1352,22,2152,2144,-8,2025-06-10
35043,2025,6,10,2,LAX,EWR,1423,1516,53,2249,2325,36,2025-06-10
35044,2025,6,10,2,LAX,EWR,1630,1628,-2,57,41,-16,2025-06-10
35045,2025,6,10,2,LAX,EWR,2055,2059,4,508,459,-9,2025-06-10
35046,2025,6,10,2,LAX,EWR,2143,2139,-4,559,547,-12,2025-06-10
35047,2025,6,10,2,LAX,EWR,2220,2206,-14,648,619,-29,2025-06-10
35048,2025,6,10,2,LAX,EWR,2359,2356,-3,812,753,-19,2025-06-10
35049,2025,6,10,2,LAX,FAT,1030,1021,-9,1148,1142,-6,2025-06-10
35050,2025,6,10,2,LAX,FAT,1910,1901,-9,2024,2006,-18,2025-06-10
35051,2025,6,10,2,LAX,FAT,2238,2230,-8,2352,2337,-15,2025-06-10
35052,2025,6,10,2,LAX,FCA,922,916,-6,1321,1303,-18,2025-06-10
35053,2025,6,10,2,LAX,FLL,830,825,-5,1637,1638,1,2025-06-10
35054,2025,6,10,2,LAX,FLL,1047,1039,-8,1859,1905,6,2025-06-10
35055,2025,6,10,2,LAX,FLL,1353,1347,-6,2200,2143,-17,2025-06-10
35056,2025,6,10,2,LAX,FLL,2309,2339,30,705,736,31,2025-06-10
35057,2025,6,10,2,LAX,GEG,1114,1105,-9,1352,1336,-16,2025-06-10
35058,2025,6,10,2,LAX,GEG,1859,1928,29,2133,2144,11,2025-06-10
35059,2025,6,10,2,LAX,GEG,1945,1936,-9,2222,2200,-22,2025-06-10
35060,2025,6,10,2,LAX,HNL,700,657,-3,940,941,1,2025-06-10
35061,2025,6,10,2,LAX,HNL,705,705,0,1010,952,-18,2025-06-10
35062,2025,6,10,2,LAX,HNL,825,827,2,1107,1111,4,2025-06-10
35063,2025,6,10,2,LAX,HNL,835,834,-1,1117,1102,-15,2025-06-10
35064,2025,6,10,2,LAX,HNL,849,927,38,1137,1212,35,2025-06-10
35065,2025,6,10,2,LAX,HNL,1000,957,-3,1240,1231,-9,2025-06-10
35066,2025,6,10,2,LAX,HNL,1115,1117,2,1404,1351,-13,2025-06-10
35067,2025,6,10,2,LAX,HNL,1315,1312,-3,1601,1555,-6,2025-06-10
35068,2025,6,10,2,LAX,HNL,1335,1334,-1,1618,1637,19,2025-06-10
35069,2025,6,10,2,LAX,HNL,1444,1439,-5,1728,1722,-6,2025-06-10
35070,2025,6,10,2,LAX,HNL,1710,1709,-1,1944,1932,-12,2025-06-10
35071,2025,6,10,2,LAX,HNL,1755,1749,-6,2040,2045,5,2025-06-10
35072,2025,6,10,2,LAX,HNL,1810,1905,55,2052,2137,45,2025-06-10
35073,2025,6,10,2,LAX,HNL,1820,1908,48,2057,2153,56,2025-06-10
35074,2025,6,10,2,LAX,HNL,1825,1822,-3,2115,2109,-6,2025-06-10
35075,2025,6,10,2,LAX,HNL,1845,1848,3,2128,2114,-14,2025-06-10
35076,2025,6,10,2,LAX,HNL,1913,1917,4,2155,2203,8,2025-06-10
35077,2025,6,10,2,LAX,HNL,2050,2049,-1,2329,2330,1,2025-06-10
35078,2025,6,10,2,LAX,HOU,505,500,-5,1030,1010,-20,2025-06-10
35079,2025,6,10,2,LAX,HOU,1235,1252,17,1755,1815,20,2025-06-10
35080,2025,6,10,2,LAX,HOU,1530,1529,-1,2055,2052,-3,2025-06-10
35081,2025,6,10,2,LAX,HOU,2350,23,33,515,529,14,2025-06-10
35082,2025,6,10,2,LAX,IAD,620,616,-4,1419,1414,-5,2025-06-10
35083,2025,6,10,2,LAX,IAD,800,754,-6,1614,1603,-11,2025-06-10
35084,2025,6,10,2,LAX,IAD,815,828,13,1626,1625,-1,2025-06-10
35085,2025,6,10,2,LAX,IAD,1015,1011,-4,1820,1812,-8,2025-06-10
35086,2025,6,10,2,LAX,IAD,1315,1310,-5,2120,2109,-11,2025-06-10
35087,2025,6,10,2,LAX,IAD,1645,1706,21,44,102,18,2025-06-10
35088,2025,6,10,2,LAX,IAD,2135,2134,-1,537,532,-5,2025-06-10
35089,2025,6,10,2,LAX,IAD,2250,2255,5,639,630,-9,2025-06-10
35090,2025,6,10,2,LAX,IAH,56,53,-3,618,555,-23,2025-06-10
35091,2025,6,10,2,LAX,IAH,515,514,-1,1042,1029,-13,2025-06-10
35092,2025,6,10,2,LAX,IAH,715,707,-8,1244,1230,-14,2025-06-10
35093,2025,6,10,2,LAX,IAH,840,838,-2,1409,1354,-15,2025-06-10
35094,2025,6,10,2,LAX,IAH,845,902,17,1407,1406,-1,2025-06-10
35095,2025,6,10,2,LAX,IAH,1015,1012,-3,1540,1532,-8,2025-06-10
35096,2025,6,10,2,LAX,IAH,1133,1126,-7,1653,1639,-14,2025-06-10
35097,2025,6,10,2,LAX,IAH,1207,1249,42,1724,1801,37,2025-06-10
35098,2025,6,10,2,LAX,IAH,1310,1309,-1,1840,1951,71,2025-06-10
35099,2025,6,10,2,LAX,IAH,1358,1408,10,1925,1929,4,2025-06-10
35100,2025,6,10,2,LAX,IAH,1418,1449,31,1956,2020,24,2025-06-10
35101,2025,6,10,2,LAX,IAH,1809,1812,3,2328,2327,-1,2025-06-10
35102,2025,6,10,2,LAX,IAH,1810,1809,-1,2333,2325,-8,2025-06-10
35103,2025,6,10,2,LAX,IND,1036,1039,3,1747,1749,2,2025-06-10
35104,2025,6,10,2,LAX,IND,2314,2307,-7,614,607,-7,2025-06-10
35105,2025,6,10,2,LAX,JAC,900,848,-12,1218,1157,-21,2025-06-10
35106,2025,6,10,2,LAX,JAC,1030,1024,-6,1348,1339,-9,2025-06-10
35107,2025,6,10,2,LAX,JFK,600,545,-15,1434,1413,-21,2025-06-10
35109,2025,6,10,2,LAX,JFK,700,654,-6,1535,1508,-27,2025-06-10
35110,2025,6,10,2,LAX,JFK,700,656,-4,1535,1528,-7,2025-06-10
35111,2025,6,10,2,LAX,JFK,755,752,-3,1632,1615,-17,2025-06-10
35112,2025,6,10,2,LAX,JFK,819,808,-11,1658,1633,-25,2025-06-10
35113,2025,6,10,2,LAX,JFK,905,905,0,1757,1726,-31,2025-06-10
35114,2025,6,10,2,LAX,JFK,955,951,-4,1835,1816,-19,2025-06-10
35115,2025,6,10,2,LAX,JFK,1010,1020,10,1910,1851,-19,2025-06-10
35119,2025,6,10,2,LAX,JFK,1130,1204,34,2006,2033,27,2025-06-10
35120,2025,6,10,2,LAX,JFK,1220,1259,39,2102,2128,26,2025-06-10
35122,2025,6,10,2,LAX,JFK,1300,1324,24,2145,2154,9,2025-06-10
35123,2025,6,10,2,LAX,JFK,1430,1451,21,2310,2323,13,2025-06-10
35124,2025,6,10,2,LAX,JFK,1515,1541,26,2355,2354,-1,2025-06-10
35125,2025,6,10,2,LAX,JFK,1520,1513,-7,2354,2342,-12,2025-06-10
35126,2025,6,10,2,LAX,JFK,1520,1545,25,2358,4,6,2025-06-10
35127,2025,6,10,2,LAX,JFK,1620,1615,-5,57,38,-19,2025-06-10
35128,2025,6,10,2,LAX,JFK,2053,2103,10,530,527,-3,2025-06-10
35129,2025,6,10,2,LAX,JFK,2121,2117,-4,555,531,-24,2025-06-10
35130,2025,6,10,2,LAX,JFK,2125,2122,-3,559,541,-18,2025-06-10
35131,2025,6,10,2,LAX,JFK,2140,2139,-1,607,547,-20,2025-06-10
35132,2025,6,10,2,LAX,JFK,2252,2251,-1,732,709,-23,2025-06-10
35133,2025,6,10,2,LAX,JFK,2355,2358,3,830,818,-12,2025-06-10
35134,2025,6,10,2,LAX,JFK,2359,2358,-1,837,816,-21,2025-06-10
35135,2025,6,10,2,LAX,KOA,910,901,-9,1150,1138,-12,2025-06-10
35136,2025,6,10,2,LAX,KOA,1100,1054,-6,1335,1334,-1,2025-06-10
35137,2025,6,10,2,LAX,KOA,1119,1148,29,1355,1442,47,2025-06-10
35138,2025,6,10,2,LAX,KOA,1629,1624,-5,1859,1859,0,2025-06-10
35139,2025,6,10,2,LAX,KOA,1725,1724,-1,2003,2000,-3,2025-06-10
35140,2025,6,10,2,LAX,LAS,730,720,-10,840,829,-11,2025-06-10
35141,2025,6,10,2,LAX,LAS,755,754,-1,910,910,0,2025-06-10
35142,2025,6,10,2,LAX,LAS,826,848,22,951,958,7,2025-06-10
35143,2025,6,10,2,LAX,LAS,930,929,-1,1045,1045,0,2025-06-10
35144,2025,6,10,2,LAX,LAS,1019,1032,13,1131,1142,11,2025-06-10
35146,2025,6,10,2,LAX,LAS,1140,1134,-6,1254,1235,-19,2025-06-10
35147,2025,6,10,2,LAX,LAS,1235,1251,16,1350,1424,34,2025-06-10
35148,2025,6,10,2,LAX,LAS,1445,1441,-4,1607,1551,-16,2025-06-10
35149,2025,6,10,2,LAX,LAS,1505,1458,-7,1615,1558,-17,2025-06-10
35150,2025,6,10,2,LAX,LAS,1548,1600,12,1713,1713,0,2025-06-10
35151,2025,6,10,2,LAX,LAS,1605,1619,14,1720,1726,6,2025-06-10
35152,2025,6,10,2,LAX,LAS,1805,1819,14,1920,1919,-1,2025-06-10
35153,2025,6,10,2,LAX,LAS,1850,1915,25,2000,2021,21,2025-06-10
35154,2025,6,10,2,LAX,LAS,1852,1842,-10,2010,1949,-21,2025-06-10
35155,2025,6,10,2,LAX,LAS,1915,1903,-12,2026,2009,-17,2025-06-10
35156,2025,6,10,2,LAX,LAS,1930,1919,-11,2052,2029,-23,2025-06-10
35157,2025,6,10,2,LAX,LAS,1948,1938,-10,2100,2104,4,2025-06-10
35158,2025,6,10,2,LAX,LAS,2035,2031,-4,2155,2128,-27,2025-06-10
35159,2025,6,10,2,LAX,LAS,2215,2208,-7,2327,2313,-14,2025-06-10
35160,2025,6,10,2,LAX,LAS,2305,2259,-6,27,12,-15,2025-06-10
35161,2025,6,10,2,LAX,LIH,842,839,-3,1138,1125,-13,2025-06-10
35162,2025,6,10,2,LAX,LIH,900,954,54,1145,1226,41,2025-06-10
35163,2025,6,10,2,LAX,LIH,903,928,25,1204,1209,5,2025-06-10
35164,2025,6,10,2,LAX,LIH,1425,1422,-3,1708,1710,2,2025-06-10
35165,2025,6,10,2,LAX,MCI,625,623,-2,1135,1140,5,2025-06-10
35166,2025,6,10,2,LAX,MCI,930,925,-5,1444,1441,-3,2025-06-10
35167,2025,6,10,2,LAX,MCI,1501,1455,-6,2012,2004,-8,2025-06-10
35168,2025,6,10,2,LAX,MCI,1815,1807,-8,2327,2315,-12,2025-06-10
35169,2025,6,10,2,LAX,MCO,700,655,-5,1458,1449,-9,2025-06-10
35170,2025,6,10,2,LAX,MCO,1002,955,-7,1804,1730,-34,2025-06-10
35171,2025,6,10,2,LAX,MCO,1035,1031,-4,1838,1832,-6,2025-06-10
35172,2025,6,10,2,LAX,MCO,1120,1120,0,1914,1924,10,2025-06-10
35173,2025,6,10,2,LAX,MCO,1605,1605,0,2359,2354,-5,2025-06-10
35174,2025,6,10,2,LAX,MCO,2135,2128,-7,536,506,-30,2025-06-10
35175,2025,6,10,2,LAX,MCO,2249,2244,-5,647,625,-22,2025-06-10
35176,2025,6,10,2,LAX,MDW,515,511,-4,1120,1106,-14,2025-06-10
35177,2025,6,10,2,LAX,MDW,800,813,13,1400,1411,11,2025-06-10
35179,2025,6,10,2,LAX,MDW,1550,1550,0,2150,2155,5,2025-06-10
35180,2025,6,10,2,LAX,MDW,2255,2255,0,500,447,-13,2025-06-10
35181,2025,6,10,2,LAX,MFE,830,825,-5,1339,1322,-17,2025-06-10
35182,2025,6,10,2,LAX,MIA,600,557,-3,1413,1357,-16,2025-06-10
35183,2025,6,10,2,LAX,MIA,745,741,-4,1554,1543,-11,2025-06-10
35184,2025,6,10,2,LAX,MIA,900,856,-4,1719,1709,-10,2025-06-10
35185,2025,6,10,2,LAX,MIA,1005,1004,-1,1816,1800,-16,2025-06-10
35187,2025,6,10,2,LAX,MIA,1500,1455,-5,2310,2250,-20,2025-06-10
35188,2025,6,10,2,LAX,MIA,2140,2206,26,550,612,22,2025-06-10
35189,2025,6,10,2,LAX,MIA,2249,2253,4,701,650,-11,2025-06-10
35190,2025,6,10,2,LAX,MIA,2343,2,19,750,757,7,2025-06-10
35191,2025,6,10,2,LAX,MRY,820,816,-4,942,939,-3,2025-06-10
35192,2025,6,10,2,LAX,MRY,1823,1817,-6,1937,1924,-13,2025-06-10
35193,2025,6,10,2,LAX,MSO,1131,1141,10,1510,1518,8,2025-06-10
35194,2025,6,10,2,LAX,MSP,50,119,29,625,650,25,2025-06-10
35195,2025,6,10,2,LAX,MSP,617,609,-8,1148,1142,-6,2025-06-10
35196,2025,6,10,2,LAX,MSP,800,801,1,1334,1335,1,2025-06-10
35197,2025,6,10,2,LAX,MSP,1130,1129,-1,1702,1653,-9,2025-06-10
35198,2025,6,10,2,LAX,MSP,1325,1357,32,1855,1921,26,2025-06-10
35200,2025,6,10,2,LAX,MSP,1850,1848,-2,20,19,-1,2025-06-10
35201,2025,6,10,2,LAX,MSP,2330,2400,30,504,534,30,2025-06-10
35202,2025,6,10,2,LAX,MSY,700,655,-5,1240,1245,5,2025-06-10
35203,2025,6,10,2,LAX,MSY,1000,1002,2,1550,1543,-7,2025-06-10
35204,2025,6,10,2,LAX,MSY,1210,1202,-8,1753,1756,3,2025-06-10
35205,2025,6,10,2,LAX,MSY,1818,1809,-9,2358,2345,-13,2025-06-10
35206,2025,6,10,2,LAX,OAK,725,719,-6,850,834,-16,2025-06-10
35207,2025,6,10,2,LAX,OAK,1050,1045,-5,1215,1155,-20,2025-06-10
35208,2025,6,10,2,LAX,OAK,1500,1510,10,1620,1620,0,2025-06-10
35209,2025,6,10,2,LAX,OAK,1750,1749,-1,1910,1858,-12,2025-06-10
35210,2025,6,10,2,LAX,OAK,1935,1932,-3,2100,2043,-17,2025-06-10
35211,2025,6,10,2,LAX,OGG,745,754,9,1025,1023,-2,2025-06-10
35212,2025,6,10,2,LAX,OGG,800,754,-6,1031,1024,-7,2025-06-10
35213,2025,6,10,2,LAX,OGG,815,810,-5,1055,1042,-13,2025-06-10
35214,2025,6,10,2,LAX,OGG,902,902,0,1147,1127,-20,2025-06-10
35215,2025,6,10,2,LAX,OGG,1655,1646,-9,1934,1920,-14,2025-06-10
35216,2025,6,10,2,LAX,OGG,1656,1648,-8,1928,1915,-13,2025-06-10
35217,2025,6,10,2,LAX,OGG,1754,1746,-8,2030,2021,-9,2025-06-10
35218,2025,6,10,2,LAX,OKC,900,850,-10,1400,1350,-10,2025-06-10
35219,2025,6,10,2,LAX,OKC,1732,1759,27,2230,2255,25,2025-06-10
35221,2025,6,10,2,LAX,ORD,30,26,-4,642,626,-16,2025-06-10
35223,2025,6,10,2,LAX,ORD,41,33,-8,642,640,-2,2025-06-10
35224,2025,6,10,2,LAX,ORD,530,522,-8,1136,1118,-18,2025-06-10
35225,2025,6,10,2,LAX,ORD,605,559,-6,1221,1222,1,2025-06-10
35226,2025,6,10,2,LAX,ORD,620,616,-4,1242,1239,-3,2025-06-10
35227,2025,6,10,2,LAX,ORD,800,753,-7,1415,1418,3,2025-06-10
35228,2025,6,10,2,LAX,ORD,815,808,-7,1439,1419,-20,2025-06-10
35229,2025,6,10,2,LAX,ORD,936,950,14,1544,1558,14,2025-06-10
35230,2025,6,10,2,LAX,ORD,1040,1047,7,1656,1703,7,2025-06-10
35231,2025,6,10,2,LAX,ORD,1105,1100,-5,1717,1712,-5,2025-06-10
35232,2025,6,10,2,LAX,ORD,1145,1226,41,1753,1851,58,2025-06-10
35233,2025,6,10,2,LAX,ORD,1237,1235,-2,1855,1916,21,2025-06-10
35234,2025,6,10,2,LAX,ORD,1300,1303,3,1929,1914,-15,2025-06-10
35235,2025,6,10,2,LAX,ORD,1401,1352,-9,2025,2023,-2,2025-06-10
35236,2025,6,10,2,LAX,ORD,1502,1459,-3,2108,2136,28,2025-06-10
35237,2025,6,10,2,LAX,ORD,1640,1632,-8,2304,2235,-29,2025-06-10
35238,2025,6,10,2,LAX,ORD,1729,1746,17,2335,2344,9,2025-06-10
35239,2025,6,10,2,LAX,ORD,1738,1731,-7,2359,2345,-14,2025-06-10
35240,2025,6,10,2,LAX,ORD,2240,2238,-2,451,450,-1,2025-06-10
35241,2025,6,10,2,LAX,ORD,2300,2257,-3,513,504,-9,2025-06-10
35242,2025,6,10,2,LAX,ORD,2337,2330,-7,545,530,-15,2025-06-10
35243,2025,6,10,2,LAX,PDX,700,645,-15,928,906,-22,2025-06-10
35244,2025,6,10,2,LAX,PDX,700,650,-10,921,904,-17,2025-06-10
35245,2025,6,10,2,LAX,PDX,845,841,-4,1110,1055,-15,2025-06-10
35246,2025,6,10,2,LAX,PDX,925,915,-10,1152,1133,-19,2025-06-10
35247,2025,6,10,2,LAX,PDX,1120,1121,1,1347,1347,0,2025-06-10
35249,2025,6,10,2,LAX,PDX,1340,1349,9,1600,1606,6,2025-06-10
35250,2025,6,10,2,LAX,PDX,1357,1345,-12,1624,1607,-17,2025-06-10
35251,2025,6,10,2,LAX,PDX,1640,1626,-14,1859,1835,-24,2025-06-10
35252,2025,6,10,2,LAX,PDX,1820,1813,-7,2048,2025,-23,2025-06-10
35253,2025,6,10,2,LAX,PDX,2006,2101,55,2230,2325,55,2025-06-10
35255,2025,6,10,2,LAX,PDX,2133,2122,-11,2359,2349,-10,2025-06-10
35256,2025,6,10,2,LAX,PHL,108,128,20,916,954,38,2025-06-10
35257,2025,6,10,2,LAX,PHL,645,630,-15,1454,1438,-16,2025-06-10
35258,2025,6,10,2,LAX,PHL,745,737,-8,1556,1545,-11,2025-06-10
35259,2025,6,10,2,LAX,PHL,900,857,-3,1718,1651,-27,2025-06-10
35260,2025,6,10,2,LAX,PHL,1140,1135,-5,1956,1928,-28,2025-06-10
35261,2025,6,10,2,LAX,PHL,1215,1208,-7,2025,2015,-10,2025-06-10
35262,2025,6,10,2,LAX,PHL,1442,1435,-7,2254,2250,-4,2025-06-10
35263,2025,6,10,2,LAX,PHL,1630,1630,0,43,39,-4,2025-06-10
35264,2025,6,10,2,LAX,PHL,2253,2247,-6,705,647,-18,2025-06-10
35265,2025,6,10,2,LAX,PHX,610,605,-5,739,730,-9,2025-06-10
35266,2025,6,10,2,LAX,PHX,700,658,-2,840,810,-30,2025-06-10
35268,2025,6,10,2,LAX,PHX,815,810,-5,951,933,-18,2025-06-10
35269,2025,6,10,2,LAX,PHX,840,833,-7,1015,945,-30,2025-06-10
35270,2025,6,10,2,LAX,PHX,1000,956,-4,1130,1112,-18,2025-06-10
35271,2025,6,10,2,LAX,PHX,1015,1008,-7,1145,1130,-15,2025-06-10
35273,2025,6,10,2,LAX,PHX,1325,1317,-8,1503,1448,-15,2025-06-10
35274,2025,6,10,2,LAX,PHX,1325,1322,-3,1450,1443,-7,2025-06-10
35275,2025,6,10,2,LAX,PHX,1400,1415,15,1528,1538,10,2025-06-10
35277,2025,6,10,2,LAX,PHX,1650,1744,54,1825,1904,39,2025-06-10
35278,2025,6,10,2,LAX,PHX,1730,1721,-9,1855,1844,-11,2025-06-10
35279,2025,6,10,2,LAX,PHX,1825,1844,19,1955,2002,7,2025-06-10
35280,2025,6,10,2,LAX,PHX,1910,1858,-12,2039,2022,-17,2025-06-10
35281,2025,6,10,2,LAX,PHX,1935,1926,-9,2103,2056,-7,2025-06-10
35282,2025,6,10,2,LAX,PHX,2134,2128,-6,2305,2246,-19,2025-06-10
35283,2025,6,10,2,LAX,PHX,2235,2227,-8,13,2355,-18,2025-06-10
35284,2025,6,10,2,LAX,PIT,915,906,-9,1700,1646,-14,2025-06-10
35285,2025,6,10,2,LAX,PRC,1945,1936,-9,2111,2049,-22,2025-06-10
35286,2025,6,10,2,LAX,PSC,2022,2053,31,2257,2318,21,2025-06-10
35287,2025,6,10,2,LAX,RDD,1250,1309,19,1439,1457,18,2025-06-10
35288,2025,6,10,2,LAX,RDM,1245,1241,-4,1503,1438,-25,2025-06-10
35290,2025,6,10,2,LAX,RDU,1240,1240,0,2029,2049,20,2025-06-10
35291,2025,6,10,2,LAX,RNO,959,953,-6,1131,1111,-20,2025-06-10
35292,2025,6,10,2,LAX,RNO,1019,1017,-2,1200,1154,-6,2025-06-10
35293,2025,6,10,2,LAX,RNO,1502,1454,-8,1630,1610,-20,2025-06-10
35294,2025,6,10,2,LAX,RNO,1710,1703,-7,1844,1817,-27,2025-06-10
35295,2025,6,10,2,LAX,RNO,1730,1726,-4,1855,1840,-15,2025-06-10
35296,2025,6,10,2,LAX,RNO,2050,2040,-10,2217,2200,-17,2025-06-10
35297,2025,6,10,2,LAX,RNO,2159,2148,-11,2332,2316,-16,2025-06-10
35298,2025,6,10,2,LAX,SAN,820,857,37,919,945,26,2025-06-10
35299,2025,6,10,2,LAX,SAN,920,915,-5,1024,1009,-15,2025-06-10
35300,2025,6,10,2,LAX,SAN,1428,1430,2,1522,1518,-4,2025-06-10
35301,2025,6,10,2,LAX,SAN,1800,1752,-8,1854,1839,-15,2025-06-10
35302,2025,6,10,2,LAX,SAN,1846,1842,-4,1947,1937,-10,2025-06-10
35303,2025,6,10,2,LAX,SAN,2159,2147,-12,2253,2237,-16,2025-06-10
35304,2025,6,10,2,LAX,SAN,2245,2239,-6,2346,2329,-17,2025-06-10
35305,2025,6,10,2,LAX,SAT,854,857,3,1342,1334,-8,2025-06-10
35306,2025,6,10,2,LAX,SAT,912,903,-9,1419,1359,-20,2025-06-10
35307,2025,6,10,2,LAX,SAT,930,921,-9,1423,1401,-22,2025-06-10
35308,2025,6,10,2,LAX,SAT,1200,1155,-5,1700,1633,-27,2025-06-10
35309,2025,6,10,2,LAX,SAT,1700,1651,-9,2158,2203,5,2025-06-10
35310,2025,6,10,2,LAX,SAT,1858,1913,15,2349,23,34,2025-06-10
35311,2025,6,10,2,LAX,SBA,1520,1514,-6,1612,1612,0,2025-06-10
35312,2025,6,10,2,LAX,SBA,2300,2236,-24,2358,2332,-26,2025-06-10
35313,2025,6,10,2,LAX,SBP,1500,1454,-6,1601,1539,-22,2025-06-10
35314,2025,6,10,2,LAX,SBP,2232,2225,-7,2336,2333,-3,2025-06-10
35315,2025,6,10,2,LAX,SEA,600,548,-12,856,853,-3,2025-06-10
35316,2025,6,10,2,LAX,SEA,700,653,-7,955,948,-7,2025-06-10
35317,2025,6,10,2,LAX,SEA,700,701,1,954,939,-15,2025-06-10
35318,2025,6,10,2,LAX,SEA,800,803,3,1058,1115,17,2025-06-10
35319,2025,6,10,2,LAX,SEA,935,929,-6,1230,1234,4,2025-06-10
35320,2025,6,10,2,LAX,SEA,945,938,-7,1242,1220,-22,2025-06-10
35321,2025,6,10,2,LAX,SEA,1110,1104,-6,1401,1339,-22,2025-06-10
35322,2025,6,10,2,LAX,SEA,1115,1110,-5,1409,1352,-17,2025-06-10
35323,2025,6,10,2,LAX,SEA,1155,1150,-5,1450,1430,-20,2025-06-10
35324,2025,6,10,2,LAX,SEA,1155,1156,1,1445,1435,-10,2025-06-10
35325,2025,6,10,2,LAX,SEA,1358,1356,-2,1653,1642,-11,2025-06-10
35326,2025,6,10,2,LAX,SEA,1415,1407,-8,1700,1640,-20,2025-06-10
35327,2025,6,10,2,LAX,SEA,1536,1530,-6,1827,1807,-20,2025-06-10
35328,2025,6,10,2,LAX,SEA,1743,1757,14,2035,2029,-6,2025-06-10
35329,2025,6,10,2,LAX,SEA,1745,1741,-4,2035,2018,-17,2025-06-10
35330,2025,6,10,2,LAX,SEA,1839,1833,-6,2134,2114,-20,2025-06-10
35331,2025,6,10,2,LAX,SEA,1845,1834,-11,2136,2118,-18,2025-06-10
35332,2025,6,10,2,LAX,SEA,1907,1859,-8,2158,2132,-26,2025-06-10
35333,2025,6,10,2,LAX,SEA,1955,1955,0,2247,2239,-8,2025-06-10
35334,2025,6,10,2,LAX,SEA,1959,1955,-4,2257,2230,-27,2025-06-10
35335,2025,6,10,2,LAX,SFO,600,555,-5,738,718,-20,2025-06-10
35337,2025,6,10,2,LAX,SFO,605,600,-5,730,707,-23,2025-06-10
35338,2025,6,10,2,LAX,SFO,630,621,-9,752,737,-15,2025-06-10
35339,2025,6,10,2,LAX,SFO,700,655,-5,836,825,-11,2025-06-10
35340,2025,6,10,2,LAX,SFO,805,758,-7,945,930,-15,2025-06-10
35341,2025,6,10,2,LAX,SFO,835,830,-5,958,1024,26,2025-06-10
35342,2025,6,10,2,LAX,SFO,910,901,-9,1045,1053,8,2025-06-10
35343,2025,6,10,2,LAX,SFO,1015,1010,-5,1140,1158,18,2025-06-10
35344,2025,6,10,2,LAX,SFO,1026,1019,-7,1159,1213,14,2025-06-10
35346,2025,6,10,2,LAX,SFO,1220,1216,-4,1343,1332,-11,2025-06-10
35347,2025,6,10,2,LAX,SFO,1310,1410,60,1435,1516,41,2025-06-10
35348,2025,6,10,2,LAX,SFO,1330,1331,1,1452,1442,-10,2025-06-10
35349,2025,6,10,2,LAX,SFO,1339,1328,-11,1507,1443,-24,2025-06-10
35350,2025,6,10,2,LAX,SFO,1422,1415,-7,1548,1529,-19,2025-06-10
35351,2025,6,10,2,LAX,SFO,1600,1558,-2,1728,1752,24,2025-06-10
35352,2025,6,10,2,LAX,SFO,1610,1635,25,1739,1804,25,2025-06-10
35353,2025,6,10,2,LAX,SFO,1627,1644,17,1745,1808,23,2025-06-10
35354,2025,6,10,2,LAX,SFO,1710,1704,-6,1840,1825,-15,2025-06-10
35355,2025,6,10,2,LAX,SFO,1820,1828,8,1943,1942,-1,2025-06-10
35356,2025,6,10,2,LAX,SFO,1831,1856,25,1958,2024,26,2025-06-10
35357,2025,6,10,2,LAX,SFO,1840,1926,46,2009,2054,45,2025-06-10
35358,2025,6,10,2,LAX,SFO,1925,2019,54,2057,2202,65,2025-06-10
35359,2025,6,10,2,LAX,SFO,1935,1934,-1,2058,2103,5,2025-06-10
35361,2025,6,10,2,LAX,SFO,2149,2146,-3,2312,2250,-22,2025-06-10
35362,2025,6,10,2,LAX,SFO,2225,2223,-2,2352,2345,-7,2025-06-10
35363,2025,6,10,2,LAX,SGU,1315,1307,-8,1547,1548,1,2025-06-10
35364,2025,6,10,2,LAX,SJC,640,635,-5,755,739,-16,2025-06-10
35365,2025,6,10,2,LAX,SJC,705,658,-7,820,811,-9,2025-06-10
35366,2025,6,10,2,LAX,SJC,915,907,-8,1030,1017,-13,2025-06-10
35367,2025,6,10,2,LAX,SJC,1000,955,-5,1115,1102,-13,2025-06-10
35368,2025,6,10,2,LAX,SJC,1135,1204,29,1252,1326,34,2025-06-10
35369,2025,6,10,2,LAX,SJC,1325,1317,-8,1440,1421,-19,2025-06-10
35370,2025,6,10,2,LAX,SJC,1420,1422,2,1535,1524,-11,2025-06-10
35371,2025,6,10,2,LAX,SJC,1545,1552,7,1700,1659,-1,2025-06-10
35372,2025,6,10,2,LAX,SJC,1716,1710,-6,1834,1829,-5,2025-06-10
35373,2025,6,10,2,LAX,SJC,1730,1723,-7,1845,1824,-21,2025-06-10
35374,2025,6,10,2,LAX,SJC,1800,1754,-6,1915,1902,-13,2025-06-10
35375,2025,6,10,2,LAX,SJC,1950,1944,-6,2110,2046,-24,2025-06-10
35376,2025,6,10,2,LAX,SJC,2128,2131,3,2244,2242,-2,2025-06-10
35377,2025,6,10,2,LAX,SLC,600,550,-10,853,840,-13,2025-06-10
35378,2025,6,10,2,LAX,SLC,700,651,-9,955,940,-15,2025-06-10
35379,2025,6,10,2,LAX,SLC,805,801,-4,1100,1037,-23,2025-06-10
35380,2025,6,10,2,LAX,SLC,948,942,-6,1243,1223,-20,2025-06-10
35381,2025,6,10,2,LAX,SLC,1111,1110,-1,1403,1353,-10,2025-06-10
35382,2025,6,10,2,LAX,SLC,1311,1318,7,1604,1606,2,2025-06-10
35383,2025,6,10,2,LAX,SLC,1710,1734,24,2000,2014,14,2025-06-10
35384,2025,6,10,2,LAX,SLC,1845,1906,21,2139,2153,14,2025-06-10
35385,2025,6,10,2,LAX,SLC,1919,1930,11,2206,2209,3,2025-06-10
35386,2025,6,10,2,LAX,SMF,615,610,-5,740,723,-17,2025-06-10
35387,2025,6,10,2,LAX,SMF,755,749,-6,924,912,-12,2025-06-10
35388,2025,6,10,2,LAX,SMF,815,811,-4,952,944,-8,2025-06-10
35389,2025,6,10,2,LAX,SMF,920,917,-3,1045,1039,-6,2025-06-10
35390,2025,6,10,2,LAX,SMF,946,937,-9,1123,1116,-7,2025-06-10
35391,2025,6,10,2,LAX,SMF,1025,1015,-10,1159,1134,-25,2025-06-10
35392,2025,6,10,2,LAX,SMF,1225,1224,-1,1354,1343,-11,2025-06-10
35393,2025,6,10,2,LAX,SMF,1405,1408,3,1530,1523,-7,2025-06-10
35394,2025,6,10,2,LAX,SMF,1630,1622,-8,1801,1749,-12,2025-06-10
35395,2025,6,10,2,LAX,SMF,1654,1645,-9,1823,1806,-17,2025-06-10
35396,2025,6,10,2,LAX,SMF,1705,1656,-9,1837,1820,-17,2025-06-10
35397,2025,6,10,2,LAX,SMF,1725,1745,20,1850,1910,20,2025-06-10
35398,2025,6,10,2,LAX,SMF,1815,1808,-7,1945,1924,-21,2025-06-10
35399,2025,6,10,2,LAX,SMF,2025,2039,14,2150,2153,3,2025-06-10
35402,2025,6,10,2,LAX,STL,500,454,-6,1040,1027,-13,2025-06-10
35403,2025,6,10,2,LAX,STL,1733,1732,-1,2259,2312,13,2025-06-10
35404,2025,6,10,2,LAX,STL,1845,1838,-7,25,9,-16,2025-06-10
35405,2025,6,10,2,LAX,STS,925,919,-6,1106,1107,1,2025-06-10
35406,2025,6,10,2,LAX,STS,2156,2147,-9,2330,2310,-20,2025-06-10
35407,2025,6,10,2,LAX,TPA,1012,1010,-2,1800,1800,0,2025-06-10
35408,2025,6,10,2,LAX,TPA,2210,2202,-8,544,534,-10,2025-06-10
35409,2025,6,10,2,LAX,TPA,2359,2353,-6,756,739,-17,2025-06-10
35410,2025,6,10,2,LAX,TUL,930,924,-6,1440,1434,-6,2025-06-10
35411,2025,6,10,2,LAX,TUS,822,812,-10,1003,939,-24,2025-06-10
35412,2025,6,10,2,LAX,TUS,935,933,-2,1110,1100,-10,2025-06-10
35413,2025,6,10,2,LAX,TUS,1250,1247,-3,1425,1405,-20,2025-06-10
35416,2025,6,10,2,LAX,TUS,1818,1827,9,1949,2003,14,2025-06-10
35417,2025,6,10,2,LAX,TUS,1900,1950,50,2033,2113,40,2025-06-10
35418,2025,6,10,2,LAX,XNA,914,914,0,1438,1444,6,2025-06-10
38510,2025,6,11,3,LAX,ABQ,800,752,-8,1108,1035,-33,2025-06-11
38511,2025,6,11,3,LAX,ABQ,855,847,-8,1158,1139,-19,2025-06-11
38512,2025,6,11,3,LAX,ABQ,1459,1449,-10,1802,1737,-25,2025-06-11
38513,2025,6,11,3,LAX,ABQ,1620,1714,54,1915,2003,48,2025-06-11
38514,2025,6,11,3,LAX,ABQ,1849,1842,-7,2152,2137,-15,2025-06-11
38515,2025,6,11,3,LAX,ABQ,1958,1950,-8,2258,2304,6,2025-06-11
38516,2025,6,11,3,LAX,ACV,1315,1308,-7,1513,1458,-15,2025-06-11
38517,2025,6,11,3,LAX,ANC,1945,1955,10,24,2,-22,2025-06-11
38518,2025,6,11,3,LAX,ASE,1040,1035,-5,1356,1353,-3,2025-06-11
38519,2025,6,11,3,LAX,ASE,1254,1255,1,1605,1617,12,2025-06-11
38520,2025,6,11,3,LAX,ASE,1445,1436,-9,1751,1739,-12,2025-06-11
38521,2025,6,11,3,LAX,ATL,55,124,29,821,841,20,2025-06-11
38522,2025,6,11,3,LAX,ATL,620,615,-5,1342,1322,-20,2025-06-11
38523,2025,6,11,3,LAX,ATL,735,733,-2,1448,1448,0,2025-06-11
38524,2025,6,11,3,LAX,ATL,845,843,-2,1612,1604,-8,2025-06-11
38525,2025,6,11,3,LAX,ATL,951,949,-2,1715,1700,-15,2025-06-11
38526,2025,6,11,3,LAX,ATL,953,951,-2,1719,1656,-23,2025-06-11
38527,2025,6,11,3,LAX,ATL,1115,1115,0,1834,1830,-4,2025-06-11
38528,2025,6,11,3,LAX,ATL,1215,1212,-3,1930,1924,-6,2025-06-11
38529,2025,6,11,3,LAX,ATL,1237,1234,-3,1959,1949,-10,2025-06-11
38530,2025,6,11,3,LAX,ATL,1315,1311,-4,2046,2030,-16,2025-06-11
38532,2025,6,11,3,LAX,ATL,1735,1732,-3,54,46,-8,2025-06-11
38533,2025,6,11,3,LAX,ATL,2128,2141,13,507,458,-9,2025-06-11
38534,2025,6,11,3,LAX,ATL,2145,2145,0,500,454,-6,2025-06-11
38535,2025,6,11,3,LAX,ATL,2245,2237,-8,600,541,-19,2025-06-11
38536,2025,6,11,3,LAX,ATL,2310,2348,38,633,659,26,2025-06-11
38537,2025,6,11,3,LAX,AUS,615,606,-9,1117,1114,-3,2025-06-11
38538,2025,6,11,3,LAX,AUS,635,630,-5,1135,1112,-23,2025-06-11
38539,2025,6,11,3,LAX,AUS,745,735,-10,1246,1225,-21,2025-06-11
38540,2025,6,11,3,LAX,AUS,925,922,-3,1451,1428,-23,2025-06-11
38541,2025,6,11,3,LAX,AUS,1035,1027,-8,1545,1609,24,2025-06-11
38542,2025,6,11,3,LAX,AUS,1205,1246,41,1710,1732,22,2025-06-11
38543,2025,6,11,3,LAX,AUS,1614,1609,-5,2114,2103,-11,2025-06-11
38544,2025,6,11,3,LAX,AUS,1620,1612,-8,2121,2106,-15,2025-06-11
38545,2025,6,11,3,LAX,AUS,1835,1826,-9,2338,2330,-8,2025-06-11
38546,2025,6,11,3,LAX,AUS,1840,1838,-2,2358,2358,0,2025-06-11
38547,2025,6,11,3,LAX,AUS,1850,1901,11,2350,9,19,2025-06-11
38548,2025,6,11,3,LAX,AUS,1935,1929,-6,40,45,5,2025-06-11
38549,2025,6,11,3,LAX,BNA,700,658,-2,1257,1253,-4,2025-06-11
38550,2025,6,11,3,LAX,BNA,740,736,-4,1345,1327,-18,2025-06-11
38551,2025,6,11,3,LAX,BNA,1036,1046,10,1645,1642,-3,2025-06-11
38552,2025,6,11,3,LAX,BNA,1239,1232,-7,1844,1823,-21,2025-06-11
38553,2025,6,11,3,LAX,BNA,1839,1825,-14,37,36,-1,2025-06-11
38554,2025,6,11,3,LAX,BNA,2250,2251,1,500,443,-17,2025-06-11
38555,2025,6,11,3,LAX,BOI,1157,1150,-7,1503,1442,-21,2025-06-11
38556,2025,6,11,3,LAX,BOI,1245,1245,0,1559,1539,-20,2025-06-11
38557,2025,6,11,3,LAX,BOI,1945,1940,-5,2252,2245,-7,2025-06-11
38558,2025,6,11,3,LAX,BOI,1959,1953,-6,2301,2239,-22,2025-06-11
38559,2025,6,11,3,LAX,BOS,600,550,-10,1439,1415,-24,2025-06-11
38560,2025,6,11,3,LAX,BOS,640,636,-4,1515,1456,-19,2025-06-11
38561,2025,6,11,3,LAX,BOS,750,747,-3,1632,1608,-24,2025-06-11
38562,2025,6,11,3,LAX,BOS,835,828,-7,1718,1658,-20,2025-06-11
38563,2025,6,11,3,LAX,BOS,840,845,5,1716,1706,-10,2025-06-11
38565,2025,6,11,3,LAX,BOS,1150,1145,-5,2035,2009,-26,2025-06-11
38566,2025,6,11,3,LAX,BOS,1250,1244,-6,2134,2102,-32,2025-06-11
38567,2025,6,11,3,LAX,BOS,1525,1522,-3,2355,2334,-21,2025-06-11
38568,2025,6,11,3,LAX,BOS,2102,2056,-6,532,527,-5,2025-06-11
38569,2025,6,11,3,LAX,BOS,2213,2216,3,644,641,-3,2025-06-11
38570,2025,6,11,3,LAX,BOS,2234,2229,-5,715,638,-37,2025-06-11
38571,2025,6,11,3,LAX,BOS,2235,2236,1,713,657,-16,2025-06-11
38572,2025,6,11,3,LAX,BUF,1410,1404,-6,2200,2142,-18,2025-06-11
38573,2025,6,11,3,LAX,BWI,600,559,-1,1405,1357,-8,2025-06-11
38574,2025,6,11,3,LAX,BWI,845,838,-7,1654,1641,-13,2025-06-11
38575,2025,6,11,3,LAX,BWI,1005,1006,1,1810,1801,-9,2025-06-11
38576,2025,6,11,3,LAX,BWI,1136,1130,-6,1939,1925,-14,2025-06-11
38577,2025,6,11,3,LAX,BWI,2055,2058,3,500,449,-11,2025-06-11
38578,2025,6,11,3,LAX,BWI,2359,2345,-14,807,742,-25,2025-06-11
38579,2025,6,11,3,LAX,BZN,1121,1114,-7,1450,1436,-14,2025-06-11
38580,2025,6,11,3,LAX,BZN,1800,1753,-7,2139,2115,-24,2025-06-11
38582,2025,6,11,3,LAX,CLE,1138,1138,0,1911,1901,-10,2025-06-11
38583,2025,6,11,3,LAX,CLE,2120,2123,3,453,459,6,2025-06-11
38584,2025,6,11,3,LAX,CLT,605,605,0,1354,1340,-14,2025-06-11
38585,2025,6,11,3,LAX,CLT,759,754,-5,1545,1535,-10,2025-06-11
38586,2025,6,11,3,LAX,CLT,911,955,44,1700,1738,38,2025-06-11
38587,2025,6,11,3,LAX,CLT,1154,1153,-1,1945,1930,-15,2025-06-11
38588,2025,6,11,3,LAX,CLT,1402,1441,39,2155,2209,14,2025-06-11
38589,2025,6,11,3,LAX,CLT,2148,2146,-2,529,517,-12,2025-06-11
38590,2025,6,11,3,LAX,CLT,2249,2245,-4,635,634,-1,2025-06-11
38591,2025,6,11,3,LAX,CLT,2349,2342,-7,735,716,-19,2025-06-11
38592,2025,6,11,3,LAX,CMH,925,925,0,1701,1647,-14,2025-06-11
38594,2025,6,11,3,LAX,DAL,520,517,-3,1025,1012,-13,2025-06-11
38595,2025,6,11,3,LAX,DAL,750,803,13,1255,1300,5,2025-06-11
38596,2025,6,11,3,LAX,DAL,950,956,6,1500,1454,-6,2025-06-11
38597,2025,6,11,3,LAX,DAL,1605,1617,12,2110,2121,11,2025-06-11
38598,2025,6,11,3,LAX,DAL,1820,1827,7,2330,2331,1,2025-06-11
38599,2025,6,11,3,LAX,DCA,759,752,-7,1600,1543,-17,2025-06-11
38600,2025,6,11,3,LAX,DCA,819,814,-5,1622,1603,-19,2025-06-11
38601,2025,6,11,3,LAX,DCA,1228,1309,41,2029,2102,33,2025-06-11
38603,2025,6,11,3,LAX,DEN,505,504,-1,824,817,-7,2025-06-11
38604,2025,6,11,3,LAX,DEN,525,522,-3,850,843,-7,2025-06-11
38605,2025,6,11,3,LAX,DEN,615,608,-7,948,944,-4,2025-06-11
38606,2025,6,11,3,LAX,DEN,706,658,-8,1031,1020,-11,2025-06-11
38607,2025,6,11,3,LAX,DEN,746,738,-8,1110,1054,-16,2025-06-11
38608,2025,6,11,3,LAX,DEN,750,754,4,1110,1109,-1,2025-06-11
38609,2025,6,11,3,LAX,DEN,804,824,20,1133,1149,16,2025-06-11
38610,2025,6,11,3,LAX,DEN,900,854,-6,1227,1214,-13,2025-06-11
38611,2025,6,11,3,LAX,DEN,930,929,-1,1255,1238,-17,2025-06-11
38612,2025,6,11,3,LAX,DEN,1052,1050,-2,1419,1408,-11,2025-06-11
38613,2025,6,11,3,LAX,DEN,1255,1254,-1,1623,1657,34,2025-06-11
38614,2025,6,11,3,LAX,DEN,1300,1321,21,1625,1703,38,2025-06-11
38615,2025,6,11,3,LAX,DEN,1338,1330,-8,1701,1731,30,2025-06-11
38617,2025,6,11,3,LAX,DEN,1459,1538,39,1819,1919,60,2025-06-11
38619,2025,6,11,3,LAX,DEN,1611,1625,14,1940,2005,25,2025-06-11
38620,2025,6,11,3,LAX,DEN,1830,1826,-4,2200,2141,-19,2025-06-11
38621,2025,6,11,3,LAX,DEN,1850,1915,25,2215,2229,14,2025-06-11
38622,2025,6,11,3,LAX,DEN,1918,1908,-10,2247,2228,-19,2025-06-11
38623,2025,6,11,3,LAX,DEN,1945,1938,-7,2309,2307,-2,2025-06-11
38624,2025,6,11,3,LAX,DEN,2025,2036,11,2348,2354,6,2025-06-11
38625,2025,6,11,3,LAX,DFW,35,39,4,532,533,1,2025-06-11
38629,2025,6,11,3,LAX,DFW,700,750,50,1209,1301,52,2025-06-11
38630,2025,6,11,3,LAX,DFW,826,833,7,1339,1350,11,2025-06-11
38633,2025,6,11,3,LAX,DFW,1037,1127,50,1545,1631,46,2025-06-11
38635,2025,6,11,3,LAX,DFW,1348,1349,1,1859,1905,6,2025-06-11
38637,2025,6,11,3,LAX,DFW,1548,1547,-1,2059,2048,-11,2025-06-11
38638,2025,6,11,3,LAX,DFW,1636,1631,-5,2147,2135,-12,2025-06-11
38639,2025,6,11,3,LAX,DFW,1835,1841,6,2347,2332,-15,2025-06-11
38640,2025,6,11,3,LAX,DFW,1852,1844,-8,2356,2341,-15,2025-06-11
38641,2025,6,11,3,LAX,DFW,1855,1848,-7,2356,2400,4,2025-06-11
38642,2025,6,11,3,LAX,DFW,1903,1854,-9,26,2400,-26,2025-06-11
38643,2025,6,11,3,LAX,DFW,2359,2356,-3,506,451,-15,2025-06-11
38644,2025,6,11,3,LAX,DTW,530,533,3,1257,1256,-1,2025-06-11
38646,2025,6,11,3,LAX,DTW,925,927,2,1652,1642,-10,2025-06-11
38647,2025,6,11,3,LAX,DTW,959,956,-3,1723,1713,-10,2025-06-11
38648,2025,6,11,3,LAX,DTW,1209,1207,-2,1931,1922,-9,2025-06-11
38649,2025,6,11,3,LAX,DTW,1536,1535,-1,2304,2322,18,2025-06-11
38650,2025,6,11,3,LAX,DTW,2215,2211,-4,535,517,-18,2025-06-11
38651,2025,6,11,3,LAX,ELP,940,935,-5,1240,1231,-9,2025-06-11
38652,2025,6,11,3,LAX,ELP,1430,1421,-9,1731,1709,-22,2025-06-11
38653,2025,6,11,3,LAX,ELP,1947,1938,-9,2247,2226,-21,2025-06-11
38654,2025,6,11,3,LAX,EUG,2059,2130,31,2320,2339,19,2025-06-11
38655,2025,6,11,3,LAX,EWR,600,554,-6,1434,1418,-16,2025-06-11
38656,2025,6,11,3,LAX,EWR,700,648,-12,1540,1506,-34,2025-06-11
38657,2025,6,11,3,LAX,EWR,700,654,-6,1534,1525,-9,2025-06-11
38658,2025,6,11,3,LAX,EWR,754,818,24,1629,1652,23,2025-06-11
38659,2025,6,11,3,LAX,EWR,820,818,-2,1645,1620,-25,2025-06-11
38660,2025,6,11,3,LAX,EWR,1015,1010,-5,1854,1822,-32,2025-06-11
38661,2025,6,11,3,LAX,EWR,1021,1021,0,1900,1845,-15,2025-06-11
38662,2025,6,11,3,LAX,EWR,1215,1214,-1,2054,2033,-21,2025-06-11
38663,2025,6,11,3,LAX,EWR,1330,1324,-6,2152,2124,-28,2025-06-11
38664,2025,6,11,3,LAX,EWR,1423,1415,-8,2249,2222,-27,2025-06-11
38665,2025,6,11,3,LAX,EWR,1630,1624,-6,57,33,-24,2025-06-11
38666,2025,6,11,3,LAX,EWR,2055,2053,-2,508,451,-17,2025-06-11
38667,2025,6,11,3,LAX,EWR,2124,2144,20,549,604,15,2025-06-11
38668,2025,6,11,3,LAX,EWR,2143,2139,-4,559,550,-9,2025-06-11
38669,2025,6,11,3,LAX,EWR,2359,2357,-2,812,757,-15,2025-06-11
38670,2025,6,11,3,LAX,FAT,1030,1026,-4,1148,1132,-16,2025-06-11
38672,2025,6,11,3,LAX,FAT,2238,2231,-7,2352,4,12,2025-06-11
38673,2025,6,11,3,LAX,FCA,922,915,-7,1321,1309,-12,2025-06-11
38674,2025,6,11,3,LAX,FLL,830,836,6,1637,1704,27,2025-06-11
38675,2025,6,11,3,LAX,FLL,1047,1044,-3,1859,1908,9,2025-06-11
38676,2025,6,11,3,LAX,FLL,1353,1344,-9,2200,2155,-5,2025-06-11
38677,2025,6,11,3,LAX,FLL,1520,1512,-8,2320,2331,11,2025-06-11
38678,2025,6,11,3,LAX,FLL,2309,2307,-2,705,707,2,2025-06-11
38679,2025,6,11,3,LAX,GEG,1114,1105,-9,1352,1333,-19,2025-06-11
38680,2025,6,11,3,LAX,GEG,1859,1855,-4,2133,2124,-9,2025-06-11
38681,2025,6,11,3,LAX,GEG,1945,1929,-16,2222,2206,-16,2025-06-11
38682,2025,6,11,3,LAX,GRR,931,929,-2,1637,1643,6,2025-06-11
38683,2025,6,11,3,LAX,HNL,700,657,-3,940,931,-9,2025-06-11
38684,2025,6,11,3,LAX,HNL,705,703,-2,1010,1002,-8,2025-06-11
38685,2025,6,11,3,LAX,HNL,825,816,-9,1107,1051,-16,2025-06-11
38686,2025,6,11,3,LAX,HNL,835,832,-3,1117,1109,-8,2025-06-11
38688,2025,6,11,3,LAX,HNL,1000,957,-3,1240,1239,-1,2025-06-11
38689,2025,6,11,3,LAX,HNL,1115,1109,-6,1404,1346,-18,2025-06-11
38690,2025,6,11,3,LAX,HNL,1315,1311,-4,1601,1546,-15,2025-06-11
38691,2025,6,11,3,LAX,HNL,1335,1332,-3,1618,1622,4,2025-06-11
38692,2025,6,11,3,LAX,HNL,1444,1439,-5,1728,1724,-4,2025-06-11
38693,2025,6,11,3,LAX,HNL,1710,1707,-3,1944,1955,11,2025-06-11
38694,2025,6,11,3,LAX,HNL,1755,1755,0,2040,2048,8,2025-06-11
38695,2025,6,11,3,LAX,HNL,1810,1805,-5,2052,2046,-6,2025-06-11
38696,2025,6,11,3,LAX,HNL,1820,1855,35,2057,2130,33,2025-06-11
38697,2025,6,11,3,LAX,HNL,1825,1859,34,2115,2152,37,2025-06-11
38698,2025,6,11,3,LAX,HNL,1845,1841,-4,2128,2121,-7,2025-06-11
38700,2025,6,11,3,LAX,HNL,2050,2134,44,2329,21,52,2025-06-11
38701,2025,6,11,3,LAX,HOU,505,504,-1,1030,1009,-21,2025-06-11
38702,2025,6,11,3,LAX,HOU,1235,1243,8,1755,1753,-2,2025-06-11
38703,2025,6,11,3,LAX,HOU,1530,1529,-1,2055,2031,-24,2025-06-11
38704,2025,6,11,3,LAX,HOU,2350,1,11,515,522,7,2025-06-11
38705,2025,6,11,3,LAX,IAD,620,615,-5,1423,1413,-10,2025-06-11
38706,2025,6,11,3,LAX,IAD,800,759,-1,1614,1550,-24,2025-06-11
38707,2025,6,11,3,LAX,IAD,815,811,-4,1621,1618,-3,2025-06-11
38708,2025,6,11,3,LAX,IAD,1015,1011,-4,1820,1816,-4,2025-06-11
38709,2025,6,11,3,LAX,IAD,1315,1310,-5,2120,2106,-14,2025-06-11
38710,2025,6,11,3,LAX,IAD,1645,1636,-9,44,37,-7,2025-06-11
38711,2025,6,11,3,LAX,IAD,2135,2130,-5,537,536,-1,2025-06-11
38712,2025,6,11,3,LAX,IAD,2250,2248,-2,639,702,23,2025-06-11
38713,2025,6,11,3,LAX,IAH,56,52,-4,618,616,-2,2025-06-11
38714,2025,6,11,3,LAX,IAH,515,512,-3,1042,1051,9,2025-06-11
38715,2025,6,11,3,LAX,IAH,715,732,17,1244,1324,40,2025-06-11
38716,2025,6,11,3,LAX,IAH,840,838,-2,1409,1415,6,2025-06-11
38717,2025,6,11,3,LAX,IAH,845,900,15,1407,1409,2,2025-06-11
38718,2025,6,11,3,LAX,IAH,1015,1016,1,1540,1528,-12,2025-06-11
38719,2025,6,11,3,LAX,IAH,1133,1142,9,1653,1706,13,2025-06-11
38720,2025,6,11,3,LAX,IAH,1207,1203,-4,1724,1704,-20,2025-06-11
38721,2025,6,11,3,LAX,IAH,1310,1304,-6,1840,1809,-31,2025-06-11
38722,2025,6,11,3,LAX,IAH,1358,1354,-4,1925,1912,-13,2025-06-11
38724,2025,6,11,3,LAX,IAH,1809,1808,-1,2328,2327,-1,2025-06-11
38725,2025,6,11,3,LAX,IAH,1810,1804,-6,2333,2316,-17,2025-06-11
38726,2025,6,11,3,LAX,IAH,1920,1909,-11,43,18,-25,2025-06-11
38727,2025,6,11,3,LAX,IND,1036,1030,-6,1747,1732,-15,2025-06-11
38728,2025,6,11,3,LAX,IND,2314,2311,-3,614,614,0,2025-06-11
38730,2025,6,11,3,LAX,JAC,1030,1022,-8,1348,1334,-14,2025-06-11
38731,2025,6,11,3,LAX,JFK,600,551,-9,1434,1400,-34,2025-06-11
38732,2025,6,11,3,LAX,JFK,600,554,-6,1430,1424,-6,2025-06-11
38733,2025,6,11,3,LAX,JFK,700,652,-8,1535,1510,-25,2025-06-11
38734,2025,6,11,3,LAX,JFK,700,659,-1,1535,1524,-11,2025-06-11
38735,2025,6,11,3,LAX,JFK,755,752,-3,1632,1612,-20,2025-06-11
38736,2025,6,11,3,LAX,JFK,819,814,-5,1658,1632,-26,2025-06-11
38737,2025,6,11,3,LAX,JFK,905,903,-2,1757,1720,-37,2025-06-11
38738,2025,6,11,3,LAX,JFK,955,1006,11,1835,1826,-9,2025-06-11
38739,2025,6,11,3,LAX,JFK,1010,1015,5,1910,1847,-23,2025-06-11
38740,2025,6,11,3,LAX,JFK,1021,1013,-8,1859,1840,-19,2025-06-11
38741,2025,6,11,3,LAX,JFK,1110,1113,3,1950,1943,-7,2025-06-11
38742,2025,6,11,3,LAX,JFK,1115,1107,-8,1959,1927,-32,2025-06-11
38743,2025,6,11,3,LAX,JFK,1130,1120,-10,2006,1943,-23,2025-06-11
38744,2025,6,11,3,LAX,JFK,1230,1229,-1,2107,2042,-25,2025-06-11
38745,2025,6,11,3,LAX,JFK,1240,1236,-4,2122,2049,-33,2025-06-11
38746,2025,6,11,3,LAX,JFK,1300,1259,-1,2145,2110,-35,2025-06-11
38747,2025,6,11,3,LAX,JFK,1430,1428,-2,2310,2256,-14,2025-06-11
38748,2025,6,11,3,LAX,JFK,1515,1515,0,2355,2344,-11,2025-06-11
38749,2025,6,11,3,LAX,JFK,1520,1516,-4,2354,2339,-15,2025-06-11
38750,2025,6,11,3,LAX,JFK,1620,1617,-3,57,35,-22,2025-06-11
38751,2025,6,11,3,LAX,JFK,2053,2105,12,530,526,-4,2025-06-11
38752,2025,6,11,3,LAX,JFK,2121,2122,1,555,550,-5,2025-06-11
38753,2025,6,11,3,LAX,JFK,2125,2126,1,559,606,7,2025-06-11
38754,2025,6,11,3,LAX,JFK,2140,2131,-9,607,543,-24,2025-06-11
38755,2025,6,11,3,LAX,JFK,2252,2248,-4,732,731,-1,2025-06-11
38756,2025,6,11,3,LAX,JFK,2355,2348,-7,830,758,-32,2025-06-11
38757,2025,6,11,3,LAX,JFK,2359,2357,-2,837,815,-22,2025-06-11
38758,2025,6,11,3,LAX,KOA,910,904,-6,1150,1147,-3,2025-06-11
38759,2025,6,11,3,LAX,KOA,1100,1050,-10,1335,1330,-5,2025-06-11
38760,2025,6,11,3,LAX,KOA,1119,1207,48,1355,1447,52,2025-06-11
38761,2025,6,11,3,LAX,KOA,1629,1625,-4,1859,1851,-8,2025-06-11
38762,2025,6,11,3,LAX,KOA,1725,1726,1,2003,2003,0,2025-06-11
38763,2025,6,11,3,LAX,LAS,730,719,-11,840,823,-17,2025-06-11
38764,2025,6,11,3,LAX,LAS,755,753,-2,910,849,-21,2025-06-11
38765,2025,6,11,3,LAX,LAS,826,824,-2,951,943,-8,2025-06-11
38766,2025,6,11,3,LAX,LAS,930,933,3,1045,1035,-10,2025-06-11
38767,2025,6,11,3,LAX,LAS,1019,1105,46,1131,1208,37,2025-06-11
38768,2025,6,11,3,LAX,LAS,1030,1124,54,1147,1230,43,2025-06-11
38769,2025,6,11,3,LAX,LAS,1140,1139,-1,1254,1244,-10,2025-06-11
38770,2025,6,11,3,LAX,LAS,1235,1238,3,1350,1344,-6,2025-06-11
38771,2025,6,11,3,LAX,LAS,1445,1436,-9,1607,1542,-25,2025-06-11
38772,2025,6,11,3,LAX,LAS,1505,1533,28,1615,1642,27,2025-06-11
38773,2025,6,11,3,LAX,LAS,1548,1610,22,1713,1727,14,2025-06-11
38774,2025,6,11,3,LAX,LAS,1605,1659,54,1720,1808,48,2025-06-11
38775,2025,6,11,3,LAX,LAS,1805,1805,0,1920,1906,-14,2025-06-11
38776,2025,6,11,3,LAX,LAS,1850,1857,7,2000,2004,4,2025-06-11
38777,2025,6,11,3,LAX,LAS,1930,1925,-5,2052,2033,-19,2025-06-11
38778,2025,6,11,3,LAX,LAS,1948,1953,5,2100,2057,-3,2025-06-11
38779,2025,6,11,3,LAX,LAS,2035,2031,-4,2155,2129,-26,2025-06-11
38780,2025,6,11,3,LAX,LAS,2059,2052,-7,2215,2206,-9,2025-06-11
38781,2025,6,11,3,LAX,LAS,2215,2206,-9,2327,2312,-15,2025-06-11
38782,2025,6,11,3,LAX,LAS,2305,2300,-5,27,14,-13,2025-06-11
38783,2025,6,11,3,LAX,LIH,842,834,-8,1138,1126,-12,2025-06-11
38784,2025,6,11,3,LAX,LIH,900,855,-5,1145,1146,1,2025-06-11
38785,2025,6,11,3,LAX,LIH,903,920,17,1204,1206,2,2025-06-11
38786,2025,6,11,3,LAX,LIH,1425,1438,13,1708,1734,26,2025-06-11
38787,2025,6,11,3,LAX,LIT,630,628,-2,1154,1147,-7,2025-06-11
38788,2025,6,11,3,LAX,MCI,625,622,-3,1135,1141,6,2025-06-11
38789,2025,6,11,3,LAX,MCI,930,929,-1,1444,1447,3,2025-06-11
38790,2025,6,11,3,LAX,MCI,1501,1455,-6,2012,2006,-6,2025-06-11
38791,2025,6,11,3,LAX,MCI,1815,1810,-5,2327,2323,-4,2025-06-11
38792,2025,6,11,3,LAX,MCO,700,658,-2,1458,1506,8,2025-06-11
38793,2025,6,11,3,LAX,MCO,1002,1002,0,1804,1808,4,2025-06-11
38794,2025,6,11,3,LAX,MCO,1035,1034,-1,1838,1908,30,2025-06-11
38795,2025,6,11,3,LAX,MCO,1120,1204,44,1914,2024,70,2025-06-11
38796,2025,6,11,3,LAX,MCO,1605,1559,-6,2359,2347,-12,2025-06-11
38797,2025,6,11,3,LAX,MCO,2135,2142,7,536,536,0,2025-06-11
38798,2025,6,11,3,LAX,MCO,2145,2146,1,532,547,15,2025-06-11
38799,2025,6,11,3,LAX,MCO,2249,2245,-4,647,655,8,2025-06-11
38800,2025,6,11,3,LAX,MDW,515,510,-5,1120,1108,-12,2025-06-11
38801,2025,6,11,3,LAX,MDW,800,759,-1,1400,1353,-7,2025-06-11
38802,2025,6,11,3,LAX,MDW,1200,1224,24,1805,1821,16,2025-06-11
38803,2025,6,11,3,LAX,MDW,1550,1547,-3,2150,2135,-15,2025-06-11
38804,2025,6,11,3,LAX,MDW,2255,2253,-2,500,440,-20,2025-06-11
38805,2025,6,11,3,LAX,MEM,1820,1814,-6,2358,2400,2,2025-06-11
38806,2025,6,11,3,LAX,MIA,600,559,-1,1413,1409,-4,2025-06-11
38807,2025,6,11,3,LAX,MIA,745,742,-3,1554,1550,-4,2025-06-11
38808,2025,6,11,3,LAX,MIA,900,904,4,1719,1737,18,2025-06-11
38809,2025,6,11,3,LAX,MIA,1005,1010,5,1816,1814,-2,2025-06-11
38810,2025,6,11,3,LAX,MIA,1210,1216,6,2020,2048,28,2025-06-11
38811,2025,6,11,3,LAX,MIA,1500,1507,7,2310,2314,4,2025-06-11
38812,2025,6,11,3,LAX,MIA,2140,2141,1,550,528,-22,2025-06-11
38813,2025,6,11,3,LAX,MIA,2249,2243,-6,701,639,-22,2025-06-11
38814,2025,6,11,3,LAX,MIA,2343,2335,-8,750,748,-2,2025-06-11
38815,2025,6,11,3,LAX,MRY,820,817,-3,942,951,9,2025-06-11
38816,2025,6,11,3,LAX,MRY,1823,1814,-9,1937,1922,-15,2025-06-11
38817,2025,6,11,3,LAX,MSO,1131,1121,-10,1510,1516,6,2025-06-11
38818,2025,6,11,3,LAX,MSP,617,608,-9,1148,1141,-7,2025-06-11
38819,2025,6,11,3,LAX,MSP,800,756,-4,1334,1338,4,2025-06-11
38820,2025,6,11,3,LAX,MSP,1130,1129,-1,1702,1655,-7,2025-06-11
38821,2025,6,11,3,LAX,MSP,1325,1325,0,1855,1852,-3,2025-06-11
38822,2025,6,11,3,LAX,MSP,1520,1516,-4,2049,2045,-4,2025-06-11
38823,2025,6,11,3,LAX,MSP,1850,1840,-10,20,4,-16,2025-06-11
38824,2025,6,11,3,LAX,MSP,2330,7,37,504,535,31,2025-06-11
38825,2025,6,11,3,LAX,MSY,700,705,5,1240,1251,11,2025-06-11
38826,2025,6,11,3,LAX,MSY,1000,1001,1,1550,1548,-2,2025-06-11
38827,2025,6,11,3,LAX,MSY,1210,1205,-5,1753,1806,13,2025-06-11
38828,2025,6,11,3,LAX,MSY,1818,1911,53,2358,103,65,2025-06-11
38829,2025,6,11,3,LAX,OAK,725,721,-4,850,833,-17,2025-06-11
38830,2025,6,11,3,LAX,OAK,1050,1048,-2,1215,1205,-10,2025-06-11
38831,2025,6,11,3,LAX,OAK,1500,1511,11,1620,1614,-6,2025-06-11
38833,2025,6,11,3,LAX,OAK,1935,1942,7,2100,2049,-11,2025-06-11
38834,2025,6,11,3,LAX,OGG,745,755,10,1025,1030,5,2025-06-11
38836,2025,6,11,3,LAX,OGG,815,807,-8,1055,1038,-17,2025-06-11
38837,2025,6,11,3,LAX,OGG,902,923,21,1147,1209,22,2025-06-11
38838,2025,6,11,3,LAX,OGG,1655,1712,17,1934,2004,30,2025-06-11
38839,2025,6,11,3,LAX,OGG,1656,1703,7,1928,1931,3,2025-06-11
38840,2025,6,11,3,LAX,OGG,1754,1749,-5,2030,2030,0,2025-06-11
38841,2025,6,11,3,LAX,OKC,900,851,-9,1400,1344,-16,2025-06-11
38842,2025,6,11,3,LAX,OKC,1732,1725,-7,2230,2218,-12,2025-06-11
38843,2025,6,11,3,LAX,OMA,730,718,-12,1242,1218,-24,2025-06-11
38844,2025,6,11,3,LAX,OMA,1236,1251,15,1752,1803,11,2025-06-11
38845,2025,6,11,3,LAX,ORD,32,34,2,638,645,7,2025-06-11
38846,2025,6,11,3,LAX,ORD,41,33,-8,642,631,-11,2025-06-11
38847,2025,6,11,3,LAX,ORD,530,522,-8,1136,1129,-7,2025-06-11
38848,2025,6,11,3,LAX,ORD,545,541,-4,1157,1150,-7,2025-06-11
38849,2025,6,11,3,LAX,ORD,605,559,-6,1221,1159,-22,2025-06-11
38850,2025,6,11,3,LAX,ORD,620,614,-6,1242,1226,-16,2025-06-11
38851,2025,6,11,3,LAX,ORD,800,824,24,1415,1433,18,2025-06-11
38852,2025,6,11,3,LAX,ORD,815,812,-3,1439,1429,-10,2025-06-11
38853,2025,6,11,3,LAX,ORD,936,1020,44,1544,1633,49,2025-06-11
38854,2025,6,11,3,LAX,ORD,1040,1046,6,1656,1702,6,2025-06-11
38855,2025,6,11,3,LAX,ORD,1105,1100,-5,1717,1719,2,2025-06-11
38856,2025,6,11,3,LAX,ORD,1145,1148,3,1753,1748,-5,2025-06-11
38857,2025,6,11,3,LAX,ORD,1237,1235,-2,1855,1842,-13,2025-06-11
38858,2025,6,11,3,LAX,ORD,1300,1306,6,1929,2025,56,2025-06-11
38859,2025,6,11,3,LAX,ORD,1401,1354,-7,2025,2022,-3,2025-06-11
38860,2025,6,11,3,LAX,ORD,1502,1513,11,2108,2120,12,2025-06-11
38861,2025,6,11,3,LAX,ORD,1640,1630,-10,2304,2235,-29,2025-06-11
38862,2025,6,11,3,LAX,ORD,1729,1806,37,2335,3,28,2025-06-11
38863,2025,6,11,3,LAX,ORD,1738,1736,-2,2359,2357,-2,2025-06-11
38864,2025,6,11,3,LAX,ORD,2240,2242,2,451,431,-20,2025-06-11
38865,2025,6,11,3,LAX,ORD,2300,2311,11,513,509,-4,2025-06-11
38866,2025,6,11,3,LAX,ORD,2337,30,53,549,624,35,2025-06-11
38867,2025,6,11,3,LAX,PDX,700,651,-9,928,928,0,2025-06-11
38868,2025,6,11,3,LAX,PDX,700,748,48,921,1012,51,2025-06-11
38870,2025,6,11,3,LAX,PDX,925,949,24,1152,1212,20,2025-06-11
38871,2025,6,11,3,LAX,PDX,1120,1108,-12,1347,1335,-12,2025-06-11
38872,2025,6,11,3,LAX,PDX,1201,1153,-8,1425,1406,-19,2025-06-11
38873,2025,6,11,3,LAX,PDX,1340,1421,41,1600,1629,29,2025-06-11
38876,2025,6,11,3,LAX,PDX,1820,1811,-9,2048,2039,-9,2025-06-11
38877,2025,6,11,3,LAX,PDX,2006,2103,57,2230,2323,53,2025-06-11
38878,2025,6,11,3,LAX,PDX,2025,2018,-7,2245,2234,-11,2025-06-11
38879,2025,6,11,3,LAX,PDX,2133,2127,-6,2359,2358,-1,2025-06-11
38880,2025,6,11,3,LAX,PHL,108,100,-8,916,903,-13,2025-06-11
38881,2025,6,11,3,LAX,PHL,645,645,0,1454,1449,-5,2025-06-11
38882,2025,6,11,3,LAX,PHL,745,735,-10,1556,1541,-15,2025-06-11
38883,2025,6,11,3,LAX,PHL,900,859,-1,1718,1708,-10,2025-06-11
38884,2025,6,11,3,LAX,PHL,1140,1147,7,1956,2005,9,2025-06-11
38885,2025,6,11,3,LAX,PHL,1442,1504,22,2254,2309,15,2025-06-11
38886,2025,6,11,3,LAX,PHL,1630,1625,-5,43,32,-11,2025-06-11
38887,2025,6,11,3,LAX,PHL,2220,2220,0,630,620,-10,2025-06-11
38889,2025,6,11,3,LAX,PHL,2253,2252,-1,705,654,-11,2025-06-11
38890,2025,6,11,3,LAX,PHX,610,605,-5,739,725,-14,2025-06-11
38891,2025,6,11,3,LAX,PHX,700,658,-2,840,809,-31,2025-06-11
38892,2025,6,11,3,LAX,PHX,705,701,-4,830,813,-17,2025-06-11
38893,2025,6,11,3,LAX,PHX,815,809,-6,951,940,-11,2025-06-11
38894,2025,6,11,3,LAX,PHX,840,839,-1,1015,954,-21,2025-06-11
38895,2025,6,11,3,LAX,PHX,1000,1000,0,1130,1119,-11,2025-06-11
38896,2025,6,11,3,LAX,PHX,1015,1004,-11,1145,1128,-17,2025-06-11
38897,2025,6,11,3,LAX,PHX,1050,1055,5,1225,1208,-17,2025-06-11
38898,2025,6,11,3,LAX,PHX,1325,1320,-5,1450,1441,-9,2025-06-11
38899,2025,6,11,3,LAX,PHX,1325,1321,-4,1503,1448,-15,2025-06-11
38900,2025,6,11,3,LAX,PHX,1400,1358,-2,1528,1520,-8,2025-06-11
38901,2025,6,11,3,LAX,PHX,1632,1628,-4,1759,1750,-9,2025-06-11
38902,2025,6,11,3,LAX,PHX,1650,1710,20,1825,1827,2,2025-06-11
38903,2025,6,11,3,LAX,PHX,1730,1720,-10,1855,1840,-15,2025-06-11
38904,2025,6,11,3,LAX,PHX,1825,1850,25,1955,2011,16,2025-06-11
38905,2025,6,11,3,LAX,PHX,1910,1857,-13,2039,2016,-23,2025-06-11
38906,2025,6,11,3,LAX,PHX,1935,1929,-6,2103,2054,-9,2025-06-11
38907,2025,6,11,3,LAX,PHX,2134,2129,-5,2305,2257,-8,2025-06-11
38908,2025,6,11,3,LAX,PHX,2235,2230,-5,13,2357,-16,2025-06-11
38909,2025,6,11,3,LAX,PIT,915,908,-7,1700,1647,-13,2025-06-11
38911,2025,6,11,3,LAX,PSC,2022,2013,-9,2257,2249,-8,2025-06-11
38912,2025,6,11,3,LAX,RDD,1250,1243,-7,1439,1418,-21,2025-06-11
38913,2025,6,11,3,LAX,RDM,1245,1241,-4,1503,1454,-9,2025-06-11
38914,2025,6,11,3,LAX,RDU,857,849,-8,1654,1641,-13,2025-06-11
38915,2025,6,11,3,LAX,RDU,1240,1333,53,2029,2114,45,2025-06-11
38916,2025,6,11,3,LAX,RNO,959,950,-9,1131,1111,-20,2025-06-11
38917,2025,6,11,3,LAX,RNO,1019,1016,-3,1200,1153,-7,2025-06-11
38918,2025,6,11,3,LAX,RNO,1502,1456,-6,1630,1615,-15,2025-06-11
38919,2025,6,11,3,LAX,RNO,1710,1715,5,1844,1909,25,2025-06-11
38920,2025,6,11,3,LAX,RNO,1730,1731,1,1855,1845,-10,2025-06-11
38921,2025,6,11,3,LAX,RNO,2015,2107,52,2149,2233,44,2025-06-11
38922,2025,6,11,3,LAX,RNO,2050,2043,-7,2217,2202,-15,2025-06-11
38923,2025,6,11,3,LAX,RNO,2159,2151,-8,2332,2319,-13,2025-06-11
38924,2025,6,11,3,LAX,SAN,820,814,-6,919,901,-18,2025-06-11
38925,2025,6,11,3,LAX,SAN,920,913,-7,1024,1010,-14,2025-06-11
38926,2025,6,11,3,LAX,SAN,1428,1428,0,1522,1519,-3,2025-06-11
38927,2025,6,11,3,LAX,SAN,1800,1850,50,1854,1953,59,2025-06-11
38928,2025,6,11,3,LAX,SAN,1846,1840,-6,1947,1942,-5,2025-06-11
38929,2025,6,11,3,LAX,SAN,2159,2150,-9,2253,2250,-3,2025-06-11
38930,2025,6,11,3,LAX,SAN,2245,2235,-10,2346,2339,-7,2025-06-11
38931,2025,6,11,3,LAX,SAT,854,843,-11,1342,1331,-11,2025-06-11
38932,2025,6,11,3,LAX,SAT,912,902,-10,1419,1350,-29,2025-06-11
38933,2025,6,11,3,LAX,SAT,930,923,-7,1423,1405,-18,2025-06-11
38934,2025,6,11,3,LAX,SAT,1200,1200,0,1700,1638,-22,2025-06-11
38935,2025,6,11,3,LAX,SAT,1700,1656,-4,2158,2203,5,2025-06-11
38937,2025,6,11,3,LAX,SBA,1520,1514,-6,1612,1608,-4,2025-06-11
38938,2025,6,11,3,LAX,SBA,2300,2302,2,2358,2352,-6,2025-06-11
38941,2025,6,11,3,LAX,SDF,746,735,-11,1456,1425,-31,2025-06-11
38942,2025,6,11,3,LAX,SEA,600,548,-12,856,855,-1,2025-06-11
38943,2025,6,11,3,LAX,SEA,700,654,-6,954,928,-26,2025-06-11
38944,2025,6,11,3,LAX,SEA,700,730,30,955,1037,42,2025-06-11
38945,2025,6,11,3,LAX,SEA,800,845,45,1058,1144,46,2025-06-11
38946,2025,6,11,3,LAX,SEA,935,936,1,1230,1223,-7,2025-06-11
38947,2025,6,11,3,LAX,SEA,945,943,-2,1242,1222,-20,2025-06-11
38948,2025,6,11,3,LAX,SEA,1110,1105,-5,1401,1341,-20,2025-06-11
38949,2025,6,11,3,LAX,SEA,1115,1112,-3,1409,1402,-7,2025-06-11
38950,2025,6,11,3,LAX,SEA,1155,1151,-4,1450,1438,-12,2025-06-11
38951,2025,6,11,3,LAX,SEA,1155,1230,35,1445,1505,20,2025-06-11
38952,2025,6,11,3,LAX,SEA,1358,1356,-2,1653,1638,-15,2025-06-11
38953,2025,6,11,3,LAX,SEA,1415,1412,-3,1700,1651,-9,2025-06-11
38954,2025,6,11,3,LAX,SEA,1536,1529,-7,1827,1818,-9,2025-06-11
38955,2025,6,11,3,LAX,SEA,1743,1735,-8,2035,2017,-18,2025-06-11
38956,2025,6,11,3,LAX,SEA,1745,1739,-6,2035,2025,-10,2025-06-11
38957,2025,6,11,3,LAX,SEA,1839,1831,-8,2134,2120,-14,2025-06-11
38958,2025,6,11,3,LAX,SEA,1845,1837,-8,2136,2123,-13,2025-06-11
38959,2025,6,11,3,LAX,SEA,1907,1900,-7,2158,2214,16,2025-06-11
38960,2025,6,11,3,LAX,SEA,1955,1955,0,2247,2316,29,2025-06-11
38961,2025,6,11,3,LAX,SEA,1959,1951,-8,2257,2231,-26,2025-06-11
38962,2025,6,11,3,LAX,SFO,600,552,-8,738,723,-15,2025-06-11
38963,2025,6,11,3,LAX,SFO,600,556,-4,731,734,3,2025-06-11
38964,2025,6,11,3,LAX,SFO,605,601,-4,730,725,-5,2025-06-11
38965,2025,6,11,3,LAX,SFO,630,629,-1,752,753,1,2025-06-11
38966,2025,6,11,3,LAX,SFO,700,657,-3,836,814,-22,2025-06-11
38967,2025,6,11,3,LAX,SFO,805,802,-3,945,945,0,2025-06-11
38968,2025,6,11,3,LAX,SFO,835,913,38,958,1046,48,2025-06-11
38969,2025,6,11,3,LAX,SFO,910,931,21,1045,1051,6,2025-06-11
38970,2025,6,11,3,LAX,SFO,1015,1015,0,1140,1207,27,2025-06-11
38971,2025,6,11,3,LAX,SFO,1026,1021,-5,1159,1156,-3,2025-06-11
38972,2025,6,11,3,LAX,SFO,1220,1214,-6,1343,1327,-16,2025-06-11
38974,2025,6,11,3,LAX,SFO,1330,1430,60,1452,1540,48,2025-06-11
38975,2025,6,11,3,LAX,SFO,1339,1345,6,1507,1454,-13,2025-06-11
38976,2025,6,11,3,LAX,SFO,1422,1430,8,1548,1546,-2,2025-06-11
38977,2025,6,11,3,LAX,SFO,1600,1553,-7,1728,1715,-13,2025-06-11
38978,2025,6,11,3,LAX,SFO,1610,1600,-10,1739,1715,-24,2025-06-11
38979,2025,6,11,3,LAX,SFO,1627,1621,-6,1745,1729,-16,2025-06-11
38980,2025,6,11,3,LAX,SFO,1710,1805,55,1840,1929,49,2025-06-11
38983,2025,6,11,3,LAX,SFO,1840,1909,29,2009,2030,21,2025-06-11
38984,2025,6,11,3,LAX,SFO,1925,2003,38,2057,2203,66,2025-06-11
38987,2025,6,11,3,LAX,SFO,2130,2124,-6,2302,2243,-19,2025-06-11
38988,2025,6,11,3,LAX,SFO,2149,2157,8,2312,2324,12,2025-06-11
38989,2025,6,11,3,LAX,SFO,2225,2241,16,2352,2352,0,2025-06-11
38990,2025,6,11,3,LAX,SGU,1315,1318,3,1547,1545,-2,2025-06-11
38991,2025,6,11,3,LAX,SJC,640,632,-8,755,733,-22,2025-06-11
38992,2025,6,11,3,LAX,SJC,705,700,-5,820,814,-6,2025-06-11
38993,2025,6,11,3,LAX,SJC,915,914,-1,1030,1022,-8,2025-06-11
38994,2025,6,11,3,LAX,SJC,1000,957,-3,1115,1106,-9,2025-06-11
38995,2025,6,11,3,LAX,SJC,1135,1128,-7,1252,1236,-16,2025-06-11
38996,2025,6,11,3,LAX,SJC,1325,1318,-7,1440,1426,-14,2025-06-11
38997,2025,6,11,3,LAX,SJC,1420,1415,-5,1535,1514,-21,2025-06-11
38998,2025,6,11,3,LAX,SJC,1545,1539,-6,1700,1646,-14,2025-06-11
38999,2025,6,11,3,LAX,SJC,1716,1712,-4,1834,1848,14,2025-06-11
39000,2025,6,11,3,LAX,SJC,1730,1743,13,1845,1851,6,2025-06-11
39001,2025,6,11,3,LAX,SJC,1800,1755,-5,1915,1859,-16,2025-06-11
39002,2025,6,11,3,LAX,SJC,1950,2040,50,2110,2141,31,2025-06-11
39003,2025,6,11,3,LAX,SJC,2128,2153,25,2244,2256,12,2025-06-11
39004,2025,6,11,3,LAX,SLC,600,557,-3,853,839,-14,2025-06-11
39005,2025,6,11,3,LAX,SLC,700,659,-1,955,1003,8,2025-06-11
39006,2025,6,11,3,LAX,SLC,805,812,7,1100,1057,-3,2025-06-11
39007,2025,6,11,3,LAX,SLC,948,942,-6,1243,1226,-17,2025-06-11
39008,2025,6,11,3,LAX,SLC,1111,1104,-7,1403,1350,-13,2025-06-11
39009,2025,6,11,3,LAX,SLC,1311,1307,-4,1604,1546,-18,2025-06-11
39010,2025,6,11,3,LAX,SLC,1710,1704,-6,2000,2006,6,2025-06-11
39011,2025,6,11,3,LAX,SLC,1845,1844,-1,2139,2142,3,2025-06-11
39012,2025,6,11,3,LAX,SLC,1919,1913,-6,2206,2157,-9,2025-06-11
39013,2025,6,11,3,LAX,SMF,615,612,-3,740,727,-13,2025-06-11
39014,2025,6,11,3,LAX,SMF,755,747,-8,924,922,-2,2025-06-11
39015,2025,6,11,3,LAX,SMF,815,809,-6,952,934,-18,2025-06-11
39016,2025,6,11,3,LAX,SMF,920,916,-4,1045,1034,-11,2025-06-11
39017,2025,6,11,3,LAX,SMF,946,1015,29,1123,1146,23,2025-06-11
39018,2025,6,11,3,LAX,SMF,1025,1016,-9,1159,1135,-24,2025-06-11
39019,2025,6,11,3,LAX,SMF,1225,1217,-8,1354,1338,-16,2025-06-11
39020,2025,6,11,3,LAX,SMF,1405,1408,3,1530,1525,-5,2025-06-11
39021,2025,6,11,3,LAX,SMF,1630,1624,-6,1801,1757,-4,2025-06-11
39022,2025,6,11,3,LAX,SMF,1654,1645,-9,1823,1813,-10,2025-06-11
39023,2025,6,11,3,LAX,SMF,1705,1715,10,1837,1905,28,2025-06-11
39024,2025,6,11,3,LAX,SMF,1725,1747,22,1850,1904,14,2025-06-11
39025,2025,6,11,3,LAX,SMF,1815,1813,-2,1945,1930,-15,2025-06-11
39026,2025,6,11,3,LAX,SMF,1922,1914,-8,2101,2046,-15,2025-06-11
39027,2025,6,11,3,LAX,SMF,2025,2040,15,2150,2152,2,2025-06-11
39028,2025,6,11,3,LAX,SMF,2056,2129,33,2228,2258,30,2025-06-11
39029,2025,6,11,3,LAX,SMF,2155,2204,9,2320,2330,10,2025-06-11
39030,2025,6,11,3,LAX,STL,500,457,-3,1040,1025,-15,2025-06-11
39031,2025,6,11,3,LAX,STL,1733,1723,-10,2259,2301,2,2025-06-11
39032,2025,6,11,3,LAX,STL,1845,1848,3,25,28,3,2025-06-11
39033,2025,6,11,3,LAX,STS,925,924,-1,1106,1106,0,2025-06-11
39034,2025,6,11,3,LAX,STS,2156,2223,27,2330,2351,21,2025-06-11
39035,2025,6,11,3,LAX,SUN,830,830,0,1143,1148,5,2025-06-11
39037,2025,6,11,3,LAX,TPA,2210,2204,-6,544,534,-10,2025-06-11
39038,2025,6,11,3,LAX,TPA,2359,2349,-10,756,728,-28,2025-06-11
39039,2025,6,11,3,LAX,TUL,930,953,23,1440,1454,14,2025-06-11
39040,2025,6,11,3,LAX,TUS,822,812,-10,1003,942,-21,2025-06-11
39041,2025,6,11,3,LAX,TUS,935,925,-10,1110,1100,-10,2025-06-11
39042,2025,6,11,3,LAX,TUS,1250,1244,-6,1425,1400,-25,2025-06-11
39043,2025,6,11,3,LAX,TUS,1410,1409,-1,1544,1533,-11,2025-06-11
39045,2025,6,11,3,LAX,TUS,1818,1811,-7,1949,1940,-9,2025-06-11
39046,2025,6,11,3,LAX,TUS,1900,1848,-12,2033,2023,-10,2025-06-11
39047,2025,6,11,3,LAX,XNA,914,910,-4,1438,1435,-3,2025-06-11
39048,2025,6,11,3,LAX,XNA,1545,1546,1,2055,2056,1,2025-06-11
42265,2025,6,12,4,LAX,ABQ,855,852,-3,1158,1209,11,2025-06-12
42266,2025,6,12,4,LAX,ABQ,1120,1144,24,1415,1423,8,2025-06-12
42268,2025,6,12,4,LAX,ABQ,1849,1857,8,2152,2202,10,2025-06-12
42270,2025,6,12,4,LAX,ACV,1315,1314,-1,1513,1510,-3,2025-06-12
42271,2025,6,12,4,LAX,ANC,1945,2007,22,8,19,11,2025-06-12
42272,2025,6,12,4,LAX,ASE,1040,1034,-6,1356,1352,-4,2025-06-12
42274,2025,6,12,4,LAX,ASE,1445,1445,0,1751,1756,5,2025-06-12
42275,2025,6,12,4,LAX,ATL,55,55,0,821,812,-9,2025-06-12
42276,2025,6,12,4,LAX,ATL,620,617,-3,1342,1332,-10,2025-06-12
42277,2025,6,12,4,LAX,ATL,735,730,-5,1448,1446,-2,2025-06-12
42278,2025,6,12,4,LAX,ATL,845,844,-1,1607,1604,-3,2025-06-12
42280,2025,6,12,4,LAX,ATL,953,951,-2,1719,1705,-14,2025-06-12
42281,2025,6,12,4,LAX,ATL,1115,1111,-4,1834,1822,-12,2025-06-12
42282,2025,6,12,4,LAX,ATL,1215,1225,10,1930,2050,80,2025-06-12
42283,2025,6,12,4,LAX,ATL,1249,1241,-8,2015,2050,35,2025-06-12
42284,2025,6,12,4,LAX,ATL,1306,1323,17,2049,2115,26,2025-06-12
42285,2025,6,12,4,LAX,ATL,1315,1314,-1,2046,2112,26,2025-06-12
42286,2025,6,12,4,LAX,ATL,1430,1429,-1,2150,2210,20,2025-06-12
42287,2025,6,12,4,LAX,ATL,1735,1734,-1,54,100,6,2025-06-12
42288,2025,6,12,4,LAX,ATL,2128,2210,42,507,536,29,2025-06-12
42289,2025,6,12,4,LAX,ATL,2145,2214,29,500,520,20,2025-06-12
42291,2025,6,12,4,LAX,ATL,2345,11,26,712,727,15,2025-06-12
42292,2025,6,12,4,LAX,ATL,2345,22,37,706,752,46,2025-06-12
42293,2025,6,12,4,LAX,AUS,500,458,-2,1000,944,-16,2025-06-12
42294,2025,6,12,4,LAX,AUS,615,608,-7,1117,1053,-24,2025-06-12
42295,2025,6,12,4,LAX,AUS,745,738,-7,1246,1225,-21,2025-06-12
42296,2025,6,12,4,LAX,AUS,835,831,-4,1324,1333,9,2025-06-12
42297,2025,6,12,4,LAX,AUS,925,920,-5,1451,1426,-25,2025-06-12
42298,2025,6,12,4,LAX,AUS,1035,1028,-7,1545,1534,-11,2025-06-12
42299,2025,6,12,4,LAX,AUS,1115,1114,-1,1620,1559,-21,2025-06-12
42300,2025,6,12,4,LAX,AUS,1614,1609,-5,2114,2058,-16,2025-06-12
42301,2025,6,12,4,LAX,AUS,1620,1618,-2,2121,2119,-2,2025-06-12
42302,2025,6,12,4,LAX,AUS,1835,1827,-8,2338,2321,-17,2025-06-12
42303,2025,6,12,4,LAX,AUS,1840,1833,-7,2358,2325,-33,2025-06-12
42306,2025,6,12,4,LAX,BLI,1850,1913,23,2132,2142,10,2025-06-12
42307,2025,6,12,4,LAX,BNA,700,654,-6,1257,1249,-8,2025-06-12
42308,2025,6,12,4,LAX,BNA,710,711,1,1325,1313,-12,2025-06-12
42309,2025,6,12,4,LAX,BNA,1036,1032,-4,1645,1638,-7,2025-06-12
42310,2025,6,12,4,LAX,BNA,1239,1235,-4,1844,1836,-8,2025-06-12
42312,2025,6,12,4,LAX,BNA,2250,2307,17,500,508,8,2025-06-12
42313,2025,6,12,4,LAX,BOI,1157,1152,-5,1503,1448,-15,2025-06-12
42314,2025,6,12,4,LAX,BOI,1245,1245,0,1559,1551,-8,2025-06-12
42315,2025,6,12,4,LAX,BOI,1950,1942,-8,2254,2232,-22,2025-06-12
42316,2025,6,12,4,LAX,BOI,1959,1950,-9,2301,2239,-22,2025-06-12
42317,2025,6,12,4,LAX,BOS,600,609,9,1440,1436,-4,2025-06-12
42318,2025,6,12,4,LAX,BOS,640,634,-6,1515,1503,-12,2025-06-12
42319,2025,6,12,4,LAX,BOS,830,826,-4,1719,1711,-8,2025-06-12
42320,2025,6,12,4,LAX,BOS,835,840,5,1718,1723,5,2025-06-12
42321,2025,6,12,4,LAX,BOS,840,836,-4,1716,1707,-9,2025-06-12
42322,2025,6,12,4,LAX,BOS,1045,1054,9,1924,1924,0,2025-06-12
42324,2025,6,12,4,LAX,BOS,1310,1352,42,2151,2221,30,2025-06-12
42326,2025,6,12,4,LAX,BOS,2024,2043,19,500,503,3,2025-06-12
42328,2025,6,12,4,LAX,BOS,2213,2209,-4,644,627,-17,2025-06-12
42329,2025,6,12,4,LAX,BOS,2235,2231,-4,713,651,-22,2025-06-12
42330,2025,6,12,4,LAX,BOS,2305,2305,0,741,735,-6,2025-06-12
42331,2025,6,12,4,LAX,BUF,2209,2212,3,600,546,-14,2025-06-12
42332,2025,6,12,4,LAX,BWI,530,532,2,1335,1322,-13,2025-06-12
42333,2025,6,12,4,LAX,BWI,845,840,-5,1654,1649,-5,2025-06-12
42334,2025,6,12,4,LAX,BWI,1005,1006,1,1810,1757,-13,2025-06-12
42335,2025,6,12,4,LAX,BWI,1134,1128,-6,1929,1921,-8,2025-06-12
42336,2025,6,12,4,LAX,BWI,2055,2103,8,500,444,-16,2025-06-12
42337,2025,6,12,4,LAX,BWI,2359,2350,-9,807,750,-17,2025-06-12
42338,2025,6,12,4,LAX,BZN,1121,1135,14,1450,1502,12,2025-06-12
42339,2025,6,12,4,LAX,BZN,1800,1756,-4,2139,2114,-25,2025-06-12
42340,2025,6,12,4,LAX,CLE,1138,1129,-9,1911,1844,-27,2025-06-12
42341,2025,6,12,4,LAX,CLE,2120,2131,11,453,508,15,2025-06-12
42342,2025,6,12,4,LAX,CLT,605,601,-4,1354,1345,-9,2025-06-12
42343,2025,6,12,4,LAX,CLT,759,752,-7,1545,1531,-14,2025-06-12
42344,2025,6,12,4,LAX,CLT,911,917,6,1700,1712,12,2025-06-12
42347,2025,6,12,4,LAX,CLT,2148,2141,-7,529,513,-16,2025-06-12
42348,2025,6,12,4,LAX,CLT,2249,2242,-7,635,626,-9,2025-06-12
42349,2025,6,12,4,LAX,CLT,2349,2346,-3,735,718,-17,2025-06-12
42350,2025,6,12,4,LAX,CMH,925,920,-5,1701,1640,-21,2025-06-12
42351,2025,6,12,4,LAX,CVG,1350,1349,-1,2104,2112,8,2025-06-12
42352,2025,6,12,4,LAX,CVG,2229,2256,27,538,605,27,2025-06-12
42353,2025,6,12,4,LAX,DAL,505,500,-5,1010,1008,-2,2025-06-12
42354,2025,6,12,4,LAX,DAL,645,641,-4,1150,1141,-9,2025-06-12
42355,2025,6,12,4,LAX,DAL,1120,1140,20,1630,1635,5,2025-06-12
42358,2025,6,12,4,LAX,DCA,759,754,-5,1600,1614,14,2025-06-12
42359,2025,6,12,4,LAX,DCA,819,820,1,1622,1621,-1,2025-06-12
42360,2025,6,12,4,LAX,DCA,1228,1230,2,2029,2019,-10,2025-06-12
42361,2025,6,12,4,LAX,DCA,1331,1324,-7,2142,2108,-34,2025-06-12
42362,2025,6,12,4,LAX,DEN,505,527,22,824,843,19,2025-06-12
42363,2025,6,12,4,LAX,DEN,545,544,-1,910,856,-14,2025-06-12
42364,2025,6,12,4,LAX,DEN,615,611,-4,948,950,2,2025-06-12
42365,2025,6,12,4,LAX,DEN,706,703,-3,1031,1031,0,2025-06-12
42366,2025,6,12,4,LAX,DEN,746,737,-9,1110,1111,1,2025-06-12
42367,2025,6,12,4,LAX,DEN,804,850,46,1133,1209,36,2025-06-12
42368,2025,6,12,4,LAX,DEN,805,802,-3,1130,1111,-19,2025-06-12
42369,2025,6,12,4,LAX,DEN,900,859,-1,1227,1224,-3,2025-06-12
42370,2025,6,12,4,LAX,DEN,1030,1029,-1,1355,1353,-2,2025-06-12
42371,2025,6,12,4,LAX,DEN,1052,1050,-2,1419,1422,3,2025-06-12
42372,2025,6,12,4,LAX,DEN,1055,1054,-1,1430,1423,-7,2025-06-12
42373,2025,6,12,4,LAX,DEN,1255,1252,-3,1623,1624,1,2025-06-12
42376,2025,6,12,4,LAX,DEN,1435,1431,-4,1805,1745,-20,2025-06-12
42379,2025,6,12,4,LAX,DEN,1611,1614,3,1940,1946,6,2025-06-12
42380,2025,6,12,4,LAX,DEN,1830,1823,-7,2200,2141,-19,2025-06-12
42381,2025,6,12,4,LAX,DEN,1918,1916,-2,2247,2230,-17,2025-06-12
42382,2025,6,12,4,LAX,DEN,1945,1959,14,2309,2316,7,2025-06-12
42383,2025,6,12,4,LAX,DEN,2020,2016,-4,2350,2328,-22,2025-06-12
42385,2025,6,12,4,LAX,DFW,47,40,-7,550,535,-15,2025-06-12
42386,2025,6,12,4,LAX,DFW,130,125,-5,633,614,-19,2025-06-12
42387,2025,6,12,4,LAX,DFW,600,554,-6,1120,1107,-13,2025-06-12
42388,2025,6,12,4,LAX,DFW,600,559,-1,1103,1110,7,2025-06-12
42389,2025,6,12,4,LAX,DFW,700,653,-7,1209,1213,4,2025-06-12
42390,2025,6,12,4,LAX,DFW,826,822,-4,1339,1335,-4,2025-06-12
42391,2025,6,12,4,LAX,DFW,835,840,5,1343,1341,-2,2025-06-12
42393,2025,6,12,4,LAX,DFW,1037,1043,6,1545,1606,21,2025-06-12
42395,2025,6,12,4,LAX,DFW,1348,1340,-8,1859,1840,-19,2025-06-12
42396,2025,6,12,4,LAX,DFW,1433,1425,-8,1943,1923,-20,2025-06-12
42397,2025,6,12,4,LAX,DFW,1548,1539,-9,2059,2036,-23,2025-06-12
42398,2025,6,12,4,LAX,DFW,1636,1630,-6,2147,2143,-4,2025-06-12
42399,2025,6,12,4,LAX,DFW,1835,1917,42,2347,7,20,2025-06-12
42400,2025,6,12,4,LAX,DFW,1855,1853,-2,2356,2350,-6,2025-06-12
42401,2025,6,12,4,LAX,DFW,1903,1937,34,26,37,11,2025-06-12
42402,2025,6,12,4,LAX,DFW,2359,6,7,509,507,-2,2025-06-12
42403,2025,6,12,4,LAX,DTW,530,533,3,1257,1251,-6,2025-06-12
42404,2025,6,12,4,LAX,DTW,735,733,-2,1456,1445,-11,2025-06-12
42405,2025,6,12,4,LAX,DTW,925,919,-6,1652,1638,-14,2025-06-12
42406,2025,6,12,4,LAX,DTW,1114,1119,5,1837,1840,3,2025-06-12
42407,2025,6,12,4,LAX,DTW,1209,1202,-7,1931,1931,0,2025-06-12
42408,2025,6,12,4,LAX,DTW,1536,1541,5,2304,2308,4,2025-06-12
42409,2025,6,12,4,LAX,DTW,2130,2150,20,452,510,18,2025-06-12
42410,2025,6,12,4,LAX,DTW,2215,2222,7,535,537,2,2025-06-12
42411,2025,6,12,4,LAX,ELP,1245,1259,14,1545,1542,-3,2025-06-12
42412,2025,6,12,4,LAX,ELP,1430,1419,-11,1731,1718,-13,2025-06-12
42413,2025,6,12,4,LAX,ELP,1947,1942,-5,2247,2232,-15,2025-06-12
42414,2025,6,12,4,LAX,EUG,2144,2154,10,2358,2400,2,2025-06-12
42415,2025,6,12,4,LAX,EWR,600,554,-6,1434,1357,-37,2025-06-12
42416,2025,6,12,4,LAX,EWR,700,655,-5,1534,1457,-37,2025-06-12
42417,2025,6,12,4,LAX,EWR,700,658,-2,1534,1505,-29,2025-06-12
42418,2025,6,12,4,LAX,EWR,810,803,-7,1640,1612,-28,2025-06-12
42419,2025,6,12,4,LAX,EWR,820,815,-5,1645,1611,-34,2025-06-12
42420,2025,6,12,4,LAX,EWR,1015,1011,-4,1854,1817,-37,2025-06-12
42421,2025,6,12,4,LAX,EWR,1050,1043,-7,1920,1859,-21,2025-06-12
42422,2025,6,12,4,LAX,EWR,1215,1214,-1,2054,2031,-23,2025-06-12
42423,2025,6,12,4,LAX,EWR,1330,1405,35,2152,2158,6,2025-06-12
42424,2025,6,12,4,LAX,EWR,1434,1427,-7,2255,2234,-21,2025-06-12
42425,2025,6,12,4,LAX,EWR,1630,1628,-2,57,32,-25,2025-06-12
42426,2025,6,12,4,LAX,EWR,2055,2055,0,508,456,-12,2025-06-12
42427,2025,6,12,4,LAX,EWR,2126,2124,-2,559,534,-25,2025-06-12
42428,2025,6,12,4,LAX,EWR,2135,2142,7,555,610,15,2025-06-12
42429,2025,6,12,4,LAX,EWR,2359,2358,-1,812,755,-17,2025-06-12
42430,2025,6,12,4,LAX,FAT,1030,1022,-8,1148,1145,-3,2025-06-12
42431,2025,6,12,4,LAX,FAT,1910,1914,4,2024,2016,-8,2025-06-12
42432,2025,6,12,4,LAX,FAT,2238,2254,16,2352,21,29,2025-06-12
42433,2025,6,12,4,LAX,FCA,922,918,-4,1321,1310,-11,2025-06-12
42434,2025,6,12,4,LAX,FLL,800,754,-6,1614,1622,8,2025-06-12
42435,2025,6,12,4,LAX,FLL,1112,1132,20,1926,1946,20,2025-06-12
42436,2025,6,12,4,LAX,FLL,1345,1344,-1,2158,2139,-19,2025-06-12
42437,2025,6,12,4,LAX,FLL,1642,1635,-7,48,29,-19,2025-06-12
42438,2025,6,12,4,LAX,FLL,2155,2150,-5,603,546,-17,2025-06-12
42439,2025,6,12,4,LAX,FLL,2309,2306,-3,705,709,4,2025-06-12
42440,2025,6,12,4,LAX,GEG,1114,1106,-8,1352,1322,-30,2025-06-12
42441,2025,6,12,4,LAX,GEG,1516,1552,36,1747,1810,23,2025-06-12
42442,2025,6,12,4,LAX,GEG,1859,1925,26,2133,2148,15,2025-06-12
42443,2025,6,12,4,LAX,HNL,705,704,-1,1010,953,-17,2025-06-12
42444,2025,6,12,4,LAX,HNL,825,828,3,1107,1104,-3,2025-06-12
42445,2025,6,12,4,LAX,HNL,830,904,34,1105,1154,49,2025-06-12
42446,2025,6,12,4,LAX,HNL,835,836,1,1117,1115,-2,2025-06-12
42447,2025,6,12,4,LAX,HNL,849,843,-6,1137,1142,5,2025-06-12
42448,2025,6,12,4,LAX,HNL,1010,1038,28,1240,1326,46,2025-06-12
42449,2025,6,12,4,LAX,HNL,1115,1115,0,1404,1358,-6,2025-06-12
42450,2025,6,12,4,LAX,HNL,1200,1153,-7,1455,1454,-1,2025-06-12
42451,2025,6,12,4,LAX,HNL,1315,1311,-4,1601,1549,-12,2025-06-12
42452,2025,6,12,4,LAX,HNL,1335,1330,-5,1618,1605,-13,2025-06-12
42453,2025,6,12,4,LAX,HNL,1444,1524,40,1728,1754,26,2025-06-12
42454,2025,6,12,4,LAX,HNL,1710,1708,-2,1944,1953,9,2025-06-12
42455,2025,6,12,4,LAX,HNL,1745,1740,-5,2030,2035,5,2025-06-12
42456,2025,6,12,4,LAX,HNL,1810,1818,8,2052,2108,16,2025-06-12
42457,2025,6,12,4,LAX,HNL,1820,1834,14,2057,2145,48,2025-06-12
42458,2025,6,12,4,LAX,HNL,1825,1824,-1,2115,2113,-2,2025-06-12
42459,2025,6,12,4,LAX,HNL,1845,1844,-1,2128,2118,-10,2025-06-12
42462,2025,6,12,4,LAX,HOU,505,500,-5,1030,1015,-15,2025-06-12
42464,2025,6,12,4,LAX,HOU,1745,1827,42,2305,2344,39,2025-06-12
42465,2025,6,12,4,LAX,HOU,2350,1,11,515,501,-14,2025-06-12
42466,2025,6,12,4,LAX,IAD,620,613,-7,1423,1407,-16,2025-06-12
42467,2025,6,12,4,LAX,IAD,815,813,-2,1621,1624,3,2025-06-12
42468,2025,6,12,4,LAX,IAD,820,816,-4,1625,1617,-8,2025-06-12
42469,2025,6,12,4,LAX,IAD,1015,1018,3,1820,1827,7,2025-06-12
42470,2025,6,12,4,LAX,IAD,1315,1353,38,2120,2138,18,2025-06-12
42471,2025,6,12,4,LAX,IAD,1645,1645,0,44,44,0,2025-06-12
42472,2025,6,12,4,LAX,IAD,2135,2131,-4,537,530,-7,2025-06-12
42473,2025,6,12,4,LAX,IAD,2250,2249,-1,639,639,0,2025-06-12
42474,2025,6,12,4,LAX,IAH,56,111,15,618,652,34,2025-06-12
42476,2025,6,12,4,LAX,IAH,715,746,31,1244,1256,12,2025-06-12
42477,2025,6,12,4,LAX,IAH,840,836,-4,1409,1424,15,2025-06-12
42479,2025,6,12,4,LAX,IAH,1015,1029,14,1540,1553,13,2025-06-12
42480,2025,6,12,4,LAX,IAH,1128,1134,6,1648,1654,6,2025-06-12
42481,2025,6,12,4,LAX,IAH,1207,1235,28,1724,1736,12,2025-06-12
42482,2025,6,12,4,LAX,IAH,1310,1304,-6,1840,1827,-13,2025-06-12
42483,2025,6,12,4,LAX,IAH,1358,1402,4,1925,1932,7,2025-06-12
42485,2025,6,12,4,LAX,IAH,1809,1803,-6,2328,2330,2,2025-06-12
42486,2025,6,12,4,LAX,IAH,1810,1804,-6,2333,2311,-22,2025-06-12
42487,2025,6,12,4,LAX,IAH,1920,1945,25,43,58,15,2025-06-12
42488,2025,6,12,4,LAX,IAH,2345,2353,8,505,508,3,2025-06-12
42489,2025,6,12,4,LAX,ICT,620,620,0,1114,1115,1,2025-06-12
42490,2025,6,12,4,LAX,IND,1036,1032,-4,1747,1739,-8,2025-06-12
42491,2025,6,12,4,LAX,IND,1412,1416,4,2114,2125,11,2025-06-12
42492,2025,6,12,4,LAX,IND,2314,2309,-5,614,608,-6,2025-06-12
42493,2025,6,12,4,LAX,JAC,900,852,-8,1218,1216,-2,2025-06-12
42494,2025,6,12,4,LAX,JAC,1030,1022,-8,1348,1338,-10,2025-06-12
42495,2025,6,12,4,LAX,JFK,600,551,-9,1434,1406,-28,2025-06-12
42496,2025,6,12,4,LAX,JFK,600,657,57,1430,1529,59,2025-06-12
42497,2025,6,12,4,LAX,JFK,700,650,-10,1535,1510,-25,2025-06-12
42498,2025,6,12,4,LAX,JFK,700,700,0,1535,1543,8,2025-06-12
42499,2025,6,12,4,LAX,JFK,740,737,-3,1615,1554,-21,2025-06-12
42500,2025,6,12,4,LAX,JFK,819,812,-7,1658,1631,-27,2025-06-12
42501,2025,6,12,4,LAX,JFK,905,900,-5,1757,1753,-4,2025-06-12
42502,2025,6,12,4,LAX,JFK,930,929,-1,1809,1801,-8,2025-06-12
42503,2025,6,12,4,LAX,JFK,1010,1007,-3,1910,1857,-13,2025-06-12
42504,2025,6,12,4,LAX,JFK,1021,1018,-3,1859,1844,-15,2025-06-12
42505,2025,6,12,4,LAX,JFK,1030,1020,-10,1911,1834,-37,2025-06-12
42506,2025,6,12,4,LAX,JFK,1110,1114,4,1950,1956,6,2025-06-12
42507,2025,6,12,4,LAX,JFK,1130,1125,-5,2006,2004,-2,2025-06-12
42508,2025,6,12,4,LAX,JFK,1221,1212,-9,2100,2048,-12,2025-06-12
42509,2025,6,12,4,LAX,JFK,1230,1254,24,2107,2202,55,2025-06-12
42510,2025,6,12,4,LAX,JFK,1300,1252,-8,2145,2159,14,2025-06-12
42511,2025,6,12,4,LAX,JFK,1310,1312,2,2152,2136,-16,2025-06-12
42512,2025,6,12,4,LAX,JFK,1420,1421,1,2252,2251,-1,2025-06-12
42513,2025,6,12,4,LAX,JFK,1515,1512,-3,2355,2334,-21,2025-06-12
42514,2025,6,12,4,LAX,JFK,1520,1513,-7,2354,2347,-7,2025-06-12
42515,2025,6,12,4,LAX,JFK,1520,1513,-7,2357,2344,-13,2025-06-12
42516,2025,6,12,4,LAX,JFK,1620,1614,-6,55,24,-31,2025-06-12
42517,2025,6,12,4,LAX,JFK,2036,2029,-7,500,435,-25,2025-06-12
42518,2025,6,12,4,LAX,JFK,2053,2104,11,530,523,-7,2025-06-12
42519,2025,6,12,4,LAX,JFK,2121,2114,-7,555,531,-24,2025-06-12
42520,2025,6,12,4,LAX,JFK,2140,2153,13,607,556,-11,2025-06-12
42521,2025,6,12,4,LAX,JFK,2231,2231,0,700,648,-12,2025-06-12
42523,2025,6,12,4,LAX,JFK,2252,2241,-11,732,657,-35,2025-06-12
42524,2025,6,12,4,LAX,JFK,2355,2350,-5,830,805,-25,2025-06-12
42525,2025,6,12,4,LAX,JFK,2358,15,17,830,824,-6,2025-06-12
42526,2025,6,12,4,LAX,KOA,830,839,9,1110,1136,26,2025-06-12
42527,2025,6,12,4,LAX,KOA,910,928,18,1150,1229,39,2025-06-12
42528,2025,6,12,4,LAX,KOA,1119,1108,-11,1355,1340,-15,2025-06-12
42529,2025,6,12,4,LAX,KOA,1629,1625,-4,1859,1852,-7,2025-06-12
42531,2025,6,12,4,LAX,LAS,520,516,-4,635,616,-19,2025-06-12
42532,2025,6,12,4,LAX,LAS,530,524,-6,642,634,-8,2025-06-12
42533,2025,6,12,4,LAX,LAS,725,723,-2,845,830,-15,2025-06-12
42534,2025,6,12,4,LAX,LAS,730,724,-6,840,833,-7,2025-06-12
42535,2025,6,12,4,LAX,LAS,826,824,-2,951,953,2,2025-06-12
42536,2025,6,12,4,LAX,LAS,845,843,-2,1005,957,-8,2025-06-12
42537,2025,6,12,4,LAX,LAS,1019,1015,-4,1131,1134,3,2025-06-12
42538,2025,6,12,4,LAX,LAS,1125,1203,38,1245,1303,18,2025-06-12
42539,2025,6,12,4,LAX,LAS,1140,1151,11,1254,1251,-3,2025-06-12
42540,2025,6,12,4,LAX,LAS,1445,1501,16,1607,1608,1,2025-06-12
42541,2025,6,12,4,LAX,LAS,1505,1458,-7,1615,1618,3,2025-06-12
42542,2025,6,12,4,LAX,LAS,1535,1603,28,1655,1723,28,2025-06-12
42543,2025,6,12,4,LAX,LAS,1548,1554,6,1713,1727,14,2025-06-12
42544,2025,6,12,4,LAX,LAS,1740,1816,36,1855,1920,25,2025-06-12
42545,2025,6,12,4,LAX,LAS,1755,1839,44,1918,1958,40,2025-06-12
42546,2025,6,12,4,LAX,LAS,1850,1842,-8,2000,2005,5,2025-06-12
42547,2025,6,12,4,LAX,LAS,1852,1850,-2,2008,2013,5,2025-06-12
42548,2025,6,12,4,LAX,LAS,1930,1936,6,2052,2059,7,2025-06-12
42549,2025,6,12,4,LAX,LAS,1940,1935,-5,2100,2052,-8,2025-06-12
42550,2025,6,12,4,LAX,LAS,1945,2003,18,2108,2124,16,2025-06-12
42551,2025,6,12,4,LAX,LAS,1948,2015,27,2100,2121,21,2025-06-12
42554,2025,6,12,4,LAX,LAS,2215,2221,6,2327,2344,17,2025-06-12
42555,2025,6,12,4,LAX,LAS,2218,2235,17,2335,2345,10,2025-06-12
42556,2025,6,12,4,LAX,LAS,2305,2256,-9,27,24,-3,2025-06-12
42557,2025,6,12,4,LAX,LIH,842,835,-7,1138,1149,11,2025-06-12
42558,2025,6,12,4,LAX,LIH,903,857,-6,1204,1148,-16,2025-06-12
42559,2025,6,12,4,LAX,LIH,930,928,-2,1225,1225,0,2025-06-12
42560,2025,6,12,4,LAX,LIH,1425,1455,30,1708,1747,39,2025-06-12
42561,2025,6,12,4,LAX,MCI,800,833,33,1315,1342,27,2025-06-12
42563,2025,6,12,4,LAX,MCI,1520,1513,-7,2029,2028,-1,2025-06-12
42565,2025,6,12,4,LAX,MCO,700,655,-5,1458,1529,31,2025-06-12
42566,2025,6,12,4,LAX,MCO,1002,957,-5,1804,1755,-9,2025-06-12
42567,2025,6,12,4,LAX,MCO,1035,1058,23,1838,1852,14,2025-06-12
42568,2025,6,12,4,LAX,MCO,1120,1155,35,1914,1957,43,2025-06-12
42569,2025,6,12,4,LAX,MCO,1357,1410,13,2210,2232,22,2025-06-12
42570,2025,6,12,4,LAX,MCO,1605,1600,-5,2359,2352,-7,2025-06-12
42571,2025,6,12,4,LAX,MCO,2135,2138,3,536,538,2,2025-06-12
42572,2025,6,12,4,LAX,MCO,2145,2140,-5,532,539,7,2025-06-12
42573,2025,6,12,4,LAX,MCO,2249,2243,-6,647,641,-6,2025-06-12
42574,2025,6,12,4,LAX,MDW,620,619,-1,1225,1212,-13,2025-06-12
42575,2025,6,12,4,LAX,MDW,840,838,-2,1445,1429,-16,2025-06-12
42576,2025,6,12,4,LAX,MDW,1315,1316,1,1920,1910,-10,2025-06-12
42577,2025,6,12,4,LAX,MDW,1610,1637,27,2210,2221,11,2025-06-12
42578,2025,6,12,4,LAX,MDW,2255,2313,18,500,508,8,2025-06-12
42579,2025,6,12,4,LAX,MEM,1820,1832,12,2358,7,9,2025-06-12
42580,2025,6,12,4,LAX,MFE,600,556,-4,1109,1106,-3,2025-06-12
42581,2025,6,12,4,LAX,MIA,600,604,4,1413,1431,18,2025-06-12
42582,2025,6,12,4,LAX,MIA,745,740,-5,1554,1608,14,2025-06-12
42583,2025,6,12,4,LAX,MIA,900,907,7,1719,1755,36,2025-06-12
42584,2025,6,12,4,LAX,MIA,1005,1006,1,1816,1832,16,2025-06-12
42585,2025,6,12,4,LAX,MIA,1210,1207,-3,2020,2009,-11,2025-06-12
42586,2025,6,12,4,LAX,MIA,1500,1455,-5,2310,2249,-21,2025-06-12
42587,2025,6,12,4,LAX,MIA,2140,2142,2,550,536,-14,2025-06-12
42588,2025,6,12,4,LAX,MIA,2249,2245,-4,701,654,-7,2025-06-12
42589,2025,6,12,4,LAX,MIA,2343,2339,-4,750,735,-15,2025-06-12
42590,2025,6,12,4,LAX,MKE,817,814,-3,1410,1403,-7,2025-06-12
42591,2025,6,12,4,LAX,MRY,820,815,-5,942,928,-14,2025-06-12
42592,2025,6,12,4,LAX,MRY,1823,1813,-10,1937,1917,-20,2025-06-12
42593,2025,6,12,4,LAX,MSO,1131,1122,-9,1510,1506,-4,2025-06-12
42594,2025,6,12,4,LAX,MSP,617,613,-4,1148,1140,-8,2025-06-12
42595,2025,6,12,4,LAX,MSP,800,757,-3,1334,1330,-4,2025-06-12
42596,2025,6,12,4,LAX,MSP,1130,1127,-3,1702,1645,-17,2025-06-12
42597,2025,6,12,4,LAX,MSP,1325,1336,11,1855,1913,18,2025-06-12
42598,2025,6,12,4,LAX,MSP,1520,1514,-6,2049,2109,20,2025-06-12
42599,2025,6,12,4,LAX,MSP,1850,1845,-5,20,23,3,2025-06-12
42600,2025,6,12,4,LAX,MSP,2330,2336,6,504,514,10,2025-06-12
42601,2025,6,12,4,LAX,MSY,700,656,-4,1240,1244,4,2025-06-12
42602,2025,6,12,4,LAX,MSY,1210,1201,-9,1753,1753,0,2025-06-12
42603,2025,6,12,4,LAX,MSY,1225,1236,11,1810,1803,-7,2025-06-12
42604,2025,6,12,4,LAX,MSY,1747,1743,-4,2327,2321,-6,2025-06-12
42605,2025,6,12,4,LAX,MSY,1818,1812,-6,2358,2341,-17,2025-06-12
42606,2025,6,12,4,LAX,OAK,610,601,-9,735,711,-24,2025-06-12
42607,2025,6,12,4,LAX,OAK,805,757,-8,930,913,-17,2025-06-12
42608,2025,6,12,4,LAX,OAK,925,923,-2,1050,1032,-18,2025-06-12
42609,2025,6,12,4,LAX,OAK,1150,1154,4,1315,1319,4,2025-06-12
42611,2025,6,12,4,LAX,OAK,1845,1902,17,2010,2015,5,2025-06-12
42612,2025,6,12,4,LAX,OAK,2030,2024,-6,2155,2132,-23,2025-06-12
42613,2025,6,12,4,LAX,OGG,700,700,0,935,942,7,2025-06-12
42614,2025,6,12,4,LAX,OGG,800,756,-4,1031,1035,4,2025-06-12
42615,2025,6,12,4,LAX,OGG,815,810,-5,1055,1038,-17,2025-06-12
42617,2025,6,12,4,LAX,OGG,1655,1707,12,1934,1947,13,2025-06-12
42618,2025,6,12,4,LAX,OGG,1656,1649,-7,1928,1918,-10,2025-06-12
42619,2025,6,12,4,LAX,OGG,1754,1758,4,2030,2033,3,2025-06-12
42620,2025,6,12,4,LAX,OKC,900,850,-10,1400,1354,-6,2025-06-12
42623,2025,6,12,4,LAX,ORD,30,56,26,642,729,47,2025-06-12
42624,2025,6,12,4,LAX,ORD,32,25,-7,638,625,-13,2025-06-12
42625,2025,6,12,4,LAX,ORD,44,37,-7,651,632,-19,2025-06-12
42627,2025,6,12,4,LAX,ORD,605,559,-6,1221,1204,-17,2025-06-12
42628,2025,6,12,4,LAX,ORD,620,614,-6,1242,1225,-17,2025-06-12
42629,2025,6,12,4,LAX,ORD,630,626,-4,1238,1232,-6,2025-06-12
42630,2025,6,12,4,LAX,ORD,800,755,-5,1415,1408,-7,2025-06-12
42631,2025,6,12,4,LAX,ORD,815,808,-7,1439,1411,-28,2025-06-12
42632,2025,6,12,4,LAX,ORD,936,956,20,1544,1607,23,2025-06-12
42633,2025,6,12,4,LAX,ORD,1040,1034,-6,1656,1642,-14,2025-06-12
42634,2025,6,12,4,LAX,ORD,1105,1101,-4,1717,1723,6,2025-06-12
42635,2025,6,12,4,LAX,ORD,1145,1146,1,1753,1752,-1,2025-06-12
42636,2025,6,12,4,LAX,ORD,1237,1243,6,1855,1849,-6,2025-06-12
42637,2025,6,12,4,LAX,ORD,1300,1259,-1,1929,1927,-2,2025-06-12
42638,2025,6,12,4,LAX,ORD,1401,1443,42,2025,2048,23,2025-06-12
42639,2025,6,12,4,LAX,ORD,1502,1504,2,2108,2142,34,2025-06-12
42640,2025,6,12,4,LAX,ORD,1640,1636,-4,2304,2227,-37,2025-06-12
42641,2025,6,12,4,LAX,ORD,1646,1647,1,2305,2311,6,2025-06-12
42642,2025,6,12,4,LAX,ORD,1729,1728,-1,2335,2328,-7,2025-06-12
42643,2025,6,12,4,LAX,ORD,1738,1735,-3,2359,2334,-25,2025-06-12
42644,2025,6,12,4,LAX,ORD,2240,2238,-2,451,436,-15,2025-06-12
42645,2025,6,12,4,LAX,ORD,2300,2255,-5,513,459,-14,2025-06-12
42646,2025,6,12,4,LAX,ORD,2337,2336,-1,545,524,-21,2025-06-12
42647,2025,6,12,4,LAX,PDX,700,653,-7,921,902,-19,2025-06-12
42648,2025,6,12,4,LAX,PDX,700,655,-5,923,909,-14,2025-06-12
42649,2025,6,12,4,LAX,PDX,845,837,-8,1110,1054,-16,2025-06-12
42651,2025,6,12,4,LAX,PDX,943,958,15,1214,1212,-2,2025-06-12
42652,2025,6,12,4,LAX,PDX,1102,1112,10,1325,1329,4,2025-06-12
42653,2025,6,12,4,LAX,PDX,1201,1220,19,1425,1431,6,2025-06-12
42655,2025,6,12,4,LAX,PDX,1405,1445,40,1626,1719,53,2025-06-12
42656,2025,6,12,4,LAX,PDX,1605,1601,-4,1826,1829,3,2025-06-12
42658,2025,6,12,4,LAX,PDX,1807,1800,-7,2030,2023,-7,2025-06-12
42660,2025,6,12,4,LAX,PDX,2025,2057,32,2245,2307,22,2025-06-12
42661,2025,6,12,4,LAX,PDX,2151,2143,-8,14,5,-9,2025-06-12
42662,2025,6,12,4,LAX,PHL,108,105,-3,916,902,-14,2025-06-12
42663,2025,6,12,4,LAX,PHL,645,632,-13,1454,1444,-10,2025-06-12
42664,2025,6,12,4,LAX,PHL,745,740,-5,1556,1546,-10,2025-06-12
42665,2025,6,12,4,LAX,PHL,900,859,-1,1718,1701,-17,2025-06-12
42666,2025,6,12,4,LAX,PHL,1140,1139,-1,1956,1950,-6,2025-06-12
42667,2025,6,12,4,LAX,PHL,1442,1435,-7,2254,2231,-23,2025-06-12
42668,2025,6,12,4,LAX,PHL,1630,1620,-10,43,18,-25,2025-06-12
42670,2025,6,12,4,LAX,PHL,2253,2252,-1,705,646,-19,2025-06-12
42671,2025,6,12,4,LAX,PHL,2256,2252,-4,700,651,-9,2025-06-12
42672,2025,6,12,4,LAX,PHX,525,523,-2,655,636,-19,2025-06-12
42673,2025,6,12,4,LAX,PHX,610,601,-9,739,725,-14,2025-06-12
42674,2025,6,12,4,LAX,PHX,705,657,-8,830,812,-18,2025-06-12
42675,2025,6,12,4,LAX,PHX,750,749,-1,915,902,-13,2025-06-12
42677,2025,6,12,4,LAX,PHX,1000,1000,0,1130,1119,-11,2025-06-12
42678,2025,6,12,4,LAX,PHX,1015,1044,29,1145,1209,24,2025-06-12
42679,2025,6,12,4,LAX,PHX,1105,1059,-6,1235,1213,-22,2025-06-12
42680,2025,6,12,4,LAX,PHX,1325,1321,-4,1450,1442,-8,2025-06-12
42681,2025,6,12,4,LAX,PHX,1325,1343,18,1503,1510,7,2025-06-12
42682,2025,6,12,4,LAX,PHX,1400,1355,-5,1528,1515,-13,2025-06-12
42683,2025,6,12,4,LAX,PHX,1423,1429,6,1602,1555,-7,2025-06-12
42684,2025,6,12,4,LAX,PHX,1440,1513,33,1610,1633,23,2025-06-12
42685,2025,6,12,4,LAX,PHX,1632,1628,-4,1759,1753,-6,2025-06-12
42686,2025,6,12,4,LAX,PHX,1730,1819,49,1855,1947,52,2025-06-12
42687,2025,6,12,4,LAX,PHX,1910,1901,-9,2039,2020,-19,2025-06-12
42688,2025,6,12,4,LAX,PHX,1935,1943,8,2103,2108,5,2025-06-12
42689,2025,6,12,4,LAX,PHX,1955,2030,35,2130,2144,14,2025-06-12
42690,2025,6,12,4,LAX,PHX,2134,2125,-9,2305,2246,-19,2025-06-12
42691,2025,6,12,4,LAX,PHX,2135,2129,-6,2315,2301,-14,2025-06-12
42692,2025,6,12,4,LAX,PHX,2235,2236,1,13,17,4,2025-06-12
42693,2025,6,12,4,LAX,PIT,915,910,-5,1700,1705,5,2025-06-12
42695,2025,6,12,4,LAX,PSC,2125,2136,11,2359,5,6,2025-06-12
42696,2025,6,12,4,LAX,RDD,1250,1247,-3,1439,1432,-7,2025-06-12
42697,2025,6,12,4,LAX,RDM,1245,1239,-6,1503,1449,-14,2025-06-12
42698,2025,6,12,4,LAX,RDU,857,851,-6,1654,1639,-15,2025-06-12
42699,2025,6,12,4,LAX,RDU,1037,1032,-5,1831,1813,-18,2025-06-12
42700,2025,6,12,4,LAX,RDU,2220,2215,-5,618,556,-22,2025-06-12
42701,2025,6,12,4,LAX,RNO,959,956,-3,1131,1116,-15,2025-06-12
42702,2025,6,12,4,LAX,RNO,1019,1015,-4,1200,1136,-24,2025-06-12
42703,2025,6,12,4,LAX,RNO,1425,1515,50,1550,1641,51,2025-06-12
42704,2025,6,12,4,LAX,RNO,1502,1454,-8,1630,1611,-19,2025-06-12
42705,2025,6,12,4,LAX,RNO,1710,1707,-3,1844,1835,-9,2025-06-12
42706,2025,6,12,4,LAX,RNO,2015,2006,-9,2149,2127,-22,2025-06-12
42708,2025,6,12,4,LAX,RNO,2216,2301,45,2353,31,38,2025-06-12
42709,2025,6,12,4,LAX,SAN,820,844,24,919,943,24,2025-06-12
42710,2025,6,12,4,LAX,SAN,920,911,-9,1024,1024,0,2025-06-12
42711,2025,6,12,4,LAX,SAN,1428,1423,-5,1522,1515,-7,2025-06-12
42712,2025,6,12,4,LAX,SAN,1800,1755,-5,1854,1845,-9,2025-06-12
42713,2025,6,12,4,LAX,SAN,1846,1845,-1,1947,1939,-8,2025-06-12
42714,2025,6,12,4,LAX,SAN,2159,2204,5,2253,2253,0,2025-06-12
42715,2025,6,12,4,LAX,SAN,2245,2240,-5,2346,2328,-18,2025-06-12
42717,2025,6,12,4,LAX,SAT,912,904,-8,1419,1359,-20,2025-06-12
42718,2025,6,12,4,LAX,SAT,930,949,19,1423,1429,6,2025-06-12
42719,2025,6,12,4,LAX,SAT,1410,1410,0,1910,1852,-18,2025-06-12
42721,2025,6,12,4,LAX,SAT,1700,1652,-8,2158,2143,-15,2025-06-12
42723,2025,6,12,4,LAX,SBA,1520,1512,-8,1612,1610,-2,2025-06-12
42724,2025,6,12,4,LAX,SBA,2300,2253,-7,2358,2356,-2,2025-06-12
42726,2025,6,12,4,LAX,SBP,2232,2230,-2,2336,2320,-16,2025-06-12
42727,2025,6,12,4,LAX,SDF,1134,1127,-7,1835,1829,-6,2025-06-12
42728,2025,6,12,4,LAX,SEA,600,557,-3,850,848,-2,2025-06-12
42729,2025,6,12,4,LAX,SEA,700,655,-5,947,945,-2,2025-06-12
42730,2025,6,12,4,LAX,SEA,700,725,25,954,1008,14,2025-06-12
42731,2025,6,12,4,LAX,SEA,800,757,-3,1049,1052,3,2025-06-12
42732,2025,6,12,4,LAX,SEA,945,941,-4,1242,1218,-24,2025-06-12
42733,2025,6,12,4,LAX,SEA,950,1000,10,1235,1240,5,2025-06-12
42734,2025,6,12,4,LAX,SEA,1110,1104,-6,1401,1351,-10,2025-06-12
42735,2025,6,12,4,LAX,SEA,1115,1133,18,1409,1423,14,2025-06-12
42736,2025,6,12,4,LAX,SEA,1155,1156,1,1439,1445,6,2025-06-12
42737,2025,6,12,4,LAX,SEA,1155,1158,3,1445,1437,-8,2025-06-12
42738,2025,6,12,4,LAX,SEA,1410,1412,2,1654,1642,-12,2025-06-12
42739,2025,6,12,4,LAX,SEA,1415,1403,-12,1700,1645,-15,2025-06-12
42740,2025,6,12,4,LAX,SEA,1510,1503,-7,1754,1742,-12,2025-06-12
42741,2025,6,12,4,LAX,SEA,1715,1705,-10,2000,1937,-23,2025-06-12
42742,2025,6,12,4,LAX,SEA,1743,1833,50,2035,2105,30,2025-06-12
42743,2025,6,12,4,LAX,SEA,1815,1900,45,2100,2139,39,2025-06-12
42744,2025,6,12,4,LAX,SEA,1839,1859,20,2134,2144,10,2025-06-12
42745,2025,6,12,4,LAX,SEA,1907,1904,-3,2158,2216,18,2025-06-12
42746,2025,6,12,4,LAX,SEA,1925,1936,11,2210,2232,22,2025-06-12
42747,2025,6,12,4,LAX,SEA,1959,1959,0,2257,2233,-24,2025-06-12
42748,2025,6,12,4,LAX,SEA,2010,2044,34,2259,2325,26,2025-06-12
42749,2025,6,12,4,LAX,SEA,2115,2124,9,2359,17,18,2025-06-12
42750,2025,6,12,4,LAX,SEA,2129,2125,-4,25,2352,-33,2025-06-12
42751,2025,6,12,4,LAX,SFO,600,553,-7,738,708,-30,2025-06-12
42752,2025,6,12,4,LAX,SFO,630,620,-10,752,730,-22,2025-06-12
42753,2025,6,12,4,LAX,SFO,630,627,-3,750,737,-13,2025-06-12
42754,2025,6,12,4,LAX,SFO,700,652,-8,836,839,3,2025-06-12
42755,2025,6,12,4,LAX,SFO,700,756,56,829,1002,93,2025-06-12
42756,2025,6,12,4,LAX,SFO,805,800,-5,945,1003,18,2025-06-12
42757,2025,6,12,4,LAX,SFO,835,829,-6,958,1018,20,2025-06-12
42758,2025,6,12,4,LAX,SFO,910,950,40,1045,1108,23,2025-06-12
42759,2025,6,12,4,LAX,SFO,1000,1009,9,1120,1133,13,2025-06-12
42760,2025,6,12,4,LAX,SFO,1015,1013,-2,1140,1151,11,2025-06-12
42761,2025,6,12,4,LAX,SFO,1026,1023,-3,1159,1217,18,2025-06-12
42763,2025,6,12,4,LAX,SFO,1220,1215,-5,1343,1329,-14,2025-06-12
42764,2025,6,12,4,LAX,SFO,1330,1337,7,1452,1445,-7,2025-06-12
42765,2025,6,12,4,LAX,SFO,1339,1334,-5,1507,1452,-15,2025-06-12
42766,2025,6,12,4,LAX,SFO,1422,1414,-8,1548,1529,-19,2025-06-12
42767,2025,6,12,4,LAX,SFO,1544,1551,7,1711,1711,0,2025-06-12
42768,2025,6,12,4,LAX,SFO,1610,1604,-6,1739,1715,-24,2025-06-12
42769,2025,6,12,4,LAX,SFO,1627,1621,-6,1745,1732,-13,2025-06-12
42771,2025,6,12,4,LAX,SFO,1710,1704,-6,1840,1824,-16,2025-06-12
42772,2025,6,12,4,LAX,SFO,1740,1746,6,1902,1906,4,2025-06-12
42773,2025,6,12,4,LAX,SFO,1808,1822,14,1943,1939,-4,2025-06-12
42774,2025,6,12,4,LAX,SFO,1820,1900,40,1943,2027,44,2025-06-12
42776,2025,6,12,4,LAX,SFO,1859,1851,-8,2028,2012,-16,2025-06-12
42777,2025,6,12,4,LAX,SFO,1925,1917,-8,2057,2046,-11,2025-06-12
42778,2025,6,12,4,LAX,SFO,1935,1931,-4,2058,2044,-14,2025-06-12
42779,2025,6,12,4,LAX,SFO,1955,1957,2,2125,2122,-3,2025-06-12
42780,2025,6,12,4,LAX,SFO,2130,2125,-5,2302,2321,19,2025-06-12
42781,2025,6,12,4,LAX,SFO,2149,2141,-8,2312,2308,-4,2025-06-12
42782,2025,6,12,4,LAX,SFO,2225,2232,7,2352,2355,3,2025-06-12
42783,2025,6,12,4,LAX,SGU,1315,1310,-5,1547,1538,-9,2025-06-12
42784,2025,6,12,4,LAX,SJC,605,558,-7,725,715,-10,2025-06-12
42785,2025,6,12,4,LAX,SJC,705,655,-10,820,811,-9,2025-06-12
42786,2025,6,12,4,LAX,SJC,900,856,-4,1020,1012,-8,2025-06-12
42787,2025,6,12,4,LAX,SJC,915,932,17,1030,1035,5,2025-06-12
42788,2025,6,12,4,LAX,SJC,1025,1037,12,1140,1145,5,2025-06-12
42789,2025,6,12,4,LAX,SJC,1135,1133,-2,1252,1244,-8,2025-06-12
42790,2025,6,12,4,LAX,SJC,1325,1328,3,1440,1438,-2,2025-06-12
42791,2025,6,12,4,LAX,SJC,1405,1447,42,1520,1545,25,2025-06-12
42792,2025,6,12,4,LAX,SJC,1545,1539,-6,1700,1651,-9,2025-06-12
42793,2025,6,12,4,LAX,SJC,1635,1636,1,1750,1735,-15,2025-06-12
42794,2025,6,12,4,LAX,SJC,1800,1756,-4,1915,1901,-14,2025-06-12
42795,2025,6,12,4,LAX,SJC,2120,2137,17,2245,2247,2,2025-06-12
42797,2025,6,12,4,LAX,SLC,600,556,-4,853,839,-14,2025-06-12
42799,2025,6,12,4,LAX,SLC,825,816,-9,1126,1128,2,2025-06-12
42800,2025,6,12,4,LAX,SLC,833,823,-10,1132,1120,-12,2025-06-12
42801,2025,6,12,4,LAX,SLC,948,944,-4,1243,1220,-23,2025-06-12
42803,2025,6,12,4,LAX,SLC,1111,1108,-3,1403,1349,-14,2025-06-12
42804,2025,6,12,4,LAX,SLC,1311,1309,-2,1604,1604,0,2025-06-12
42805,2025,6,12,4,LAX,SLC,1710,1710,0,2000,1954,-6,2025-06-12
42806,2025,6,12,4,LAX,SLC,1845,1839,-6,2139,2124,-15,2025-06-12
42807,2025,6,12,4,LAX,SLC,1919,1912,-7,2206,2153,-13,2025-06-12
42808,2025,6,12,4,LAX,SMF,600,600,0,725,718,-7,2025-06-12
42809,2025,6,12,4,LAX,SMF,755,744,-11,924,914,-10,2025-06-12
42810,2025,6,12,4,LAX,SMF,810,810,0,940,925,-15,2025-06-12
42811,2025,6,12,4,LAX,SMF,815,809,-6,952,948,-4,2025-06-12
42812,2025,6,12,4,LAX,SMF,946,946,0,1123,1125,2,2025-06-12
42813,2025,6,12,4,LAX,SMF,1025,1022,-3,1159,1145,-14,2025-06-12
42814,2025,6,12,4,LAX,SMF,1140,1140,0,1305,1253,-12,2025-06-12
42815,2025,6,12,4,LAX,SMF,1225,1222,-3,1354,1341,-13,2025-06-12
42816,2025,6,12,4,LAX,SMF,1309,1326,17,1444,1454,10,2025-06-12
42817,2025,6,12,4,LAX,SMF,1620,1620,0,1745,1744,-1,2025-06-12
42818,2025,6,12,4,LAX,SMF,1630,1622,-8,1801,1752,-9,2025-06-12
42819,2025,6,12,4,LAX,SMF,1654,1641,-13,1823,1807,-16,2025-06-12
42820,2025,6,12,4,LAX,SMF,1705,1658,-7,1837,1821,-16,2025-06-12
42821,2025,6,12,4,LAX,SMF,1815,1810,-5,1945,1938,-7,2025-06-12
42822,2025,6,12,4,LAX,SMF,1922,1918,-4,2101,2042,-19,2025-06-12
42824,2025,6,12,4,LAX,SMF,2056,2128,32,2228,2306,38,2025-06-12
42825,2025,6,12,4,LAX,SMF,2155,2226,31,2320,2,42,2025-06-12
42826,2025,6,12,4,LAX,STL,510,505,-5,1050,1034,-16,2025-06-12
42827,2025,6,12,4,LAX,STL,1733,1729,-4,2259,2308,9,2025-06-12
42829,2025,6,12,4,LAX,STS,925,950,25,1106,1114,8,2025-06-12
42830,2025,6,12,4,LAX,STS,2206,2218,12,2344,2338,-6,2025-06-12
42831,2025,6,12,4,LAX,TPA,1012,1009,-3,1800,1754,-6,2025-06-12
42832,2025,6,12,4,LAX,TPA,2210,2221,11,544,551,7,2025-06-12
42833,2025,6,12,4,LAX,TPA,2359,2346,-13,756,730,-26,2025-06-12
42834,2025,6,12,4,LAX,TUL,930,922,-8,1440,1434,-6,2025-06-12
42835,2025,6,12,4,LAX,TUS,822,815,-7,1003,938,-25,2025-06-12
42836,2025,6,12,4,LAX,TUS,935,932,-3,1110,1107,-3,2025-06-12
42837,2025,6,12,4,LAX,TUS,1240,1323,43,1410,1445,35,2025-06-12
42838,2025,6,12,4,LAX,TUS,1410,1401,-9,1544,1526,-18,2025-06-12
42839,2025,6,12,4,LAX,TUS,1458,1454,-4,1627,1624,-3,2025-06-12
42840,2025,6,12,4,LAX,TUS,1818,1814,-4,1949,1947,-2,2025-06-12
42841,2025,6,12,4,LAX,TUS,1900,1857,-3,2033,2022,-11,2025-06-12
42842,2025,6,12,4,LAX,XNA,914,904,-10,1438,1442,4,2025-06-12
46230,2025,6,13,5,LAX,ABQ,800,845,45,1108,1148,40,2025-06-13
46231,2025,6,13,5,LAX,ABQ,855,854,-1,1158,1159,1,2025-06-13
46232,2025,6,13,5,LAX,ABQ,1120,1132,12,1415,1416,1,2025-06-13
46233,2025,6,13,5,LAX,ABQ,1459,1451,-8,1802,1739,-23,2025-06-13
46234,2025,6,13,5,LAX,ABQ,1849,1844,-5,2152,2130,-22,2025-06-13
46236,2025,6,13,5,LAX,ACV,1315,1326,11,1513,1515,2,2025-06-13
46237,2025,6,13,5,LAX,ANC,1945,2003,18,8,6,-2,2025-06-13
46238,2025,6,13,5,LAX,ASE,1040,1037,-3,1356,1345,-11,2025-06-13
46239,2025,6,13,5,LAX,ASE,1254,1245,-9,1605,1545,-20,2025-06-13
46240,2025,6,13,5,LAX,ASE,1445,1436,-9,1751,1814,23,2025-06-13
46242,2025,6,13,5,LAX,ATL,620,620,0,1342,1348,6,2025-06-13
46243,2025,6,13,5,LAX,ATL,735,734,-1,1448,1449,1,2025-06-13
46244,2025,6,13,5,LAX,ATL,845,848,3,1607,1616,9,2025-06-13
46246,2025,6,13,5,LAX,ATL,953,1006,13,1719,1730,11,2025-06-13
46247,2025,6,13,5,LAX,ATL,1115,1111,-4,1834,1858,24,2025-06-13
46248,2025,6,13,5,LAX,ATL,1215,1308,53,1930,2017,47,2025-06-13
46249,2025,6,13,5,LAX,ATL,1249,1244,-5,2015,2047,32,2025-06-13
46250,2025,6,13,5,LAX,ATL,1306,1351,45,2049,2224,95,2025-06-13
46251,2025,6,13,5,LAX,ATL,1315,1312,-3,2046,2042,-4,2025-06-13
46253,2025,6,13,5,LAX,ATL,1735,1729,-6,54,47,-7,2025-06-13
46254,2025,6,13,5,LAX,ATL,2128,2221,53,507,547,40,2025-06-13
46255,2025,6,13,5,LAX,ATL,2145,2227,42,500,548,48,2025-06-13
46256,2025,6,13,5,LAX,ATL,2245,2257,12,600,623,23,2025-06-13
46258,2025,6,13,5,LAX,ATL,2345,2343,-2,712,706,-6,2025-06-13
46259,2025,6,13,5,LAX,AUS,500,454,-6,1000,941,-19,2025-06-13
46261,2025,6,13,5,LAX,AUS,745,736,-9,1246,1231,-15,2025-06-13
46262,2025,6,13,5,LAX,AUS,925,932,7,1451,1437,-14,2025-06-13
46263,2025,6,13,5,LAX,AUS,1035,1023,-12,1545,1550,5,2025-06-13
46264,2025,6,13,5,LAX,AUS,1115,1129,14,1620,1630,10,2025-06-13
46265,2025,6,13,5,LAX,AUS,1614,1610,-4,2114,2054,-20,2025-06-13
46266,2025,6,13,5,LAX,AUS,1620,1613,-7,2121,2107,-14,2025-06-13
46267,2025,6,13,5,LAX,AUS,1835,1829,-6,2338,2311,-27,2025-06-13
46268,2025,6,13,5,LAX,AUS,1840,1836,-4,2358,2329,-29,2025-06-13
46269,2025,6,13,5,LAX,AUS,1850,1837,-13,2350,2320,-30,2025-06-13
46271,2025,6,13,5,LAX,BNA,700,653,-7,1257,1326,29,2025-06-13
46272,2025,6,13,5,LAX,BNA,710,710,0,1325,1316,-9,2025-06-13
46273,2025,6,13,5,LAX,BNA,929,928,-1,1532,1549,17,2025-06-13
46274,2025,6,13,5,LAX,BNA,1036,1032,-4,1645,1643,-2,2025-06-13
46275,2025,6,13,5,LAX,BNA,1239,1234,-5,1844,1846,2,2025-06-13
46277,2025,6,13,5,LAX,BNA,2250,2245,-5,500,435,-25,2025-06-13
46278,2025,6,13,5,LAX,BOI,1157,1255,58,1503,1550,47,2025-06-13
46279,2025,6,13,5,LAX,BOI,1245,1309,24,1559,1601,2,2025-06-13
46280,2025,6,13,5,LAX,BOI,1950,1943,-7,2254,2234,-20,2025-06-13
46281,2025,6,13,5,LAX,BOI,1959,1949,-10,2301,2243,-18,2025-06-13
46282,2025,6,13,5,LAX,BOS,600,552,-8,1440,1412,-28,2025-06-13
46283,2025,6,13,5,LAX,BOS,640,635,-5,1515,1502,-13,2025-06-13
46284,2025,6,13,5,LAX,BOS,830,822,-8,1719,1657,-22,2025-06-13
46285,2025,6,13,5,LAX,BOS,835,825,-10,1716,1713,-3,2025-06-13
46286,2025,6,13,5,LAX,BOS,840,836,-4,1716,1723,7,2025-06-13
46287,2025,6,13,5,LAX,BOS,1045,1044,-1,1924,1908,-16,2025-06-13
46288,2025,6,13,5,LAX,BOS,1145,1137,-8,2025,2004,-21,2025-06-13
46289,2025,6,13,5,LAX,BOS,1310,1323,13,2151,2153,2,2025-06-13
46291,2025,6,13,5,LAX,BOS,2024,2030,6,500,446,-14,2025-06-13
46292,2025,6,13,5,LAX,BOS,2102,2101,-1,532,529,-3,2025-06-13
46293,2025,6,13,5,LAX,BOS,2213,2206,-7,644,632,-12,2025-06-13
46294,2025,6,13,5,LAX,BOS,2257,2249,-8,735,734,-1,2025-06-13
46295,2025,6,13,5,LAX,BOS,2305,2306,1,741,735,-6,2025-06-13
46296,2025,6,13,5,LAX,BUF,2209,2206,-3,600,548,-12,2025-06-13
46297,2025,6,13,5,LAX,BWI,530,531,1,1335,1321,-14,2025-06-13
46298,2025,6,13,5,LAX,BWI,845,837,-8,1654,1644,-10,2025-06-13
46299,2025,6,13,5,LAX,BWI,1005,1005,0,1810,1810,0,2025-06-13
46300,2025,6,13,5,LAX,BWI,1134,1201,27,1929,1946,17,2025-06-13
46301,2025,6,13,5,LAX,BWI,2055,2059,4,500,449,-11,2025-06-13
46302,2025,6,13,5,LAX,BWI,2359,2355,-4,807,754,-13,2025-06-13
46303,2025,6,13,5,LAX,BZN,1121,1111,-10,1450,1454,4,2025-06-13
46304,2025,6,13,5,LAX,BZN,1800,1756,-4,2139,2136,-3,2025-06-13
46306,2025,6,13,5,LAX,CLE,2120,2115,-5,453,439,-14,2025-06-13
46307,2025,6,13,5,LAX,CLT,605,602,-3,1354,1404,10,2025-06-13
46308,2025,6,13,5,LAX,CLT,759,856,57,1545,1639,54,2025-06-13
46309,2025,6,13,5,LAX,CLT,911,932,21,1700,1733,33,2025-06-13
46310,2025,6,13,5,LAX,CLT,1154,1204,10,1945,1951,6,2025-06-13
46311,2025,6,13,5,LAX,CLT,1402,1433,31,2155,2218,23,2025-06-13
46313,2025,6,13,5,LAX,CLT,2249,2309,20,635,650,15,2025-06-13
46314,2025,6,13,5,LAX,CLT,2306,2258,-8,645,644,-1,2025-06-13
46315,2025,6,13,5,LAX,CLT,2349,2347,-2,735,729,-6,2025-06-13
46316,2025,6,13,5,LAX,CMH,925,924,-1,1701,1701,0,2025-06-13
46317,2025,6,13,5,LAX,CVG,2229,2258,29,538,617,39,2025-06-13
46318,2025,6,13,5,LAX,DAL,505,500,-5,1010,957,-13,2025-06-13
46319,2025,6,13,5,LAX,DAL,645,643,-2,1150,1141,-9,2025-06-13
46320,2025,6,13,5,LAX,DAL,1120,1126,6,1630,1617,-13,2025-06-13
46321,2025,6,13,5,LAX,DAL,1630,1634,4,2145,2132,-13,2025-06-13
46323,2025,6,13,5,LAX,DCA,759,755,-4,1600,1610,10,2025-06-13
46324,2025,6,13,5,LAX,DCA,819,816,-3,1622,1558,-24,2025-06-13
46325,2025,6,13,5,LAX,DCA,1228,1231,3,2029,2021,-8,2025-06-13
46326,2025,6,13,5,LAX,DCA,1331,1320,-11,2142,2231,49,2025-06-13
46327,2025,6,13,5,LAX,DEN,505,511,6,824,827,3,2025-06-13
46328,2025,6,13,5,LAX,DEN,545,546,1,910,858,-12,2025-06-13
46329,2025,6,13,5,LAX,DEN,615,701,46,948,1028,40,2025-06-13
46330,2025,6,13,5,LAX,DEN,706,658,-8,1031,1017,-14,2025-06-13
46331,2025,6,13,5,LAX,DEN,746,744,-2,1110,1111,1,2025-06-13
46332,2025,6,13,5,LAX,DEN,804,815,11,1133,1134,1,2025-06-13
46333,2025,6,13,5,LAX,DEN,805,816,11,1130,1129,-1,2025-06-13
46334,2025,6,13,5,LAX,DEN,900,858,-2,1227,1246,19,2025-06-13
46335,2025,6,13,5,LAX,DEN,1030,1037,7,1355,1408,13,2025-06-13
46336,2025,6,13,5,LAX,DEN,1052,1052,0,1419,1426,7,2025-06-13
46338,2025,6,13,5,LAX,DEN,1255,1249,-6,1623,1614,-9,2025-06-13
46341,2025,6,13,5,LAX,DEN,1435,1426,-9,1805,1809,4,2025-06-13
46342,2025,6,13,5,LAX,DEN,1459,1448,-11,1819,1841,22,2025-06-13
46344,2025,6,13,5,LAX,DEN,1611,1622,11,1940,2027,47,2025-06-13
46345,2025,6,13,5,LAX,DEN,1830,1827,-3,2200,2144,-16,2025-06-13
46346,2025,6,13,5,LAX,DEN,1918,1912,-6,2247,2226,-21,2025-06-13
46347,2025,6,13,5,LAX,DEN,1945,2016,31,2309,2346,37,2025-06-13
46348,2025,6,13,5,LAX,DEN,2020,2028,8,2350,2338,-12,2025-06-13
46349,2025,6,13,5,LAX,DEN,2025,2027,2,2348,2345,-3,2025-06-13
46350,2025,6,13,5,LAX,DFW,40,40,0,545,531,-14,2025-06-13
46351,2025,6,13,5,LAX,DFW,47,39,-8,550,602,12,2025-06-13
46352,2025,6,13,5,LAX,DFW,130,128,-2,633,630,-3,2025-06-13
46353,2025,6,13,5,LAX,DFW,600,559,-1,1103,1104,1,2025-06-13
46354,2025,6,13,5,LAX,DFW,600,608,8,1120,1120,0,2025-06-13
46355,2025,6,13,5,LAX,DFW,700,656,-4,1209,1201,-8,2025-06-13
46356,2025,6,13,5,LAX,DFW,826,821,-5,1339,1325,-14,2025-06-13
46357,2025,6,13,5,LAX,DFW,835,830,-5,1343,1353,10,2025-06-13
46358,2025,6,13,5,LAX,DFW,930,925,-5,1443,1439,-4,2025-06-13
46359,2025,6,13,5,LAX,DFW,1037,1104,27,1545,1613,28,2025-06-13
46360,2025,6,13,5,LAX,DFW,1230,1228,-2,1737,1742,5,2025-06-13
46361,2025,6,13,5,LAX,DFW,1348,1348,0,1859,1901,2,2025-06-13
46362,2025,6,13,5,LAX,DFW,1433,1431,-2,1943,1941,-2,2025-06-13
46363,2025,6,13,5,LAX,DFW,1548,1614,26,2059,2122,23,2025-06-13
46364,2025,6,13,5,LAX,DFW,1636,1629,-7,2147,2139,-8,2025-06-13
46365,2025,6,13,5,LAX,DFW,1835,1832,-3,2347,2320,-27,2025-06-13
46366,2025,6,13,5,LAX,DFW,1855,1951,56,2356,41,45,2025-06-13
46367,2025,6,13,5,LAX,DFW,1903,1954,51,26,58,32,2025-06-13
46368,2025,6,13,5,LAX,DFW,2359,21,22,509,526,17,2025-06-13
46370,2025,6,13,5,LAX,DTW,530,529,-1,1257,1244,-13,2025-06-13
46371,2025,6,13,5,LAX,DTW,735,734,-1,1456,1442,-14,2025-06-13
46372,2025,6,13,5,LAX,DTW,925,933,8,1652,1655,3,2025-06-13
46373,2025,6,13,5,LAX,DTW,1114,1117,3,1837,1836,-1,2025-06-13
46374,2025,6,13,5,LAX,DTW,1209,1201,-8,1931,1927,-4,2025-06-13
46375,2025,6,13,5,LAX,DTW,1536,1528,-8,2304,2258,-6,2025-06-13
46376,2025,6,13,5,LAX,DTW,2130,2220,50,452,539,47,2025-06-13
46377,2025,6,13,5,LAX,DTW,2215,2223,8,535,543,8,2025-06-13
46378,2025,6,13,5,LAX,ELP,1245,1240,-5,1545,1527,-18,2025-06-13
46379,2025,6,13,5,LAX,ELP,1430,1425,-5,1731,1718,-13,2025-06-13
46380,2025,6,13,5,LAX,ELP,1947,1939,-8,2247,2245,-2,2025-06-13
46381,2025,6,13,5,LAX,EUG,2144,2138,-6,2358,2336,-22,2025-06-13
46382,2025,6,13,5,LAX,EWR,600,553,-7,1434,1427,-7,2025-06-13
46383,2025,6,13,5,LAX,EWR,700,658,-2,1534,1525,-9,2025-06-13
46384,2025,6,13,5,LAX,EWR,700,705,5,1534,1525,-9,2025-06-13
46385,2025,6,13,5,LAX,EWR,810,805,-5,1640,1621,-19,2025-06-13
46386,2025,6,13,5,LAX,EWR,820,817,-3,1645,1653,8,2025-06-13
46387,2025,6,13,5,LAX,EWR,1015,1013,-2,1854,1845,-9,2025-06-13
46388,2025,6,13,5,LAX,EWR,1050,1044,-6,1920,1859,-21,2025-06-13
46389,2025,6,13,5,LAX,EWR,1215,1210,-5,2054,2032,-22,2025-06-13
46390,2025,6,13,5,LAX,EWR,1330,1340,10,2152,2135,-17,2025-06-13
46391,2025,6,13,5,LAX,EWR,1434,1431,-3,2255,2245,-10,2025-06-13
46392,2025,6,13,5,LAX,EWR,1630,1643,13,57,58,1,2025-06-13
46393,2025,6,13,5,LAX,EWR,2126,2130,4,559,553,-6,2025-06-13
46395,2025,6,13,5,LAX,EWR,2359,8,9,812,824,12,2025-06-13
46396,2025,6,13,5,LAX,FAT,1030,1022,-8,1148,1147,-1,2025-06-13
46397,2025,6,13,5,LAX,FAT,1910,1902,-8,2024,2010,-14,2025-06-13
46398,2025,6,13,5,LAX,FAT,2238,2245,7,2352,14,22,2025-06-13
46399,2025,6,13,5,LAX,FCA,922,913,-9,1321,1301,-20,2025-06-13
46400,2025,6,13,5,LAX,FLL,800,758,-2,1614,1623,9,2025-06-13
46401,2025,6,13,5,LAX,FLL,1112,1109,-3,1926,1906,-20,2025-06-13
46402,2025,6,13,5,LAX,FLL,1345,1341,-4,2158,2130,-28,2025-06-13
46403,2025,6,13,5,LAX,FLL,2155,2200,5,603,550,-13,2025-06-13
46405,2025,6,13,5,LAX,FSD,1605,1558,-7,2119,2127,8,2025-06-13
46406,2025,6,13,5,LAX,GEG,1114,1109,-5,1352,1329,-23,2025-06-13
46407,2025,6,13,5,LAX,GEG,1432,1457,25,1707,1723,16,2025-06-13
46408,2025,6,13,5,LAX,GEG,1516,1525,9,1747,1745,-2,2025-06-13
46409,2025,6,13,5,LAX,GEG,1859,1851,-8,2133,2127,-6,2025-06-13
46410,2025,6,13,5,LAX,HNL,705,703,-2,1010,952,-18,2025-06-13
46411,2025,6,13,5,LAX,HNL,825,824,-1,1107,1136,29,2025-06-13
46412,2025,6,13,5,LAX,HNL,830,830,0,1105,1130,25,2025-06-13
46413,2025,6,13,5,LAX,HNL,835,832,-3,1117,1129,12,2025-06-13
46414,2025,6,13,5,LAX,HNL,849,857,8,1137,1152,15,2025-06-13
46415,2025,6,13,5,LAX,HNL,1010,1035,25,1240,1312,32,2025-06-13
46416,2025,6,13,5,LAX,HNL,1115,1113,-2,1404,1400,-4,2025-06-13
46417,2025,6,13,5,LAX,HNL,1315,1349,34,1601,1635,34,2025-06-13
46419,2025,6,13,5,LAX,HNL,1444,1446,2,1728,1722,-6,2025-06-13
46420,2025,6,13,5,LAX,HNL,1710,1706,-4,1944,1933,-11,2025-06-13
46421,2025,6,13,5,LAX,HNL,1745,1751,6,2030,2042,12,2025-06-13
46422,2025,6,13,5,LAX,HNL,1810,1805,-5,2052,2040,-12,2025-06-13
46423,2025,6,13,5,LAX,HNL,1820,1816,-4,2057,2051,-6,2025-06-13
46424,2025,6,13,5,LAX,HNL,1825,1826,1,2115,2104,-11,2025-06-13
46425,2025,6,13,5,LAX,HNL,1845,1858,13,2128,2129,1,2025-06-13
46426,2025,6,13,5,LAX,HNL,1913,1909,-4,2155,2147,-8,2025-06-13
46427,2025,6,13,5,LAX,HNL,2040,2106,26,2329,5,36,2025-06-13
46428,2025,6,13,5,LAX,HOU,505,505,0,1030,1015,-15,2025-06-13
46429,2025,6,13,5,LAX,HOU,1335,1349,14,1900,1859,-1,2025-06-13
46430,2025,6,13,5,LAX,HOU,1745,1747,2,2305,2253,-12,2025-06-13
46431,2025,6,13,5,LAX,HOU,2350,2347,-3,515,443,-32,2025-06-13
46432,2025,6,13,5,LAX,IAD,620,613,-7,1423,1408,-15,2025-06-13
46433,2025,6,13,5,LAX,IAD,815,814,-1,1621,1631,10,2025-06-13
46434,2025,6,13,5,LAX,IAD,820,821,1,1625,1627,2,2025-06-13
46435,2025,6,13,5,LAX,IAD,1015,1019,4,1820,1834,14,2025-06-13
46436,2025,6,13,5,LAX,IAD,1315,1309,-6,2120,2117,-3,2025-06-13
46437,2025,6,13,5,LAX,IAD,1645,1640,-5,44,42,-2,2025-06-13
46438,2025,6,13,5,LAX,IAD,2250,2311,21,639,700,21,2025-06-13
46439,2025,6,13,5,LAX,IAH,56,52,-4,618,551,-27,2025-06-13
46440,2025,6,13,5,LAX,IAH,515,530,15,1042,1043,1,2025-06-13
46441,2025,6,13,5,LAX,IAH,715,709,-6,1244,1231,-13,2025-06-13
46442,2025,6,13,5,LAX,IAH,840,843,3,1409,1409,0,2025-06-13
46444,2025,6,13,5,LAX,IAH,1015,1009,-6,1540,1604,24,2025-06-13
46445,2025,6,13,5,LAX,IAH,1128,1123,-5,1648,1654,6,2025-06-13
46446,2025,6,13,5,LAX,IAH,1207,1201,-6,1724,1751,27,2025-06-13
46447,2025,6,13,5,LAX,IAH,1310,1309,-1,1840,2117,157,2025-06-13
46448,2025,6,13,5,LAX,IAH,1358,1350,-8,1925,1921,-4,2025-06-13
46449,2025,6,13,5,LAX,IAH,1423,1507,44,2001,2037,36,2025-06-13
46450,2025,6,13,5,LAX,IAH,1809,1806,-3,2328,2315,-13,2025-06-13
46451,2025,6,13,5,LAX,IAH,1810,1908,58,2333,12,39,2025-06-13
46452,2025,6,13,5,LAX,IAH,1920,1937,17,43,50,7,2025-06-13
46453,2025,6,13,5,LAX,IAH,2345,9,24,505,506,1,2025-06-13
46454,2025,6,13,5,LAX,IND,1036,1035,-1,1747,1752,5,2025-06-13
46455,2025,6,13,5,LAX,IND,1134,1127,-7,1838,1833,-5,2025-06-13
46456,2025,6,13,5,LAX,IND,2314,2306,-8,614,614,0,2025-06-13
46457,2025,6,13,5,LAX,JAC,900,852,-8,1218,1214,-4,2025-06-13
46458,2025,6,13,5,LAX,JAC,1030,1024,-6,1348,1329,-19,2025-06-13
46459,2025,6,13,5,LAX,JAC,1235,1221,-14,1552,1529,-23,2025-06-13
46460,2025,6,13,5,LAX,JFK,600,556,-4,1434,1410,-24,2025-06-13
46461,2025,6,13,5,LAX,JFK,600,607,7,1430,1420,-10,2025-06-13
46462,2025,6,13,5,LAX,JFK,700,654,-6,1535,1515,-20,2025-06-13
46463,2025,6,13,5,LAX,JFK,700,657,-3,1535,1507,-28,2025-06-13
46464,2025,6,13,5,LAX,JFK,720,712,-8,1555,1524,-31,2025-06-13
46466,2025,6,13,5,LAX,JFK,905,901,-4,1757,1717,-40,2025-06-13
46467,2025,6,13,5,LAX,JFK,930,927,-3,1809,1741,-28,2025-06-13
46469,2025,6,13,5,LAX,JFK,1021,1111,50,1859,1941,42,2025-06-13
46470,2025,6,13,5,LAX,JFK,1030,1028,-2,1911,1851,-20,2025-06-13
46471,2025,6,13,5,LAX,JFK,1110,1203,53,1950,2105,75,2025-06-13
46472,2025,6,13,5,LAX,JFK,1130,1138,8,2006,2006,0,2025-06-13
46473,2025,6,13,5,LAX,JFK,1221,1221,0,2100,2040,-20,2025-06-13
46474,2025,6,13,5,LAX,JFK,1230,1254,24,2107,2124,17,2025-06-13
46475,2025,6,13,5,LAX,JFK,1300,1327,27,2145,2155,10,2025-06-13
46476,2025,6,13,5,LAX,JFK,1310,1305,-5,2152,2122,-30,2025-06-13
46477,2025,6,13,5,LAX,JFK,1420,1414,-6,2252,2237,-15,2025-06-13
46478,2025,6,13,5,LAX,JFK,1515,1555,40,2355,4,9,2025-06-13
46479,2025,6,13,5,LAX,JFK,1520,1518,-2,2354,2341,-13,2025-06-13
46480,2025,6,13,5,LAX,JFK,1520,1541,21,2357,3,6,2025-06-13
46481,2025,6,13,5,LAX,JFK,1620,1612,-8,55,27,-28,2025-06-13
46482,2025,6,13,5,LAX,JFK,2036,2036,0,500,506,6,2025-06-13
46483,2025,6,13,5,LAX,JFK,2053,2105,12,530,531,1,2025-06-13
46484,2025,6,13,5,LAX,JFK,2125,2118,-7,559,543,-16,2025-06-13
46485,2025,6,13,5,LAX,JFK,2140,2152,12,607,604,-3,2025-06-13
46486,2025,6,13,5,LAX,JFK,2231,2231,0,700,713,13,2025-06-13
46487,2025,6,13,5,LAX,JFK,2250,2316,26,723,740,17,2025-06-13
46488,2025,6,13,5,LAX,JFK,2252,2302,10,732,729,-3,2025-06-13
46489,2025,6,13,5,LAX,JFK,2355,2350,-5,830,817,-13,2025-06-13
46491,2025,6,13,5,LAX,KOA,830,830,0,1110,1134,24,2025-06-13
46492,2025,6,13,5,LAX,KOA,910,904,-6,1150,1152,2,2025-06-13
46493,2025,6,13,5,LAX,KOA,1119,1113,-6,1355,1354,-1,2025-06-13
46494,2025,6,13,5,LAX,KOA,1629,1628,-1,1859,1856,-3,2025-06-13
46495,2025,6,13,5,LAX,KOA,1725,1717,-8,2003,1947,-16,2025-06-13
46496,2025,6,13,5,LAX,LAS,520,519,-1,635,624,-11,2025-06-13
46497,2025,6,13,5,LAX,LAS,530,521,-9,642,625,-17,2025-06-13
46498,2025,6,13,5,LAX,LAS,725,723,-2,845,835,-10,2025-06-13
46499,2025,6,13,5,LAX,LAS,730,723,-7,840,831,-9,2025-06-13
46500,2025,6,13,5,LAX,LAS,826,821,-5,951,942,-9,2025-06-13
46501,2025,6,13,5,LAX,LAS,845,842,-3,1005,946,-19,2025-06-13
46502,2025,6,13,5,LAX,LAS,1019,1011,-8,1131,1123,-8,2025-06-13
46503,2025,6,13,5,LAX,LAS,1125,1122,-3,1245,1240,-5,2025-06-13
46505,2025,6,13,5,LAX,LAS,1445,1504,19,1607,1622,15,2025-06-13
46506,2025,6,13,5,LAX,LAS,1505,1502,-3,1615,1611,-4,2025-06-13
46507,2025,6,13,5,LAX,LAS,1535,1602,27,1655,1702,7,2025-06-13
46508,2025,6,13,5,LAX,LAS,1548,1608,20,1713,1734,21,2025-06-13
46509,2025,6,13,5,LAX,LAS,1740,1828,48,1855,1934,39,2025-06-13
46510,2025,6,13,5,LAX,LAS,1755,1752,-3,1918,1858,-20,2025-06-13
46511,2025,6,13,5,LAX,LAS,1850,1845,-5,2000,1951,-9,2025-06-13
46512,2025,6,13,5,LAX,LAS,1852,1844,-8,2008,1951,-17,2025-06-13
46513,2025,6,13,5,LAX,LAS,1930,1923,-7,2052,2033,-19,2025-06-13
46514,2025,6,13,5,LAX,LAS,1940,1937,-3,2100,2032,-28,2025-06-13
46515,2025,6,13,5,LAX,LAS,1945,2006,21,2108,2159,51,2025-06-13
46516,2025,6,13,5,LAX,LAS,1948,2001,13,2100,2141,41,2025-06-13
46517,2025,6,13,5,LAX,LAS,1959,2004,5,2110,2138,28,2025-06-13
46518,2025,6,13,5,LAX,LAS,2155,2210,15,2315,2306,-9,2025-06-13
46519,2025,6,13,5,LAX,LAS,2215,2211,-4,2327,2322,-5,2025-06-13
46520,2025,6,13,5,LAX,LAS,2218,2251,33,2335,2356,21,2025-06-13
46522,2025,6,13,5,LAX,LIH,842,840,-2,1140,1211,31,2025-06-13
46523,2025,6,13,5,LAX,LIH,903,859,-4,1204,1202,-2,2025-06-13
46524,2025,6,13,5,LAX,LIH,930,953,23,1225,1246,21,2025-06-13
46525,2025,6,13,5,LAX,LIH,1425,1520,55,1708,1809,61,2025-06-13
46526,2025,6,13,5,LAX,MCI,800,758,-2,1315,1306,-9,2025-06-13
46527,2025,6,13,5,LAX,MCI,930,931,1,1444,1437,-7,2025-06-13
46529,2025,6,13,5,LAX,MCI,1815,1827,12,2327,2335,8,2025-06-13
46530,2025,6,13,5,LAX,MCO,700,655,-5,1458,1515,17,2025-06-13
46531,2025,6,13,5,LAX,MCO,1002,958,-4,1804,1743,-21,2025-06-13
46532,2025,6,13,5,LAX,MCO,1035,1027,-8,1838,1832,-6,2025-06-13
46533,2025,6,13,5,LAX,MCO,1120,1119,-1,1914,1921,7,2025-06-13
46534,2025,6,13,5,LAX,MCO,1357,1422,25,2210,2224,14,2025-06-13
46536,2025,6,13,5,LAX,MCO,2135,2128,-7,536,518,-18,2025-06-13
46537,2025,6,13,5,LAX,MCO,2145,2143,-2,532,524,-8,2025-06-13
46538,2025,6,13,5,LAX,MCO,2249,2253,4,647,647,0,2025-06-13
46539,2025,6,13,5,LAX,MDW,620,619,-1,1225,1214,-11,2025-06-13
46540,2025,6,13,5,LAX,MDW,840,845,5,1445,1439,-6,2025-06-13
46541,2025,6,13,5,LAX,MDW,1315,1327,12,1920,1920,0,2025-06-13
46542,2025,6,13,5,LAX,MDW,1610,1613,3,2210,2158,-12,2025-06-13
46543,2025,6,13,5,LAX,MDW,2255,2257,2,500,450,-10,2025-06-13
46544,2025,6,13,5,LAX,MEM,1820,1813,-7,2358,2400,2,2025-06-13
46545,2025,6,13,5,LAX,MIA,600,556,-4,1413,1350,-23,2025-06-13
46546,2025,6,13,5,LAX,MIA,745,807,22,1554,1613,19,2025-06-13
46547,2025,6,13,5,LAX,MIA,900,858,-2,1719,1744,25,2025-06-13
46548,2025,6,13,5,LAX,MIA,1005,1004,-1,1816,1801,-15,2025-06-13
46549,2025,6,13,5,LAX,MIA,1210,1210,0,2020,2008,-12,2025-06-13
46550,2025,6,13,5,LAX,MIA,1500,1553,53,2310,2343,33,2025-06-13
46551,2025,6,13,5,LAX,MIA,2140,2139,-1,550,537,-13,2025-06-13
46552,2025,6,13,5,LAX,MIA,2249,2248,-1,701,653,-8,2025-06-13
46553,2025,6,13,5,LAX,MIA,2343,11,28,750,813,23,2025-06-13
46554,2025,6,13,5,LAX,MRY,820,814,-6,942,925,-17,2025-06-13
46555,2025,6,13,5,LAX,MRY,1823,1814,-9,1937,1918,-19,2025-06-13
46556,2025,6,13,5,LAX,MSO,1131,1122,-9,1510,1458,-12,2025-06-13
46558,2025,6,13,5,LAX,MSP,617,615,-2,1148,1137,-11,2025-06-13
46559,2025,6,13,5,LAX,MSP,800,800,0,1334,1325,-9,2025-06-13
46561,2025,6,13,5,LAX,MSP,1325,1406,41,1855,1927,32,2025-06-13
46562,2025,6,13,5,LAX,MSP,1520,1522,2,2049,2058,9,2025-06-13
46563,2025,6,13,5,LAX,MSP,1850,1845,-5,20,16,-4,2025-06-13
46564,2025,6,13,5,LAX,MSP,2330,2334,4,504,509,5,2025-06-13
46565,2025,6,13,5,LAX,MSY,700,649,-11,1240,1227,-13,2025-06-13
46566,2025,6,13,5,LAX,MSY,1210,1205,-5,1753,1751,-2,2025-06-13
46567,2025,6,13,5,LAX,MSY,1225,1240,15,1810,1830,20,2025-06-13
46569,2025,6,13,5,LAX,MSY,1818,1812,-6,2358,2341,-17,2025-06-13
46570,2025,6,13,5,LAX,OAK,610,606,-4,735,714,-21,2025-06-13
46571,2025,6,13,5,LAX,OAK,805,801,-4,930,910,-20,2025-06-13
46572,2025,6,13,5,LAX,OAK,925,921,-4,1050,1033,-17,2025-06-13
46573,2025,6,13,5,LAX,OAK,1150,1205,15,1315,1313,-2,2025-06-13
46574,2025,6,13,5,LAX,OAK,1505,1505,0,1625,1621,-4,2025-06-13
46575,2025,6,13,5,LAX,OAK,1845,1844,-1,2010,1956,-14,2025-06-13
46576,2025,6,13,5,LAX,OAK,2030,2039,9,2155,2148,-7,2025-06-13
46577,2025,6,13,5,LAX,OGG,700,702,2,935,957,22,2025-06-13
46578,2025,6,13,5,LAX,OGG,800,800,0,1031,1119,48,2025-06-13
46579,2025,6,13,5,LAX,OGG,815,814,-1,1055,1054,-1,2025-06-13
46580,2025,6,13,5,LAX,OGG,902,859,-3,1147,1139,-8,2025-06-13
46581,2025,6,13,5,LAX,OGG,1655,1649,-6,1934,1925,-9,2025-06-13
46582,2025,6,13,5,LAX,OGG,1656,1652,-4,1928,1916,-12,2025-06-13
46583,2025,6,13,5,LAX,OGG,1754,1750,-4,2030,2022,-8,2025-06-13
46584,2025,6,13,5,LAX,OKC,900,852,-8,1400,1347,-13,2025-06-13
46585,2025,6,13,5,LAX,OKC,1732,1726,-6,2230,2219,-11,2025-06-13
46586,2025,6,13,5,LAX,OMA,1236,1227,-9,1752,1733,-19,2025-06-13
46587,2025,6,13,5,LAX,ORD,30,28,-2,642,635,-7,2025-06-13
46588,2025,6,13,5,LAX,ORD,32,27,-5,638,621,-17,2025-06-13
46589,2025,6,13,5,LAX,ORD,44,38,-6,651,630,-21,2025-06-13
46590,2025,6,13,5,LAX,ORD,545,540,-5,1157,1143,-14,2025-06-13
46591,2025,6,13,5,LAX,ORD,605,557,-8,1221,1210,-11,2025-06-13
46592,2025,6,13,5,LAX,ORD,620,615,-5,1242,1231,-11,2025-06-13
46593,2025,6,13,5,LAX,ORD,630,625,-5,1238,1223,-15,2025-06-13
46594,2025,6,13,5,LAX,ORD,800,754,-6,1415,1359,-16,2025-06-13
46595,2025,6,13,5,LAX,ORD,815,808,-7,1439,1419,-20,2025-06-13
46596,2025,6,13,5,LAX,ORD,936,938,2,1544,1601,17,2025-06-13
46597,2025,6,13,5,LAX,ORD,1040,1036,-4,1656,1647,-9,2025-06-13
46598,2025,6,13,5,LAX,ORD,1105,1104,-1,1717,1730,13,2025-06-13
46599,2025,6,13,5,LAX,ORD,1145,1136,-9,1753,1745,-8,2025-06-13
46600,2025,6,13,5,LAX,ORD,1237,1234,-3,1855,1926,31,2025-06-13
46601,2025,6,13,5,LAX,ORD,1300,1305,5,1929,1919,-10,2025-06-13
46602,2025,6,13,5,LAX,ORD,1401,1358,-3,2025,2004,-21,2025-06-13
46603,2025,6,13,5,LAX,ORD,1502,1521,19,2108,2146,38,2025-06-13
46604,2025,6,13,5,LAX,ORD,1640,1654,14,2304,2252,-12,2025-06-13
46606,2025,6,13,5,LAX,ORD,1729,1739,10,2335,2345,10,2025-06-13
46607,2025,6,13,5,LAX,ORD,1738,1730,-8,2359,2333,-26,2025-06-13
46608,2025,6,13,5,LAX,ORD,2240,2239,-1,451,449,-2,2025-06-13
46609,2025,6,13,5,LAX,ORD,2300,2315,15,513,512,-1,2025-06-13
46610,2025,6,13,5,LAX,ORD,2325,9,44,533,606,33,2025-06-13
46611,2025,6,13,5,LAX,PDX,700,659,-1,921,912,-9,2025-06-13
46613,2025,6,13,5,LAX,PDX,845,907,22,1110,1119,9,2025-06-13
46614,2025,6,13,5,LAX,PDX,905,900,-5,1131,1126,-5,2025-06-13
46616,2025,6,13,5,LAX,PDX,1102,1059,-3,1325,1314,-11,2025-06-13
46617,2025,6,13,5,LAX,PDX,1340,1330,-10,1600,1537,-23,2025-06-13
46618,2025,6,13,5,LAX,PDX,1405,1430,25,1626,1644,18,2025-06-13
46619,2025,6,13,5,LAX,PDX,1605,1610,5,1826,1828,2,2025-06-13
46620,2025,6,13,5,LAX,PDX,1640,1631,-9,1859,1834,-25,2025-06-13
46621,2025,6,13,5,LAX,PDX,1807,1801,-6,2030,2014,-16,2025-06-13
46623,2025,6,13,5,LAX,PDX,2025,2017,-8,2245,2221,-24,2025-06-13
46624,2025,6,13,5,LAX,PDX,2136,2128,-8,2359,2341,-18,2025-06-13
46625,2025,6,13,5,LAX,PHL,108,113,5,916,920,4,2025-06-13
46626,2025,6,13,5,LAX,PHL,645,636,-9,1454,1440,-14,2025-06-13
46627,2025,6,13,5,LAX,PHL,745,735,-10,1556,1537,-19,2025-06-13
46628,2025,6,13,5,LAX,PHL,900,907,7,1718,1728,10,2025-06-13
46629,2025,6,13,5,LAX,PHL,1140,1136,-4,1956,2011,15,2025-06-13
46630,2025,6,13,5,LAX,PHL,1442,1437,-5,2254,2240,-14,2025-06-13
46631,2025,6,13,5,LAX,PHL,1630,1625,-5,43,28,-15,2025-06-13
46632,2025,6,13,5,LAX,PHL,2235,2330,55,658,748,50,2025-06-13
46633,2025,6,13,5,LAX,PHL,2253,2307,14,705,713,8,2025-06-13
46634,2025,6,13,5,LAX,PHX,525,526,1,655,638,-17,2025-06-13
46635,2025,6,13,5,LAX,PHX,610,607,-3,739,727,-12,2025-06-13
46636,2025,6,13,5,LAX,PHX,705,655,-10,830,822,-8,2025-06-13
46637,2025,6,13,5,LAX,PHX,750,743,-7,915,859,-16,2025-06-13
46638,2025,6,13,5,LAX,PHX,815,806,-9,951,953,2,2025-06-13
46639,2025,6,13,5,LAX,PHX,1000,958,-2,1130,1110,-20,2025-06-13
46640,2025,6,13,5,LAX,PHX,1015,1008,-7,1145,1126,-19,2025-06-13
46641,2025,6,13,5,LAX,PHX,1105,1112,7,1235,1215,-20,2025-06-13
46642,2025,6,13,5,LAX,PHX,1325,1318,-7,1450,1444,-6,2025-06-13
46643,2025,6,13,5,LAX,PHX,1325,1320,-5,1503,1450,-13,2025-06-13
46644,2025,6,13,5,LAX,PHX,1400,1352,-8,1528,1515,-13,2025-06-13
46645,2025,6,13,5,LAX,PHX,1423,1440,17,1602,1644,42,2025-06-13
46646,2025,6,13,5,LAX,PHX,1440,1445,5,1610,1605,-5,2025-06-13
46647,2025,6,13,5,LAX,PHX,1632,1705,33,1759,1823,24,2025-06-13
46648,2025,6,13,5,LAX,PHX,1730,1723,-7,1855,1855,0,2025-06-13
46649,2025,6,13,5,LAX,PHX,1910,1904,-6,2039,2121,42,2025-06-13
46650,2025,6,13,5,LAX,PHX,1935,1931,-4,2103,2058,-5,2025-06-13
46651,2025,6,13,5,LAX,PHX,1955,2018,23,2130,2147,17,2025-06-13
46652,2025,6,13,5,LAX,PHX,2134,2148,14,2305,2303,-2,2025-06-13
46653,2025,6,13,5,LAX,PHX,2135,2222,47,2315,2332,17,2025-06-13
46654,2025,6,13,5,LAX,PHX,2235,2229,-6,13,2349,-24,2025-06-13
46655,2025,6,13,5,LAX,PIT,915,915,0,1700,1709,9,2025-06-13
46656,2025,6,13,5,LAX,PRC,1945,1936,-9,2111,2051,-20,2025-06-13
46657,2025,6,13,5,LAX,PSC,2125,2120,-5,2359,2340,-19,2025-06-13
46658,2025,6,13,5,LAX,RDD,1250,1245,-5,1439,1422,-17,2025-06-13
46659,2025,6,13,5,LAX,RDM,1245,1240,-5,1503,1444,-19,2025-06-13
46660,2025,6,13,5,LAX,RDU,857,854,-3,1654,1658,4,2025-06-13
46662,2025,6,13,5,LAX,RDU,2220,2209,-11,618,555,-23,2025-06-13
46663,2025,6,13,5,LAX,RNO,959,952,-7,1131,1109,-22,2025-06-13
46664,2025,6,13,5,LAX,RNO,1019,1035,16,1200,1218,18,2025-06-13
46665,2025,6,13,5,LAX,RNO,1425,1428,3,1550,1543,-7,2025-06-13
46666,2025,6,13,5,LAX,RNO,1502,1458,-4,1630,1633,3,2025-06-13
46667,2025,6,13,5,LAX,RNO,1710,1702,-8,1844,1840,-4,2025-06-13
46668,2025,6,13,5,LAX,RNO,2015,2048,33,2149,2219,30,2025-06-13
46669,2025,6,13,5,LAX,RNO,2050,2043,-7,2217,2205,-12,2025-06-13
46670,2025,6,13,5,LAX,RNO,2216,2215,-1,2353,2341,-12,2025-06-13
46671,2025,6,13,5,LAX,SAN,820,811,-9,919,917,-2,2025-06-13
46672,2025,6,13,5,LAX,SAN,920,920,0,1024,1057,33,2025-06-13
46673,2025,6,13,5,LAX,SAN,1428,1419,-9,1522,1512,-10,2025-06-13
46674,2025,6,13,5,LAX,SAN,1800,1821,21,1854,1934,40,2025-06-13
46675,2025,6,13,5,LAX,SAN,1846,1840,-6,1947,1945,-2,2025-06-13
46676,2025,6,13,5,LAX,SAN,2159,2149,-10,2253,2240,-13,2025-06-13
46677,2025,6,13,5,LAX,SAN,2245,2244,-1,2346,2345,-1,2025-06-13
46678,2025,6,13,5,LAX,SAT,825,817,-8,1321,1301,-20,2025-06-13
46679,2025,6,13,5,LAX,SAT,912,906,-6,1419,1400,-19,2025-06-13
46681,2025,6,13,5,LAX,SAT,1410,1418,8,1910,1858,-12,2025-06-13
46682,2025,6,13,5,LAX,SAT,1700,1649,-11,2158,2134,-24,2025-06-13
46683,2025,6,13,5,LAX,SAT,1858,1938,40,2349,23,34,2025-06-13
46684,2025,6,13,5,LAX,SBA,1520,1510,-10,1612,1629,17,2025-06-13
46685,2025,6,13,5,LAX,SBA,2300,2300,0,2358,18,20,2025-06-13
46686,2025,6,13,5,LAX,SBP,1500,1453,-7,1601,1556,-5,2025-06-13
46687,2025,6,13,5,LAX,SBP,2232,2239,7,2336,2353,17,2025-06-13
46688,2025,6,13,5,LAX,SDF,821,811,-10,1522,1517,-5,2025-06-13
46689,2025,6,13,5,LAX,SEA,600,603,3,850,848,-2,2025-06-13
46690,2025,6,13,5,LAX,SEA,700,657,-3,947,955,8,2025-06-13
46691,2025,6,13,5,LAX,SEA,700,658,-2,954,937,-17,2025-06-13
46693,2025,6,13,5,LAX,SEA,833,830,-3,1128,1117,-11,2025-06-13
46694,2025,6,13,5,LAX,SEA,945,955,10,1242,1219,-23,2025-06-13
46695,2025,6,13,5,LAX,SEA,1110,1109,-1,1401,1405,4,2025-06-13
46696,2025,6,13,5,LAX,SEA,1115,1110,-5,1409,1419,10,2025-06-13
46697,2025,6,13,5,LAX,SEA,1155,1148,-7,1439,1437,-2,2025-06-13
46699,2025,6,13,5,LAX,SEA,1410,1429,19,1654,1728,34,2025-06-13
46700,2025,6,13,5,LAX,SEA,1415,1411,-4,1700,1645,-15,2025-06-13
46702,2025,6,13,5,LAX,SEA,1743,1737,-6,2035,2009,-26,2025-06-13
46703,2025,6,13,5,LAX,SEA,1815,1815,0,2100,2055,-5,2025-06-13
46704,2025,6,13,5,LAX,SEA,1850,1840,-10,2145,2118,-27,2025-06-13
46705,2025,6,13,5,LAX,SEA,1907,1903,-4,2158,2141,-17,2025-06-13
46706,2025,6,13,5,LAX,SEA,1925,1941,16,2210,2232,22,2025-06-13
46707,2025,6,13,5,LAX,SEA,1959,2004,5,2257,2252,-5,2025-06-13
46708,2025,6,13,5,LAX,SEA,2010,2003,-7,2259,2255,-4,2025-06-13
46709,2025,6,13,5,LAX,SEA,2115,2206,51,2359,37,38,2025-06-13
46710,2025,6,13,5,LAX,SEA,2129,2122,-7,25,2358,-27,2025-06-13
46711,2025,6,13,5,LAX,SFO,600,554,-6,738,719,-19,2025-06-13
46712,2025,6,13,5,LAX,SFO,630,621,-9,752,740,-12,2025-06-13
46713,2025,6,13,5,LAX,SFO,630,627,-3,750,738,-12,2025-06-13
46714,2025,6,13,5,LAX,SFO,700,653,-7,829,822,-7,2025-06-13
46715,2025,6,13,5,LAX,SFO,700,653,-7,836,816,-20,2025-06-13
46716,2025,6,13,5,LAX,SFO,805,801,-4,945,959,14,2025-06-13
46717,2025,6,13,5,LAX,SFO,835,830,-5,958,1008,10,2025-06-13
46718,2025,6,13,5,LAX,SFO,910,908,-2,1045,1037,-8,2025-06-13
46719,2025,6,13,5,LAX,SFO,1000,1008,8,1120,1134,14,2025-06-13
46720,2025,6,13,5,LAX,SFO,1015,1009,-6,1140,1145,5,2025-06-13
46721,2025,6,13,5,LAX,SFO,1026,1024,-2,1159,1159,0,2025-06-13
46722,2025,6,13,5,LAX,SFO,1129,1127,-2,1256,1255,-1,2025-06-13
46723,2025,6,13,5,LAX,SFO,1220,1227,7,1343,1335,-8,2025-06-13
46724,2025,6,13,5,LAX,SFO,1330,1335,5,1452,1445,-7,2025-06-13
46725,2025,6,13,5,LAX,SFO,1339,1333,-6,1507,1516,9,2025-06-13
46726,2025,6,13,5,LAX,SFO,1422,1416,-6,1548,1527,-21,2025-06-13
46727,2025,6,13,5,LAX,SFO,1544,1540,-4,1711,1656,-15,2025-06-13
46728,2025,6,13,5,LAX,SFO,1610,1606,-4,1739,1715,-24,2025-06-13
46730,2025,6,13,5,LAX,SFO,1630,1628,-2,1755,1733,-22,2025-06-13
46731,2025,6,13,5,LAX,SFO,1710,1700,-10,1840,1821,-19,2025-06-13
46732,2025,6,13,5,LAX,SFO,1740,1753,13,1902,1900,-2,2025-06-13
46733,2025,6,13,5,LAX,SFO,1808,1812,4,1943,1934,-9,2025-06-13
46734,2025,6,13,5,LAX,SFO,1820,1820,0,1943,1929,-14,2025-06-13
46735,2025,6,13,5,LAX,SFO,1840,1841,1,2009,2000,-9,2025-06-13
46736,2025,6,13,5,LAX,SFO,1859,1902,3,2028,2029,1,2025-06-13
46737,2025,6,13,5,LAX,SFO,1925,1918,-7,2057,2051,-6,2025-06-13
46739,2025,6,13,5,LAX,SFO,1955,1959,4,2125,2112,-13,2025-06-13
46740,2025,6,13,5,LAX,SFO,2130,2122,-8,2302,2251,-11,2025-06-13
46741,2025,6,13,5,LAX,SFO,2149,2208,19,2312,2321,9,2025-06-13
46742,2025,6,13,5,LAX,SFO,2225,2223,-2,2352,2358,6,2025-06-13
46743,2025,6,13,5,LAX,SGF,600,557,-3,1117,1122,5,2025-06-13
46744,2025,6,13,5,LAX,SGU,1315,1313,-2,1547,1537,-10,2025-06-13
46745,2025,6,13,5,LAX,SJC,605,601,-4,725,715,-10,2025-06-13
46746,2025,6,13,5,LAX,SJC,705,705,0,820,819,-1,2025-06-13
46747,2025,6,13,5,LAX,SJC,900,902,2,1020,1011,-9,2025-06-13
46748,2025,6,13,5,LAX,SJC,915,907,-8,1030,1017,-13,2025-06-13
46749,2025,6,13,5,LAX,SJC,1025,1027,2,1140,1127,-13,2025-06-13
46750,2025,6,13,5,LAX,SJC,1135,1128,-7,1252,1240,-12,2025-06-13
46751,2025,6,13,5,LAX,SJC,1325,1325,0,1440,1433,-7,2025-06-13
46752,2025,6,13,5,LAX,SJC,1405,1438,33,1520,1541,21,2025-06-13
46753,2025,6,13,5,LAX,SJC,1545,1538,-7,1700,1644,-16,2025-06-13
46754,2025,6,13,5,LAX,SJC,1635,1636,1,1750,1738,-12,2025-06-13
46755,2025,6,13,5,LAX,SJC,1800,1757,-3,1915,1902,-13,2025-06-13
46756,2025,6,13,5,LAX,SJC,2120,2134,14,2245,2238,-7,2025-06-13
46757,2025,6,13,5,LAX,SJC,2128,2214,46,2244,2320,36,2025-06-13
46758,2025,6,13,5,LAX,SLC,600,558,-2,853,841,-12,2025-06-13
46760,2025,6,13,5,LAX,SLC,948,943,-5,1243,1221,-22,2025-06-13
46761,2025,6,13,5,LAX,SLC,1005,1018,13,1255,1255,0,2025-06-13
46762,2025,6,13,5,LAX,SLC,1111,1115,4,1403,1350,-13,2025-06-13
46763,2025,6,13,5,LAX,SLC,1309,1338,29,1608,1629,21,2025-06-13
46764,2025,6,13,5,LAX,SLC,1311,1310,-1,1604,1609,5,2025-06-13
46766,2025,6,13,5,LAX,SLC,1845,1843,-2,2139,2129,-10,2025-06-13
46767,2025,6,13,5,LAX,SLC,1919,1913,-6,2206,2156,-10,2025-06-13
46768,2025,6,13,5,LAX,SMF,600,557,-3,725,710,-15,2025-06-13
46769,2025,6,13,5,LAX,SMF,755,759,4,924,914,-10,2025-06-13
46770,2025,6,13,5,LAX,SMF,810,804,-6,940,918,-22,2025-06-13
46771,2025,6,13,5,LAX,SMF,815,813,-2,952,958,6,2025-06-13
46772,2025,6,13,5,LAX,SMF,946,936,-10,1123,1103,-20,2025-06-13
46773,2025,6,13,5,LAX,SMF,1025,1019,-6,1159,1140,-19,2025-06-13
46774,2025,6,13,5,LAX,SMF,1140,1155,15,1305,1307,2,2025-06-13
46775,2025,6,13,5,LAX,SMF,1225,1309,44,1354,1424,30,2025-06-13
46776,2025,6,13,5,LAX,SMF,1620,1625,5,1745,1743,-2,2025-06-13
46777,2025,6,13,5,LAX,SMF,1630,1626,-4,1801,1758,-3,2025-06-13
46778,2025,6,13,5,LAX,SMF,1654,1717,23,1823,1840,17,2025-06-13
46779,2025,6,13,5,LAX,SMF,1705,1658,-7,1837,1836,-1,2025-06-13
46780,2025,6,13,5,LAX,SMF,1815,1841,26,1945,2001,16,2025-06-13
46781,2025,6,13,5,LAX,SMF,1922,1914,-8,2101,2050,-11,2025-06-13
46783,2025,6,13,5,LAX,SMF,2056,2100,4,2228,2237,9,2025-06-13
46784,2025,6,13,5,LAX,SMF,2155,2210,15,2320,2342,22,2025-06-13
46785,2025,6,13,5,LAX,STL,510,524,14,1050,1058,8,2025-06-13
46787,2025,6,13,5,LAX,STL,1905,1930,25,40,57,17,2025-06-13
46788,2025,6,13,5,LAX,STS,925,925,0,1106,1108,2,2025-06-13
46789,2025,6,13,5,LAX,STS,2206,2202,-4,2344,2324,-20,2025-06-13
46790,2025,6,13,5,LAX,SUN,830,825,-5,1143,1150,7,2025-06-13
46791,2025,6,13,5,LAX,TPA,1012,1006,-6,1800,1755,-5,2025-06-13
46792,2025,6,13,5,LAX,TPA,2210,2249,39,544,619,35,2025-06-13
46793,2025,6,13,5,LAX,TPA,2359,2355,-4,756,723,-33,2025-06-13
46794,2025,6,13,5,LAX,TUL,745,743,-2,1243,1240,-3,2025-06-13
46796,2025,6,13,5,LAX,TUS,822,813,-9,1003,942,-21,2025-06-13
46797,2025,6,13,5,LAX,TUS,935,927,-8,1110,1052,-18,2025-06-13
46798,2025,6,13,5,LAX,TUS,1240,1246,6,1410,1420,10,2025-06-13
46799,2025,6,13,5,LAX,TUS,1410,1402,-8,1544,1534,-10,2025-06-13
46800,2025,6,13,5,LAX,TUS,1458,1505,7,1627,1626,-1,2025-06-13
46801,2025,6,13,5,LAX,TUS,1818,1809,-9,1949,1938,-11,2025-06-13
46802,2025,6,13,5,LAX,TUS,1900,1917,17,2033,2043,10,2025-06-13
46803,2025,6,13,5,LAX,XNA,914,918,4,1438,1441,3,2025-06-13
50044,2025,6,14,6,LAX,ABQ,725,719,-6,1025,1010,-15,2025-06-14
50045,2025,6,14,6,LAX,ABQ,800,750,-10,1108,1102,-6,2025-06-14
50046,2025,6,14,6,LAX,ABQ,855,846,-9,1158,1156,-2,2025-06-14
50047,2025,6,14,6,LAX,ABQ,1800,1753,-7,2101,2046,-15,2025-06-14
50049,2025,6,14,6,LAX,ACV,1315,1310,-5,1513,1511,-2,2025-06-14
50050,2025,6,14,6,LAX,ANC,700,656,-4,1124,1104,-20,2025-06-14
50051,2025,6,14,6,LAX,ANC,1037,1031,-6,1450,1420,-30,2025-06-14
50052,2025,6,14,6,LAX,ANC,1945,1942,-3,8,1,-7,2025-06-14
50053,2025,6,14,6,LAX,ASE,1040,1036,-4,1356,1337,-19,2025-06-14
50054,2025,6,14,6,LAX,ASE,1254,1242,-12,1605,1556,-9,2025-06-14
50056,2025,6,14,6,LAX,ATL,55,58,3,821,825,4,2025-06-14
50057,2025,6,14,6,LAX,ATL,620,618,-2,1342,1347,5,2025-06-14
50058,2025,6,14,6,LAX,ATL,735,740,5,1448,1455,7,2025-06-14
50059,2025,6,14,6,LAX,ATL,845,905,20,1607,1649,42,2025-06-14
50060,2025,6,14,6,LAX,ATL,951,948,-3,1715,1733,18,2025-06-14
50061,2025,6,14,6,LAX,ATL,953,946,-7,1719,1730,11,2025-06-14
50062,2025,6,14,6,LAX,ATL,1115,1147,32,1834,1928,54,2025-06-14
50063,2025,6,14,6,LAX,ATL,1215,1209,-6,1930,2102,92,2025-06-14
50065,2025,6,14,6,LAX,ATL,1330,1324,-6,2059,2122,23,2025-06-14
50066,2025,6,14,6,LAX,ATL,1430,1429,-1,2150,2153,3,2025-06-14
50067,2025,6,14,6,LAX,ATL,1530,1533,3,2254,2306,12,2025-06-14
50068,2025,6,14,6,LAX,ATL,2128,2146,18,507,511,4,2025-06-14
50069,2025,6,14,6,LAX,ATL,2145,2138,-7,500,457,-3,2025-06-14
50070,2025,6,14,6,LAX,ATL,2245,2311,26,600,631,31,2025-06-14
50072,2025,6,14,6,LAX,ATL,2345,11,26,706,755,49,2025-06-14
50073,2025,6,14,6,LAX,AUS,600,559,-1,1105,1052,-13,2025-06-14
50074,2025,6,14,6,LAX,AUS,615,615,0,1117,1111,-6,2025-06-14
50075,2025,6,14,6,LAX,AUS,745,741,-4,1246,1229,-17,2025-06-14
50076,2025,6,14,6,LAX,AUS,1045,1039,-6,1555,1549,-6,2025-06-14
50077,2025,6,14,6,LAX,AUS,1614,1604,-10,2114,2058,-16,2025-06-14
50079,2025,6,14,6,LAX,AUS,1745,1840,55,2245,2319,34,2025-06-14
50080,2025,6,14,6,LAX,AUS,1835,1850,15,2338,2335,-3,2025-06-14
50081,2025,6,14,6,LAX,AUS,1840,1829,-11,2358,2323,-35,2025-06-14
50082,2025,6,14,6,LAX,BNA,645,644,-1,1250,1246,-4,2025-06-14
50083,2025,6,14,6,LAX,BNA,700,656,-4,1257,1311,14,2025-06-14
50084,2025,6,14,6,LAX,BNA,1036,1031,-5,1645,1623,-22,2025-06-14
50085,2025,6,14,6,LAX,BNA,1150,1151,1,1800,1802,2,2025-06-14
50086,2025,6,14,6,LAX,BNA,1733,1726,-7,2333,2323,-10,2025-06-14
50087,2025,6,14,6,LAX,BNA,2250,2249,-1,500,444,-16,2025-06-14
50088,2025,6,14,6,LAX,BOI,825,819,-6,1134,1113,-21,2025-06-14
50089,2025,6,14,6,LAX,BOI,1240,1238,-2,1554,1540,-14,2025-06-14
50090,2025,6,14,6,LAX,BOI,1950,1950,0,2254,2235,-19,2025-06-14
50091,2025,6,14,6,LAX,BOI,1959,1950,-9,2301,2245,-16,2025-06-14
50092,2025,6,14,6,LAX,BOS,600,557,-3,1440,1425,-15,2025-06-14
50093,2025,6,14,6,LAX,BOS,700,652,-8,1537,1532,-5,2025-06-14
50094,2025,6,14,6,LAX,BOS,830,830,0,1713,1703,-10,2025-06-14
50096,2025,6,14,6,LAX,BOS,840,937,57,1716,1801,45,2025-06-14
50097,2025,6,14,6,LAX,BOS,1130,1130,0,2003,2005,2,2025-06-14
50099,2025,6,14,6,LAX,BOS,1525,1522,-3,2355,2345,-10,2025-06-14
50100,2025,6,14,6,LAX,BOS,2213,2213,0,644,636,-8,2025-06-14
50101,2025,6,14,6,LAX,BOS,2250,2255,5,728,722,-6,2025-06-14
50103,2025,6,14,6,LAX,BUF,2209,2251,42,600,629,29,2025-06-14
50104,2025,6,14,6,LAX,BWI,630,630,0,1430,1432,2,2025-06-14
50105,2025,6,14,6,LAX,BWI,1134,1133,-1,1929,1926,-3,2025-06-14
50106,2025,6,14,6,LAX,BWI,1315,1324,9,2120,2136,16,2025-06-14
50107,2025,6,14,6,LAX,BWI,2055,2053,-2,500,436,-24,2025-06-14
50108,2025,6,14,6,LAX,BWI,2359,2352,-7,807,807,0,2025-06-14
50109,2025,6,14,6,LAX,BZN,1121,1114,-7,1450,1505,15,2025-06-14
50110,2025,6,14,6,LAX,BZN,1800,1751,-9,2139,2112,-27,2025-06-14
50111,2025,6,14,6,LAX,CID,640,632,-8,1215,1205,-10,2025-06-14
50112,2025,6,14,6,LAX,CLE,1222,1229,7,1955,1950,-5,2025-06-14
50113,2025,6,14,6,LAX,CLE,2245,2236,-9,617,601,-16,2025-06-14
50114,2025,6,14,6,LAX,CLT,605,602,-3,1354,1355,1,2025-06-14
50115,2025,6,14,6,LAX,CLT,759,754,-5,1545,1544,-1,2025-06-14
50116,2025,6,14,6,LAX,CLT,830,821,-9,1616,1615,-1,2025-06-14
50117,2025,6,14,6,LAX,CLT,911,913,2,1700,1716,16,2025-06-14
50118,2025,6,14,6,LAX,CLT,1154,1155,1,1945,1928,-17,2025-06-14
50119,2025,6,14,6,LAX,CLT,1413,1407,-6,2202,2157,-5,2025-06-14
50120,2025,6,14,6,LAX,CLT,2148,2210,22,529,539,10,2025-06-14
50121,2025,6,14,6,LAX,CLT,2249,2302,13,635,639,4,2025-06-14
50122,2025,6,14,6,LAX,CLT,2349,2340,-9,735,730,-5,2025-06-14
50123,2025,6,14,6,LAX,CMH,902,858,-4,1641,1628,-13,2025-06-14
50124,2025,6,14,6,LAX,DAL,500,500,0,1005,954,-11,2025-06-14
50125,2025,6,14,6,LAX,DAL,815,820,5,1330,1329,-1,2025-06-14
50126,2025,6,14,6,LAX,DAL,1320,1323,3,1830,1826,-4,2025-06-14
50127,2025,6,14,6,LAX,DAL,1810,1803,-7,2320,2251,-29,2025-06-14
50128,2025,6,14,6,LAX,DCA,759,753,-6,1600,1607,7,2025-06-14
50129,2025,6,14,6,LAX,DCA,819,813,-6,1622,1606,-16,2025-06-14
50130,2025,6,14,6,LAX,DCA,1228,1249,21,2029,2149,80,2025-06-14
50131,2025,6,14,6,LAX,DCA,1331,1349,18,2142,2221,39,2025-06-14
50132,2025,6,14,6,LAX,DEN,515,514,-1,840,824,-16,2025-06-14
50133,2025,6,14,6,LAX,DEN,522,517,-5,841,830,-11,2025-06-14
50134,2025,6,14,6,LAX,DEN,615,613,-2,948,947,-1,2025-06-14
50135,2025,6,14,6,LAX,DEN,704,709,5,1029,1029,0,2025-06-14
50136,2025,6,14,6,LAX,DEN,740,736,-4,1100,1058,-2,2025-06-14
50137,2025,6,14,6,LAX,DEN,746,744,-2,1110,1121,11,2025-06-14
50138,2025,6,14,6,LAX,DEN,804,754,-10,1133,1115,-18,2025-06-14
50139,2025,6,14,6,LAX,DEN,900,900,0,1227,1219,-8,2025-06-14
50140,2025,6,14,6,LAX,DEN,1020,1040,20,1345,1358,13,2025-06-14
50141,2025,6,14,6,LAX,DEN,1052,1055,3,1419,1449,30,2025-06-14
50142,2025,6,14,6,LAX,DEN,1204,1212,8,1543,1544,1,2025-06-14
50143,2025,6,14,6,LAX,DEN,1255,1252,-3,1623,1618,-5,2025-06-14
50144,2025,6,14,6,LAX,DEN,1338,1330,-8,1701,1714,13,2025-06-14
50145,2025,6,14,6,LAX,DEN,1435,1438,3,1805,1808,3,2025-06-14
50146,2025,6,14,6,LAX,DEN,1459,1512,13,1819,1833,14,2025-06-14
50147,2025,6,14,6,LAX,DEN,1520,1517,-3,1845,1839,-6,2025-06-14
50148,2025,6,14,6,LAX,DEN,1611,1602,-9,1940,1934,-6,2025-06-14
50149,2025,6,14,6,LAX,DEN,1918,1908,-10,2247,2221,-26,2025-06-14
50150,2025,6,14,6,LAX,DEN,1920,1916,-4,2245,2232,-13,2025-06-14
50152,2025,6,14,6,LAX,DEN,2025,2022,-3,2348,2332,-16,2025-06-14
50153,2025,6,14,6,LAX,DFW,40,37,-3,545,536,-9,2025-06-14
50154,2025,6,14,6,LAX,DFW,47,45,-2,550,539,-11,2025-06-14
50155,2025,6,14,6,LAX,DFW,130,124,-6,633,613,-20,2025-06-14
50156,2025,6,14,6,LAX,DFW,600,555,-5,1103,1056,-7,2025-06-14
50157,2025,6,14,6,LAX,DFW,600,632,32,1120,1142,22,2025-06-14
50158,2025,6,14,6,LAX,DFW,700,651,-9,1209,1200,-9,2025-06-14
50159,2025,6,14,6,LAX,DFW,800,801,1,1312,1307,-5,2025-06-14
50160,2025,6,14,6,LAX,DFW,835,824,-11,1343,1339,-4,2025-06-14
50162,2025,6,14,6,LAX,DFW,1037,1035,-2,1545,1536,-9,2025-06-14
50163,2025,6,14,6,LAX,DFW,1230,1250,20,1737,1800,23,2025-06-14
50164,2025,6,14,6,LAX,DFW,1433,1430,-3,1943,1930,-13,2025-06-14
50165,2025,6,14,6,LAX,DFW,1545,1540,-5,2056,2122,26,2025-06-14
50166,2025,6,14,6,LAX,DFW,1636,1641,5,2147,2146,-1,2025-06-14
50167,2025,6,14,6,LAX,DFW,1835,1835,0,2347,2334,-13,2025-06-14
50168,2025,6,14,6,LAX,DFW,1855,1857,2,2356,2343,-13,2025-06-14
50169,2025,6,14,6,LAX,DFW,1903,1944,41,26,50,24,2025-06-14
50170,2025,6,14,6,LAX,DFW,2359,10,11,506,513,7,2025-06-14
50171,2025,6,14,6,LAX,DTW,20,14,-6,752,739,-13,2025-06-14
50172,2025,6,14,6,LAX,DTW,530,525,-5,1257,1253,-4,2025-06-14
50173,2025,6,14,6,LAX,DTW,735,728,-7,1456,1453,-3,2025-06-14
50174,2025,6,14,6,LAX,DTW,925,921,-4,1652,1643,-9,2025-06-14
50175,2025,6,14,6,LAX,DTW,1114,1112,-2,1837,1839,2,2025-06-14
50176,2025,6,14,6,LAX,DTW,1209,1205,-4,1931,1931,0,2025-06-14
50177,2025,6,14,6,LAX,DTW,1536,1534,-2,2304,2257,-7,2025-06-14
50178,2025,6,14,6,LAX,DTW,2130,2213,43,452,618,86,2025-06-14
50179,2025,6,14,6,LAX,DTW,2215,2210,-5,535,528,-7,2025-06-14
50180,2025,6,14,6,LAX,ELP,1120,1141,21,1420,1431,11,2025-06-14
50181,2025,6,14,6,LAX,ELP,1430,1419,-11,1731,1725,-6,2025-06-14
50182,2025,6,14,6,LAX,ELP,1947,1942,-5,2247,2233,-14,2025-06-14
50183,2025,6,14,6,LAX,EUG,2144,2134,-10,2358,2344,-14,2025-06-14
50184,2025,6,14,6,LAX,EWR,600,556,-4,1434,1416,-18,2025-06-14
50185,2025,6,14,6,LAX,EWR,700,650,-10,1528,1512,-16,2025-06-14
50186,2025,6,14,6,LAX,EWR,700,659,-1,1534,1527,-7,2025-06-14
50187,2025,6,14,6,LAX,EWR,700,702,2,1534,1531,-3,2025-06-14
50188,2025,6,14,6,LAX,EWR,820,815,-5,1645,1638,-7,2025-06-14
50190,2025,6,14,6,LAX,EWR,1145,1140,-5,2024,2014,-10,2025-06-14
50191,2025,6,14,6,LAX,EWR,1330,1336,6,2152,2146,-6,2025-06-14
50192,2025,6,14,6,LAX,EWR,1434,1430,-4,2255,2238,-17,2025-06-14
50193,2025,6,14,6,LAX,EWR,2126,2118,-8,559,533,-26,2025-06-14
50194,2025,6,14,6,LAX,EWR,2135,2134,-1,555,607,12,2025-06-14
50195,2025,6,14,6,LAX,EWR,2359,33,34,812,835,23,2025-06-14
50196,2025,6,14,6,LAX,FAT,1030,1025,-5,1148,1141,-7,2025-06-14
50198,2025,6,14,6,LAX,FCA,944,933,-11,1343,1310,-33,2025-06-14
50199,2025,6,14,6,LAX,FLL,800,751,-9,1614,1547,-27,2025-06-14
50200,2025,6,14,6,LAX,FLL,1112,1104,-8,1926,1910,-16,2025-06-14
50202,2025,6,14,6,LAX,FLL,2155,2246,51,603,639,36,2025-06-14
50204,2025,6,14,6,LAX,GEG,1025,1019,-6,1311,1235,-36,2025-06-14
50206,2025,6,14,6,LAX,GEG,1859,1850,-9,2133,2119,-14,2025-06-14
50208,2025,6,14,6,LAX,HDN,1240,1234,-6,1559,1546,-13,2025-06-14
50209,2025,6,14,6,LAX,HNL,705,701,-4,1010,939,-31,2025-06-14
50210,2025,6,14,6,LAX,HNL,825,825,0,1107,1104,-3,2025-06-14
50211,2025,6,14,6,LAX,HNL,830,918,48,1105,1143,38,2025-06-14
50212,2025,6,14,6,LAX,HNL,835,832,-3,1117,1117,0,2025-06-14
50213,2025,6,14,6,LAX,HNL,849,840,-9,1137,1122,-15,2025-06-14
50214,2025,6,14,6,LAX,HNL,1010,1037,27,1240,1304,24,2025-06-14
50215,2025,6,14,6,LAX,HNL,1115,1138,23,1404,1429,25,2025-06-14
50216,2025,6,14,6,LAX,HNL,1315,1309,-6,1601,1554,-7,2025-06-14
50217,2025,6,14,6,LAX,HNL,1335,1326,-9,1618,1610,-8,2025-06-14
50218,2025,6,14,6,LAX,HNL,1444,1440,-4,1728,1719,-9,2025-06-14
50219,2025,6,14,6,LAX,HNL,1710,1704,-6,1944,1921,-23,2025-06-14
50220,2025,6,14,6,LAX,HNL,1745,1815,30,2030,2106,36,2025-06-14
50221,2025,6,14,6,LAX,HNL,1810,1812,2,2052,2044,-8,2025-06-14
50223,2025,6,14,6,LAX,HNL,1825,1850,25,2115,2138,23,2025-06-14
50224,2025,6,14,6,LAX,HNL,1845,1853,8,2128,2124,-4,2025-06-14
50227,2025,6,14,6,LAX,HOU,505,509,4,1030,1018,-12,2025-06-14
50228,2025,6,14,6,LAX,HOU,1320,1330,10,1845,1851,6,2025-06-14
50229,2025,6,14,6,LAX,HOU,2350,2350,0,515,510,-5,2025-06-14
50230,2025,6,14,6,LAX,IAD,620,619,-1,1423,1416,-7,2025-06-14
50231,2025,6,14,6,LAX,IAD,815,813,-2,1621,1619,-2,2025-06-14
50232,2025,6,14,6,LAX,IAD,820,833,13,1625,1640,15,2025-06-14
50233,2025,6,14,6,LAX,IAD,1115,1117,2,1920,1925,5,2025-06-14
50234,2025,6,14,6,LAX,IAD,1245,1239,-6,2050,2051,1,2025-06-14
50235,2025,6,14,6,LAX,IAD,2250,2317,27,639,658,19,2025-06-14
50236,2025,6,14,6,LAX,IAH,56,56,0,618,556,-22,2025-06-14
50237,2025,6,14,6,LAX,IAH,515,523,8,1042,1038,-4,2025-06-14
50238,2025,6,14,6,LAX,IAH,715,717,2,1244,1229,-15,2025-06-14
50239,2025,6,14,6,LAX,IAH,840,839,-1,1409,1421,12,2025-06-14
50240,2025,6,14,6,LAX,IAH,845,838,-7,1407,1434,27,2025-06-14
50241,2025,6,14,6,LAX,IAH,1015,1014,-1,1540,1623,43,2025-06-14
50242,2025,6,14,6,LAX,IAH,1128,1153,25,1648,1718,30,2025-06-14
50244,2025,6,14,6,LAX,IAH,1358,1408,10,1925,1937,12,2025-06-14
50245,2025,6,14,6,LAX,IAH,1423,1521,58,2001,2122,81,2025-06-14
50246,2025,6,14,6,LAX,IAH,1810,1812,2,2333,2315,-18,2025-06-14
50247,2025,6,14,6,LAX,IAH,1920,2013,53,43,118,35,2025-06-14
50248,2025,6,14,6,LAX,IAH,2345,2347,2,505,457,-8,2025-06-14
50249,2025,6,14,6,LAX,IND,1036,1041,5,1747,1754,7,2025-06-14
50251,2025,6,14,6,LAX,JAC,1030,1034,4,1348,1336,-12,2025-06-14
50252,2025,6,14,6,LAX,JAC,1235,1322,47,1552,1720,88,2025-06-14
50253,2025,6,14,6,LAX,JFK,600,600,0,1434,1431,-3,2025-06-14
50254,2025,6,14,6,LAX,JFK,600,607,7,1430,1513,43,2025-06-14
50255,2025,6,14,6,LAX,JFK,630,628,-2,1505,1520,15,2025-06-14
50256,2025,6,14,6,LAX,JFK,700,654,-6,1535,1529,-6,2025-06-14
50257,2025,6,14,6,LAX,JFK,700,702,2,1535,1550,15,2025-06-14
50259,2025,6,14,6,LAX,JFK,905,907,2,1757,1801,4,2025-06-14
50260,2025,6,14,6,LAX,JFK,1021,1114,53,1859,1954,55,2025-06-14
50261,2025,6,14,6,LAX,JFK,1110,1149,39,1950,2049,59,2025-06-14
50262,2025,6,14,6,LAX,JFK,1130,1155,25,2006,2045,39,2025-06-14
50263,2025,6,14,6,LAX,JFK,1221,1213,-8,2100,2055,-5,2025-06-14
50264,2025,6,14,6,LAX,JFK,1225,1241,16,2059,2123,24,2025-06-14
50265,2025,6,14,6,LAX,JFK,1515,1516,1,2355,2356,1,2025-06-14
50266,2025,6,14,6,LAX,JFK,1520,1512,-8,2354,2345,-9,2025-06-14
50267,2025,6,14,6,LAX,JFK,1520,1523,3,2357,2346,-11,2025-06-14
50269,2025,6,14,6,LAX,JFK,2030,2021,-9,500,449,-11,2025-06-14
50270,2025,6,14,6,LAX,JFK,2053,2056,3,530,521,-9,2025-06-14
50271,2025,6,14,6,LAX,JFK,2121,2114,-7,555,535,-20,2025-06-14
50272,2025,6,14,6,LAX,JFK,2130,2134,4,559,554,-5,2025-06-14
50273,2025,6,14,6,LAX,JFK,2140,2155,15,607,558,-9,2025-06-14
50274,2025,6,14,6,LAX,JFK,2252,2245,-7,732,701,-31,2025-06-14
50275,2025,6,14,6,LAX,JFK,2355,2358,3,830,833,3,2025-06-14
50276,2025,6,14,6,LAX,JFK,2358,2358,0,830,845,15,2025-06-14
50277,2025,6,14,6,LAX,KOA,725,721,-4,1005,958,-7,2025-06-14
50278,2025,6,14,6,LAX,KOA,830,843,13,1110,1132,22,2025-06-14
50279,2025,6,14,6,LAX,KOA,903,857,-6,1143,1144,1,2025-06-14
50280,2025,6,14,6,LAX,KOA,1119,1114,-5,1355,1402,7,2025-06-14
50281,2025,6,14,6,LAX,KOA,1629,1728,59,1859,2008,69,2025-06-14
50282,2025,6,14,6,LAX,KOA,1725,1717,-8,2003,1958,-5,2025-06-14
50283,2025,6,14,6,LAX,LAS,525,524,-1,640,640,0,2025-06-14
50284,2025,6,14,6,LAX,LAS,530,526,-4,642,631,-11,2025-06-14
50285,2025,6,14,6,LAX,LAS,730,726,-4,840,837,-3,2025-06-14
50286,2025,6,14,6,LAX,LAS,820,815,-5,945,929,-16,2025-06-14
50287,2025,6,14,6,LAX,LAS,826,823,-3,951,949,-2,2025-06-14
50288,2025,6,14,6,LAX,LAS,1019,1014,-5,1131,1116,-15,2025-06-14
50289,2025,6,14,6,LAX,LAS,1140,1134,-6,1254,1254,0,2025-06-14
50290,2025,6,14,6,LAX,LAS,1330,1324,-6,1452,1441,-11,2025-06-14
50291,2025,6,14,6,LAX,LAS,1410,1418,8,1530,1515,-15,2025-06-14
50292,2025,6,14,6,LAX,LAS,1505,1459,-6,1615,1559,-16,2025-06-14
50293,2025,6,14,6,LAX,LAS,1548,1548,0,1713,1703,-10,2025-06-14
50294,2025,6,14,6,LAX,LAS,1610,1610,0,1725,1703,-22,2025-06-14
50295,2025,6,14,6,LAX,LAS,1755,1807,12,1918,1925,7,2025-06-14
50296,2025,6,14,6,LAX,LAS,1850,1908,18,2000,2023,23,2025-06-14
50297,2025,6,14,6,LAX,LAS,1852,1847,-5,2008,1950,-18,2025-06-14
50298,2025,6,14,6,LAX,LAS,1930,1926,-4,2052,2043,-9,2025-06-14
50299,2025,6,14,6,LAX,LAS,1948,1943,-5,2100,2115,15,2025-06-14
50300,2025,6,14,6,LAX,LAS,2040,2036,-4,2200,2155,-5,2025-06-14
50301,2025,6,14,6,LAX,LAS,2215,2207,-8,2327,2308,-19,2025-06-14
50302,2025,6,14,6,LAX,LAS,2218,2210,-8,2335,2314,-21,2025-06-14
50303,2025,6,14,6,LAX,LAS,2305,2257,-8,27,8,-19,2025-06-14
50304,2025,6,14,6,LAX,LIH,720,715,-5,1020,1012,-8,2025-06-14
50305,2025,6,14,6,LAX,LIH,842,832,-10,1138,1137,-1,2025-06-14
50306,2025,6,14,6,LAX,LIH,903,905,2,1204,1148,-16,2025-06-14
50307,2025,6,14,6,LAX,LIH,930,1023,53,1225,1249,24,2025-06-14
50308,2025,6,14,6,LAX,LIH,1425,1434,9,1708,1712,4,2025-06-14
50309,2025,6,14,6,LAX,LIH,1730,1730,0,2025,2000,-25,2025-06-14
50310,2025,6,14,6,LAX,LIT,1542,1553,11,2106,2117,11,2025-06-14
50311,2025,6,14,6,LAX,MCI,730,739,9,1245,1257,12,2025-06-14
50312,2025,6,14,6,LAX,MCI,1520,1512,-8,2029,2016,-13,2025-06-14
50315,2025,6,14,6,LAX,MCO,700,657,-3,1458,1534,36,2025-06-14
50316,2025,6,14,6,LAX,MCO,700,724,24,1508,1552,44,2025-06-14
50317,2025,6,14,6,LAX,MCO,1035,1038,3,1838,1908,30,2025-06-14
50318,2025,6,14,6,LAX,MCO,1120,1112,-8,1914,1907,-7,2025-06-14
50319,2025,6,14,6,LAX,MCO,1357,1406,9,2210,2212,2,2025-06-14
50320,2025,6,14,6,LAX,MCO,1605,1559,-6,2359,2348,-11,2025-06-14
50321,2025,6,14,6,LAX,MCO,2135,2128,-7,536,507,-29,2025-06-14
50322,2025,6,14,6,LAX,MCO,2145,2139,-6,532,518,-14,2025-06-14
50323,2025,6,14,6,LAX,MCO,2249,2259,10,647,650,3,2025-06-14
50324,2025,6,14,6,LAX,MDW,540,538,-2,1145,1143,-2,2025-06-14
50325,2025,6,14,6,LAX,MDW,1155,1156,1,1755,1752,-3,2025-06-14
50326,2025,6,14,6,LAX,MDW,1640,1657,17,2245,2246,1,2025-06-14
50327,2025,6,14,6,LAX,MDW,2255,2320,25,500,506,6,2025-06-14
50328,2025,6,14,6,LAX,MIA,600,556,-4,1413,1414,1,2025-06-14
50329,2025,6,14,6,LAX,MIA,745,743,-2,1554,1556,2,2025-06-14
50330,2025,6,14,6,LAX,MIA,900,858,-2,1719,1721,2,2025-06-14
50331,2025,6,14,6,LAX,MIA,1005,1045,40,1816,1844,28,2025-06-14
50332,2025,6,14,6,LAX,MIA,1210,1208,-2,2020,1958,-22,2025-06-14
50333,2025,6,14,6,LAX,MIA,1500,1504,4,2310,2300,-10,2025-06-14
50334,2025,6,14,6,LAX,MIA,2140,2139,-1,550,529,-21,2025-06-14
50335,2025,6,14,6,LAX,MIA,2249,2249,0,701,648,-13,2025-06-14
50336,2025,6,14,6,LAX,MIA,2343,2339,-4,750,734,-16,2025-06-14
50337,2025,6,14,6,LAX,MRY,820,814,-6,942,947,5,2025-06-14
50338,2025,6,14,6,LAX,MRY,1823,1841,18,1937,1941,4,2025-06-14
50339,2025,6,14,6,LAX,MSO,1131,1121,-10,1510,1509,-1,2025-06-14
50340,2025,6,14,6,LAX,MSP,50,53,3,625,626,1,2025-06-14
50341,2025,6,14,6,LAX,MSP,617,614,-3,1148,1140,-8,2025-06-14
50342,2025,6,14,6,LAX,MSP,800,754,-6,1334,1337,3,2025-06-14
50343,2025,6,14,6,LAX,MSP,1130,1126,-4,1702,1704,2,2025-06-14
50344,2025,6,14,6,LAX,MSP,1325,1319,-6,1855,1900,5,2025-06-14
50345,2025,6,14,6,LAX,MSP,1520,1523,3,2049,2112,23,2025-06-14
50346,2025,6,14,6,LAX,MSP,1850,1916,26,20,40,20,2025-06-14
50347,2025,6,14,6,LAX,MSP,2330,2357,27,504,546,42,2025-06-14
50350,2025,6,14,6,LAX,MSY,1747,1837,50,2327,10,43,2025-06-14
50351,2025,6,14,6,LAX,MSY,1818,1825,7,2358,2355,-3,2025-06-14
50352,2025,6,14,6,LAX,OAK,535,538,3,655,659,4,2025-06-14
50353,2025,6,14,6,LAX,OAK,850,928,38,1015,1043,28,2025-06-14
50354,2025,6,14,6,LAX,OAK,1245,1300,15,1405,1407,2,2025-06-14
50355,2025,6,14,6,LAX,OAK,1720,1720,0,1845,1830,-15,2025-06-14
50356,2025,6,14,6,LAX,OAK,2040,2107,27,2205,2214,9,2025-06-14
50357,2025,6,14,6,LAX,OGG,700,655,-5,935,921,-14,2025-06-14
50358,2025,6,14,6,LAX,OGG,800,754,-6,1031,1018,-13,2025-06-14
50359,2025,6,14,6,LAX,OGG,902,857,-5,1147,1121,-26,2025-06-14
50360,2025,6,14,6,LAX,OGG,908,900,-8,1145,1139,-6,2025-06-14
50361,2025,6,14,6,LAX,OGG,1048,1042,-6,1327,1343,16,2025-06-14
50362,2025,6,14,6,LAX,OGG,1655,1654,-1,1934,1921,-13,2025-06-14
50363,2025,6,14,6,LAX,OGG,1656,1649,-7,1928,1912,-16,2025-06-14
50365,2025,6,14,6,LAX,OKC,900,856,-4,1400,1349,-11,2025-06-14
50366,2025,6,14,6,LAX,OKC,1732,1749,17,2230,2244,14,2025-06-14
50367,2025,6,14,6,LAX,OMA,620,617,-3,1132,1126,-6,2025-06-14
50368,2025,6,14,6,LAX,OMA,1236,1241,5,1752,1756,4,2025-06-14
50369,2025,6,14,6,LAX,ORD,30,59,29,642,655,13,2025-06-14
50370,2025,6,14,6,LAX,ORD,32,42,10,638,653,15,2025-06-14
50371,2025,6,14,6,LAX,ORD,44,40,-4,651,632,-19,2025-06-14
50372,2025,6,14,6,LAX,ORD,545,542,-3,1157,1155,-2,2025-06-14
50373,2025,6,14,6,LAX,ORD,605,559,-6,1221,1217,-4,2025-06-14
50374,2025,6,14,6,LAX,ORD,630,621,-9,1238,1223,-15,2025-06-14
50375,2025,6,14,6,LAX,ORD,800,800,0,1415,1358,-17,2025-06-14
50376,2025,6,14,6,LAX,ORD,815,823,8,1439,1415,-24,2025-06-14
50377,2025,6,14,6,LAX,ORD,936,934,-2,1544,1532,-12,2025-06-14
50378,2025,6,14,6,LAX,ORD,1040,1038,-2,1656,1650,-6,2025-06-14
50379,2025,6,14,6,LAX,ORD,1145,1139,-6,1753,1811,18,2025-06-14
50380,2025,6,14,6,LAX,ORD,1237,1229,-8,1855,1924,29,2025-06-14
50381,2025,6,14,6,LAX,ORD,1300,1250,-10,1929,1929,0,2025-06-14
50382,2025,6,14,6,LAX,ORD,1401,1409,8,2025,2010,-15,2025-06-14
50383,2025,6,14,6,LAX,ORD,1502,1500,-2,2108,2125,17,2025-06-14
50384,2025,6,14,6,LAX,ORD,1640,1631,-9,2304,2230,-34,2025-06-14
50385,2025,6,14,6,LAX,ORD,1646,1736,50,2305,2332,27,2025-06-14
50386,2025,6,14,6,LAX,ORD,1729,1719,-10,2335,2341,6,2025-06-14
50388,2025,6,14,6,LAX,ORD,2300,2319,19,513,511,-2,2025-06-14
50389,2025,6,14,6,LAX,ORD,2325,2340,15,533,535,2,2025-06-14
50390,2025,6,14,6,LAX,PDX,700,653,-7,921,903,-18,2025-06-14
50391,2025,6,14,6,LAX,PDX,700,653,-7,923,921,-2,2025-06-14
50392,2025,6,14,6,LAX,PDX,845,838,-7,1110,1107,-3,2025-06-14
50393,2025,6,14,6,LAX,PDX,943,1029,46,1214,1237,23,2025-06-14
50394,2025,6,14,6,LAX,PDX,1340,1337,-3,1600,1550,-10,2025-06-14
50395,2025,6,14,6,LAX,PDX,1405,1413,8,1625,1625,0,2025-06-14
50396,2025,6,14,6,LAX,PDX,1807,1803,-4,2030,2010,-20,2025-06-14
50397,2025,6,14,6,LAX,PDX,2006,2017,11,2230,2236,6,2025-06-14
50398,2025,6,14,6,LAX,PDX,2025,2018,-7,2245,2220,-25,2025-06-14
50399,2025,6,14,6,LAX,PDX,2136,2218,42,2359,30,31,2025-06-14
50400,2025,6,14,6,LAX,PHL,108,109,1,916,920,4,2025-06-14
50401,2025,6,14,6,LAX,PHL,645,643,-2,1454,1500,6,2025-06-14
50402,2025,6,14,6,LAX,PHL,745,754,9,1556,1600,4,2025-06-14
50403,2025,6,14,6,LAX,PHL,900,857,-3,1718,1659,-19,2025-06-14
50404,2025,6,14,6,LAX,PHL,1442,1439,-3,2254,2242,-12,2025-06-14
50405,2025,6,14,6,LAX,PHL,1630,1703,33,43,102,19,2025-06-14
50407,2025,6,14,6,LAX,PHL,2253,2242,-11,705,654,-11,2025-06-14
50408,2025,6,14,6,LAX,PHL,2256,2254,-2,700,700,0,2025-06-14
50409,2025,6,14,6,LAX,PHX,500,539,39,630,705,35,2025-06-14
50410,2025,6,14,6,LAX,PHX,610,606,-4,739,725,-14,2025-06-14
50411,2025,6,14,6,LAX,PHX,705,654,-11,830,832,2,2025-06-14
50412,2025,6,14,6,LAX,PHX,815,812,-3,951,934,-17,2025-06-14
50413,2025,6,14,6,LAX,PHX,940,1007,27,1110,1133,23,2025-06-14
50414,2025,6,14,6,LAX,PHX,1000,957,-3,1130,1125,-5,2025-06-14
50415,2025,6,14,6,LAX,PHX,1015,1009,-6,1145,1125,-20,2025-06-14
50416,2025,6,14,6,LAX,PHX,1230,1240,10,1355,1359,4,2025-06-14
50417,2025,6,14,6,LAX,PHX,1325,1323,-2,1450,1439,-11,2025-06-14
50418,2025,6,14,6,LAX,PHX,1400,1424,24,1528,1546,18,2025-06-14
50419,2025,6,14,6,LAX,PHX,1423,1431,8,1602,1557,-5,2025-06-14
50420,2025,6,14,6,LAX,PHX,1632,1625,-7,1759,1744,-15,2025-06-14
50421,2025,6,14,6,LAX,PHX,1910,1902,-8,2039,2020,-19,2025-06-14
50422,2025,6,14,6,LAX,PHX,1920,1915,-5,2050,2023,-27,2025-06-14
50423,2025,6,14,6,LAX,PHX,1935,1935,0,2103,2055,-8,2025-06-14
50424,2025,6,14,6,LAX,PHX,1955,1944,-11,2122,2105,-17,2025-06-14
50426,2025,6,14,6,LAX,PHX,2235,2229,-6,13,2355,-18,2025-06-14
50427,2025,6,14,6,LAX,PIT,915,908,-7,1700,1648,-12,2025-06-14
50428,2025,6,14,6,LAX,PRC,1945,1937,-8,2111,2051,-20,2025-06-14
50429,2025,6,14,6,LAX,PSC,2125,2140,15,2359,2353,-6,2025-06-14
50430,2025,6,14,6,LAX,RDD,1257,1253,-4,1446,1435,-11,2025-06-14
50431,2025,6,14,6,LAX,RDM,1245,1239,-6,1503,1453,-10,2025-06-14
50432,2025,6,14,6,LAX,RDU,1240,1241,1,2029,2042,13,2025-06-14
50433,2025,6,14,6,LAX,RDU,2220,2219,-1,618,611,-7,2025-06-14
50434,2025,6,14,6,LAX,RNO,959,953,-6,1131,1111,-20,2025-06-14
50435,2025,6,14,6,LAX,RNO,1502,1456,-6,1630,1611,-19,2025-06-14
50436,2025,6,14,6,LAX,RNO,1720,1717,-3,1854,1851,-3,2025-06-14
50437,2025,6,14,6,LAX,RNO,1930,1935,5,2059,2105,6,2025-06-14
50438,2025,6,14,6,LAX,RNO,2015,2011,-4,2149,2142,-7,2025-06-14
50439,2025,6,14,6,LAX,RNO,2110,2126,16,2240,2241,1,2025-06-14
50440,2025,6,14,6,LAX,RNO,2216,2212,-4,2353,2349,-4,2025-06-14
50441,2025,6,14,6,LAX,SAN,820,810,-10,919,909,-10,2025-06-14
50442,2025,6,14,6,LAX,SAN,905,919,14,1009,1015,6,2025-06-14
50443,2025,6,14,6,LAX,SAN,1525,1522,-3,1619,1611,-8,2025-06-14
50444,2025,6,14,6,LAX,SAN,1905,1902,-3,2004,1958,-6,2025-06-14
50445,2025,6,14,6,LAX,SAN,2159,2212,13,2253,2254,1,2025-06-14
50446,2025,6,14,6,LAX,SAN,2245,2237,-8,2346,2335,-11,2025-06-14
50447,2025,6,14,6,LAX,SAT,912,902,-10,1419,1404,-15,2025-06-14
50449,2025,6,14,6,LAX,SAT,1008,1006,-2,1502,1441,-21,2025-06-14
50450,2025,6,14,6,LAX,SAT,1700,1657,-3,2158,2156,-2,2025-06-14
50451,2025,6,14,6,LAX,SAT,1810,1810,0,2305,2244,-21,2025-06-14
50452,2025,6,14,6,LAX,SAT,1858,1857,-1,2349,2336,-13,2025-06-14
50453,2025,6,14,6,LAX,SBA,1520,1514,-6,1612,1606,-6,2025-06-14
50454,2025,6,14,6,LAX,SBA,2300,2331,31,2358,7,9,2025-06-14
50455,2025,6,14,6,LAX,SBP,1500,1455,-5,1601,1546,-15,2025-06-14
50456,2025,6,14,6,LAX,SBP,2232,2226,-6,2336,2315,-21,2025-06-14
50457,2025,6,14,6,LAX,SDF,821,809,-12,1522,1517,-5,2025-06-14
50458,2025,6,14,6,LAX,SEA,700,658,-2,947,943,-4,2025-06-14
50459,2025,6,14,6,LAX,SEA,700,659,-1,954,931,-23,2025-06-14
50460,2025,6,14,6,LAX,SEA,833,840,7,1128,1122,-6,2025-06-14
50461,2025,6,14,6,LAX,SEA,945,942,-3,1242,1218,-24,2025-06-14
50463,2025,6,14,6,LAX,SEA,1150,1214,24,1438,1501,23,2025-06-14
50465,2025,6,14,6,LAX,SEA,1410,1430,20,1654,1705,11,2025-06-14
50466,2025,6,14,6,LAX,SEA,1415,1412,-3,1700,1641,-19,2025-06-14
50468,2025,6,14,6,LAX,SEA,1715,1712,-3,2000,1949,-11,2025-06-14
50469,2025,6,14,6,LAX,SEA,1743,1757,14,2035,2019,-16,2025-06-14
50470,2025,6,14,6,LAX,SEA,1820,1842,22,2105,2111,6,2025-06-14
50473,2025,6,14,6,LAX,SEA,1925,1922,-3,2210,2159,-11,2025-06-14
50474,2025,6,14,6,LAX,SEA,2040,2040,0,2338,2305,-33,2025-06-14
50475,2025,6,14,6,LAX,SEA,2115,2110,-5,2359,2356,-3,2025-06-14
50476,2025,6,14,6,LAX,SFO,520,520,0,640,635,-5,2025-06-14
50477,2025,6,14,6,LAX,SFO,600,554,-6,738,706,-32,2025-06-14
50478,2025,6,14,6,LAX,SFO,605,602,-3,728,718,-10,2025-06-14
50479,2025,6,14,6,LAX,SFO,700,656,-4,829,829,0,2025-06-14
50480,2025,6,14,6,LAX,SFO,700,656,-4,836,819,-17,2025-06-14
50481,2025,6,14,6,LAX,SFO,805,804,-1,949,953,4,2025-06-14
50482,2025,6,14,6,LAX,SFO,835,828,-7,958,937,-21,2025-06-14
50483,2025,6,14,6,LAX,SFO,910,905,-5,1045,1054,9,2025-06-14
50484,2025,6,14,6,LAX,SFO,945,944,-1,1110,1100,-10,2025-06-14
50485,2025,6,14,6,LAX,SFO,1015,1010,-5,1140,1123,-17,2025-06-14
50486,2025,6,14,6,LAX,SFO,1026,1021,-5,1203,1200,-3,2025-06-14
50487,2025,6,14,6,LAX,SFO,1129,1133,4,1256,1258,2,2025-06-14
50488,2025,6,14,6,LAX,SFO,1220,1246,26,1343,1359,16,2025-06-14
50489,2025,6,14,6,LAX,SFO,1330,1321,-9,1452,1430,-22,2025-06-14
50490,2025,6,14,6,LAX,SFO,1339,1335,-4,1507,1457,-10,2025-06-14
50491,2025,6,14,6,LAX,SFO,1422,1415,-7,1548,1535,-13,2025-06-14
50492,2025,6,14,6,LAX,SFO,1610,1605,-5,1739,1730,-9,2025-06-14
50493,2025,6,14,6,LAX,SFO,1627,1618,-9,1745,1731,-14,2025-06-14
50494,2025,6,14,6,LAX,SFO,1640,1655,15,1800,1758,-2,2025-06-14
50495,2025,6,14,6,LAX,SFO,1710,1706,-4,1840,1822,-18,2025-06-14
50496,2025,6,14,6,LAX,SFO,1808,1840,32,1943,1957,14,2025-06-14
50497,2025,6,14,6,LAX,SFO,1825,1823,-2,1954,1932,-22,2025-06-14
50498,2025,6,14,6,LAX,SFO,1859,1907,8,2028,2025,-3,2025-06-14
50499,2025,6,14,6,LAX,SFO,1935,1928,-7,2058,2044,-14,2025-06-14
50500,2025,6,14,6,LAX,SFO,1935,1931,-4,2107,2052,-15,2025-06-14
50501,2025,6,14,6,LAX,SFO,1955,1952,-3,2125,2107,-18,2025-06-14
50502,2025,6,14,6,LAX,SFO,2051,2045,-6,2217,2155,-22,2025-06-14
50503,2025,6,14,6,LAX,SFO,2225,2222,-3,2352,2400,8,2025-06-14
50504,2025,6,14,6,LAX,SGU,1315,1307,-8,1547,1528,-19,2025-06-14
50505,2025,6,14,6,LAX,SJC,555,602,7,710,714,4,2025-06-14
50506,2025,6,14,6,LAX,SJC,915,907,-8,1030,1027,-3,2025-06-14
50507,2025,6,14,6,LAX,SJC,1135,1126,-9,1252,1241,-11,2025-06-14
50508,2025,6,14,6,LAX,SJC,1145,1149,4,1300,1251,-9,2025-06-14
50509,2025,6,14,6,LAX,SJC,1325,1326,1,1440,1443,3,2025-06-14
50510,2025,6,14,6,LAX,SJC,1405,1402,-3,1520,1504,-16,2025-06-14
50511,2025,6,14,6,LAX,SJC,1505,1456,-9,1619,1602,-17,2025-06-14
50512,2025,6,14,6,LAX,SJC,1700,1656,-4,1815,1809,-6,2025-06-14
50513,2025,6,14,6,LAX,SJC,1930,1921,-9,2045,2022,-23,2025-06-14
50514,2025,6,14,6,LAX,SJC,2128,2118,-10,2244,2222,-22,2025-06-14
50515,2025,6,14,6,LAX,SLC,600,558,-2,853,853,0,2025-06-14
50516,2025,6,14,6,LAX,SLC,700,659,-1,955,949,-6,2025-06-14
50517,2025,6,14,6,LAX,SLC,825,824,-1,1126,1122,-4,2025-06-14
50518,2025,6,14,6,LAX,SLC,948,941,-7,1243,1229,-14,2025-06-14
50519,2025,6,14,6,LAX,SLC,1020,1036,16,1310,1324,14,2025-06-14
50520,2025,6,14,6,LAX,SLC,1111,1112,1,1403,1350,-13,2025-06-14
50521,2025,6,14,6,LAX,SLC,1311,1334,23,1604,1612,8,2025-06-14
50522,2025,6,14,6,LAX,SLC,1710,1726,16,2000,2012,12,2025-06-14
50523,2025,6,14,6,LAX,SLC,1845,1900,15,2139,2155,16,2025-06-14
50524,2025,6,14,6,LAX,SMF,530,526,-4,655,700,5,2025-06-14
50525,2025,6,14,6,LAX,SMF,830,830,0,1000,953,-7,2025-06-14
50526,2025,6,14,6,LAX,SMF,946,943,-3,1123,1113,-10,2025-06-14
50527,2025,6,14,6,LAX,SMF,1150,1156,6,1315,1312,-3,2025-06-14
50528,2025,6,14,6,LAX,SMF,1200,1155,-5,1329,1325,-4,2025-06-14
50529,2025,6,14,6,LAX,SMF,1510,1502,-8,1638,1619,-19,2025-06-14
50530,2025,6,14,6,LAX,SMF,1630,1632,2,1801,1758,-3,2025-06-14
50531,2025,6,14,6,LAX,SMF,1700,1655,-5,1828,1822,-6,2025-06-14
50532,2025,6,14,6,LAX,SMF,1705,1658,-7,1837,1838,1,2025-06-14
50533,2025,6,14,6,LAX,SMF,1922,1923,1,2101,2045,-16,2025-06-14
50534,2025,6,14,6,LAX,SMF,2035,2035,0,2200,2152,-8,2025-06-14
50536,2025,6,14,6,LAX,SMF,2155,2147,-8,2320,2317,-3,2025-06-14
50537,2025,6,14,6,LAX,STL,840,848,8,1425,1458,33,2025-06-14
50538,2025,6,14,6,LAX,STL,1733,1731,-2,2259,2308,9,2025-06-14
50539,2025,6,14,6,LAX,STL,1805,1812,7,2345,2336,-9,2025-06-14
50540,2025,6,14,6,LAX,STS,925,921,-4,1106,1130,24,2025-06-14
50541,2025,6,14,6,LAX,STS,2206,2159,-7,2344,2318,-26,2025-06-14
50542,2025,6,14,6,LAX,TPA,1012,1005,-7,1800,1745,-15,2025-06-14
50543,2025,6,14,6,LAX,TPA,2359,4,5,756,744,-12,2025-06-14
50544,2025,6,14,6,LAX,TUL,930,923,-7,1440,1427,-13,2025-06-14
50545,2025,6,14,6,LAX,TUS,822,814,-8,1003,952,-11,2025-06-14
50546,2025,6,14,6,LAX,TUS,935,925,-10,1110,1055,-15,2025-06-14
50548,2025,6,14,6,LAX,TUS,1500,1457,-3,1633,1630,-3,2025-06-14
50549,2025,6,14,6,LAX,TUS,1818,1811,-7,1949,1943,-6,2025-06-14
50551,2025,6,14,6,LAX,XNA,914,903,-11,1438,1437,-1,2025-06-14
50552,2025,6,14,6,LAX,XNA,1442,1439,-3,1952,1946,-6,2025-06-14
53534,2025,6,15,7,LAX,ABQ,800,751,-9,1108,1045,-23,2025-06-15
53535,2025,6,15,7,LAX,ABQ,855,853,-2,1158,1138,-20,2025-06-15
53536,2025,6,15,7,LAX,ABQ,1440,1439,-1,1735,1718,-17,2025-06-15
53537,2025,6,15,7,LAX,ABQ,1459,1455,-4,1802,1742,-20,2025-06-15
53538,2025,6,15,7,LAX,ABQ,1849,1914,25,2152,2202,10,2025-06-15
53539,2025,6,15,7,LAX,ABQ,1958,1950,-8,2258,2245,-13,2025-06-15
53540,2025,6,15,7,LAX,ACV,1315,1312,-3,1513,1512,-1,2025-06-15
53541,2025,6,15,7,LAX,ANC,1945,1948,3,8,2357,-11,2025-06-15
53543,2025,6,15,7,LAX,ASE,1254,1248,-6,1605,1547,-18,2025-06-15
53544,2025,6,15,7,LAX,ASE,1445,1441,-4,1751,1738,-13,2025-06-15
53545,2025,6,15,7,LAX,ATL,620,615,-5,1342,1332,-10,2025-06-15
53546,2025,6,15,7,LAX,ATL,735,734,-1,1448,1446,-2,2025-06-15
53547,2025,6,15,7,LAX,ATL,845,915,30,1607,1634,27,2025-06-15
53548,2025,6,15,7,LAX,ATL,951,957,6,1715,1722,7,2025-06-15
53549,2025,6,15,7,LAX,ATL,953,944,-9,1719,1707,-12,2025-06-15
53550,2025,6,15,7,LAX,ATL,1115,1117,2,1834,1831,-3,2025-06-15
53551,2025,6,15,7,LAX,ATL,1215,1216,1,1930,1924,-6,2025-06-15
53552,2025,6,15,7,LAX,ATL,1249,1305,16,2015,2031,16,2025-06-15
53554,2025,6,15,7,LAX,ATL,1315,1314,-1,2046,2033,-13,2025-06-15
53555,2025,6,15,7,LAX,ATL,1430,1430,0,2150,2140,-10,2025-06-15
53556,2025,6,15,7,LAX,ATL,1735,1734,-1,54,109,15,2025-06-15
53558,2025,6,15,7,LAX,ATL,2145,2143,-2,500,448,-12,2025-06-15
53559,2025,6,15,7,LAX,ATL,2245,2242,-3,600,557,-3,2025-06-15
53560,2025,6,15,7,LAX,ATL,2345,7,22,712,739,27,2025-06-15
53561,2025,6,15,7,LAX,ATL,2345,2347,2,706,657,-9,2025-06-15
53562,2025,6,15,7,LAX,AUS,510,508,-2,1010,952,-18,2025-06-15
53563,2025,6,15,7,LAX,AUS,615,607,-8,1117,1119,2,2025-06-15
53564,2025,6,15,7,LAX,AUS,745,743,-2,1246,1230,-16,2025-06-15
53565,2025,6,15,7,LAX,AUS,835,825,-10,1324,1311,-13,2025-06-15
53566,2025,6,15,7,LAX,AUS,925,936,11,1451,1443,-8,2025-06-15
53569,2025,6,15,7,LAX,AUS,1614,1604,-10,2114,2101,-13,2025-06-15
53571,2025,6,15,7,LAX,AUS,1835,1852,17,2338,2335,-3,2025-06-15
53572,2025,6,15,7,LAX,AUS,1850,1838,-12,2350,2325,-25,2025-06-15
53573,2025,6,15,7,LAX,AUS,1852,1851,-1,10,2347,-23,2025-06-15
53574,2025,6,15,7,LAX,AUS,1930,1948,18,35,39,4,2025-06-15
53575,2025,6,15,7,LAX,BLI,1850,1902,12,2132,2130,-2,2025-06-15
53576,2025,6,15,7,LAX,BNA,700,652,-8,1257,1245,-12,2025-06-15
53577,2025,6,15,7,LAX,BNA,750,752,2,1355,1342,-13,2025-06-15
53578,2025,6,15,7,LAX,BNA,1036,1052,16,1645,1651,6,2025-06-15
53579,2025,6,15,7,LAX,BNA,1120,1128,8,1730,1719,-11,2025-06-15
53580,2025,6,15,7,LAX,BNA,1239,1233,-6,1844,1821,-23,2025-06-15
53581,2025,6,15,7,LAX,BNA,1839,1909,30,37,57,20,2025-06-15
53582,2025,6,15,7,LAX,BNA,2250,2251,1,500,443,-17,2025-06-15
53583,2025,6,15,7,LAX,BOI,1157,1156,-1,1503,1446,-17,2025-06-15
53584,2025,6,15,7,LAX,BOI,1245,1239,-6,1559,1538,-21,2025-06-15
53585,2025,6,15,7,LAX,BOI,1950,1940,-10,2254,2230,-24,2025-06-15
53586,2025,6,15,7,LAX,BOI,1959,1949,-10,2301,2247,-14,2025-06-15
53587,2025,6,15,7,LAX,BOS,600,552,-8,1440,1413,-27,2025-06-15
53588,2025,6,15,7,LAX,BOS,640,633,-7,1515,1500,-15,2025-06-15
53589,2025,6,15,7,LAX,BOS,830,817,-13,1719,1641,-38,2025-06-15
53590,2025,6,15,7,LAX,BOS,835,829,-6,1718,1701,-17,2025-06-15
53591,2025,6,15,7,LAX,BOS,840,838,-2,1716,1711,-5,2025-06-15
53592,2025,6,15,7,LAX,BOS,1045,1041,-4,1924,1923,-1,2025-06-15
53593,2025,6,15,7,LAX,BOS,1145,1136,-9,2025,2006,-19,2025-06-15
53594,2025,6,15,7,LAX,BOS,1310,1301,-9,2151,2135,-16,2025-06-15
53596,2025,6,15,7,LAX,BOS,2024,2021,-3,500,436,-24,2025-06-15
53597,2025,6,15,7,LAX,BOS,2102,2058,-4,532,520,-12,2025-06-15
53598,2025,6,15,7,LAX,BOS,2213,2212,-1,644,634,-10,2025-06-15
53601,2025,6,15,7,LAX,BUF,2209,2207,-2,600,545,-15,2025-06-15
53602,2025,6,15,7,LAX,BWI,500,500,0,1305,1253,-12,2025-06-15
53603,2025,6,15,7,LAX,BWI,1134,1142,8,1929,1925,-4,2025-06-15
53604,2025,6,15,7,LAX,BWI,1345,1427,42,2150,2218,28,2025-06-15
53605,2025,6,15,7,LAX,BWI,2055,2117,22,500,502,2,2025-06-15
53606,2025,6,15,7,LAX,BWI,2359,2352,-7,807,737,-30,2025-06-15
53607,2025,6,15,7,LAX,BZN,1121,1115,-6,1450,1446,-4,2025-06-15
53608,2025,6,15,7,LAX,BZN,1800,1801,1,2139,2117,-22,2025-06-15
53609,2025,6,15,7,LAX,CLE,1300,1255,-5,2033,2010,-23,2025-06-15
53610,2025,6,15,7,LAX,CLE,2120,2118,-2,453,425,-28,2025-06-15
53611,2025,6,15,7,LAX,CLT,605,602,-3,1354,1343,-11,2025-06-15
53612,2025,6,15,7,LAX,CLT,759,754,-5,1545,1537,-8,2025-06-15
53613,2025,6,15,7,LAX,CLT,911,900,-11,1700,1659,-1,2025-06-15
53614,2025,6,15,7,LAX,CLT,1154,1154,0,1945,2018,33,2025-06-15
53616,2025,6,15,7,LAX,CLT,2148,2202,14,529,537,8,2025-06-15
53617,2025,6,15,7,LAX,CLT,2249,2247,-2,635,621,-14,2025-06-15
53618,2025,6,15,7,LAX,CLT,2349,2345,-4,735,712,-23,2025-06-15
53619,2025,6,15,7,LAX,CMH,925,1022,57,1701,1737,36,2025-06-15
53620,2025,6,15,7,LAX,CVG,1350,1352,2,2104,2057,-7,2025-06-15
53621,2025,6,15,7,LAX,CVG,2229,2223,-6,538,515,-23,2025-06-15
53622,2025,6,15,7,LAX,DAL,520,523,3,1025,1011,-14,2025-06-15
53624,2025,6,15,7,LAX,DAL,1445,1519,34,1955,2015,20,2025-06-15
53627,2025,6,15,7,LAX,DCA,819,814,-5,1622,1615,-7,2025-06-15
53628,2025,6,15,7,LAX,DCA,1228,1225,-3,2029,2007,-22,2025-06-15
53629,2025,6,15,7,LAX,DCA,1331,1332,1,2142,2154,12,2025-06-15
53630,2025,6,15,7,LAX,DEN,522,521,-1,841,832,-9,2025-06-15
53631,2025,6,15,7,LAX,DEN,610,610,0,935,921,-14,2025-06-15
53632,2025,6,15,7,LAX,DEN,615,628,13,948,943,-5,2025-06-15
53633,2025,6,15,7,LAX,DEN,706,659,-7,1031,1013,-18,2025-06-15
53634,2025,6,15,7,LAX,DEN,746,740,-6,1110,1051,-19,2025-06-15
53635,2025,6,15,7,LAX,DEN,800,800,0,1125,1102,-23,2025-06-15
53636,2025,6,15,7,LAX,DEN,804,821,17,1133,1133,0,2025-06-15
53637,2025,6,15,7,LAX,DEN,900,902,2,1227,1230,3,2025-06-15
53638,2025,6,15,7,LAX,DEN,1052,1050,-2,1419,1415,-4,2025-06-15
53639,2025,6,15,7,LAX,DEN,1055,1043,-12,1430,1408,-22,2025-06-15
53640,2025,6,15,7,LAX,DEN,1155,1151,-4,1520,1458,-22,2025-06-15
53643,2025,6,15,7,LAX,DEN,1435,1433,-2,1805,1801,-4,2025-06-15
53646,2025,6,15,7,LAX,DEN,1611,1614,3,1940,1940,0,2025-06-15
53648,2025,6,15,7,LAX,DEN,1830,1831,1,2200,2140,-20,2025-06-15
53649,2025,6,15,7,LAX,DEN,1918,1913,-5,2247,2227,-20,2025-06-15
53650,2025,6,15,7,LAX,DEN,1945,1949,4,2309,2254,-15,2025-06-15
53651,2025,6,15,7,LAX,DEN,2025,2112,47,2348,48,60,2025-06-15
53652,2025,6,15,7,LAX,DEN,2100,2113,13,25,20,-5,2025-06-15
53654,2025,6,15,7,LAX,DFW,130,124,-6,633,613,-20,2025-06-15
53655,2025,6,15,7,LAX,DFW,600,553,-7,1103,1051,-12,2025-06-15
53656,2025,6,15,7,LAX,DFW,600,601,1,1120,1105,-15,2025-06-15
53657,2025,6,15,7,LAX,DFW,700,653,-7,1209,1155,-14,2025-06-15
53658,2025,6,15,7,LAX,DFW,826,825,-1,1339,1331,-8,2025-06-15
53659,2025,6,15,7,LAX,DFW,835,856,21,1343,1405,22,2025-06-15
53662,2025,6,15,7,LAX,DFW,1230,1234,4,1737,1745,8,2025-06-15
53663,2025,6,15,7,LAX,DFW,1348,1408,20,1859,1914,15,2025-06-15
53664,2025,6,15,7,LAX,DFW,1433,1429,-4,1943,1927,-16,2025-06-15
53665,2025,6,15,7,LAX,DFW,1548,1629,41,2059,2131,32,2025-06-15
53666,2025,6,15,7,LAX,DFW,1636,1643,7,2147,2141,-6,2025-06-15
53667,2025,6,15,7,LAX,DFW,1835,1829,-6,2347,2320,-27,2025-06-15
53668,2025,6,15,7,LAX,DFW,1855,1944,49,2356,37,41,2025-06-15
53670,2025,6,15,7,LAX,DFW,2359,22,23,509,515,6,2025-06-15
53671,2025,6,15,7,LAX,DTW,530,534,4,1257,1252,-5,2025-06-15
53672,2025,6,15,7,LAX,DTW,735,733,-2,1456,1448,-8,2025-06-15
53673,2025,6,15,7,LAX,DTW,925,924,-1,1652,1630,-22,2025-06-15
53674,2025,6,15,7,LAX,DTW,1114,1106,-8,1837,1819,-18,2025-06-15
53675,2025,6,15,7,LAX,DTW,1209,1204,-5,1931,1906,-25,2025-06-15
53676,2025,6,15,7,LAX,DTW,1536,1528,-8,2304,2248,-16,2025-06-15
53677,2025,6,15,7,LAX,DTW,2130,2127,-3,452,442,-10,2025-06-15
53678,2025,6,15,7,LAX,DTW,2215,2301,46,535,627,52,2025-06-15
53679,2025,6,15,7,LAX,ELP,1125,1120,-5,1425,1408,-17,2025-06-15
53680,2025,6,15,7,LAX,ELP,1430,1416,-14,1731,1704,-27,2025-06-15
53681,2025,6,15,7,LAX,ELP,1947,1941,-6,2247,2242,-5,2025-06-15
53682,2025,6,15,7,LAX,EUG,2144,2230,46,2358,34,36,2025-06-15
53683,2025,6,15,7,LAX,EWR,600,600,0,1434,1415,-19,2025-06-15
53684,2025,6,15,7,LAX,EWR,700,656,-4,1534,1514,-20,2025-06-15
53685,2025,6,15,7,LAX,EWR,700,659,-1,1534,1539,5,2025-06-15
53686,2025,6,15,7,LAX,EWR,810,807,-3,1640,1614,-26,2025-06-15
53687,2025,6,15,7,LAX,EWR,820,820,0,1645,1619,-26,2025-06-15
53688,2025,6,15,7,LAX,EWR,1015,1013,-2,1854,1816,-38,2025-06-15
53689,2025,6,15,7,LAX,EWR,1050,1045,-5,1920,1859,-21,2025-06-15
53690,2025,6,15,7,LAX,EWR,1100,1100,0,1939,1915,-24,2025-06-15
53691,2025,6,15,7,LAX,EWR,1145,1142,-3,2024,2019,-5,2025-06-15
53692,2025,6,15,7,LAX,EWR,1330,1324,-6,2152,2125,-27,2025-06-15
53693,2025,6,15,7,LAX,EWR,1434,1426,-8,2255,2244,-11,2025-06-15
53694,2025,6,15,7,LAX,EWR,1630,1626,-4,57,28,-29,2025-06-15
53695,2025,6,15,7,LAX,EWR,2055,2051,-4,508,438,-30,2025-06-15
53696,2025,6,15,7,LAX,EWR,2126,2132,6,559,539,-20,2025-06-15
53697,2025,6,15,7,LAX,EWR,2135,2150,15,555,555,0,2025-06-15
53698,2025,6,15,7,LAX,EWR,2359,2357,-2,812,745,-27,2025-06-15
53699,2025,6,15,7,LAX,FAT,1030,1037,7,1148,1156,8,2025-06-15
53700,2025,6,15,7,LAX,FAT,1910,1906,-4,2024,2012,-12,2025-06-15
53701,2025,6,15,7,LAX,FAT,2238,2229,-9,2352,2339,-13,2025-06-15
53702,2025,6,15,7,LAX,FCA,922,919,-3,1321,1306,-15,2025-06-15
53703,2025,6,15,7,LAX,FLL,800,759,-1,1614,1602,-12,2025-06-15
53704,2025,6,15,7,LAX,FLL,1112,1110,-2,1926,1918,-8,2025-06-15
53705,2025,6,15,7,LAX,FLL,1345,1342,-3,2158,2146,-12,2025-06-15
53707,2025,6,15,7,LAX,FLL,2155,2149,-6,603,541,-22,2025-06-15
53708,2025,6,15,7,LAX,FLL,2309,2356,47,705,746,41,2025-06-15
53709,2025,6,15,7,LAX,GEG,1114,1107,-7,1352,1333,-19,2025-06-15
53711,2025,6,15,7,LAX,GEG,1859,1851,-8,2133,2118,-15,2025-06-15
53712,2025,6,15,7,LAX,HNL,705,704,-1,1010,951,-19,2025-06-15
53713,2025,6,15,7,LAX,HNL,825,821,-4,1107,1107,0,2025-06-15
53714,2025,6,15,7,LAX,HNL,830,831,1,1105,1100,-5,2025-06-15
53715,2025,6,15,7,LAX,HNL,835,833,-2,1117,1118,1,2025-06-15
53716,2025,6,15,7,LAX,HNL,849,845,-4,1137,1124,-13,2025-06-15
53717,2025,6,15,7,LAX,HNL,1010,1041,31,1240,1333,53,2025-06-15
53718,2025,6,15,7,LAX,HNL,1115,1116,1,1404,1354,-10,2025-06-15
53719,2025,6,15,7,LAX,HNL,1315,1313,-2,1601,1553,-8,2025-06-15
53720,2025,6,15,7,LAX,HNL,1335,1342,7,1618,1625,7,2025-06-15
53721,2025,6,15,7,LAX,HNL,1444,1525,41,1728,1804,36,2025-06-15
53722,2025,6,15,7,LAX,HNL,1710,1709,-1,1944,1945,1,2025-06-15
53723,2025,6,15,7,LAX,HNL,1745,1828,43,2030,2109,39,2025-06-15
53724,2025,6,15,7,LAX,HNL,1810,1802,-8,2052,2039,-13,2025-06-15
53725,2025,6,15,7,LAX,HNL,1820,1905,45,2057,2130,33,2025-06-15
53726,2025,6,15,7,LAX,HNL,1825,1833,8,2115,2112,-3,2025-06-15
53727,2025,6,15,7,LAX,HNL,1845,1842,-3,2128,2112,-16,2025-06-15
53728,2025,6,15,7,LAX,HNL,1913,1909,-4,2155,2146,-9,2025-06-15
53729,2025,6,15,7,LAX,HNL,2040,2111,31,2329,2357,28,2025-06-15
53730,2025,6,15,7,LAX,HOU,505,503,-2,1030,1013,-17,2025-06-15
53732,2025,6,15,7,LAX,HOU,2350,2359,9,515,501,-14,2025-06-15
53733,2025,6,15,7,LAX,IAD,620,615,-5,1423,1407,-16,2025-06-15
53734,2025,6,15,7,LAX,IAD,815,813,-2,1621,1615,-6,2025-06-15
53735,2025,6,15,7,LAX,IAD,820,819,-1,1625,1616,-9,2025-06-15
53736,2025,6,15,7,LAX,IAD,1058,1053,-5,1903,1850,-13,2025-06-15
53737,2025,6,15,7,LAX,IAD,1315,1330,15,2120,2127,7,2025-06-15
53738,2025,6,15,7,LAX,IAD,1645,1646,1,44,49,5,2025-06-15
53739,2025,6,15,7,LAX,IAD,2135,2139,4,537,522,-15,2025-06-15
53740,2025,6,15,7,LAX,IAD,2250,2331,41,639,657,18,2025-06-15
53741,2025,6,15,7,LAX,IAH,56,100,4,618,602,-16,2025-06-15
53742,2025,6,15,7,LAX,IAH,515,508,-7,1042,1019,-23,2025-06-15
53743,2025,6,15,7,LAX,IAH,715,712,-3,1244,1240,-4,2025-06-15
53744,2025,6,15,7,LAX,IAH,840,832,-8,1409,1356,-13,2025-06-15
53745,2025,6,15,7,LAX,IAH,845,840,-5,1407,1353,-14,2025-06-15
53747,2025,6,15,7,LAX,IAH,1128,1217,49,1648,1753,65,2025-06-15
53748,2025,6,15,7,LAX,IAH,1207,1250,43,1724,1840,76,2025-06-15
53753,2025,6,15,7,LAX,IAH,1810,1900,50,2333,28,55,2025-06-15
53756,2025,6,15,7,LAX,ICT,620,618,-2,1114,1124,10,2025-06-15
53757,2025,6,15,7,LAX,IND,1036,1035,-1,1747,1737,-10,2025-06-15
53758,2025,6,15,7,LAX,IND,1412,1437,25,2114,2122,8,2025-06-15
53759,2025,6,15,7,LAX,IND,2314,2309,-5,614,605,-9,2025-06-15
53760,2025,6,15,7,LAX,JAC,900,852,-8,1218,1214,-4,2025-06-15
53761,2025,6,15,7,LAX,JAC,1030,1028,-2,1348,1341,-7,2025-06-15
53762,2025,6,15,7,LAX,JAC,1235,1225,-10,1552,1550,-2,2025-06-15
53763,2025,6,15,7,LAX,JFK,600,554,-6,1434,1409,-25,2025-06-15
53764,2025,6,15,7,LAX,JFK,600,609,9,1430,1417,-13,2025-06-15
53765,2025,6,15,7,LAX,JFK,700,651,-9,1535,1508,-27,2025-06-15
53766,2025,6,15,7,LAX,JFK,700,656,-4,1535,1519,-16,2025-06-15
53767,2025,6,15,7,LAX,JFK,720,713,-7,1555,1532,-23,2025-06-15
53768,2025,6,15,7,LAX,JFK,819,823,4,1658,1644,-14,2025-06-15
53769,2025,6,15,7,LAX,JFK,905,904,-1,1757,1751,-6,2025-06-15
53770,2025,6,15,7,LAX,JFK,930,1016,46,1809,1825,16,2025-06-15
53772,2025,6,15,7,LAX,JFK,1021,1017,-4,1859,1838,-21,2025-06-15
53773,2025,6,15,7,LAX,JFK,1030,1027,-3,1911,1842,-29,2025-06-15
53774,2025,6,15,7,LAX,JFK,1110,1127,17,1950,1947,-3,2025-06-15
53775,2025,6,15,7,LAX,JFK,1130,1126,-4,2006,1946,-20,2025-06-15
53776,2025,6,15,7,LAX,JFK,1221,1241,20,2100,2100,0,2025-06-15
53777,2025,6,15,7,LAX,JFK,1230,1314,44,2107,2139,32,2025-06-15
53779,2025,6,15,7,LAX,JFK,1310,1350,40,2152,2223,31,2025-06-15
53781,2025,6,15,7,LAX,JFK,1515,1546,31,2355,2349,-6,2025-06-15
53782,2025,6,15,7,LAX,JFK,1520,1522,2,2354,4,10,2025-06-15
53783,2025,6,15,7,LAX,JFK,1520,1542,22,2357,22,25,2025-06-15
53784,2025,6,15,7,LAX,JFK,1620,1613,-7,55,27,-28,2025-06-15
53785,2025,6,15,7,LAX,JFK,2036,2027,-9,500,428,-32,2025-06-15
53786,2025,6,15,7,LAX,JFK,2053,2106,13,530,518,-12,2025-06-15
53787,2025,6,15,7,LAX,JFK,2121,2113,-8,555,523,-32,2025-06-15
53789,2025,6,15,7,LAX,JFK,2231,2220,-11,700,648,-12,2025-06-15
53790,2025,6,15,7,LAX,JFK,2250,2247,-3,723,701,-22,2025-06-15
53791,2025,6,15,7,LAX,JFK,2252,2304,12,732,714,-18,2025-06-15
53792,2025,6,15,7,LAX,JFK,2355,2350,-5,830,805,-25,2025-06-15
53793,2025,6,15,7,LAX,JFK,2358,1,3,830,808,-22,2025-06-15
53794,2025,6,15,7,LAX,KOA,725,724,-1,1005,957,-8,2025-06-15
53795,2025,6,15,7,LAX,KOA,830,827,-3,1110,1155,45,2025-06-15
53796,2025,6,15,7,LAX,KOA,910,906,-4,1150,1149,-1,2025-06-15
53797,2025,6,15,7,LAX,KOA,1119,1116,-3,1355,1404,9,2025-06-15
53798,2025,6,15,7,LAX,KOA,1629,1629,0,1859,1846,-13,2025-06-15
53799,2025,6,15,7,LAX,KOA,1725,1720,-5,2003,2002,-1,2025-06-15
53800,2025,6,15,7,LAX,LAS,530,523,-7,642,626,-16,2025-06-15
53801,2025,6,15,7,LAX,LAS,555,552,-3,715,704,-11,2025-06-15
53802,2025,6,15,7,LAX,LAS,730,722,-8,840,827,-13,2025-06-15
53803,2025,6,15,7,LAX,LAS,810,808,-2,930,908,-22,2025-06-15
53804,2025,6,15,7,LAX,LAS,826,820,-6,951,956,5,2025-06-15
53805,2025,6,15,7,LAX,LAS,935,936,1,1050,1037,-13,2025-06-15
53806,2025,6,15,7,LAX,LAS,1019,1016,-3,1131,1128,-3,2025-06-15
53807,2025,6,15,7,LAX,LAS,1140,1149,9,1254,1258,4,2025-06-15
53809,2025,6,15,7,LAX,LAS,1445,1442,-3,1607,1550,-17,2025-06-15
53810,2025,6,15,7,LAX,LAS,1505,1523,18,1615,1638,23,2025-06-15
53811,2025,6,15,7,LAX,LAS,1548,1550,2,1713,1701,-12,2025-06-15
53813,2025,6,15,7,LAX,LAS,1755,1752,-3,1918,1903,-15,2025-06-15
53814,2025,6,15,7,LAX,LAS,1850,1910,20,2000,2019,19,2025-06-15
53815,2025,6,15,7,LAX,LAS,1852,1846,-6,2008,1953,-15,2025-06-15
53817,2025,6,15,7,LAX,LAS,1945,1953,8,2108,2106,-2,2025-06-15
53818,2025,6,15,7,LAX,LAS,1948,1959,11,2100,2107,7,2025-06-15
53819,2025,6,15,7,LAX,LAS,1959,2004,5,2110,2109,-1,2025-06-15
53821,2025,6,15,7,LAX,LAS,2150,2224,34,2310,2342,32,2025-06-15
53823,2025,6,15,7,LAX,LAS,2218,2214,-4,2335,2322,-13,2025-06-15
53824,2025,6,15,7,LAX,LAS,2305,2303,-2,27,37,10,2025-06-15
53825,2025,6,15,7,LAX,LIH,720,716,-4,1020,1007,-13,2025-06-15
53826,2025,6,15,7,LAX,LIH,842,839,-3,1138,1133,-5,2025-06-15
53827,2025,6,15,7,LAX,LIH,903,925,22,1204,1207,3,2025-06-15
53828,2025,6,15,7,LAX,LIH,930,924,-6,1225,1201,-24,2025-06-15
53829,2025,6,15,7,LAX,LIH,1425,1413,-12,1708,1637,-31,2025-06-15
53830,2025,6,15,7,LAX,MCI,745,739,-6,1255,1243,-12,2025-06-15
53831,2025,6,15,7,LAX,MCI,930,923,-7,1444,1438,-6,2025-06-15
53832,2025,6,15,7,LAX,MCI,1520,1516,-4,2029,2014,-15,2025-06-15
53833,2025,6,15,7,LAX,MCI,1815,1858,43,2327,2357,30,2025-06-15
53834,2025,6,15,7,LAX,MCO,700,659,-1,1458,1509,11,2025-06-15
53835,2025,6,15,7,LAX,MCO,1002,956,-6,1804,1805,1,2025-06-15
53836,2025,6,15,7,LAX,MCO,1035,1033,-2,1838,1841,3,2025-06-15
53837,2025,6,15,7,LAX,MCO,1120,1110,-10,1914,1935,21,2025-06-15
53838,2025,6,15,7,LAX,MCO,1357,1416,19,2210,2229,19,2025-06-15
53839,2025,6,15,7,LAX,MCO,1605,1600,-5,2359,2,3,2025-06-15
53840,2025,6,15,7,LAX,MCO,2145,2200,15,532,535,3,2025-06-15
53841,2025,6,15,7,LAX,MCO,2249,2311,22,647,726,39,2025-06-15
53842,2025,6,15,7,LAX,MCO,2256,2250,-6,657,642,-15,2025-06-15
53843,2025,6,15,7,LAX,MDW,630,627,-3,1230,1211,-19,2025-06-15
53844,2025,6,15,7,LAX,MDW,1140,1156,16,1740,1738,-2,2025-06-15
53845,2025,6,15,7,LAX,MDW,1550,1546,-4,2150,2127,-23,2025-06-15
53846,2025,6,15,7,LAX,MDW,2255,2300,5,500,446,-14,2025-06-15
53847,2025,6,15,7,LAX,MEM,1820,1834,14,2358,11,13,2025-06-15
53848,2025,6,15,7,LAX,MFE,600,623,23,1109,1132,23,2025-06-15
53849,2025,6,15,7,LAX,MIA,600,552,-8,1413,1403,-10,2025-06-15
53850,2025,6,15,7,LAX,MIA,745,741,-4,1554,1557,3,2025-06-15
53851,2025,6,15,7,LAX,MIA,900,910,10,1719,1707,-12,2025-06-15
53852,2025,6,15,7,LAX,MIA,1005,1000,-5,1816,1812,-4,2025-06-15
53853,2025,6,15,7,LAX,MIA,1210,1202,-8,2020,2002,-18,2025-06-15
53856,2025,6,15,7,LAX,MIA,2249,2241,-8,701,638,-23,2025-06-15
53857,2025,6,15,7,LAX,MIA,2343,2341,-2,750,732,-18,2025-06-15
53858,2025,6,15,7,LAX,MKE,817,815,-2,1410,1356,-14,2025-06-15
53859,2025,6,15,7,LAX,MRY,820,812,-8,942,936,-6,2025-06-15
53860,2025,6,15,7,LAX,MRY,1823,1922,59,1937,2032,55,2025-06-15
53861,2025,6,15,7,LAX,MSO,1131,1121,-10,1510,1457,-13,2025-06-15
53862,2025,6,15,7,LAX,MSP,617,617,0,1148,1136,-12,2025-06-15
53863,2025,6,15,7,LAX,MSP,800,805,5,1334,1327,-7,2025-06-15
53865,2025,6,15,7,LAX,MSP,1325,1334,9,1855,1936,41,2025-06-15
53866,2025,6,15,7,LAX,MSP,1520,1516,-4,2049,2054,5,2025-06-15
53867,2025,6,15,7,LAX,MSP,1850,1849,-1,20,16,-4,2025-06-15
53868,2025,6,15,7,LAX,MSP,2330,18,48,504,535,31,2025-06-15
53869,2025,6,15,7,LAX,MSY,700,652,-8,1240,1230,-10,2025-06-15
53870,2025,6,15,7,LAX,MSY,900,857,-3,1455,1442,-13,2025-06-15
53871,2025,6,15,7,LAX,MSY,1210,1206,-4,1753,1758,5,2025-06-15
53872,2025,6,15,7,LAX,MSY,1747,1816,29,2327,2350,23,2025-06-15
53873,2025,6,15,7,LAX,MSY,1818,1815,-3,2358,2356,-2,2025-06-15
53874,2025,6,15,7,LAX,OAK,825,824,-1,955,928,-27,2025-06-15
53875,2025,6,15,7,LAX,OAK,1030,1034,4,1155,1139,-16,2025-06-15
53876,2025,6,15,7,LAX,OAK,1420,1446,26,1545,1553,8,2025-06-15
53877,2025,6,15,7,LAX,OAK,1725,1745,20,1850,1851,1,2025-06-15
53878,2025,6,15,7,LAX,OAK,1945,2003,18,2110,2112,2,2025-06-15
53879,2025,6,15,7,LAX,OAK,2105,2120,15,2230,2231,1,2025-06-15
53880,2025,6,15,7,LAX,OGG,700,702,2,935,936,1,2025-06-15
53881,2025,6,15,7,LAX,OGG,800,808,8,1031,1024,-7,2025-06-15
53882,2025,6,15,7,LAX,OGG,815,809,-6,1055,1034,-21,2025-06-15
53883,2025,6,15,7,LAX,OGG,902,859,-3,1147,1120,-27,2025-06-15
53884,2025,6,15,7,LAX,OGG,1655,1649,-6,1934,1910,-24,2025-06-15
53885,2025,6,15,7,LAX,OGG,1656,1651,-5,1928,1908,-20,2025-06-15
53886,2025,6,15,7,LAX,OGG,1754,1745,-9,2030,2011,-19,2025-06-15
53887,2025,6,15,7,LAX,OKC,900,914,14,1400,1415,15,2025-06-15
53888,2025,6,15,7,LAX,OKC,1732,1736,4,2230,2225,-5,2025-06-15
53889,2025,6,15,7,LAX,OMA,1236,1226,-10,1752,1729,-23,2025-06-15
53890,2025,6,15,7,LAX,ORD,32,27,-5,638,636,-2,2025-06-15
53891,2025,6,15,7,LAX,ORD,44,107,23,651,658,7,2025-06-15
53892,2025,6,15,7,LAX,ORD,545,541,-4,1157,1137,-20,2025-06-15
53893,2025,6,15,7,LAX,ORD,605,604,-1,1221,1153,-28,2025-06-15
53894,2025,6,15,7,LAX,ORD,620,627,7,1242,1228,-14,2025-06-15
53895,2025,6,15,7,LAX,ORD,630,625,-5,1238,1218,-20,2025-06-15
53896,2025,6,15,7,LAX,ORD,800,757,-3,1415,1412,-3,2025-06-15
53897,2025,6,15,7,LAX,ORD,815,811,-4,1439,1424,-15,2025-06-15
53898,2025,6,15,7,LAX,ORD,936,938,2,1544,1543,-1,2025-06-15
53899,2025,6,15,7,LAX,ORD,1040,1038,-2,1656,1637,-19,2025-06-15
53900,2025,6,15,7,LAX,ORD,1237,1233,-4,1855,1911,16,2025-06-15
53901,2025,6,15,7,LAX,ORD,1300,1259,-1,1929,1931,2,2025-06-15
53902,2025,6,15,7,LAX,ORD,1401,1402,1,2025,1959,-26,2025-06-15
53903,2025,6,15,7,LAX,ORD,1502,1458,-4,2108,2106,-2,2025-06-15
53904,2025,6,15,7,LAX,ORD,1640,1644,4,2304,2245,-19,2025-06-15
53905,2025,6,15,7,LAX,ORD,1646,1709,23,2305,2258,-7,2025-06-15
53906,2025,6,15,7,LAX,ORD,1729,1746,17,2335,2347,12,2025-06-15
53907,2025,6,15,7,LAX,ORD,1738,1731,-7,2359,2334,-25,2025-06-15
53908,2025,6,15,7,LAX,ORD,2240,2247,7,451,440,-11,2025-06-15
53909,2025,6,15,7,LAX,ORD,2300,2302,2,513,505,-8,2025-06-15
53910,2025,6,15,7,LAX,ORD,2337,2333,-4,545,513,-32,2025-06-15
53911,2025,6,15,7,LAX,PDX,700,653,-7,921,900,-21,2025-06-15
53912,2025,6,15,7,LAX,PDX,700,656,-4,923,914,-9,2025-06-15
53913,2025,6,15,7,LAX,PDX,845,843,-2,1110,1053,-17,2025-06-15
53914,2025,6,15,7,LAX,PDX,943,937,-6,1214,1149,-25,2025-06-15
53915,2025,6,15,7,LAX,PDX,1000,953,-7,1223,1213,-10,2025-06-15
53916,2025,6,15,7,LAX,PDX,1102,1054,-8,1325,1305,-20,2025-06-15
53917,2025,6,15,7,LAX,PDX,1340,1344,4,1600,1547,-13,2025-06-15
53918,2025,6,15,7,LAX,PDX,1405,1435,30,1625,1652,27,2025-06-15
53919,2025,6,15,7,LAX,PDX,1640,1636,-4,1859,1842,-17,2025-06-15
53921,2025,6,15,7,LAX,PDX,1807,1830,23,2030,2054,24,2025-06-15
53922,2025,6,15,7,LAX,PDX,2005,2049,44,2229,2315,46,2025-06-15
53923,2025,6,15,7,LAX,PDX,2025,2057,32,2245,2303,18,2025-06-15
53925,2025,6,15,7,LAX,PHL,645,640,-5,1454,1442,-12,2025-06-15
53926,2025,6,15,7,LAX,PHL,745,738,-7,1556,1544,-12,2025-06-15
53927,2025,6,15,7,LAX,PHL,900,855,-5,1718,1711,-7,2025-06-15
53928,2025,6,15,7,LAX,PHL,1140,1144,4,1956,2014,18,2025-06-15
53929,2025,6,15,7,LAX,PHL,1442,1525,43,2254,2320,26,2025-06-15
53930,2025,6,15,7,LAX,PHL,1630,1702,32,43,55,12,2025-06-15
53932,2025,6,15,7,LAX,PHL,2253,2253,0,705,651,-14,2025-06-15
53933,2025,6,15,7,LAX,PHL,2256,2256,0,700,648,-12,2025-06-15
53934,2025,6,15,7,LAX,PHX,550,547,-3,720,704,-16,2025-06-15
53935,2025,6,15,7,LAX,PHX,610,603,-7,739,717,-22,2025-06-15
53936,2025,6,15,7,LAX,PHX,705,700,-5,830,818,-12,2025-06-15
53937,2025,6,15,7,LAX,PHX,815,812,-3,951,955,4,2025-06-15
53938,2025,6,15,7,LAX,PHX,940,936,-4,1110,1051,-19,2025-06-15
53939,2025,6,15,7,LAX,PHX,1000,955,-5,1130,1109,-21,2025-06-15
53940,2025,6,15,7,LAX,PHX,1015,1011,-4,1145,1121,-24,2025-06-15
53941,2025,6,15,7,LAX,PHX,1325,1354,29,1450,1518,28,2025-06-15
53942,2025,6,15,7,LAX,PHX,1400,1353,-7,1528,1514,-14,2025-06-15
53943,2025,6,15,7,LAX,PHX,1423,1432,9,1602,1552,-10,2025-06-15
53944,2025,6,15,7,LAX,PHX,1515,1519,4,1645,1649,4,2025-06-15
53945,2025,6,15,7,LAX,PHX,1632,1712,40,1759,1828,29,2025-06-15
53946,2025,6,15,7,LAX,PHX,1730,1723,-7,1855,1852,-3,2025-06-15
53947,2025,6,15,7,LAX,PHX,1800,1851,51,1930,2005,35,2025-06-15
53948,2025,6,15,7,LAX,PHX,1910,1907,-3,2039,2019,-20,2025-06-15
53949,2025,6,15,7,LAX,PHX,1935,1934,-1,2103,2055,-8,2025-06-15
53950,2025,6,15,7,LAX,PHX,2134,2123,-11,2305,2255,-10,2025-06-15
53951,2025,6,15,7,LAX,PHX,2220,2316,56,2350,25,35,2025-06-15
53952,2025,6,15,7,LAX,PHX,2235,2239,4,13,1,-12,2025-06-15
53953,2025,6,15,7,LAX,PIT,915,907,-8,1700,1636,-24,2025-06-15
53954,2025,6,15,7,LAX,PRC,1945,1942,-3,2111,2051,-20,2025-06-15
53956,2025,6,15,7,LAX,RDD,1256,1251,-5,1445,1428,-17,2025-06-15
53957,2025,6,15,7,LAX,RDM,1245,1240,-5,1503,1450,-13,2025-06-15
53958,2025,6,15,7,LAX,RDU,857,853,-4,1654,1642,-12,2025-06-15
53959,2025,6,15,7,LAX,RDU,1037,1035,-2,1831,1853,22,2025-06-15
53960,2025,6,15,7,LAX,RDU,2220,2226,6,618,612,-6,2025-06-15
53961,2025,6,15,7,LAX,RNO,935,931,-4,1100,1044,-16,2025-06-15
53962,2025,6,15,7,LAX,RNO,959,954,-5,1131,1106,-25,2025-06-15
53963,2025,6,15,7,LAX,RNO,1019,1029,10,1200,1216,16,2025-06-15
53964,2025,6,15,7,LAX,RNO,1502,1453,-9,1630,1620,-10,2025-06-15
53965,2025,6,15,7,LAX,RNO,1710,1703,-7,1844,1834,-10,2025-06-15
53966,2025,6,15,7,LAX,RNO,1920,2005,45,2045,2117,32,2025-06-15
53967,2025,6,15,7,LAX,RNO,2015,2043,28,2149,2206,17,2025-06-15
53968,2025,6,15,7,LAX,RNO,2050,2041,-9,2217,2209,-8,2025-06-15
53969,2025,6,15,7,LAX,RNO,2216,2216,0,2353,2356,3,2025-06-15
53970,2025,6,15,7,LAX,SAN,820,811,-9,919,910,-9,2025-06-15
53971,2025,6,15,7,LAX,SAN,920,914,-6,1024,1017,-7,2025-06-15
53972,2025,6,15,7,LAX,SAN,1428,1421,-7,1522,1509,-13,2025-06-15
53973,2025,6,15,7,LAX,SAN,1800,1752,-8,1854,1855,1,2025-06-15
53974,2025,6,15,7,LAX,SAN,1846,1858,12,1947,1945,-2,2025-06-15
53975,2025,6,15,7,LAX,SAN,2159,2150,-9,2253,2239,-14,2025-06-15
53976,2025,6,15,7,LAX,SAN,2245,2257,12,2346,2355,9,2025-06-15
53977,2025,6,15,7,LAX,SAT,710,710,0,1202,1158,-4,2025-06-15
53978,2025,6,15,7,LAX,SAT,912,905,-7,1419,1354,-25,2025-06-15
53979,2025,6,15,7,LAX,SAT,930,927,-3,1423,1405,-18,2025-06-15
53981,2025,6,15,7,LAX,SAT,1520,1557,37,2015,2043,28,2025-06-15
53982,2025,6,15,7,LAX,SAT,1700,1725,25,2158,2231,33,2025-06-15
53984,2025,6,15,7,LAX,SBA,1520,1522,2,1612,1603,-9,2025-06-15
53986,2025,6,15,7,LAX,SBP,1500,1457,-3,1601,1543,-18,2025-06-15
53987,2025,6,15,7,LAX,SBP,2232,2228,-4,2336,2324,-12,2025-06-15
53988,2025,6,15,7,LAX,SDF,1134,1130,-4,1835,1825,-10,2025-06-15
53990,2025,6,15,7,LAX,SEA,700,652,-8,954,935,-19,2025-06-15
53991,2025,6,15,7,LAX,SEA,700,716,16,947,1015,28,2025-06-15
53992,2025,6,15,7,LAX,SEA,800,757,-3,1049,1040,-9,2025-06-15
53993,2025,6,15,7,LAX,SEA,945,1039,54,1242,1259,17,2025-06-15
53994,2025,6,15,7,LAX,SEA,950,1005,15,1235,1242,7,2025-06-15
53995,2025,6,15,7,LAX,SEA,1110,1112,2,1401,1356,-5,2025-06-15
53996,2025,6,15,7,LAX,SEA,1115,1106,-9,1409,1415,6,2025-06-15
53997,2025,6,15,7,LAX,SEA,1155,1152,-3,1445,1419,-26,2025-06-15
54000,2025,6,15,7,LAX,SEA,1415,1425,10,1700,1712,12,2025-06-15
54001,2025,6,15,7,LAX,SEA,1510,1556,46,1754,1837,43,2025-06-15
54002,2025,6,15,7,LAX,SEA,1715,1712,-3,2000,1938,-22,2025-06-15
54003,2025,6,15,7,LAX,SEA,1743,1738,-5,2035,2008,-27,2025-06-15
54004,2025,6,15,7,LAX,SEA,1815,1830,15,2100,2105,5,2025-06-15
54006,2025,6,15,7,LAX,SEA,1907,1932,25,2158,2203,5,2025-06-15
54007,2025,6,15,7,LAX,SEA,1925,1917,-8,2210,2209,-1,2025-06-15
54008,2025,6,15,7,LAX,SEA,1959,2048,49,2257,2312,15,2025-06-15
54009,2025,6,15,7,LAX,SEA,2010,2049,39,2259,2331,32,2025-06-15
54010,2025,6,15,7,LAX,SEA,2115,2108,-7,2359,2348,-11,2025-06-15
54011,2025,6,15,7,LAX,SEA,2129,2122,-7,25,2349,-36,2025-06-15
54012,2025,6,15,7,LAX,SFO,600,558,-2,725,719,-6,2025-06-15
54013,2025,6,15,7,LAX,SFO,600,600,0,738,728,-10,2025-06-15
54014,2025,6,15,7,LAX,SFO,630,628,-2,752,740,-12,2025-06-15
54015,2025,6,15,7,LAX,SFO,700,652,-8,836,809,-27,2025-06-15
54016,2025,6,15,7,LAX,SFO,700,659,-1,829,818,-11,2025-06-15
54017,2025,6,15,7,LAX,SFO,800,756,-4,940,914,-26,2025-06-15
54018,2025,6,15,7,LAX,SFO,835,828,-7,958,942,-16,2025-06-15
54019,2025,6,15,7,LAX,SFO,910,905,-5,1045,1030,-15,2025-06-15
54020,2025,6,15,7,LAX,SFO,1015,1047,32,1140,1206,26,2025-06-15
54021,2025,6,15,7,LAX,SFO,1026,1022,-4,1159,1137,-22,2025-06-15
54022,2025,6,15,7,LAX,SFO,1129,1122,-7,1256,1246,-10,2025-06-15
54023,2025,6,15,7,LAX,SFO,1220,1216,-4,1343,1325,-18,2025-06-15
54024,2025,6,15,7,LAX,SFO,1235,1305,30,1355,1410,15,2025-06-15
54025,2025,6,15,7,LAX,SFO,1330,1322,-8,1452,1437,-15,2025-06-15
54026,2025,6,15,7,LAX,SFO,1339,1329,-10,1507,1448,-19,2025-06-15
54027,2025,6,15,7,LAX,SFO,1422,1418,-4,1548,1548,0,2025-06-15
54028,2025,6,15,7,LAX,SFO,1544,1542,-2,1711,1706,-5,2025-06-15
54029,2025,6,15,7,LAX,SFO,1610,1610,0,1739,1724,-15,2025-06-15
54030,2025,6,15,7,LAX,SFO,1627,1647,20,1745,1802,17,2025-06-15
54031,2025,6,15,7,LAX,SFO,1710,1756,46,1840,1913,33,2025-06-15
54032,2025,6,15,7,LAX,SFO,1740,1749,9,1902,1911,9,2025-06-15
54033,2025,6,15,7,LAX,SFO,1808,1808,0,1943,1927,-16,2025-06-15
54034,2025,6,15,7,LAX,SFO,1820,1815,-5,1943,1922,-21,2025-06-15
54035,2025,6,15,7,LAX,SFO,1840,1844,4,2009,2004,-5,2025-06-15
54036,2025,6,15,7,LAX,SFO,1859,1858,-1,2028,2027,-1,2025-06-15
54037,2025,6,15,7,LAX,SFO,1925,2008,43,2057,2146,49,2025-06-15
54038,2025,6,15,7,LAX,SFO,1935,1930,-5,2058,2047,-11,2025-06-15
54039,2025,6,15,7,LAX,SFO,1945,1945,0,2110,2054,-16,2025-06-15
54040,2025,6,15,7,LAX,SFO,2130,2127,-3,2302,2246,-16,2025-06-15
54041,2025,6,15,7,LAX,SFO,2149,2141,-8,2312,2252,-20,2025-06-15
54042,2025,6,15,7,LAX,SFO,2225,2247,22,2352,2,10,2025-06-15
54043,2025,6,15,7,LAX,SGU,1315,1306,-9,1547,1535,-12,2025-06-15
54044,2025,6,15,7,LAX,SJC,550,545,-5,705,653,-12,2025-06-15
54045,2025,6,15,7,LAX,SJC,705,656,-9,820,823,3,2025-06-15
54046,2025,6,15,7,LAX,SJC,910,911,1,1030,1014,-16,2025-06-15
54047,2025,6,15,7,LAX,SJC,915,905,-10,1030,1012,-18,2025-06-15
54048,2025,6,15,7,LAX,SJC,1135,1134,-1,1252,1238,-14,2025-06-15
54049,2025,6,15,7,LAX,SJC,1325,1315,-10,1440,1419,-21,2025-06-15
54050,2025,6,15,7,LAX,SJC,1445,1451,6,1600,1555,-5,2025-06-15
54051,2025,6,15,7,LAX,SJC,1545,1537,-8,1700,1643,-17,2025-06-15
54052,2025,6,15,7,LAX,SJC,1800,1752,-8,1915,1858,-17,2025-06-15
54055,2025,6,15,7,LAX,SJC,2128,2121,-7,2244,2233,-11,2025-06-15
54056,2025,6,15,7,LAX,SLC,600,551,-9,853,838,-15,2025-06-15
54057,2025,6,15,7,LAX,SLC,700,655,-5,955,1027,32,2025-06-15
54058,2025,6,15,7,LAX,SLC,825,820,-5,1126,1119,-7,2025-06-15
54059,2025,6,15,7,LAX,SLC,833,830,-3,1132,1115,-17,2025-06-15
54060,2025,6,15,7,LAX,SLC,948,1008,20,1243,1252,9,2025-06-15
54061,2025,6,15,7,LAX,SLC,1055,1051,-4,1350,1326,-24,2025-06-15
54062,2025,6,15,7,LAX,SLC,1111,1110,-1,1403,1355,-8,2025-06-15
54063,2025,6,15,7,LAX,SLC,1311,1309,-2,1604,1551,-13,2025-06-15
54064,2025,6,15,7,LAX,SLC,1710,1715,5,2000,1953,-7,2025-06-15
54066,2025,6,15,7,LAX,SLC,1919,1926,7,2206,2205,-1,2025-06-15
54067,2025,6,15,7,LAX,SMF,540,536,-4,705,657,-8,2025-06-15
54068,2025,6,15,7,LAX,SMF,755,754,-1,924,908,-16,2025-06-15
54069,2025,6,15,7,LAX,SMF,810,808,-2,940,924,-16,2025-06-15
54070,2025,6,15,7,LAX,SMF,946,1015,29,1123,1141,18,2025-06-15
54071,2025,6,15,7,LAX,SMF,1025,1020,-5,1159,1140,-19,2025-06-15
54072,2025,6,15,7,LAX,SMF,1225,1243,18,1354,1356,2,2025-06-15
54073,2025,6,15,7,LAX,SMF,1230,1306,36,1345,1423,38,2025-06-15
54074,2025,6,15,7,LAX,SMF,1309,1305,-4,1444,1426,-18,2025-06-15
54075,2025,6,15,7,LAX,SMF,1630,1648,18,1801,1816,15,2025-06-15
54076,2025,6,15,7,LAX,SMF,1654,1645,-9,1823,1814,-9,2025-06-15
54077,2025,6,15,7,LAX,SMF,1705,1704,-1,1837,1824,-13,2025-06-15
54079,2025,6,15,7,LAX,SMF,1815,1809,-6,1945,1938,-7,2025-06-15
54080,2025,6,15,7,LAX,SMF,1922,1919,-3,2101,2056,-5,2025-06-15
54081,2025,6,15,7,LAX,SMF,2035,2045,10,2200,2212,12,2025-06-15
54082,2025,6,15,7,LAX,SMF,2056,2047,-9,2228,2224,-4,2025-06-15
54084,2025,6,15,7,LAX,STL,515,514,-1,1055,1043,-12,2025-06-15
54085,2025,6,15,7,LAX,STL,1325,1342,17,1905,1858,-7,2025-06-15
54086,2025,6,15,7,LAX,STL,1733,1732,-1,2259,2311,12,2025-06-15
54087,2025,6,15,7,LAX,STS,925,918,-7,1106,1101,-5,2025-06-15
54088,2025,6,15,7,LAX,STS,2206,2228,22,2344,2351,7,2025-06-15
54089,2025,6,15,7,LAX,SUN,830,825,-5,1143,1139,-4,2025-06-15
54092,2025,6,15,7,LAX,TPA,2359,2352,-7,756,725,-31,2025-06-15
54093,2025,6,15,7,LAX,TUL,930,923,-7,1440,1429,-11,2025-06-15
54094,2025,6,15,7,LAX,TUS,822,815,-7,1003,942,-21,2025-06-15
54095,2025,6,15,7,LAX,TUS,935,926,-9,1110,1051,-19,2025-06-15
54096,2025,6,15,7,LAX,TUS,1005,1017,12,1135,1132,-3,2025-06-15
54097,2025,6,15,7,LAX,TUS,1410,1450,40,1544,1613,29,2025-06-15
54098,2025,6,15,7,LAX,TUS,1458,1545,47,1627,1709,42,2025-06-15
54099,2025,6,15,7,LAX,TUS,1818,1825,7,1949,1959,10,2025-06-15
54100,2025,6,15,7,LAX,TUS,1900,1857,-3,2033,2025,-8,2025-06-15
54101,2025,6,15,7,LAX,XNA,914,906,-8,1438,1419,-19,2025-06-15
57432,2025,6,16,1,LAX,ABQ,800,751,-9,1108,1049,-19,2025-06-16
57433,2025,6,16,1,LAX,ABQ,855,846,-9,1158,1144,-14,2025-06-16
57434,2025,6,16,1,LAX,ABQ,1120,1127,7,1415,1410,-5,2025-06-16
57435,2025,6,16,1,LAX,ABQ,1459,1450,-9,1802,1745,-17,2025-06-16
57436,2025,6,16,1,LAX,ABQ,1849,1838,-11,2152,2148,-4,2025-06-16
57438,2025,6,16,1,LAX,ACV,1315,1349,34,1513,1559,46,2025-06-16
57440,2025,6,16,1,LAX,ASE,1040,1039,-1,1356,1334,-22,2025-06-16
57444,2025,6,16,1,LAX,ATL,620,620,0,1342,1333,-9,2025-06-16
57445,2025,6,16,1,LAX,ATL,735,737,2,1448,1439,-9,2025-06-16
57446,2025,6,16,1,LAX,ATL,845,907,22,1607,1621,14,2025-06-16
57448,2025,6,16,1,LAX,ATL,953,952,-1,1719,1704,-15,2025-06-16
57449,2025,6,16,1,LAX,ATL,1115,1141,26,1834,1917,43,2025-06-16
57451,2025,6,16,1,LAX,ATL,1249,1323,34,2015,2033,18,2025-06-16
57453,2025,6,16,1,LAX,ATL,1315,1347,32,2046,2059,13,2025-06-16
57454,2025,6,16,1,LAX,ATL,1430,1430,0,2150,2200,10,2025-06-16
57455,2025,6,16,1,LAX,ATL,1735,1834,59,54,131,37,2025-06-16
57456,2025,6,16,1,LAX,ATL,2145,2222,37,500,531,31,2025-06-16
57458,2025,6,16,1,LAX,ATL,2245,2328,43,600,627,27,2025-06-16
57460,2025,6,16,1,LAX,ATL,2345,2350,5,712,658,-14,2025-06-16
57461,2025,6,16,1,LAX,AUS,500,456,-4,1000,1002,2,2025-06-16
57462,2025,6,16,1,LAX,AUS,615,631,16,1117,1119,2,2025-06-16
57463,2025,6,16,1,LAX,AUS,745,803,18,1246,1245,-1,2025-06-16
57464,2025,6,16,1,LAX,AUS,925,947,22,1451,1457,6,2025-06-16
57465,2025,6,16,1,LAX,AUS,1035,1052,17,1545,1549,4,2025-06-16
57466,2025,6,16,1,LAX,AUS,1115,1112,-3,1620,1554,-26,2025-06-16
57467,2025,6,16,1,LAX,AUS,1614,1620,6,2114,2110,-4,2025-06-16
57468,2025,6,16,1,LAX,AUS,1620,1614,-6,2121,2109,-12,2025-06-16
57470,2025,6,16,1,LAX,AUS,1840,1856,16,2358,2345,-13,2025-06-16
57471,2025,6,16,1,LAX,AUS,1850,1911,21,2350,2358,8,2025-06-16
57472,2025,6,16,1,LAX,AUS,1855,1857,2,2355,2353,-2,2025-06-16
57473,2025,6,16,1,LAX,BNA,700,718,18,1257,1303,6,2025-06-16
57474,2025,6,16,1,LAX,BNA,710,713,3,1325,1302,-23,2025-06-16
57475,2025,6,16,1,LAX,BNA,929,929,0,1532,1522,-10,2025-06-16
57476,2025,6,16,1,LAX,BNA,1036,1029,-7,1645,1637,-8,2025-06-16
57477,2025,6,16,1,LAX,BNA,1239,1235,-4,1844,1849,5,2025-06-16
57478,2025,6,16,1,LAX,BNA,1839,1835,-4,37,23,-14,2025-06-16
57479,2025,6,16,1,LAX,BNA,2250,2315,25,500,457,-3,2025-06-16
57480,2025,6,16,1,LAX,BOI,1157,1214,17,1503,1507,4,2025-06-16
57481,2025,6,16,1,LAX,BOI,1245,1244,-1,1559,1543,-16,2025-06-16
57482,2025,6,16,1,LAX,BOI,1950,1944,-6,2254,2243,-11,2025-06-16
57483,2025,6,16,1,LAX,BOI,1959,2007,8,2301,2307,6,2025-06-16
57484,2025,6,16,1,LAX,BOS,600,554,-6,1440,1408,-32,2025-06-16
57485,2025,6,16,1,LAX,BOS,640,644,4,1515,1510,-5,2025-06-16
57486,2025,6,16,1,LAX,BOS,830,822,-8,1719,1645,-34,2025-06-16
57487,2025,6,16,1,LAX,BOS,835,830,-5,1718,1653,-25,2025-06-16
57488,2025,6,16,1,LAX,BOS,840,827,-13,1716,1639,-37,2025-06-16
57490,2025,6,16,1,LAX,BOS,1145,1139,-6,2025,1956,-29,2025-06-16
57491,2025,6,16,1,LAX,BOS,1310,1300,-10,2151,2116,-35,2025-06-16
57492,2025,6,16,1,LAX,BOS,1525,1516,-9,2355,2327,-28,2025-06-16
57493,2025,6,16,1,LAX,BOS,2024,2033,9,500,446,-14,2025-06-16
57494,2025,6,16,1,LAX,BOS,2102,2056,-6,532,524,-8,2025-06-16
57496,2025,6,16,1,LAX,BOS,2235,2235,0,713,704,-9,2025-06-16
57497,2025,6,16,1,LAX,BOS,2305,2300,-5,741,726,-15,2025-06-16
57498,2025,6,16,1,LAX,BUF,2209,2226,17,600,602,2,2025-06-16
57499,2025,6,16,1,LAX,BWI,530,544,14,1335,1333,-2,2025-06-16
57500,2025,6,16,1,LAX,BWI,845,839,-6,1654,1624,-30,2025-06-16
57501,2025,6,16,1,LAX,BWI,1005,1014,9,1810,1753,-17,2025-06-16
57502,2025,6,16,1,LAX,BWI,1134,1148,14,1929,1926,-3,2025-06-16
57503,2025,6,16,1,LAX,BWI,2055,2134,39,500,512,12,2025-06-16
57504,2025,6,16,1,LAX,BWI,2359,2354,-5,807,747,-20,2025-06-16
57505,2025,6,16,1,LAX,BZN,1121,1116,-5,1450,1427,-23,2025-06-16
57506,2025,6,16,1,LAX,BZN,1800,1840,40,2139,2202,23,2025-06-16
57507,2025,6,16,1,LAX,CLE,1138,1142,4,1911,1901,-10,2025-06-16
57508,2025,6,16,1,LAX,CLE,2120,2113,-7,453,439,-14,2025-06-16
57509,2025,6,16,1,LAX,CLT,605,559,-6,1354,1351,-3,2025-06-16
57510,2025,6,16,1,LAX,CLT,759,755,-4,1545,1543,-2,2025-06-16
57512,2025,6,16,1,LAX,CLT,1154,1208,14,1945,1953,8,2025-06-16
57515,2025,6,16,1,LAX,CLT,2249,2246,-3,635,613,-22,2025-06-16
57516,2025,6,16,1,LAX,CLT,2306,2305,-1,645,636,-9,2025-06-16
57517,2025,6,16,1,LAX,CLT,2349,4,15,735,741,6,2025-06-16
57518,2025,6,16,1,LAX,CMH,925,921,-4,1701,1633,-28,2025-06-16
57520,2025,6,16,1,LAX,DAL,505,504,-1,1010,950,-20,2025-06-16
57521,2025,6,16,1,LAX,DAL,645,647,2,1150,1135,-15,2025-06-16
57522,2025,6,16,1,LAX,DAL,1120,1122,2,1630,1607,-23,2025-06-16
57524,2025,6,16,1,LAX,DAL,1810,1812,2,2320,2307,-13,2025-06-16
57525,2025,6,16,1,LAX,DCA,759,830,31,1600,1611,11,2025-06-16
57526,2025,6,16,1,LAX,DCA,819,814,-5,1622,1608,-14,2025-06-16
57529,2025,6,16,1,LAX,DEN,505,503,-2,824,816,-8,2025-06-16
57530,2025,6,16,1,LAX,DEN,545,544,-1,910,853,-17,2025-06-16
57531,2025,6,16,1,LAX,DEN,615,606,-9,948,957,9,2025-06-16
57532,2025,6,16,1,LAX,DEN,706,704,-2,1031,1016,-15,2025-06-16
57533,2025,6,16,1,LAX,DEN,746,739,-7,1110,1049,-21,2025-06-16
57534,2025,6,16,1,LAX,DEN,804,759,-5,1133,1120,-13,2025-06-16
57535,2025,6,16,1,LAX,DEN,805,805,0,1130,1109,-21,2025-06-16
57536,2025,6,16,1,LAX,DEN,900,855,-5,1227,1206,-21,2025-06-16
57537,2025,6,16,1,LAX,DEN,1030,1046,16,1355,1357,2,2025-06-16
57538,2025,6,16,1,LAX,DEN,1052,1047,-5,1419,1402,-17,2025-06-16
57539,2025,6,16,1,LAX,DEN,1055,1113,18,1430,1427,-3,2025-06-16
57540,2025,6,16,1,LAX,DEN,1255,1251,-4,1623,1557,-26,2025-06-16
57541,2025,6,16,1,LAX,DEN,1338,1339,1,1701,1711,10,2025-06-16
57542,2025,6,16,1,LAX,DEN,1340,1339,-1,1710,1648,-22,2025-06-16
57543,2025,6,16,1,LAX,DEN,1435,1433,-2,1805,1754,-11,2025-06-16
57544,2025,6,16,1,LAX,DEN,1459,1458,-1,1819,1813,-6,2025-06-16
57545,2025,6,16,1,LAX,DEN,1605,1650,45,1930,2001,31,2025-06-16
57546,2025,6,16,1,LAX,DEN,1611,1600,-11,1940,1903,-37,2025-06-16
57547,2025,6,16,1,LAX,DEN,1918,1952,34,2247,2305,18,2025-06-16
57548,2025,6,16,1,LAX,DEN,1945,1948,3,2309,2300,-9,2025-06-16
57549,2025,6,16,1,LAX,DEN,2020,2019,-1,2350,2326,-24,2025-06-16
57551,2025,6,16,1,LAX,DFW,40,34,-6,545,521,-24,2025-06-16
57552,2025,6,16,1,LAX,DFW,47,39,-8,550,553,3,2025-06-16
57553,2025,6,16,1,LAX,DFW,130,128,-2,633,616,-17,2025-06-16
57554,2025,6,16,1,LAX,DFW,600,550,-10,1103,1101,-2,2025-06-16
57555,2025,6,16,1,LAX,DFW,600,612,12,1120,1121,1,2025-06-16
57557,2025,6,16,1,LAX,DFW,826,905,39,1339,1358,19,2025-06-16
57558,2025,6,16,1,LAX,DFW,835,856,21,1343,1359,16,2025-06-16
57560,2025,6,16,1,LAX,DFW,1037,1035,-2,1545,1547,2,2025-06-16
57561,2025,6,16,1,LAX,DFW,1230,1229,-1,1737,1731,-6,2025-06-16
57562,2025,6,16,1,LAX,DFW,1348,1344,-4,1859,1855,-4,2025-06-16
57563,2025,6,16,1,LAX,DFW,1433,1440,7,1943,1941,-2,2025-06-16
57564,2025,6,16,1,LAX,DFW,1548,1544,-4,2059,2050,-9,2025-06-16
57565,2025,6,16,1,LAX,DFW,1636,1634,-2,2147,2138,-9,2025-06-16
57566,2025,6,16,1,LAX,DFW,1835,1830,-5,2347,2319,-28,2025-06-16
57567,2025,6,16,1,LAX,DFW,1855,1848,-7,2356,2343,-13,2025-06-16
57568,2025,6,16,1,LAX,DFW,1903,1937,34,26,25,-1,2025-06-16
57569,2025,6,16,1,LAX,DFW,2359,50,51,509,535,26,2025-06-16
57571,2025,6,16,1,LAX,DTW,530,529,-1,1257,1242,-15,2025-06-16
57572,2025,6,16,1,LAX,DTW,735,834,59,1456,1550,54,2025-06-16
57574,2025,6,16,1,LAX,DTW,1114,1107,-7,1837,1836,-1,2025-06-16
57575,2025,6,16,1,LAX,DTW,1209,1204,-5,1931,1915,-16,2025-06-16
57576,2025,6,16,1,LAX,DTW,1536,1529,-7,2304,2229,-35,2025-06-16
57577,2025,6,16,1,LAX,DTW,2130,2136,6,452,453,1,2025-06-16
57580,2025,6,16,1,LAX,ELP,1430,1424,-6,1731,1715,-16,2025-06-16
57581,2025,6,16,1,LAX,ELP,1947,1947,0,2247,2234,-13,2025-06-16
57583,2025,6,16,1,LAX,EWR,600,600,0,1434,1419,-15,2025-06-16
57584,2025,6,16,1,LAX,EWR,700,652,-8,1534,1458,-36,2025-06-16
57585,2025,6,16,1,LAX,EWR,700,657,-3,1534,1522,-12,2025-06-16
57587,2025,6,16,1,LAX,EWR,820,815,-5,1645,1625,-20,2025-06-16
57588,2025,6,16,1,LAX,EWR,1015,1008,-7,1854,1822,-32,2025-06-16
57589,2025,6,16,1,LAX,EWR,1050,1048,-2,1920,1858,-22,2025-06-16
57590,2025,6,16,1,LAX,EWR,1115,1110,-5,1954,1915,-39,2025-06-16
57591,2025,6,16,1,LAX,EWR,1215,1228,13,2054,2038,-16,2025-06-16
57592,2025,6,16,1,LAX,EWR,1330,1326,-4,2152,2126,-26,2025-06-16
57593,2025,6,16,1,LAX,EWR,1434,1452,18,2255,2243,-12,2025-06-16
57594,2025,6,16,1,LAX,EWR,1630,1628,-2,57,21,-36,2025-06-16
57595,2025,6,16,1,LAX,EWR,2055,2053,-2,508,440,-28,2025-06-16
57596,2025,6,16,1,LAX,EWR,2126,2122,-4,559,532,-27,2025-06-16
57597,2025,6,16,1,LAX,EWR,2135,2139,4,555,601,6,2025-06-16
57598,2025,6,16,1,LAX,EWR,2359,2356,-3,812,800,-12,2025-06-16
57599,2025,6,16,1,LAX,FAT,1030,1026,-4,1148,1131,-17,2025-06-16
57600,2025,6,16,1,LAX,FAT,1910,1908,-2,2024,2017,-7,2025-06-16
57601,2025,6,16,1,LAX,FAT,2238,2232,-6,2352,2353,1,2025-06-16
57602,2025,6,16,1,LAX,FCA,922,923,1,1321,1255,-26,2025-06-16
57603,2025,6,16,1,LAX,FLL,800,758,-2,1614,1559,-15,2025-06-16
57605,2025,6,16,1,LAX,FLL,1345,1334,-11,2158,2134,-24,2025-06-16
57606,2025,6,16,1,LAX,FLL,2155,2204,9,603,603,0,2025-06-16
57607,2025,6,16,1,LAX,FLL,2309,2313,4,705,701,-4,2025-06-16
57608,2025,6,16,1,LAX,FSD,1605,1601,-4,2119,2059,-20,2025-06-16
57609,2025,6,16,1,LAX,GEG,1114,1112,-2,1352,1346,-6,2025-06-16
57610,2025,6,16,1,LAX,GEG,1432,1427,-5,1707,1647,-20,2025-06-16
57611,2025,6,16,1,LAX,GEG,1516,1506,-10,1747,1732,-15,2025-06-16
57612,2025,6,16,1,LAX,GEG,1859,1853,-6,2133,2132,-1,2025-06-16
57613,2025,6,16,1,LAX,HNL,705,708,3,1010,952,-18,2025-06-16
57614,2025,6,16,1,LAX,HNL,825,823,-2,1107,1107,0,2025-06-16
57615,2025,6,16,1,LAX,HNL,830,834,4,1105,1101,-4,2025-06-16
57616,2025,6,16,1,LAX,HNL,835,829,-6,1117,1052,-25,2025-06-16
57617,2025,6,16,1,LAX,HNL,849,845,-4,1137,1129,-8,2025-06-16
57619,2025,6,16,1,LAX,HNL,1115,1114,-1,1404,1352,-12,2025-06-16
57620,2025,6,16,1,LAX,HNL,1315,1309,-6,1601,1540,-21,2025-06-16
57621,2025,6,16,1,LAX,HNL,1335,1327,-8,1618,1616,-2,2025-06-16
57622,2025,6,16,1,LAX,HNL,1444,1440,-4,1728,1703,-25,2025-06-16
57623,2025,6,16,1,LAX,HNL,1710,1709,-1,1944,1935,-9,2025-06-16
57624,2025,6,16,1,LAX,HNL,1745,1740,-5,2030,2013,-17,2025-06-16
57625,2025,6,16,1,LAX,HNL,1810,1837,27,2052,2107,15,2025-06-16
57626,2025,6,16,1,LAX,HNL,1820,1839,19,2057,2118,21,2025-06-16
57627,2025,6,16,1,LAX,HNL,1825,1842,17,2115,2112,-3,2025-06-16
57628,2025,6,16,1,LAX,HNL,1845,1902,17,2128,2135,7,2025-06-16
57629,2025,6,16,1,LAX,HNL,1913,1909,-4,2155,2148,-7,2025-06-16
57630,2025,6,16,1,LAX,HNL,2040,2109,29,2329,2357,28,2025-06-16
57631,2025,6,16,1,LAX,HOU,505,511,6,1030,1024,-6,2025-06-16
57632,2025,6,16,1,LAX,HOU,1335,1414,39,1900,1929,29,2025-06-16
57633,2025,6,16,1,LAX,HOU,1745,1759,14,2305,2312,7,2025-06-16
57635,2025,6,16,1,LAX,IAD,620,614,-6,1423,1358,-25,2025-06-16
57636,2025,6,16,1,LAX,IAD,815,808,-7,1621,1557,-24,2025-06-16
57637,2025,6,16,1,LAX,IAD,820,818,-2,1625,1622,-3,2025-06-16
57638,2025,6,16,1,LAX,IAD,1015,1014,-1,1820,1817,-3,2025-06-16
57639,2025,6,16,1,LAX,IAD,1315,1312,-3,2116,2117,1,2025-06-16
57640,2025,6,16,1,LAX,IAD,1645,1706,21,44,48,4,2025-06-16
57641,2025,6,16,1,LAX,IAD,2135,2131,-4,537,506,-31,2025-06-16
57642,2025,6,16,1,LAX,IAD,2250,2302,12,639,648,9,2025-06-16
57644,2025,6,16,1,LAX,IAH,515,520,5,1042,1031,-11,2025-06-16
57645,2025,6,16,1,LAX,IAH,715,713,-2,1244,1241,-3,2025-06-16
57646,2025,6,16,1,LAX,IAH,840,844,4,1409,1401,-8,2025-06-16
57648,2025,6,16,1,LAX,IAH,1015,1013,-2,1540,1533,-7,2025-06-16
57649,2025,6,16,1,LAX,IAH,1128,1120,-8,1648,1630,-18,2025-06-16
57650,2025,6,16,1,LAX,IAH,1207,1208,1,1724,1737,13,2025-06-16
57651,2025,6,16,1,LAX,IAH,1310,1305,-5,1840,1826,-14,2025-06-16
57652,2025,6,16,1,LAX,IAH,1358,1419,21,1925,1944,19,2025-06-16
57654,2025,6,16,1,LAX,IAH,1809,1839,30,2328,2341,13,2025-06-16
57656,2025,6,16,1,LAX,IAH,1920,1932,12,43,36,-7,2025-06-16
57657,2025,6,16,1,LAX,IAH,2345,5,20,505,513,8,2025-06-16
57658,2025,6,16,1,LAX,IND,1036,1036,0,1747,1727,-20,2025-06-16
57659,2025,6,16,1,LAX,IND,1134,1131,-3,1838,1817,-21,2025-06-16
57662,2025,6,16,1,LAX,JAC,1030,1024,-6,1348,1327,-21,2025-06-16
57663,2025,6,16,1,LAX,JFK,600,555,-5,1430,1413,-17,2025-06-16
57665,2025,6,16,1,LAX,JFK,700,650,-10,1535,1506,-29,2025-06-16
57667,2025,6,16,1,LAX,JFK,720,739,19,1555,1608,13,2025-06-16
57668,2025,6,16,1,LAX,JFK,819,811,-8,1658,1634,-24,2025-06-16
57671,2025,6,16,1,LAX,JFK,1010,1038,28,1910,1845,-25,2025-06-16
57672,2025,6,16,1,LAX,JFK,1021,1016,-5,1859,1824,-35,2025-06-16
57674,2025,6,16,1,LAX,JFK,1110,1117,7,1950,1922,-28,2025-06-16
57675,2025,6,16,1,LAX,JFK,1130,1121,-9,2006,1926,-40,2025-06-16
57676,2025,6,16,1,LAX,JFK,1221,1244,23,2100,2049,-11,2025-06-16
57678,2025,6,16,1,LAX,JFK,1300,1259,-1,2145,2108,-37,2025-06-16
57679,2025,6,16,1,LAX,JFK,1310,1403,53,2152,2213,21,2025-06-16
57680,2025,6,16,1,LAX,JFK,1420,1444,24,2252,2324,32,2025-06-16
57681,2025,6,16,1,LAX,JFK,1515,1517,2,2355,2332,-23,2025-06-16
57682,2025,6,16,1,LAX,JFK,1520,1512,-8,2354,2330,-24,2025-06-16
57683,2025,6,16,1,LAX,JFK,1520,1515,-5,2357,2347,-10,2025-06-16
57684,2025,6,16,1,LAX,JFK,1620,1616,-4,55,21,-34,2025-06-16
57685,2025,6,16,1,LAX,JFK,2036,2036,0,500,436,-24,2025-06-16
57686,2025,6,16,1,LAX,JFK,2053,2111,18,530,522,-8,2025-06-16
57687,2025,6,16,1,LAX,JFK,2121,2117,-4,555,530,-25,2025-06-16
57688,2025,6,16,1,LAX,JFK,2140,2137,-3,607,544,-23,2025-06-16
57689,2025,6,16,1,LAX,JFK,2231,2322,51,700,735,35,2025-06-16
57690,2025,6,16,1,LAX,JFK,2250,2253,3,723,710,-13,2025-06-16
57691,2025,6,16,1,LAX,JFK,2252,2250,-2,732,701,-31,2025-06-16
57692,2025,6,16,1,LAX,JFK,2355,40,45,830,823,-7,2025-06-16
57693,2025,6,16,1,LAX,JFK,2358,2354,-4,830,809,-21,2025-06-16
57694,2025,6,16,1,LAX,KOA,830,826,-4,1110,1108,-2,2025-06-16
57695,2025,6,16,1,LAX,KOA,910,905,-5,1150,1125,-25,2025-06-16
57696,2025,6,16,1,LAX,KOA,1119,1206,47,1355,1428,33,2025-06-16
57697,2025,6,16,1,LAX,KOA,1629,1621,-8,1859,1840,-19,2025-06-16
57698,2025,6,16,1,LAX,KOA,1725,1720,-5,2003,1948,-15,2025-06-16
57699,2025,6,16,1,LAX,LAS,520,518,-2,635,619,-16,2025-06-16
57700,2025,6,16,1,LAX,LAS,530,521,-9,642,623,-19,2025-06-16
57701,2025,6,16,1,LAX,LAS,725,726,1,845,841,-4,2025-06-16
57702,2025,6,16,1,LAX,LAS,730,723,-7,840,824,-16,2025-06-16
57703,2025,6,16,1,LAX,LAS,826,852,26,951,1026,35,2025-06-16
57704,2025,6,16,1,LAX,LAS,845,844,-1,1005,953,-12,2025-06-16
57705,2025,6,16,1,LAX,LAS,1019,1023,4,1131,1142,11,2025-06-16
57706,2025,6,16,1,LAX,LAS,1125,1135,10,1245,1234,-11,2025-06-16
57707,2025,6,16,1,LAX,LAS,1140,1138,-2,1254,1250,-4,2025-06-16
57708,2025,6,16,1,LAX,LAS,1445,1438,-7,1607,1600,-7,2025-06-16
57709,2025,6,16,1,LAX,LAS,1505,1551,46,1615,1709,54,2025-06-16
57711,2025,6,16,1,LAX,LAS,1548,1546,-2,1713,1716,3,2025-06-16
57712,2025,6,16,1,LAX,LAS,1740,1801,21,1855,1915,20,2025-06-16
57713,2025,6,16,1,LAX,LAS,1755,1748,-7,1918,1905,-13,2025-06-16
57714,2025,6,16,1,LAX,LAS,1850,1841,-9,2000,1946,-14,2025-06-16
57715,2025,6,16,1,LAX,LAS,1852,1923,31,2008,2104,56,2025-06-16
57716,2025,6,16,1,LAX,LAS,1930,1928,-2,2052,2105,13,2025-06-16
57718,2025,6,16,1,LAX,LAS,1945,1943,-2,2108,2124,16,2025-06-16
57719,2025,6,16,1,LAX,LAS,1948,2005,17,2100,2113,13,2025-06-16
57720,2025,6,16,1,LAX,LAS,1959,1951,-8,2110,2122,12,2025-06-16
57721,2025,6,16,1,LAX,LAS,2155,2250,55,2315,2353,38,2025-06-16
57722,2025,6,16,1,LAX,LAS,2215,2211,-4,2327,2313,-14,2025-06-16
57723,2025,6,16,1,LAX,LAS,2218,2216,-2,2335,2319,-16,2025-06-16
57724,2025,6,16,1,LAX,LAS,2305,2253,-12,27,10,-17,2025-06-16
57725,2025,6,16,1,LAX,LIH,842,837,-5,1138,1119,-19,2025-06-16
57726,2025,6,16,1,LAX,LIH,903,902,-1,1204,1135,-29,2025-06-16
57727,2025,6,16,1,LAX,LIH,930,952,22,1225,1231,6,2025-06-16
57728,2025,6,16,1,LAX,LIH,1425,1422,-3,1708,1657,-11,2025-06-16
57729,2025,6,16,1,LAX,MCI,800,811,11,1315,1303,-12,2025-06-16
57730,2025,6,16,1,LAX,MCI,930,921,-9,1444,1418,-26,2025-06-16
57731,2025,6,16,1,LAX,MCI,1520,1514,-6,2029,2011,-18,2025-06-16
57732,2025,6,16,1,LAX,MCI,1815,1817,2,2327,2315,-12,2025-06-16
57733,2025,6,16,1,LAX,MCO,700,709,9,1458,1453,-5,2025-06-16
57734,2025,6,16,1,LAX,MCO,1002,1010,8,1804,1802,-2,2025-06-16
57735,2025,6,16,1,LAX,MCO,1035,1119,44,1838,1913,35,2025-06-16
57737,2025,6,16,1,LAX,MCO,1357,1411,14,2210,2205,-5,2025-06-16
57738,2025,6,16,1,LAX,MCO,1605,1644,39,2359,29,30,2025-06-16
57739,2025,6,16,1,LAX,MCO,2135,2132,-3,536,520,-16,2025-06-16
57740,2025,6,16,1,LAX,MCO,2145,2139,-6,532,524,-8,2025-06-16
57741,2025,6,16,1,LAX,MCO,2249,2246,-3,647,619,-28,2025-06-16
57742,2025,6,16,1,LAX,MDW,620,620,0,1225,1206,-19,2025-06-16
57743,2025,6,16,1,LAX,MDW,840,842,2,1445,1420,-25,2025-06-16
57744,2025,6,16,1,LAX,MDW,1315,1314,-1,1920,1854,-26,2025-06-16
57746,2025,6,16,1,LAX,MDW,2255,2302,7,500,443,-17,2025-06-16
57747,2025,6,16,1,LAX,MEM,1820,1814,-6,2358,2400,2,2025-06-16
57748,2025,6,16,1,LAX,MIA,600,555,-5,1413,1414,1,2025-06-16
57749,2025,6,16,1,LAX,MIA,745,747,2,1554,1542,-12,2025-06-16
57751,2025,6,16,1,LAX,MIA,1005,1005,0,1816,1811,-5,2025-06-16
57752,2025,6,16,1,LAX,MIA,1210,1225,15,2020,2018,-2,2025-06-16
57753,2025,6,16,1,LAX,MIA,1500,1507,7,2310,2255,-15,2025-06-16
57754,2025,6,16,1,LAX,MIA,2140,2144,4,550,529,-21,2025-06-16
57755,2025,6,16,1,LAX,MIA,2249,2242,-7,701,636,-25,2025-06-16
57756,2025,6,16,1,LAX,MIA,2343,30,47,750,818,28,2025-06-16
57757,2025,6,16,1,LAX,MRY,820,814,-6,942,947,5,2025-06-16
57758,2025,6,16,1,LAX,MRY,1823,1816,-7,1937,1933,-4,2025-06-16
57759,2025,6,16,1,LAX,MSO,1131,1133,2,1510,1502,-8,2025-06-16
57760,2025,6,16,1,LAX,MSP,50,125,35,625,643,18,2025-06-16
57761,2025,6,16,1,LAX,MSP,617,615,-2,1148,1151,3,2025-06-16
57762,2025,6,16,1,LAX,MSP,800,851,51,1334,1406,32,2025-06-16
57763,2025,6,16,1,LAX,MSP,1130,1133,3,1702,1658,-4,2025-06-16
57764,2025,6,16,1,LAX,MSP,1325,1355,30,1855,1922,27,2025-06-16
57765,2025,6,16,1,LAX,MSP,1520,1520,0,2049,2034,-15,2025-06-16
57766,2025,6,16,1,LAX,MSP,1850,1904,14,20,17,-3,2025-06-16
57767,2025,6,16,1,LAX,MSP,2330,2325,-5,504,449,-15,2025-06-16
57768,2025,6,16,1,LAX,MSY,700,656,-4,1240,1238,-2,2025-06-16
57769,2025,6,16,1,LAX,MSY,1210,1201,-9,1753,1737,-16,2025-06-16
57770,2025,6,16,1,LAX,MSY,1225,1253,28,1810,1821,11,2025-06-16
57771,2025,6,16,1,LAX,MSY,1747,1831,44,2327,4,37,2025-06-16
57772,2025,6,16,1,LAX,MSY,1818,1817,-1,2358,2347,-11,2025-06-16
57773,2025,6,16,1,LAX,OAK,610,654,44,735,803,28,2025-06-16
57774,2025,6,16,1,LAX,OAK,805,812,7,930,927,-3,2025-06-16
57775,2025,6,16,1,LAX,OAK,925,928,3,1050,1035,-15,2025-06-16
57776,2025,6,16,1,LAX,OAK,1150,1215,25,1315,1328,13,2025-06-16
57777,2025,6,16,1,LAX,OAK,1505,1531,26,1625,1642,17,2025-06-16
57778,2025,6,16,1,LAX,OAK,1845,1904,19,2010,2023,13,2025-06-16
57780,2025,6,16,1,LAX,OGG,700,654,-6,935,927,-8,2025-06-16
57781,2025,6,16,1,LAX,OGG,800,757,-3,1031,1022,-9,2025-06-16
57782,2025,6,16,1,LAX,OGG,815,811,-4,1055,1048,-7,2025-06-16
57783,2025,6,16,1,LAX,OGG,902,858,-4,1147,1126,-21,2025-06-16
57784,2025,6,16,1,LAX,OGG,1655,1708,13,1934,1933,-1,2025-06-16
57785,2025,6,16,1,LAX,OGG,1656,1658,2,1928,1918,-10,2025-06-16
57786,2025,6,16,1,LAX,OGG,1754,1746,-8,2030,2012,-18,2025-06-16
57787,2025,6,16,1,LAX,OKC,900,853,-7,1400,1346,-14,2025-06-16
57788,2025,6,16,1,LAX,OKC,1732,1744,12,2230,2223,-7,2025-06-16
57789,2025,6,16,1,LAX,OMA,1236,1227,-9,1752,1723,-29,2025-06-16
57790,2025,6,16,1,LAX,ORD,30,28,-2,642,620,-22,2025-06-16
57791,2025,6,16,1,LAX,ORD,32,23,-9,638,611,-27,2025-06-16
57792,2025,6,16,1,LAX,ORD,44,39,-5,651,632,-19,2025-06-16
57793,2025,6,16,1,LAX,ORD,545,539,-6,1157,1137,-20,2025-06-16
57794,2025,6,16,1,LAX,ORD,605,600,-5,1221,1154,-27,2025-06-16
57795,2025,6,16,1,LAX,ORD,620,613,-7,1242,1202,-40,2025-06-16
57796,2025,6,16,1,LAX,ORD,630,626,-4,1238,1220,-18,2025-06-16
57797,2025,6,16,1,LAX,ORD,800,757,-3,1415,1404,-11,2025-06-16
57798,2025,6,16,1,LAX,ORD,815,814,-1,1439,1424,-15,2025-06-16
57799,2025,6,16,1,LAX,ORD,936,1004,28,1544,1559,15,2025-06-16
57800,2025,6,16,1,LAX,ORD,1040,1037,-3,1656,1658,2,2025-06-16
57801,2025,6,16,1,LAX,ORD,1105,1107,2,1717,1705,-12,2025-06-16
57803,2025,6,16,1,LAX,ORD,1237,1233,-4,1855,1844,-11,2025-06-16
57804,2025,6,16,1,LAX,ORD,1300,1255,-5,1929,1857,-32,2025-06-16
57805,2025,6,16,1,LAX,ORD,1401,1359,-2,2025,2031,6,2025-06-16
57807,2025,6,16,1,LAX,ORD,1640,1637,-3,2304,2222,-42,2025-06-16
57808,2025,6,16,1,LAX,ORD,1646,1700,14,2305,2243,-22,2025-06-16
57809,2025,6,16,1,LAX,ORD,1729,1801,32,2335,2352,17,2025-06-16
57810,2025,6,16,1,LAX,ORD,1738,1733,-5,2359,2324,-35,2025-06-16
57811,2025,6,16,1,LAX,ORD,2240,2240,0,451,435,-16,2025-06-16
57812,2025,6,16,1,LAX,ORD,2300,2312,12,513,527,14,2025-06-16
57813,2025,6,16,1,LAX,ORD,2337,2332,-5,549,530,-19,2025-06-16
57816,2025,6,16,1,LAX,PDX,845,937,52,1110,1152,42,2025-06-16
57817,2025,6,16,1,LAX,PDX,905,904,-1,1131,1140,9,2025-06-16
57818,2025,6,16,1,LAX,PDX,943,942,-1,1214,1203,-11,2025-06-16
57819,2025,6,16,1,LAX,PDX,1102,1102,0,1325,1324,-1,2025-06-16
57822,2025,6,16,1,LAX,PDX,1405,1359,-6,1625,1617,-8,2025-06-16
57823,2025,6,16,1,LAX,PDX,1605,1554,-11,1826,1818,-8,2025-06-16
57824,2025,6,16,1,LAX,PDX,1640,1635,-5,1859,1846,-13,2025-06-16
57825,2025,6,16,1,LAX,PDX,1807,1800,-7,2030,2016,-14,2025-06-16
57826,2025,6,16,1,LAX,PDX,2006,2015,9,2230,2242,12,2025-06-16
57827,2025,6,16,1,LAX,PDX,2025,2017,-8,2245,2230,-15,2025-06-16
57828,2025,6,16,1,LAX,PDX,2136,2127,-9,2359,2358,-1,2025-06-16
57829,2025,6,16,1,LAX,PHL,108,103,-5,916,907,-9,2025-06-16
57830,2025,6,16,1,LAX,PHL,645,643,-2,1454,1432,-22,2025-06-16
57831,2025,6,16,1,LAX,PHL,745,751,6,1556,1541,-15,2025-06-16
57833,2025,6,16,1,LAX,PHL,1140,1137,-3,1956,2001,5,2025-06-16
57834,2025,6,16,1,LAX,PHL,1442,1442,0,2254,2225,-29,2025-06-16
57835,2025,6,16,1,LAX,PHL,1630,1623,-7,43,6,-37,2025-06-16
57836,2025,6,16,1,LAX,PHL,2253,2304,11,705,705,0,2025-06-16
57837,2025,6,16,1,LAX,PHX,525,544,19,655,656,1,2025-06-16
57838,2025,6,16,1,LAX,PHX,610,630,20,739,749,10,2025-06-16
57839,2025,6,16,1,LAX,PHX,705,700,-5,830,816,-14,2025-06-16
57840,2025,6,16,1,LAX,PHX,750,757,7,915,915,0,2025-06-16
57841,2025,6,16,1,LAX,PHX,815,811,-4,951,948,-3,2025-06-16
57842,2025,6,16,1,LAX,PHX,1000,955,-5,1130,1122,-8,2025-06-16
57843,2025,6,16,1,LAX,PHX,1015,1011,-4,1145,1131,-14,2025-06-16
57844,2025,6,16,1,LAX,PHX,1105,1105,0,1235,1214,-21,2025-06-16
57845,2025,6,16,1,LAX,PHX,1325,1320,-5,1450,1442,-8,2025-06-16
57846,2025,6,16,1,LAX,PHX,1325,1359,34,1503,1529,26,2025-06-16
57847,2025,6,16,1,LAX,PHX,1400,1418,18,1528,1535,7,2025-06-16
57848,2025,6,16,1,LAX,PHX,1423,1440,17,1602,1625,23,2025-06-16
57849,2025,6,16,1,LAX,PHX,1440,1503,23,1610,1613,3,2025-06-16
57850,2025,6,16,1,LAX,PHX,1632,1626,-6,1759,1750,-9,2025-06-16
57851,2025,6,16,1,LAX,PHX,1730,1724,-6,1855,1845,-10,2025-06-16
57852,2025,6,16,1,LAX,PHX,1910,1911,1,2039,2031,-8,2025-06-16
57853,2025,6,16,1,LAX,PHX,1935,1929,-6,2103,2049,-14,2025-06-16
57855,2025,6,16,1,LAX,PHX,2134,2230,56,2305,2350,45,2025-06-16
57856,2025,6,16,1,LAX,PHX,2135,2127,-8,2315,2246,-29,2025-06-16
57857,2025,6,16,1,LAX,PHX,2235,2230,-5,13,2351,-22,2025-06-16
57858,2025,6,16,1,LAX,PIT,915,938,23,1700,1653,-7,2025-06-16
57862,2025,6,16,1,LAX,RDM,1245,1239,-6,1503,1442,-21,2025-06-16
57863,2025,6,16,1,LAX,RDU,857,851,-6,1654,1709,15,2025-06-16
57864,2025,6,16,1,LAX,RDU,1037,1031,-6,1831,1834,3,2025-06-16
57865,2025,6,16,1,LAX,RDU,2220,2216,-4,618,617,-1,2025-06-16
57866,2025,6,16,1,LAX,RDU,2243,2234,-9,630,626,-4,2025-06-16
57867,2025,6,16,1,LAX,RNO,959,951,-8,1131,1121,-10,2025-06-16
57868,2025,6,16,1,LAX,RNO,1019,1016,-3,1200,1145,-15,2025-06-16
57869,2025,6,16,1,LAX,RNO,1425,1425,0,1550,1540,-10,2025-06-16
57870,2025,6,16,1,LAX,RNO,1502,1456,-6,1630,1621,-9,2025-06-16
57871,2025,6,16,1,LAX,RNO,1710,1711,1,1844,1848,4,2025-06-16
57872,2025,6,16,1,LAX,RNO,2015,2012,-3,2149,2137,-12,2025-06-16
57873,2025,6,16,1,LAX,RNO,2050,2040,-10,2217,2211,-6,2025-06-16
57874,2025,6,16,1,LAX,RNO,2216,2216,0,2353,2348,-5,2025-06-16
57876,2025,6,16,1,LAX,SAN,920,936,16,1024,1106,42,2025-06-16
57877,2025,6,16,1,LAX,SAN,1428,1422,-6,1522,1511,-11,2025-06-16
57878,2025,6,16,1,LAX,SAN,1800,1813,13,1854,1856,2,2025-06-16
57879,2025,6,16,1,LAX,SAN,1846,1853,7,1947,1946,-1,2025-06-16
57880,2025,6,16,1,LAX,SAN,2159,2157,-2,2253,2247,-6,2025-06-16
57881,2025,6,16,1,LAX,SAN,2245,2234,-11,2346,2344,-2,2025-06-16
57882,2025,6,16,1,LAX,SAT,825,820,-5,1321,1258,-23,2025-06-16
57883,2025,6,16,1,LAX,SAT,912,906,-6,1419,1355,-24,2025-06-16
57884,2025,6,16,1,LAX,SAT,930,924,-6,1423,1404,-19,2025-06-16
57885,2025,6,16,1,LAX,SAT,1410,1429,19,1910,1904,-6,2025-06-16
57886,2025,6,16,1,LAX,SAT,1700,1659,-1,2158,2204,6,2025-06-16
57888,2025,6,16,1,LAX,SBA,1520,1510,-10,1612,1626,14,2025-06-16
57889,2025,6,16,1,LAX,SBA,2300,2305,5,2358,12,14,2025-06-16
57890,2025,6,16,1,LAX,SBP,1500,1455,-5,1601,1544,-17,2025-06-16
57891,2025,6,16,1,LAX,SBP,2232,2226,-6,2336,2332,-4,2025-06-16
57892,2025,6,16,1,LAX,SDF,821,821,0,1522,1524,2,2025-06-16
57893,2025,6,16,1,LAX,SEA,600,558,-2,850,853,3,2025-06-16
57894,2025,6,16,1,LAX,SEA,700,655,-5,954,932,-22,2025-06-16
57895,2025,6,16,1,LAX,SEA,700,657,-3,947,944,-3,2025-06-16
57897,2025,6,16,1,LAX,SEA,833,831,-2,1128,1103,-25,2025-06-16
57898,2025,6,16,1,LAX,SEA,945,955,10,1242,1242,0,2025-06-16
57899,2025,6,16,1,LAX,SEA,950,945,-5,1235,1240,5,2025-06-16
57901,2025,6,16,1,LAX,SEA,1115,1129,14,1409,1427,18,2025-06-16
57902,2025,6,16,1,LAX,SEA,1155,1154,-1,1439,1442,3,2025-06-16
57903,2025,6,16,1,LAX,SEA,1155,1234,39,1445,1510,25,2025-06-16
57904,2025,6,16,1,LAX,SEA,1410,1415,5,1654,1708,14,2025-06-16
57905,2025,6,16,1,LAX,SEA,1415,1414,-1,1700,1651,-9,2025-06-16
57906,2025,6,16,1,LAX,SEA,1715,1725,10,2000,2009,9,2025-06-16
57907,2025,6,16,1,LAX,SEA,1743,1739,-4,2035,2011,-24,2025-06-16
57908,2025,6,16,1,LAX,SEA,1815,1832,17,2100,2114,14,2025-06-16
57910,2025,6,16,1,LAX,SEA,1907,1916,9,2158,2212,14,2025-06-16
57911,2025,6,16,1,LAX,SEA,1925,1919,-6,2210,2212,2,2025-06-16
57912,2025,6,16,1,LAX,SEA,1959,1949,-10,2257,2243,-14,2025-06-16
57913,2025,6,16,1,LAX,SEA,2010,2028,18,2259,2312,13,2025-06-16
57914,2025,6,16,1,LAX,SEA,2115,2121,6,2359,15,16,2025-06-16
57915,2025,6,16,1,LAX,SEA,2129,2120,-9,25,13,-12,2025-06-16
57916,2025,6,16,1,LAX,SFO,600,605,5,738,731,-7,2025-06-16
57917,2025,6,16,1,LAX,SFO,630,638,8,752,753,1,2025-06-16
57918,2025,6,16,1,LAX,SFO,630,646,16,750,754,4,2025-06-16
57919,2025,6,16,1,LAX,SFO,700,652,-8,829,812,-17,2025-06-16
57920,2025,6,16,1,LAX,SFO,700,728,28,836,856,20,2025-06-16
57921,2025,6,16,1,LAX,SFO,805,817,12,945,1008,23,2025-06-16
57922,2025,6,16,1,LAX,SFO,835,847,12,958,1013,15,2025-06-16
57923,2025,6,16,1,LAX,SFO,910,902,-8,1045,1021,-24,2025-06-16
57924,2025,6,16,1,LAX,SFO,1000,1005,5,1120,1113,-7,2025-06-16
57925,2025,6,16,1,LAX,SFO,1015,1017,2,1140,1237,57,2025-06-16
57926,2025,6,16,1,LAX,SFO,1026,1018,-8,1159,1243,44,2025-06-16
57927,2025,6,16,1,LAX,SFO,1129,1123,-6,1256,1251,-5,2025-06-16
57928,2025,6,16,1,LAX,SFO,1220,1219,-1,1343,1331,-12,2025-06-16
57929,2025,6,16,1,LAX,SFO,1330,1324,-6,1452,1436,-16,2025-06-16
57930,2025,6,16,1,LAX,SFO,1339,1339,0,1507,1449,-18,2025-06-16
57931,2025,6,16,1,LAX,SFO,1422,1441,19,1548,1606,18,2025-06-16
57932,2025,6,16,1,LAX,SFO,1544,1619,35,1711,1753,42,2025-06-16
57933,2025,6,16,1,LAX,SFO,1610,1611,1,1739,1737,-2,2025-06-16
57934,2025,6,16,1,LAX,SFO,1627,1622,-5,1745,1730,-15,2025-06-16
57935,2025,6,16,1,LAX,SFO,1630,1629,-1,1755,1738,-17,2025-06-16
57936,2025,6,16,1,LAX,SFO,1710,1707,-3,1840,1820,-20,2025-06-16
57937,2025,6,16,1,LAX,SFO,1740,1732,-8,1902,1842,-20,2025-06-16
57938,2025,6,16,1,LAX,SFO,1808,1857,49,1943,2021,38,2025-06-16
57939,2025,6,16,1,LAX,SFO,1820,1815,-5,1943,1930,-13,2025-06-16
57940,2025,6,16,1,LAX,SFO,1840,1908,28,2009,2027,18,2025-06-16
57941,2025,6,16,1,LAX,SFO,1859,1855,-4,2028,2015,-13,2025-06-16
57942,2025,6,16,1,LAX,SFO,1925,1934,9,2057,2122,25,2025-06-16
57943,2025,6,16,1,LAX,SFO,1935,1940,5,2058,2120,22,2025-06-16
57944,2025,6,16,1,LAX,SFO,1955,2021,26,2125,2157,32,2025-06-16
57945,2025,6,16,1,LAX,SFO,2130,2128,-2,2302,2307,5,2025-06-16
57946,2025,6,16,1,LAX,SFO,2149,2211,22,2312,2328,16,2025-06-16
57947,2025,6,16,1,LAX,SFO,2225,2225,0,2352,10,18,2025-06-16
57948,2025,6,16,1,LAX,SGF,600,557,-3,1117,1109,-8,2025-06-16
57949,2025,6,16,1,LAX,SGU,1315,1306,-9,1547,1555,8,2025-06-16
57950,2025,6,16,1,LAX,SJC,605,602,-3,725,710,-15,2025-06-16
57951,2025,6,16,1,LAX,SJC,705,654,-11,820,809,-11,2025-06-16
57952,2025,6,16,1,LAX,SJC,900,903,3,1020,1006,-14,2025-06-16
57953,2025,6,16,1,LAX,SJC,915,906,-9,1030,1012,-18,2025-06-16
57954,2025,6,16,1,LAX,SJC,1025,1030,5,1140,1136,-4,2025-06-16
57955,2025,6,16,1,LAX,SJC,1135,1133,-2,1252,1246,-6,2025-06-16
57956,2025,6,16,1,LAX,SJC,1325,1319,-6,1440,1427,-13,2025-06-16
57957,2025,6,16,1,LAX,SJC,1405,1425,20,1520,1531,11,2025-06-16
57958,2025,6,16,1,LAX,SJC,1545,1602,17,1700,1707,7,2025-06-16
57959,2025,6,16,1,LAX,SJC,1635,1640,5,1750,1742,-8,2025-06-16
57960,2025,6,16,1,LAX,SJC,1800,1750,-10,1915,1904,-11,2025-06-16
57962,2025,6,16,1,LAX,SJC,2128,2124,-4,2244,2228,-16,2025-06-16
57963,2025,6,16,1,LAX,SLC,600,557,-3,853,843,-10,2025-06-16
57964,2025,6,16,1,LAX,SLC,700,726,26,955,1015,20,2025-06-16
57965,2025,6,16,1,LAX,SLC,825,829,4,1126,1110,-16,2025-06-16
57966,2025,6,16,1,LAX,SLC,948,949,1,1243,1220,-23,2025-06-16
57967,2025,6,16,1,LAX,SLC,1005,1030,25,1255,1301,6,2025-06-16
57968,2025,6,16,1,LAX,SLC,1111,1109,-2,1403,1342,-21,2025-06-16
57969,2025,6,16,1,LAX,SLC,1309,1312,3,1608,1602,-6,2025-06-16
57970,2025,6,16,1,LAX,SLC,1311,1310,-1,1604,1551,-13,2025-06-16
57971,2025,6,16,1,LAX,SLC,1710,1713,3,2000,1948,-12,2025-06-16
57972,2025,6,16,1,LAX,SLC,1845,1842,-3,2139,2116,-23,2025-06-16
57973,2025,6,16,1,LAX,SLC,1919,1914,-5,2206,2149,-17,2025-06-16
57974,2025,6,16,1,LAX,SMF,600,601,1,725,719,-6,2025-06-16
57975,2025,6,16,1,LAX,SMF,755,744,-11,924,913,-11,2025-06-16
57976,2025,6,16,1,LAX,SMF,810,810,0,940,950,10,2025-06-16
57978,2025,6,16,1,LAX,SMF,946,942,-4,1123,1102,-21,2025-06-16
57979,2025,6,16,1,LAX,SMF,1025,1022,-3,1159,1150,-9,2025-06-16
57980,2025,6,16,1,LAX,SMF,1140,1156,16,1305,1307,2,2025-06-16
57982,2025,6,16,1,LAX,SMF,1620,1644,24,1745,1801,16,2025-06-16
57983,2025,6,16,1,LAX,SMF,1630,1623,-7,1801,1757,-4,2025-06-16
57985,2025,6,16,1,LAX,SMF,1705,1708,3,1837,1842,5,2025-06-16
57986,2025,6,16,1,LAX,SMF,1815,1811,-4,1945,1933,-12,2025-06-16
57987,2025,6,16,1,LAX,SMF,1922,1916,-6,2101,2052,-9,2025-06-16
57988,2025,6,16,1,LAX,SMF,2030,2036,6,2155,2203,8,2025-06-16
57989,2025,6,16,1,LAX,SMF,2056,2045,-11,2228,2219,-9,2025-06-16
57990,2025,6,16,1,LAX,SMF,2155,2247,52,2320,8,48,2025-06-16
57991,2025,6,16,1,LAX,STL,510,511,1,1050,1037,-13,2025-06-16
57992,2025,6,16,1,LAX,STL,1733,1727,-6,2259,2256,-3,2025-06-16
57994,2025,6,16,1,LAX,STS,925,925,0,1106,1105,-1,2025-06-16
57995,2025,6,16,1,LAX,STS,2206,2210,4,2344,2331,-13,2025-06-16
57996,2025,6,16,1,LAX,TPA,1012,1109,57,1800,1844,44,2025-06-16
57997,2025,6,16,1,LAX,TPA,2210,2257,47,544,620,36,2025-06-16
57998,2025,6,16,1,LAX,TPA,2359,2,3,756,737,-19,2025-06-16
57999,2025,6,16,1,LAX,TUL,745,745,0,1243,1227,-16,2025-06-16
58000,2025,6,16,1,LAX,TUL,930,925,-5,1440,1413,-27,2025-06-16
58001,2025,6,16,1,LAX,TUS,822,811,-11,1003,938,-25,2025-06-16
58002,2025,6,16,1,LAX,TUS,935,931,-4,1110,1107,-3,2025-06-16
58003,2025,6,16,1,LAX,TUS,1240,1303,23,1410,1422,12,2025-06-16
58006,2025,6,16,1,LAX,TUS,1818,1815,-3,1949,1941,-8,2025-06-16
58007,2025,6,16,1,LAX,TUS,1900,1854,-6,2033,2020,-13,2025-06-16
58008,2025,6,16,1,LAX,XNA,914,924,10,1438,1454,16,2025-06-16
61320,2025,6,17,2,LAX,ABQ,800,801,1,1108,1048,-20,2025-06-17
61321,2025,6,17,2,LAX,ABQ,855,850,-5,1158,1156,-2,2025-06-17
61322,2025,6,17,2,LAX,ABQ,1459,1456,-3,1802,1758,-4,2025-06-17
61323,2025,6,17,2,LAX,ABQ,1620,1629,9,1915,1907,-8,2025-06-17
61325,2025,6,17,2,LAX,ABQ,1958,1948,-10,2258,2240,-18,2025-06-17
61326,2025,6,17,2,LAX,ACV,1315,1308,-7,1513,1513,0,2025-06-17
61327,2025,6,17,2,LAX,ANC,1945,1942,-3,8,2345,-23,2025-06-17
61328,2025,6,17,2,LAX,ASE,1040,1048,8,1356,1347,-9,2025-06-17
61333,2025,6,17,2,LAX,ATL,735,733,-2,1448,1435,-13,2025-06-17
61334,2025,6,17,2,LAX,ATL,845,845,0,1612,1554,-18,2025-06-17
61336,2025,6,17,2,LAX,ATL,953,954,1,1719,1720,1,2025-06-17
61337,2025,6,17,2,LAX,ATL,1115,1113,-2,1834,1904,30,2025-06-17
61338,2025,6,17,2,LAX,ATL,1215,1214,-1,1930,1923,-7,2025-06-17
61339,2025,6,17,2,LAX,ATL,1249,1247,-2,2015,2005,-10,2025-06-17
61340,2025,6,17,2,LAX,ATL,1315,1310,-5,2046,2045,-1,2025-06-17
61341,2025,6,17,2,LAX,ATL,1430,1513,43,2150,2235,45,2025-06-17
61344,2025,6,17,2,LAX,ATL,2145,2157,12,500,504,4,2025-06-17
61345,2025,6,17,2,LAX,ATL,2245,2323,38,600,639,39,2025-06-17
61346,2025,6,17,2,LAX,ATL,2345,2344,-1,712,705,-7,2025-06-17
61347,2025,6,17,2,LAX,AUS,615,604,-11,1117,1049,-28,2025-06-17
61348,2025,6,17,2,LAX,AUS,635,630,-5,1135,1119,-16,2025-06-17
61349,2025,6,17,2,LAX,AUS,745,741,-4,1246,1237,-9,2025-06-17
61350,2025,6,17,2,LAX,AUS,925,922,-3,1451,1424,-27,2025-06-17
61351,2025,6,17,2,LAX,AUS,1035,1031,-4,1545,1554,9,2025-06-17
61352,2025,6,17,2,LAX,AUS,1205,1207,2,1710,1649,-21,2025-06-17
61353,2025,6,17,2,LAX,AUS,1614,1606,-8,2114,2050,-24,2025-06-17
61355,2025,6,17,2,LAX,AUS,1835,1827,-8,2338,2312,-26,2025-06-17
61356,2025,6,17,2,LAX,AUS,1840,1837,-3,2358,2329,-29,2025-06-17
61357,2025,6,17,2,LAX,AUS,1850,1922,32,2350,13,23,2025-06-17
61358,2025,6,17,2,LAX,AUS,1935,1933,-2,40,41,1,2025-06-17
61359,2025,6,17,2,LAX,BNA,700,654,-6,1257,1245,-12,2025-06-17
61360,2025,6,17,2,LAX,BNA,740,739,-1,1345,1331,-14,2025-06-17
61361,2025,6,17,2,LAX,BNA,1036,1028,-8,1645,1622,-23,2025-06-17
61362,2025,6,17,2,LAX,BNA,1239,1233,-6,1844,1833,-11,2025-06-17
61363,2025,6,17,2,LAX,BNA,1839,1910,31,37,59,22,2025-06-17
61364,2025,6,17,2,LAX,BNA,2250,2256,6,500,453,-7,2025-06-17
61365,2025,6,17,2,LAX,BOI,1157,1148,-9,1503,1448,-15,2025-06-17
61366,2025,6,17,2,LAX,BOI,1245,1245,0,1559,1600,1,2025-06-17
61367,2025,6,17,2,LAX,BOI,1950,1943,-7,2254,2239,-15,2025-06-17
61368,2025,6,17,2,LAX,BOI,1959,2005,6,2301,2258,-3,2025-06-17
61369,2025,6,17,2,LAX,BOS,600,557,-3,1440,1453,13,2025-06-17
61370,2025,6,17,2,LAX,BOS,700,709,9,1537,1532,-5,2025-06-17
61371,2025,6,17,2,LAX,BOS,830,822,-8,1719,1647,-32,2025-06-17
61372,2025,6,17,2,LAX,BOS,835,918,43,1718,1749,31,2025-06-17
61373,2025,6,17,2,LAX,BOS,840,830,-10,1716,1715,-1,2025-06-17
61374,2025,6,17,2,LAX,BOS,1130,1137,7,2003,1955,-8,2025-06-17
61376,2025,6,17,2,LAX,BOS,1310,1338,28,2151,2232,41,2025-06-17
61377,2025,6,17,2,LAX,BOS,1525,1523,-2,2355,4,9,2025-06-17
61378,2025,6,17,2,LAX,BOS,2024,2017,-7,500,449,-11,2025-06-17
61379,2025,6,17,2,LAX,BOS,2213,2217,4,644,639,-5,2025-06-17
61380,2025,6,17,2,LAX,BOS,2235,2233,-2,713,711,-2,2025-06-17
61381,2025,6,17,2,LAX,BOS,2305,2324,19,741,745,4,2025-06-17
61382,2025,6,17,2,LAX,BUF,2209,2218,9,600,617,17,2025-06-17
61383,2025,6,17,2,LAX,BWI,600,557,-3,1405,1356,-9,2025-06-17
61384,2025,6,17,2,LAX,BWI,845,839,-6,1654,1701,7,2025-06-17
61385,2025,6,17,2,LAX,BWI,1005,1005,0,1810,1749,-21,2025-06-17
61386,2025,6,17,2,LAX,BWI,1134,1133,-1,1929,1940,11,2025-06-17
61387,2025,6,17,2,LAX,BWI,2055,2057,2,500,500,0,2025-06-17
61388,2025,6,17,2,LAX,BWI,2359,2354,-5,807,819,12,2025-06-17
61389,2025,6,17,2,LAX,BZN,1121,1113,-8,1450,1446,-4,2025-06-17
61390,2025,6,17,2,LAX,BZN,1800,1757,-3,2139,2124,-15,2025-06-17
61391,2025,6,17,2,LAX,CLE,1138,1131,-7,1911,1900,-11,2025-06-17
61392,2025,6,17,2,LAX,CLE,2120,2110,-10,453,438,-15,2025-06-17
61393,2025,6,17,2,LAX,CLT,605,600,-5,1354,1348,-6,2025-06-17
61394,2025,6,17,2,LAX,CLT,759,854,55,1545,1659,74,2025-06-17
61395,2025,6,17,2,LAX,CLT,911,941,30,1700,1728,28,2025-06-17
61398,2025,6,17,2,LAX,CLT,2148,2144,-4,529,525,-4,2025-06-17
61399,2025,6,17,2,LAX,CLT,2249,2252,3,635,639,4,2025-06-17
61400,2025,6,17,2,LAX,CLT,2349,2345,-4,735,742,7,2025-06-17
61402,2025,6,17,2,LAX,CVG,2229,2233,4,538,549,11,2025-06-17
61403,2025,6,17,2,LAX,DAL,520,520,0,1025,1010,-15,2025-06-17
61404,2025,6,17,2,LAX,DAL,750,820,30,1255,1303,8,2025-06-17
61405,2025,6,17,2,LAX,DAL,950,1001,11,1500,1451,-9,2025-06-17
61406,2025,6,17,2,LAX,DAL,1605,1700,55,2110,2151,41,2025-06-17
61407,2025,6,17,2,LAX,DAL,1820,1826,6,2330,2313,-17,2025-06-17
61408,2025,6,17,2,LAX,DCA,759,824,25,1600,1612,12,2025-06-17
61409,2025,6,17,2,LAX,DCA,819,813,-6,1622,1633,11,2025-06-17
61410,2025,6,17,2,LAX,DCA,1228,1250,22,2029,2039,10,2025-06-17
61412,2025,6,17,2,LAX,DEN,505,459,-6,824,810,-14,2025-06-17
61413,2025,6,17,2,LAX,DEN,525,603,38,850,912,22,2025-06-17
61414,2025,6,17,2,LAX,DEN,615,638,23,948,1001,13,2025-06-17
61415,2025,6,17,2,LAX,DEN,706,656,-10,1031,1047,16,2025-06-17
61416,2025,6,17,2,LAX,DEN,746,746,0,1110,1100,-10,2025-06-17
61417,2025,6,17,2,LAX,DEN,750,842,52,1110,1204,54,2025-06-17
61418,2025,6,17,2,LAX,DEN,804,847,43,1133,1155,22,2025-06-17
61419,2025,6,17,2,LAX,DEN,900,857,-3,1227,1326,59,2025-06-17
61420,2025,6,17,2,LAX,DEN,930,1020,50,1255,1342,47,2025-06-17
61421,2025,6,17,2,LAX,DEN,1052,1140,48,1419,1549,90,2025-06-17
61425,2025,6,17,2,LAX,DEN,1435,1447,12,1805,1809,4,2025-06-17
61429,2025,6,17,2,LAX,DEN,1850,1915,25,2215,2225,10,2025-06-17
61430,2025,6,17,2,LAX,DEN,1918,1907,-11,2247,2224,-23,2025-06-17
61431,2025,6,17,2,LAX,DEN,1945,1936,-9,2309,2300,-9,2025-06-17
61432,2025,6,17,2,LAX,DEN,2025,2017,-8,2348,2351,3,2025-06-17
61433,2025,6,17,2,LAX,DFW,40,33,-7,545,512,-33,2025-06-17
61434,2025,6,17,2,LAX,DFW,47,52,5,550,549,-1,2025-06-17
61435,2025,6,17,2,LAX,DFW,130,121,-9,633,627,-6,2025-06-17
61436,2025,6,17,2,LAX,DFW,600,556,-4,1103,1050,-13,2025-06-17
61437,2025,6,17,2,LAX,DFW,600,602,2,1120,1110,-10,2025-06-17
61438,2025,6,17,2,LAX,DFW,700,655,-5,1209,1146,-23,2025-06-17
61439,2025,6,17,2,LAX,DFW,826,819,-7,1339,1326,-13,2025-06-17
61440,2025,6,17,2,LAX,DFW,835,846,11,1343,1340,-3,2025-06-17
61441,2025,6,17,2,LAX,DFW,930,941,11,1443,1429,-14,2025-06-17
61442,2025,6,17,2,LAX,DFW,1037,1118,41,1545,1609,24,2025-06-17
61445,2025,6,17,2,LAX,DFW,1433,1429,-4,1943,1945,2,2025-06-17
61446,2025,6,17,2,LAX,DFW,1548,1553,5,2059,2059,0,2025-06-17
61448,2025,6,17,2,LAX,DFW,1835,1831,-4,2347,2337,-10,2025-06-17
61449,2025,6,17,2,LAX,DFW,1855,1855,0,2356,2351,-5,2025-06-17
61450,2025,6,17,2,LAX,DFW,1903,1942,39,26,44,18,2025-06-17
61451,2025,6,17,2,LAX,DFW,2359,2353,-6,506,450,-16,2025-06-17
61452,2025,6,17,2,LAX,DTW,20,11,-9,752,735,-17,2025-06-17
61453,2025,6,17,2,LAX,DTW,530,606,36,1257,1333,36,2025-06-17
61454,2025,6,17,2,LAX,DTW,735,742,7,1456,1452,-4,2025-06-17
61455,2025,6,17,2,LAX,DTW,925,921,-4,1652,1639,-13,2025-06-17
61456,2025,6,17,2,LAX,DTW,1114,1124,10,1837,1845,8,2025-06-17
61457,2025,6,17,2,LAX,DTW,1209,1208,-1,1931,1928,-3,2025-06-17
61458,2025,6,17,2,LAX,DTW,1536,1534,-2,2304,2313,9,2025-06-17
61459,2025,6,17,2,LAX,DTW,2130,2128,-2,452,505,13,2025-06-17
61460,2025,6,17,2,LAX,DTW,2215,2219,4,535,536,1,2025-06-17
61461,2025,6,17,2,LAX,ELP,940,1023,43,1240,1300,20,2025-06-17
61462,2025,6,17,2,LAX,ELP,1430,1425,-5,1731,1731,0,2025-06-17
61463,2025,6,17,2,LAX,ELP,1947,2036,49,2247,2324,37,2025-06-17
61464,2025,6,17,2,LAX,EUG,2144,2142,-2,2358,9,11,2025-06-17
61465,2025,6,17,2,LAX,EWR,600,554,-6,1434,1458,24,2025-06-17
61466,2025,6,17,2,LAX,EWR,700,653,-7,1534,1515,-19,2025-06-17
61467,2025,6,17,2,LAX,EWR,700,740,40,1534,1549,15,2025-06-17
61468,2025,6,17,2,LAX,EWR,810,807,-3,1640,1618,-22,2025-06-17
61469,2025,6,17,2,LAX,EWR,820,814,-6,1645,1635,-10,2025-06-17
61470,2025,6,17,2,LAX,EWR,1015,1009,-6,1854,1836,-18,2025-06-17
61471,2025,6,17,2,LAX,EWR,1050,1125,35,1920,1950,30,2025-06-17
61472,2025,6,17,2,LAX,EWR,1115,1109,-6,1954,1929,-25,2025-06-17
61473,2025,6,17,2,LAX,EWR,1215,1226,11,2054,2050,-4,2025-06-17
61474,2025,6,17,2,LAX,EWR,1330,1358,28,2152,2146,-6,2025-06-17
61475,2025,6,17,2,LAX,EWR,1434,1428,-6,2255,2245,-10,2025-06-17
61476,2025,6,17,2,LAX,EWR,1630,1624,-6,57,28,-29,2025-06-17
61477,2025,6,17,2,LAX,EWR,2055,2049,-6,508,453,-15,2025-06-17
61478,2025,6,17,2,LAX,EWR,2126,2121,-5,559,528,-31,2025-06-17
61479,2025,6,17,2,LAX,EWR,2135,2133,-2,555,613,18,2025-06-17
61480,2025,6,17,2,LAX,EWR,2359,41,42,812,907,55,2025-06-17
61481,2025,6,17,2,LAX,FAT,1030,1022,-8,1148,1142,-6,2025-06-17
61482,2025,6,17,2,LAX,FAT,1910,1909,-1,2024,2007,-17,2025-06-17
61483,2025,6,17,2,LAX,FAT,2238,2238,0,2352,4,12,2025-06-17
61484,2025,6,17,2,LAX,FCA,922,916,-6,1321,1317,-4,2025-06-17
61485,2025,6,17,2,LAX,FLL,800,807,7,1614,1557,-17,2025-06-17
61486,2025,6,17,2,LAX,FLL,1112,1107,-5,1926,1855,-31,2025-06-17
61487,2025,6,17,2,LAX,FLL,1345,1401,16,2158,2148,-10,2025-06-17
61488,2025,6,17,2,LAX,FLL,2155,2151,-4,603,551,-12,2025-06-17
61489,2025,6,17,2,LAX,FLL,2309,2305,-4,705,657,-8,2025-06-17
61490,2025,6,17,2,LAX,GEG,1114,1104,-10,1352,1328,-24,2025-06-17
61491,2025,6,17,2,LAX,GEG,1516,1520,4,1747,1748,1,2025-06-17
61492,2025,6,17,2,LAX,GEG,1859,1851,-8,2133,2132,-1,2025-06-17
61493,2025,6,17,2,LAX,HNL,705,702,-3,1010,945,-25,2025-06-17
61494,2025,6,17,2,LAX,HNL,825,825,0,1107,1102,-5,2025-06-17
61495,2025,6,17,2,LAX,HNL,830,830,0,1105,1137,32,2025-06-17
61496,2025,6,17,2,LAX,HNL,835,828,-7,1117,1123,6,2025-06-17
61497,2025,6,17,2,LAX,HNL,849,845,-4,1137,1116,-21,2025-06-17
61499,2025,6,17,2,LAX,HNL,1115,1139,24,1404,1400,-4,2025-06-17
61500,2025,6,17,2,LAX,HNL,1315,1327,12,1601,1600,-1,2025-06-17
61501,2025,6,17,2,LAX,HNL,1335,1332,-3,1618,1605,-13,2025-06-17
61503,2025,6,17,2,LAX,HNL,1710,1714,4,1944,1933,-11,2025-06-17
61504,2025,6,17,2,LAX,HNL,1745,1742,-3,2030,2019,-11,2025-06-17
61505,2025,6,17,2,LAX,HNL,1810,1827,17,2052,2053,1,2025-06-17
61506,2025,6,17,2,LAX,HNL,1820,1844,24,2057,2117,20,2025-06-17
61507,2025,6,17,2,LAX,HNL,1825,1850,25,2115,2124,9,2025-06-17
61508,2025,6,17,2,LAX,HNL,1845,1853,8,2128,2127,-1,2025-06-17
61509,2025,6,17,2,LAX,HNL,1913,2009,56,2155,2237,42,2025-06-17
61510,2025,6,17,2,LAX,HOU,505,504,-1,1030,1010,-20,2025-06-17
61511,2025,6,17,2,LAX,HOU,1235,1302,27,1755,1803,8,2025-06-17
61512,2025,6,17,2,LAX,HOU,1530,1528,-2,2055,2036,-19,2025-06-17
61513,2025,6,17,2,LAX,HOU,2350,7,17,515,515,0,2025-06-17
61514,2025,6,17,2,LAX,IAD,620,617,-3,1419,1410,-9,2025-06-17
61515,2025,6,17,2,LAX,IAD,815,808,-7,1626,1603,-23,2025-06-17
61516,2025,6,17,2,LAX,IAD,820,814,-6,1625,1629,4,2025-06-17
61518,2025,6,17,2,LAX,IAD,1315,1327,12,2120,2125,5,2025-06-17
61519,2025,6,17,2,LAX,IAD,1645,1635,-10,44,28,-16,2025-06-17
61520,2025,6,17,2,LAX,IAD,2135,2229,54,537,628,51,2025-06-17
61521,2025,6,17,2,LAX,IAD,2250,2247,-3,639,656,17,2025-06-17
61522,2025,6,17,2,LAX,IAH,56,57,1,618,553,-25,2025-06-17
61523,2025,6,17,2,LAX,IAH,515,509,-6,1042,1018,-24,2025-06-17
61524,2025,6,17,2,LAX,IAH,715,710,-5,1244,1213,-31,2025-06-17
61525,2025,6,17,2,LAX,IAH,840,841,1,1409,1409,0,2025-06-17
61526,2025,6,17,2,LAX,IAH,845,842,-3,1407,1344,-23,2025-06-17
61527,2025,6,17,2,LAX,IAH,1015,1019,4,1540,1532,-8,2025-06-17
61528,2025,6,17,2,LAX,IAH,1128,1217,49,1648,1720,32,2025-06-17
61529,2025,6,17,2,LAX,IAH,1207,1250,43,1724,1752,28,2025-06-17
61531,2025,6,17,2,LAX,IAH,1358,1349,-9,1925,1903,-22,2025-06-17
61532,2025,6,17,2,LAX,IAH,1423,1445,22,2001,2007,6,2025-06-17
61533,2025,6,17,2,LAX,IAH,1809,1804,-5,2328,2316,-12,2025-06-17
61534,2025,6,17,2,LAX,IAH,1810,1806,-4,2333,2316,-17,2025-06-17
61535,2025,6,17,2,LAX,IAH,2340,2342,2,500,443,-17,2025-06-17
61536,2025,6,17,2,LAX,IND,1036,1052,16,1747,1757,10,2025-06-17
61537,2025,6,17,2,LAX,IND,2314,2332,18,614,632,18,2025-06-17
61538,2025,6,17,2,LAX,JAC,900,853,-7,1218,1225,7,2025-06-17
61539,2025,6,17,2,LAX,JAC,1030,1022,-8,1348,1338,-10,2025-06-17
61540,2025,6,17,2,LAX,JFK,600,558,-2,1430,1421,-9,2025-06-17
61541,2025,6,17,2,LAX,JFK,600,558,-2,1434,1430,-4,2025-06-17
61542,2025,6,17,2,LAX,JFK,700,650,-10,1535,1505,-30,2025-06-17
61543,2025,6,17,2,LAX,JFK,700,659,-1,1535,1537,2,2025-06-17
61544,2025,6,17,2,LAX,JFK,720,710,-10,1555,1544,-11,2025-06-17
61546,2025,6,17,2,LAX,JFK,905,916,11,1757,1821,24,2025-06-17
61547,2025,6,17,2,LAX,JFK,930,1006,36,1809,1847,38,2025-06-17
61548,2025,6,17,2,LAX,JFK,1010,1109,59,1910,1934,24,2025-06-17
61550,2025,6,17,2,LAX,JFK,1030,1125,55,1911,2002,51,2025-06-17
61551,2025,6,17,2,LAX,JFK,1110,1203,53,1950,2031,41,2025-06-17
61553,2025,6,17,2,LAX,JFK,1221,1249,28,2100,2147,47,2025-06-17
61556,2025,6,17,2,LAX,JFK,1310,1351,41,2152,2323,91,2025-06-17
61557,2025,6,17,2,LAX,JFK,1420,1431,11,2252,2323,31,2025-06-17
61558,2025,6,17,2,LAX,JFK,1515,1513,-2,2355,2355,0,2025-06-17
61559,2025,6,17,2,LAX,JFK,1520,1515,-5,2354,9,15,2025-06-17
61560,2025,6,17,2,LAX,JFK,1520,1528,8,2357,22,25,2025-06-17
61562,2025,6,17,2,LAX,JFK,2036,2040,4,500,512,12,2025-06-17
61564,2025,6,17,2,LAX,JFK,2121,2121,0,555,550,-5,2025-06-17
61565,2025,6,17,2,LAX,JFK,2140,2151,11,607,554,-13,2025-06-17
61566,2025,6,17,2,LAX,JFK,2231,2231,0,700,650,-10,2025-06-17
61567,2025,6,17,2,LAX,JFK,2252,2242,-10,732,720,-12,2025-06-17
61568,2025,6,17,2,LAX,JFK,2355,2347,-8,830,827,-3,2025-06-17
61569,2025,6,17,2,LAX,JFK,2358,2356,-2,830,816,-14,2025-06-17
61570,2025,6,17,2,LAX,KOA,830,824,-6,1110,1121,11,2025-06-17
61571,2025,6,17,2,LAX,KOA,910,858,-12,1150,1144,-6,2025-06-17
61572,2025,6,17,2,LAX,KOA,1119,1121,2,1355,1340,-15,2025-06-17
61573,2025,6,17,2,LAX,KOA,1629,1618,-11,1859,1847,-12,2025-06-17
61574,2025,6,17,2,LAX,KOA,1725,1720,-5,2003,1951,-12,2025-06-17
61575,2025,6,17,2,LAX,LAS,530,524,-6,642,625,-17,2025-06-17
61576,2025,6,17,2,LAX,LAS,730,726,-4,840,828,-12,2025-06-17
61577,2025,6,17,2,LAX,LAS,755,750,-5,910,854,-16,2025-06-17
61578,2025,6,17,2,LAX,LAS,826,822,-4,951,1007,16,2025-06-17
61579,2025,6,17,2,LAX,LAS,930,931,1,1045,1030,-15,2025-06-17
61580,2025,6,17,2,LAX,LAS,1019,1028,9,1131,1139,8,2025-06-17
61581,2025,6,17,2,LAX,LAS,1140,1137,-3,1254,1244,-10,2025-06-17
61582,2025,6,17,2,LAX,LAS,1235,1257,22,1350,1354,4,2025-06-17
61583,2025,6,17,2,LAX,LAS,1445,1438,-7,1607,1553,-14,2025-06-17
61584,2025,6,17,2,LAX,LAS,1505,1502,-3,1615,1605,-10,2025-06-17
61585,2025,6,17,2,LAX,LAS,1548,1610,22,1713,1715,2,2025-06-17
61586,2025,6,17,2,LAX,LAS,1605,1634,29,1720,1729,9,2025-06-17
61587,2025,6,17,2,LAX,LAS,1755,1753,-2,1918,1907,-11,2025-06-17
61588,2025,6,17,2,LAX,LAS,1805,1833,28,1920,1936,16,2025-06-17
61589,2025,6,17,2,LAX,LAS,1850,1854,4,2000,2007,7,2025-06-17
61590,2025,6,17,2,LAX,LAS,1852,1849,-3,2008,1952,-16,2025-06-17
61592,2025,6,17,2,LAX,LAS,1930,1919,-11,2052,2038,-14,2025-06-17
61593,2025,6,17,2,LAX,LAS,1948,2025,37,2100,2134,34,2025-06-17
61595,2025,6,17,2,LAX,LAS,2215,2207,-8,2327,2312,-15,2025-06-17
61596,2025,6,17,2,LAX,LAS,2218,2213,-5,2335,2319,-16,2025-06-17
61597,2025,6,17,2,LAX,LAS,2305,2256,-9,27,9,-18,2025-06-17
61598,2025,6,17,2,LAX,LIH,842,844,2,1138,1136,-2,2025-06-17
61599,2025,6,17,2,LAX,LIH,903,906,3,1204,1144,-20,2025-06-17
61600,2025,6,17,2,LAX,LIH,930,943,13,1225,1219,-6,2025-06-17
61602,2025,6,17,2,LAX,MCI,625,620,-5,1135,1133,-2,2025-06-17
61603,2025,6,17,2,LAX,MCI,930,918,-12,1444,1439,-5,2025-06-17
61604,2025,6,17,2,LAX,MCI,1520,1516,-4,2029,2019,-10,2025-06-17
61605,2025,6,17,2,LAX,MCI,1815,1803,-12,2327,2310,-17,2025-06-17
61606,2025,6,17,2,LAX,MCO,700,658,-2,1458,1451,-7,2025-06-17
61607,2025,6,17,2,LAX,MCO,1002,958,-4,1804,1832,28,2025-06-17
61608,2025,6,17,2,LAX,MCO,1035,1117,42,1838,1946,68,2025-06-17
61609,2025,6,17,2,LAX,MCO,1120,1116,-4,1914,1933,19,2025-06-17
61610,2025,6,17,2,LAX,MCO,1357,1444,47,2210,2239,29,2025-06-17
61611,2025,6,17,2,LAX,MCO,1605,1632,27,2359,18,19,2025-06-17
61612,2025,6,17,2,LAX,MCO,2135,2127,-8,536,513,-23,2025-06-17
61613,2025,6,17,2,LAX,MCO,2249,2248,-1,647,639,-8,2025-06-17
61614,2025,6,17,2,LAX,MDW,515,516,1,1120,1058,-22,2025-06-17
61615,2025,6,17,2,LAX,MDW,800,825,25,1400,1416,16,2025-06-17
61616,2025,6,17,2,LAX,MDW,1200,1255,55,1805,1840,35,2025-06-17
61617,2025,6,17,2,LAX,MDW,1550,1546,-4,2150,2154,4,2025-06-17
61619,2025,6,17,2,LAX,MFE,830,815,-15,1339,1314,-25,2025-06-17
61620,2025,6,17,2,LAX,MIA,600,557,-3,1413,1343,-30,2025-06-17
61621,2025,6,17,2,LAX,MIA,745,740,-5,1554,1520,-34,2025-06-17
61622,2025,6,17,2,LAX,MIA,900,918,18,1719,1708,-11,2025-06-17
61623,2025,6,17,2,LAX,MIA,1005,1027,22,1816,1808,-8,2025-06-17
61624,2025,6,17,2,LAX,MIA,1210,1255,45,2020,2042,22,2025-06-17
61625,2025,6,17,2,LAX,MIA,1500,1459,-1,2310,2249,-21,2025-06-17
61626,2025,6,17,2,LAX,MIA,2140,2144,4,550,540,-10,2025-06-17
61627,2025,6,17,2,LAX,MIA,2249,2321,32,701,716,15,2025-06-17
61628,2025,6,17,2,LAX,MIA,2343,2342,-1,750,727,-23,2025-06-17
61629,2025,6,17,2,LAX,MRY,820,812,-8,942,934,-8,2025-06-17
61630,2025,6,17,2,LAX,MRY,1823,1825,2,1937,1939,2,2025-06-17
61631,2025,6,17,2,LAX,MSO,1131,1130,-1,1510,1507,-3,2025-06-17
61632,2025,6,17,2,LAX,MSP,50,107,17,625,634,9,2025-06-17
61633,2025,6,17,2,LAX,MSP,617,629,12,1148,1208,20,2025-06-17
61634,2025,6,17,2,LAX,MSP,800,801,1,1334,1339,5,2025-06-17
61635,2025,6,17,2,LAX,MSP,1130,1129,-1,1702,1707,5,2025-06-17
61636,2025,6,17,2,LAX,MSP,1325,1321,-4,1855,1841,-14,2025-06-17
61637,2025,6,17,2,LAX,MSP,1520,1523,3,2049,2050,1,2025-06-17
61638,2025,6,17,2,LAX,MSP,1850,1926,36,20,55,35,2025-06-17
61640,2025,6,17,2,LAX,MSY,700,656,-4,1240,1239,-1,2025-06-17
61641,2025,6,17,2,LAX,MSY,1000,1008,8,1550,1538,-12,2025-06-17
61642,2025,6,17,2,LAX,MSY,1210,1206,-4,1753,1743,-10,2025-06-17
61643,2025,6,17,2,LAX,MSY,1747,1747,0,2327,2323,-4,2025-06-17
61644,2025,6,17,2,LAX,MSY,1818,1808,-10,2358,2341,-17,2025-06-17
61645,2025,6,17,2,LAX,OAK,725,715,-10,850,834,-16,2025-06-17
61646,2025,6,17,2,LAX,OAK,1050,1053,3,1215,1200,-15,2025-06-17
61647,2025,6,17,2,LAX,OAK,1500,1530,30,1620,1644,24,2025-06-17
61648,2025,6,17,2,LAX,OAK,1750,1755,5,1910,1903,-7,2025-06-17
61649,2025,6,17,2,LAX,OAK,1935,1939,4,2100,2049,-11,2025-06-17
61650,2025,6,17,2,LAX,OGG,700,656,-4,935,931,-4,2025-06-17
61651,2025,6,17,2,LAX,OGG,800,759,-1,1031,1035,4,2025-06-17
61652,2025,6,17,2,LAX,OGG,815,838,23,1055,1120,25,2025-06-17
61653,2025,6,17,2,LAX,OGG,902,908,6,1147,1127,-20,2025-06-17
61654,2025,6,17,2,LAX,OGG,1655,1718,23,1934,1948,14,2025-06-17
61655,2025,6,17,2,LAX,OGG,1656,1654,-2,1928,1907,-21,2025-06-17
61656,2025,6,17,2,LAX,OGG,1754,1804,10,2030,2033,3,2025-06-17
61657,2025,6,17,2,LAX,OKC,900,852,-8,1400,1347,-13,2025-06-17
61658,2025,6,17,2,LAX,OKC,1732,1724,-8,2230,2213,-17,2025-06-17
61659,2025,6,17,2,LAX,OMA,1236,1230,-6,1752,1758,6,2025-06-17
61660,2025,6,17,2,LAX,ORD,30,30,0,642,629,-13,2025-06-17
61661,2025,6,17,2,LAX,ORD,32,131,59,638,735,57,2025-06-17
61662,2025,6,17,2,LAX,ORD,44,45,1,651,703,12,2025-06-17
61663,2025,6,17,2,LAX,ORD,605,558,-7,1221,1225,4,2025-06-17
61664,2025,6,17,2,LAX,ORD,620,613,-7,1242,1235,-7,2025-06-17
61665,2025,6,17,2,LAX,ORD,630,621,-9,1238,1241,3,2025-06-17
61666,2025,6,17,2,LAX,ORD,800,753,-7,1415,1403,-12,2025-06-17
61667,2025,6,17,2,LAX,ORD,815,806,-9,1439,1432,-7,2025-06-17
61668,2025,6,17,2,LAX,ORD,936,957,21,1544,1607,23,2025-06-17
61669,2025,6,17,2,LAX,ORD,1040,1100,20,1656,1713,17,2025-06-17
61670,2025,6,17,2,LAX,ORD,1105,1151,46,1717,1805,48,2025-06-17
61671,2025,6,17,2,LAX,ORD,1145,1144,-1,1753,1828,35,2025-06-17
61672,2025,6,17,2,LAX,ORD,1237,1234,-3,1855,1852,-3,2025-06-17
61673,2025,6,17,2,LAX,ORD,1300,1259,-1,1929,1944,15,2025-06-17
61674,2025,6,17,2,LAX,ORD,1401,1358,-3,2025,2028,3,2025-06-17
61675,2025,6,17,2,LAX,ORD,1502,1510,8,2108,2142,34,2025-06-17
61676,2025,6,17,2,LAX,ORD,1640,1737,57,2304,11,67,2025-06-17
61678,2025,6,17,2,LAX,ORD,1738,1735,-3,2359,2354,-5,2025-06-17
61679,2025,6,17,2,LAX,ORD,2240,2238,-2,451,433,-18,2025-06-17
61681,2025,6,17,2,LAX,ORD,2337,2333,-4,545,520,-25,2025-06-17
61682,2025,6,17,2,LAX,PDX,700,649,-11,921,906,-15,2025-06-17
61683,2025,6,17,2,LAX,PDX,700,652,-8,923,909,-14,2025-06-17
61684,2025,6,17,2,LAX,PDX,845,839,-6,1110,1112,2,2025-06-17
61685,2025,6,17,2,LAX,PDX,905,901,-4,1131,1125,-6,2025-06-17
61686,2025,6,17,2,LAX,PDX,1102,1054,-8,1325,1316,-9,2025-06-17
61688,2025,6,17,2,LAX,PDX,1340,1328,-12,1600,1536,-24,2025-06-17
61690,2025,6,17,2,LAX,PDX,1605,1554,-11,1826,1810,-16,2025-06-17
61692,2025,6,17,2,LAX,PDX,1807,1822,15,2030,2035,5,2025-06-17
61694,2025,6,17,2,LAX,PDX,2025,2015,-10,2245,2228,-17,2025-06-17
61695,2025,6,17,2,LAX,PHL,108,103,-5,916,859,-17,2025-06-17
61696,2025,6,17,2,LAX,PHL,645,640,-5,1454,1454,0,2025-06-17
61697,2025,6,17,2,LAX,PHL,745,749,4,1556,1557,1,2025-06-17
61698,2025,6,17,2,LAX,PHL,900,859,-1,1718,1710,-8,2025-06-17
61701,2025,6,17,2,LAX,PHL,1630,1627,-3,43,40,-3,2025-06-17
61702,2025,6,17,2,LAX,PHL,2253,2252,-1,705,712,7,2025-06-17
61703,2025,6,17,2,LAX,PHL,2256,2251,-5,700,655,-5,2025-06-17
61704,2025,6,17,2,LAX,PHX,610,608,-2,739,748,9,2025-06-17
61705,2025,6,17,2,LAX,PHX,700,655,-5,840,810,-30,2025-06-17
61706,2025,6,17,2,LAX,PHX,705,655,-10,830,827,-3,2025-06-17
61707,2025,6,17,2,LAX,PHX,815,811,-4,951,938,-13,2025-06-17
61708,2025,6,17,2,LAX,PHX,840,839,-1,1015,944,-31,2025-06-17
61710,2025,6,17,2,LAX,PHX,1015,1013,-2,1145,1131,-14,2025-06-17
61711,2025,6,17,2,LAX,PHX,1050,1045,-5,1225,1202,-23,2025-06-17
61712,2025,6,17,2,LAX,PHX,1325,1317,-8,1503,1447,-16,2025-06-17
61713,2025,6,17,2,LAX,PHX,1325,1422,57,1450,1553,63,2025-06-17
61714,2025,6,17,2,LAX,PHX,1400,1412,12,1528,1534,6,2025-06-17
61715,2025,6,17,2,LAX,PHX,1632,1627,-5,1759,1745,-14,2025-06-17
61716,2025,6,17,2,LAX,PHX,1650,1701,11,1825,1815,-10,2025-06-17
61717,2025,6,17,2,LAX,PHX,1730,1721,-9,1855,1843,-12,2025-06-17
61718,2025,6,17,2,LAX,PHX,1825,1835,10,1955,1948,-7,2025-06-17
61719,2025,6,17,2,LAX,PHX,1910,1900,-10,2039,2016,-23,2025-06-17
61720,2025,6,17,2,LAX,PHX,1935,2033,58,2103,2153,50,2025-06-17
61721,2025,6,17,2,LAX,PHX,2134,2226,52,2305,2342,37,2025-06-17
61722,2025,6,17,2,LAX,PHX,2235,2231,-4,13,2359,-14,2025-06-17
61725,2025,6,17,2,LAX,PSC,2125,2118,-7,2359,2351,-8,2025-06-17
61726,2025,6,17,2,LAX,RDD,1250,1244,-6,1439,1438,-1,2025-06-17
61727,2025,6,17,2,LAX,RDM,1245,1246,1,1503,1455,-8,2025-06-17
61728,2025,6,17,2,LAX,RDU,857,849,-8,1654,1709,15,2025-06-17
61729,2025,6,17,2,LAX,RDU,1240,1233,-7,2029,2020,-9,2025-06-17
61730,2025,6,17,2,LAX,RNO,959,955,-4,1131,1127,-4,2025-06-17
61731,2025,6,17,2,LAX,RNO,1019,1019,0,1200,1146,-14,2025-06-17
61732,2025,6,17,2,LAX,RNO,1502,1522,20,1630,1648,18,2025-06-17
61733,2025,6,17,2,LAX,RNO,1710,1700,-10,1844,1824,-20,2025-06-17
61734,2025,6,17,2,LAX,RNO,1730,1732,2,1855,1849,-6,2025-06-17
61735,2025,6,17,2,LAX,RNO,2050,2043,-7,2217,2208,-9,2025-06-17
61736,2025,6,17,2,LAX,RNO,2216,2215,-1,2353,2336,-17,2025-06-17
61737,2025,6,17,2,LAX,SAN,820,809,-11,919,904,-15,2025-06-17
61738,2025,6,17,2,LAX,SAN,920,918,-2,1024,1027,3,2025-06-17
61739,2025,6,17,2,LAX,SAN,1428,1506,38,1522,1600,38,2025-06-17
61740,2025,6,17,2,LAX,SAN,1800,1835,35,1854,1927,33,2025-06-17
61741,2025,6,17,2,LAX,SAN,1846,1848,2,1947,1934,-13,2025-06-17
61742,2025,6,17,2,LAX,SAN,2159,2147,-12,2253,2256,3,2025-06-17
61743,2025,6,17,2,LAX,SAN,2245,2236,-9,2346,2322,-24,2025-06-17
61744,2025,6,17,2,LAX,SAT,912,904,-8,1419,1350,-29,2025-06-17
61745,2025,6,17,2,LAX,SAT,930,927,-3,1423,1408,-15,2025-06-17
61746,2025,6,17,2,LAX,SAT,1008,1004,-4,1502,1437,-25,2025-06-17
61747,2025,6,17,2,LAX,SAT,1200,1157,-3,1700,1631,-29,2025-06-17
61749,2025,6,17,2,LAX,SAT,1858,1857,-1,2349,2336,-13,2025-06-17
61750,2025,6,17,2,LAX,SBA,1520,1510,-10,1612,1553,-19,2025-06-17
61751,2025,6,17,2,LAX,SBA,2300,2251,-9,2358,2353,-5,2025-06-17
61752,2025,6,17,2,LAX,SBP,1500,1456,-4,1601,1553,-8,2025-06-17
61753,2025,6,17,2,LAX,SBP,2232,2225,-7,2336,2317,-19,2025-06-17
61754,2025,6,17,2,LAX,SDF,1134,1142,8,1835,1840,5,2025-06-17
61755,2025,6,17,2,LAX,SEA,700,656,-4,947,951,4,2025-06-17
61756,2025,6,17,2,LAX,SEA,700,707,7,954,948,-6,2025-06-17
61757,2025,6,17,2,LAX,SEA,800,804,4,1049,1103,14,2025-06-17
61758,2025,6,17,2,LAX,SEA,945,942,-3,1242,1223,-19,2025-06-17
61759,2025,6,17,2,LAX,SEA,950,942,-8,1235,1239,4,2025-06-17
61760,2025,6,17,2,LAX,SEA,1110,1103,-7,1401,1409,8,2025-06-17
61763,2025,6,17,2,LAX,SEA,1155,1150,-5,1445,1435,-10,2025-06-17
61764,2025,6,17,2,LAX,SEA,1410,1411,1,1654,1658,4,2025-06-17
61765,2025,6,17,2,LAX,SEA,1415,1407,-8,1700,1642,-18,2025-06-17
61766,2025,6,17,2,LAX,SEA,1510,1506,-4,1754,1759,5,2025-06-17
61767,2025,6,17,2,LAX,SEA,1715,1707,-8,2000,1947,-13,2025-06-17
61768,2025,6,17,2,LAX,SEA,1743,1738,-5,2035,2011,-24,2025-06-17
61769,2025,6,17,2,LAX,SEA,1815,1825,10,2100,2107,7,2025-06-17
61771,2025,6,17,2,LAX,SEA,1907,1905,-2,2158,2145,-13,2025-06-17
61773,2025,6,17,2,LAX,SEA,1959,1953,-6,2257,2228,-29,2025-06-17
61774,2025,6,17,2,LAX,SFO,600,555,-5,738,717,-21,2025-06-17
61775,2025,6,17,2,LAX,SFO,605,615,10,730,733,3,2025-06-17
61776,2025,6,17,2,LAX,SFO,630,620,-10,752,738,-14,2025-06-17
61777,2025,6,17,2,LAX,SFO,700,651,-9,836,811,-25,2025-06-17
61778,2025,6,17,2,LAX,SFO,700,657,-3,829,825,-4,2025-06-17
61779,2025,6,17,2,LAX,SFO,805,802,-3,945,924,-21,2025-06-17
61780,2025,6,17,2,LAX,SFO,835,827,-8,958,938,-20,2025-06-17
61781,2025,6,17,2,LAX,SFO,910,906,-4,1045,1030,-15,2025-06-17
61782,2025,6,17,2,LAX,SFO,1015,1007,-8,1140,1202,22,2025-06-17
61783,2025,6,17,2,LAX,SFO,1026,1023,-3,1159,1138,-21,2025-06-17
61784,2025,6,17,2,LAX,SFO,1129,1135,6,1256,1254,-2,2025-06-17
61785,2025,6,17,2,LAX,SFO,1220,1233,13,1343,1347,4,2025-06-17
61786,2025,6,17,2,LAX,SFO,1310,1310,0,1435,1428,-7,2025-06-17
61787,2025,6,17,2,LAX,SFO,1330,1339,9,1452,1447,-5,2025-06-17
61788,2025,6,17,2,LAX,SFO,1339,1335,-4,1507,1450,-17,2025-06-17
61790,2025,6,17,2,LAX,SFO,1610,1601,-9,1739,1709,-30,2025-06-17
61791,2025,6,17,2,LAX,SFO,1627,1619,-8,1745,1728,-17,2025-06-17
61792,2025,6,17,2,LAX,SFO,1710,1715,5,1840,1844,4,2025-06-17
61793,2025,6,17,2,LAX,SFO,1808,1820,12,1943,1938,-5,2025-06-17
61794,2025,6,17,2,LAX,SFO,1820,1829,9,1943,1938,-5,2025-06-17
61795,2025,6,17,2,LAX,SFO,1840,1836,-4,2009,1947,-22,2025-06-17
61796,2025,6,17,2,LAX,SFO,1859,1856,-3,2028,2020,-8,2025-06-17
61797,2025,6,17,2,LAX,SFO,1925,1931,6,2057,2055,-2,2025-06-17
61798,2025,6,17,2,LAX,SFO,1935,1923,-12,2058,2039,-19,2025-06-17
61800,2025,6,17,2,LAX,SFO,2149,2137,-12,2312,2251,-21,2025-06-17
61801,2025,6,17,2,LAX,SFO,2225,2220,-5,2352,2354,2,2025-06-17
61802,2025,6,17,2,LAX,SFO,2235,2225,-10,2357,2345,-12,2025-06-17
61803,2025,6,17,2,LAX,SGU,1315,1307,-8,1547,1526,-21,2025-06-17
61804,2025,6,17,2,LAX,SJC,640,638,-2,755,741,-14,2025-06-17
61805,2025,6,17,2,LAX,SJC,705,659,-6,820,808,-12,2025-06-17
61806,2025,6,17,2,LAX,SJC,915,930,15,1030,1044,14,2025-06-17
61807,2025,6,17,2,LAX,SJC,1000,958,-2,1115,1106,-9,2025-06-17
61808,2025,6,17,2,LAX,SJC,1135,1132,-3,1252,1238,-14,2025-06-17
61809,2025,6,17,2,LAX,SJC,1325,1316,-9,1440,1431,-9,2025-06-17
61810,2025,6,17,2,LAX,SJC,1420,1416,-4,1535,1534,-1,2025-06-17
61811,2025,6,17,2,LAX,SJC,1545,1632,47,1700,1740,40,2025-06-17
61812,2025,6,17,2,LAX,SJC,1730,1738,8,1845,1840,-5,2025-06-17
61813,2025,6,17,2,LAX,SJC,1800,1751,-9,1915,1901,-14,2025-06-17
61815,2025,6,17,2,LAX,SJC,2128,2139,11,2244,2245,1,2025-06-17
61816,2025,6,17,2,LAX,SLC,600,555,-5,853,842,-11,2025-06-17
61817,2025,6,17,2,LAX,SLC,700,656,-4,955,941,-14,2025-06-17
61818,2025,6,17,2,LAX,SLC,805,804,-1,1100,1041,-19,2025-06-17
61819,2025,6,17,2,LAX,SLC,948,945,-3,1243,1227,-16,2025-06-17
61820,2025,6,17,2,LAX,SLC,1111,1108,-3,1403,1351,-12,2025-06-17
61821,2025,6,17,2,LAX,SLC,1311,1311,0,1604,1559,-5,2025-06-17
61822,2025,6,17,2,LAX,SLC,1710,1703,-7,2000,1958,-2,2025-06-17
61823,2025,6,17,2,LAX,SLC,1845,1839,-6,2139,2124,-15,2025-06-17
61824,2025,6,17,2,LAX,SLC,1919,1917,-2,2206,2153,-13,2025-06-17
61825,2025,6,17,2,LAX,SMF,615,611,-4,740,732,-8,2025-06-17
61826,2025,6,17,2,LAX,SMF,755,747,-8,924,915,-9,2025-06-17
61827,2025,6,17,2,LAX,SMF,815,810,-5,952,1021,29,2025-06-17
61828,2025,6,17,2,LAX,SMF,920,923,3,1045,1042,-3,2025-06-17
61829,2025,6,17,2,LAX,SMF,946,940,-6,1123,1102,-21,2025-06-17
61830,2025,6,17,2,LAX,SMF,1025,1022,-3,1159,1139,-20,2025-06-17
61831,2025,6,17,2,LAX,SMF,1225,1216,-9,1354,1334,-20,2025-06-17
61832,2025,6,17,2,LAX,SMF,1405,1425,20,1530,1544,14,2025-06-17
61833,2025,6,17,2,LAX,SMF,1630,1645,15,1801,1803,2,2025-06-17
61834,2025,6,17,2,LAX,SMF,1654,1743,49,1823,1856,33,2025-06-17
61835,2025,6,17,2,LAX,SMF,1705,1658,-7,1837,1819,-18,2025-06-17
61836,2025,6,17,2,LAX,SMF,1725,1722,-3,1850,1837,-13,2025-06-17
61838,2025,6,17,2,LAX,SMF,2025,2053,28,2150,2210,20,2025-06-17
61839,2025,6,17,2,LAX,SMF,2056,2156,60,2228,2326,58,2025-06-17
61841,2025,6,17,2,LAX,STL,500,500,0,1040,1031,-9,2025-06-17
61842,2025,6,17,2,LAX,STL,1733,1751,18,2259,2346,47,2025-06-17
61843,2025,6,17,2,LAX,STL,1845,1848,3,25,16,-9,2025-06-17
61844,2025,6,17,2,LAX,STS,925,919,-6,1106,1057,-9,2025-06-17
61845,2025,6,17,2,LAX,STS,2206,2157,-9,2344,2331,-13,2025-06-17
61846,2025,6,17,2,LAX,TPA,1012,1035,23,1800,1827,27,2025-06-17
61847,2025,6,17,2,LAX,TPA,2210,2209,-1,544,535,-9,2025-06-17
61848,2025,6,17,2,LAX,TPA,2359,2349,-10,756,725,-31,2025-06-17
61849,2025,6,17,2,LAX,TUL,930,945,15,1440,1443,3,2025-06-17
61850,2025,6,17,2,LAX,TUS,822,812,-10,1003,930,-33,2025-06-17
61851,2025,6,17,2,LAX,TUS,935,926,-9,1110,1048,-22,2025-06-17
61852,2025,6,17,2,LAX,TUS,1250,1245,-5,1425,1401,-24,2025-06-17
61853,2025,6,17,2,LAX,TUS,1410,1437,27,1544,1601,17,2025-06-17
61854,2025,6,17,2,LAX,TUS,1458,1452,-6,1627,1612,-15,2025-06-17
61855,2025,6,17,2,LAX,TUS,1818,1813,-5,1949,1936,-13,2025-06-17
61856,2025,6,17,2,LAX,TUS,1900,1859,-1,2033,2024,-9,2025-06-17
61857,2025,6,17,2,LAX,XNA,914,911,-3,1438,1448,10,2025-06-17
64970,2025,6,18,3,LAX,ABQ,800,832,32,1108,1132,24,2025-06-18
64971,2025,6,18,3,LAX,ABQ,855,847,-8,1158,1148,-10,2025-06-18
64972,2025,6,18,3,LAX,ABQ,1459,1457,-2,1802,1749,-13,2025-06-18
64973,2025,6,18,3,LAX,ABQ,1620,1625,5,1915,1912,-3,2025-06-18
64974,2025,6,18,3,LAX,ABQ,1849,1842,-7,2152,2150,-2,2025-06-18
64975,2025,6,18,3,LAX,ABQ,1958,1952,-6,2258,2245,-13,2025-06-18
64976,2025,6,18,3,LAX,ACV,1315,1308,-7,1513,1459,-14,2025-06-18
64978,2025,6,18,3,LAX,ASE,1040,1035,-5,1356,1344,-12,2025-06-18
64979,2025,6,18,3,LAX,ASE,1254,1331,37,1605,1649,44,2025-06-18
64980,2025,6,18,3,LAX,ASE,1445,1449,4,1751,1810,19,2025-06-18
64982,2025,6,18,3,LAX,ATL,620,614,-6,1342,1331,-11,2025-06-18
64983,2025,6,18,3,LAX,ATL,735,735,0,1448,1529,41,2025-06-18
64984,2025,6,18,3,LAX,ATL,845,850,5,1612,1642,30,2025-06-18
64985,2025,6,18,3,LAX,ATL,951,943,-8,1715,1724,9,2025-06-18
64986,2025,6,18,3,LAX,ATL,953,948,-5,1719,1714,-5,2025-06-18
64987,2025,6,18,3,LAX,ATL,1115,1111,-4,1834,1852,18,2025-06-18
64988,2025,6,18,3,LAX,ATL,1215,1211,-4,1930,1932,2,2025-06-18
64989,2025,6,18,3,LAX,ATL,1249,1240,-9,2015,2029,14,2025-06-18
64990,2025,6,18,3,LAX,ATL,1315,1312,-3,2046,2034,-12,2025-06-18
64991,2025,6,18,3,LAX,ATL,1430,1426,-4,2150,2141,-9,2025-06-18
64992,2025,6,18,3,LAX,ATL,1735,1734,-1,54,47,-7,2025-06-18
64994,2025,6,18,3,LAX,ATL,2145,2141,-4,500,451,-9,2025-06-18
64996,2025,6,18,3,LAX,ATL,2345,2341,-4,712,704,-8,2025-06-18
64997,2025,6,18,3,LAX,AUS,615,606,-9,1117,1108,-9,2025-06-18
64998,2025,6,18,3,LAX,AUS,635,633,-2,1135,1123,-12,2025-06-18
64999,2025,6,18,3,LAX,AUS,745,744,-1,1246,1230,-16,2025-06-18
65000,2025,6,18,3,LAX,AUS,925,922,-3,1451,1425,-26,2025-06-18
65001,2025,6,18,3,LAX,AUS,1035,1029,-6,1545,1602,17,2025-06-18
65002,2025,6,18,3,LAX,AUS,1205,1210,5,1710,1703,-7,2025-06-18
65003,2025,6,18,3,LAX,AUS,1614,1610,-4,2114,2059,-15,2025-06-18
65004,2025,6,18,3,LAX,AUS,1620,1613,-7,2121,2110,-11,2025-06-18
65005,2025,6,18,3,LAX,AUS,1835,1846,11,2338,2339,1,2025-06-18
65006,2025,6,18,3,LAX,AUS,1840,1837,-3,2358,2333,-25,2025-06-18
65007,2025,6,18,3,LAX,AUS,1850,1844,-6,2350,2335,-15,2025-06-18
65008,2025,6,18,3,LAX,AUS,1935,1937,2,40,26,-14,2025-06-18
65009,2025,6,18,3,LAX,BNA,700,656,-4,1257,1246,-11,2025-06-18
65010,2025,6,18,3,LAX,BNA,740,739,-1,1345,1335,-10,2025-06-18
65011,2025,6,18,3,LAX,BNA,929,925,-4,1532,1527,-5,2025-06-18
65012,2025,6,18,3,LAX,BNA,1036,1035,-1,1645,1631,-14,2025-06-18
65013,2025,6,18,3,LAX,BNA,1239,1229,-10,1844,1824,-20,2025-06-18
65014,2025,6,18,3,LAX,BNA,1839,1842,3,37,34,-3,2025-06-18
65015,2025,6,18,3,LAX,BNA,2250,2246,-4,500,501,1,2025-06-18
65016,2025,6,18,3,LAX,BOI,1157,1156,-1,1503,1448,-15,2025-06-18
65017,2025,6,18,3,LAX,BOI,1245,1243,-2,1559,1546,-13,2025-06-18
65018,2025,6,18,3,LAX,BOI,1950,1950,0,2254,2238,-16,2025-06-18
65019,2025,6,18,3,LAX,BOI,1959,1949,-10,2301,2242,-19,2025-06-18
65020,2025,6,18,3,LAX,BOS,600,554,-6,1440,1416,-24,2025-06-18
65021,2025,6,18,3,LAX,BOS,640,649,9,1515,1513,-2,2025-06-18
65022,2025,6,18,3,LAX,BOS,830,825,-5,1719,1729,10,2025-06-18
65023,2025,6,18,3,LAX,BOS,835,846,11,1718,1709,-9,2025-06-18
65024,2025,6,18,3,LAX,BOS,840,835,-5,1716,1704,-12,2025-06-18
65025,2025,6,18,3,LAX,BOS,1045,1057,12,1924,1918,-6,2025-06-18
65026,2025,6,18,3,LAX,BOS,1145,1228,43,2025,2119,54,2025-06-18
65027,2025,6,18,3,LAX,BOS,1310,1303,-7,2151,2136,-15,2025-06-18
65028,2025,6,18,3,LAX,BOS,1525,1519,-6,2355,2341,-14,2025-06-18
65029,2025,6,18,3,LAX,BOS,2024,2024,0,500,439,-21,2025-06-18
65030,2025,6,18,3,LAX,BOS,2102,2153,51,532,612,40,2025-06-18
65031,2025,6,18,3,LAX,BOS,2213,2236,23,644,655,11,2025-06-18
65032,2025,6,18,3,LAX,BOS,2235,2233,-2,713,702,-11,2025-06-18
65033,2025,6,18,3,LAX,BOS,2305,2306,1,741,736,-5,2025-06-18
65034,2025,6,18,3,LAX,BUF,2209,2215,6,600,559,-1,2025-06-18
65035,2025,6,18,3,LAX,BWI,600,613,13,1405,1429,24,2025-06-18
65036,2025,6,18,3,LAX,BWI,845,841,-4,1654,1652,-2,2025-06-18
65037,2025,6,18,3,LAX,BWI,1005,1019,14,1810,1830,20,2025-06-18
65038,2025,6,18,3,LAX,BWI,1134,1131,-3,1929,1925,-4,2025-06-18
65039,2025,6,18,3,LAX,BWI,2055,2105,10,500,454,-6,2025-06-18
65040,2025,6,18,3,LAX,BWI,2359,6,7,807,806,-1,2025-06-18
65041,2025,6,18,3,LAX,BZN,1121,1113,-8,1450,1442,-8,2025-06-18
65042,2025,6,18,3,LAX,BZN,1800,1755,-5,2139,2131,-8,2025-06-18
65043,2025,6,18,3,LAX,CID,1515,1525,10,2050,2053,3,2025-06-18
65044,2025,6,18,3,LAX,CLE,1138,1136,-2,1911,1913,2,2025-06-18
65045,2025,6,18,3,LAX,CLE,2120,2116,-4,453,446,-7,2025-06-18
65046,2025,6,18,3,LAX,CLT,605,558,-7,1354,1354,0,2025-06-18
65047,2025,6,18,3,LAX,CLT,759,756,-3,1545,1545,0,2025-06-18
65048,2025,6,18,3,LAX,CLT,911,912,1,1700,1720,20,2025-06-18
65049,2025,6,18,3,LAX,CLT,1154,1238,44,1945,2020,35,2025-06-18
65050,2025,6,18,3,LAX,CLT,1402,1358,-4,2155,2140,-15,2025-06-18
65051,2025,6,18,3,LAX,CLT,2148,2248,60,529,636,67,2025-06-18
65052,2025,6,18,3,LAX,CLT,2249,2244,-5,635,630,-5,2025-06-18
65053,2025,6,18,3,LAX,CLT,2306,2325,19,645,707,22,2025-06-18
65054,2025,6,18,3,LAX,CLT,2349,2349,0,735,731,-4,2025-06-18
65055,2025,6,18,3,LAX,CMH,925,954,29,1701,1712,11,2025-06-18
65056,2025,6,18,3,LAX,CVG,2229,2224,-5,538,602,24,2025-06-18
65057,2025,6,18,3,LAX,DAL,520,524,4,1025,1024,-1,2025-06-18
65058,2025,6,18,3,LAX,DAL,750,826,36,1255,1323,28,2025-06-18
65059,2025,6,18,3,LAX,DAL,950,953,3,1500,1449,-11,2025-06-18
65060,2025,6,18,3,LAX,DAL,1605,1606,1,2110,2101,-9,2025-06-18
65061,2025,6,18,3,LAX,DAL,1820,1838,18,2330,2337,7,2025-06-18
65063,2025,6,18,3,LAX,DCA,819,825,6,1622,1735,73,2025-06-18
65066,2025,6,18,3,LAX,DEN,505,506,1,824,818,-6,2025-06-18
65067,2025,6,18,3,LAX,DEN,525,525,0,850,844,-6,2025-06-18
65068,2025,6,18,3,LAX,DEN,615,627,12,948,1001,13,2025-06-18
65069,2025,6,18,3,LAX,DEN,706,658,-8,1031,1022,-9,2025-06-18
65070,2025,6,18,3,LAX,DEN,746,740,-6,1110,1109,-1,2025-06-18
65071,2025,6,18,3,LAX,DEN,750,752,2,1110,1113,3,2025-06-18
65072,2025,6,18,3,LAX,DEN,804,757,-7,1133,1110,-23,2025-06-18
65073,2025,6,18,3,LAX,DEN,900,857,-3,1227,1224,-3,2025-06-18
65074,2025,6,18,3,LAX,DEN,930,942,12,1255,1254,-1,2025-06-18
65075,2025,6,18,3,LAX,DEN,1052,1045,-7,1419,1358,-21,2025-06-18
65076,2025,6,18,3,LAX,DEN,1255,1300,5,1623,1715,52,2025-06-18
65077,2025,6,18,3,LAX,DEN,1300,1317,17,1625,1640,15,2025-06-18
65078,2025,6,18,3,LAX,DEN,1338,1414,36,1701,1725,24,2025-06-18
65079,2025,6,18,3,LAX,DEN,1435,1433,-2,1805,1757,-8,2025-06-18
65080,2025,6,18,3,LAX,DEN,1459,1458,-1,1819,1811,-8,2025-06-18
65081,2025,6,18,3,LAX,DEN,1515,1514,-1,1840,1825,-15,2025-06-18
65082,2025,6,18,3,LAX,DEN,1611,1617,6,1940,1933,-7,2025-06-18
65083,2025,6,18,3,LAX,DEN,1830,1830,0,2200,2144,-16,2025-06-18
65084,2025,6,18,3,LAX,DEN,1850,1943,53,2215,2251,36,2025-06-18
65085,2025,6,18,3,LAX,DEN,1918,1919,1,2247,2235,-12,2025-06-18
65086,2025,6,18,3,LAX,DEN,1945,1940,-5,2309,2323,14,2025-06-18
65087,2025,6,18,3,LAX,DEN,2025,2029,4,2348,2350,2,2025-06-18
65088,2025,6,18,3,LAX,DFW,47,39,-8,550,548,-2,2025-06-18
65089,2025,6,18,3,LAX,DFW,130,125,-5,633,620,-13,2025-06-18
65090,2025,6,18,3,LAX,DFW,600,550,-10,1103,1054,-9,2025-06-18
65091,2025,6,18,3,LAX,DFW,600,622,22,1120,1122,2,2025-06-18
65092,2025,6,18,3,LAX,DFW,700,657,-3,1209,1200,-9,2025-06-18
65093,2025,6,18,3,LAX,DFW,826,823,-3,1339,1334,-5,2025-06-18
65094,2025,6,18,3,LAX,DFW,835,841,6,1343,1351,8,2025-06-18
65095,2025,6,18,3,LAX,DFW,930,931,1,1443,1435,-8,2025-06-18
65096,2025,6,18,3,LAX,DFW,1037,1046,9,1545,1553,8,2025-06-18
65097,2025,6,18,3,LAX,DFW,1230,1224,-6,1737,1733,-4,2025-06-18
65098,2025,6,18,3,LAX,DFW,1348,1345,-3,1859,1840,-19,2025-06-18
65099,2025,6,18,3,LAX,DFW,1433,1452,19,1943,2006,23,2025-06-18
65100,2025,6,18,3,LAX,DFW,1548,1540,-8,2059,2042,-17,2025-06-18
65101,2025,6,18,3,LAX,DFW,1636,1630,-6,2147,2136,-11,2025-06-18
65102,2025,6,18,3,LAX,DFW,1835,1840,5,2347,2338,-9,2025-06-18
65103,2025,6,18,3,LAX,DFW,1855,1847,-8,2356,2352,-4,2025-06-18
65104,2025,6,18,3,LAX,DFW,1903,1917,14,26,18,-8,2025-06-18
65105,2025,6,18,3,LAX,DFW,2359,13,14,506,525,19,2025-06-18
65106,2025,6,18,3,LAX,DTW,530,528,-2,1257,1337,40,2025-06-18
65107,2025,6,18,3,LAX,DTW,735,735,0,1456,1445,-11,2025-06-18
65108,2025,6,18,3,LAX,DTW,925,1015,50,1652,1733,41,2025-06-18
65109,2025,6,18,3,LAX,DTW,1114,1112,-2,1837,1842,5,2025-06-18
65110,2025,6,18,3,LAX,DTW,1209,1200,-9,1931,1919,-12,2025-06-18
65111,2025,6,18,3,LAX,DTW,1536,1555,19,2304,2322,18,2025-06-18
65112,2025,6,18,3,LAX,DTW,2130,2137,7,452,455,3,2025-06-18
65113,2025,6,18,3,LAX,DTW,2215,2235,20,535,547,12,2025-06-18
65114,2025,6,18,3,LAX,ELP,940,1008,28,1240,1256,16,2025-06-18
65115,2025,6,18,3,LAX,ELP,1430,1424,-6,1731,1728,-3,2025-06-18
65116,2025,6,18,3,LAX,ELP,1947,1941,-6,2247,2242,-5,2025-06-18
65117,2025,6,18,3,LAX,EUG,2144,2135,-9,2358,2343,-15,2025-06-18
65118,2025,6,18,3,LAX,EWR,600,551,-9,1434,1506,32,2025-06-18
65119,2025,6,18,3,LAX,EWR,700,653,-7,1534,1523,-11,2025-06-18
65120,2025,6,18,3,LAX,EWR,700,653,-7,1534,1528,-6,2025-06-18
65121,2025,6,18,3,LAX,EWR,810,800,-10,1640,1619,-21,2025-06-18
65122,2025,6,18,3,LAX,EWR,820,824,4,1645,1710,25,2025-06-18
65123,2025,6,18,3,LAX,EWR,1015,1012,-3,1854,1850,-4,2025-06-18
65124,2025,6,18,3,LAX,EWR,1050,1050,0,1920,2013,53,2025-06-18
65125,2025,6,18,3,LAX,EWR,1115,1120,5,1954,2059,65,2025-06-18
65126,2025,6,18,3,LAX,EWR,1215,1308,53,2054,2215,81,2025-06-18
65128,2025,6,18,3,LAX,EWR,1434,1508,34,2255,2355,60,2025-06-18
65129,2025,6,18,3,LAX,EWR,1630,1628,-2,57,45,-12,2025-06-18
65130,2025,6,18,3,LAX,EWR,2055,2053,-2,508,456,-12,2025-06-18
65131,2025,6,18,3,LAX,EWR,2126,2140,14,559,546,-13,2025-06-18
65132,2025,6,18,3,LAX,EWR,2135,2136,1,555,602,7,2025-06-18
65133,2025,6,18,3,LAX,EWR,2359,15,16,812,817,5,2025-06-18
65134,2025,6,18,3,LAX,FAT,1030,1034,4,1148,1139,-9,2025-06-18
65135,2025,6,18,3,LAX,FAT,1910,1907,-3,2024,2011,-13,2025-06-18
65136,2025,6,18,3,LAX,FAT,2238,2258,20,2352,10,18,2025-06-18
65137,2025,6,18,3,LAX,FCA,922,918,-4,1321,1322,1,2025-06-18
65138,2025,6,18,3,LAX,FLL,800,759,-1,1614,1610,-4,2025-06-18
65139,2025,6,18,3,LAX,FLL,1112,1109,-3,1926,1901,-25,2025-06-18
65141,2025,6,18,3,LAX,FLL,2155,2204,9,603,602,-1,2025-06-18
65143,2025,6,18,3,LAX,GEG,1114,1107,-7,1352,1345,-7,2025-06-18
65144,2025,6,18,3,LAX,GEG,1516,1518,2,1747,1743,-4,2025-06-18
65145,2025,6,18,3,LAX,GEG,1859,1848,-11,2133,2108,-25,2025-06-18
65146,2025,6,18,3,LAX,GRR,931,927,-4,1637,1621,-16,2025-06-18
65147,2025,6,18,3,LAX,HNL,705,705,0,1010,950,-20,2025-06-18
65148,2025,6,18,3,LAX,HNL,825,835,10,1107,1115,8,2025-06-18
65149,2025,6,18,3,LAX,HNL,830,832,2,1105,1137,32,2025-06-18
65150,2025,6,18,3,LAX,HNL,835,830,-5,1117,1119,2,2025-06-18
65151,2025,6,18,3,LAX,HNL,849,840,-9,1137,1127,-10,2025-06-18
65152,2025,6,18,3,LAX,HNL,1010,1011,1,1240,1304,24,2025-06-18
65153,2025,6,18,3,LAX,HNL,1115,1117,2,1404,1404,0,2025-06-18
65154,2025,6,18,3,LAX,HNL,1315,1323,8,1601,1552,-9,2025-06-18
65155,2025,6,18,3,LAX,HNL,1335,1329,-6,1618,1620,2,2025-06-18
65156,2025,6,18,3,LAX,HNL,1444,1446,2,1728,1715,-13,2025-06-18
65157,2025,6,18,3,LAX,HNL,1710,1708,-2,1944,1932,-12,2025-06-18
65158,2025,6,18,3,LAX,HNL,1745,1834,49,2030,2107,37,2025-06-18
65159,2025,6,18,3,LAX,HNL,1810,1809,-1,2052,2046,-6,2025-06-18
65160,2025,6,18,3,LAX,HNL,1820,1817,-3,2057,2047,-10,2025-06-18
65161,2025,6,18,3,LAX,HNL,1825,1849,24,2115,2127,12,2025-06-18
65162,2025,6,18,3,LAX,HNL,1845,1842,-3,2128,2113,-15,2025-06-18
65163,2025,6,18,3,LAX,HNL,1913,1955,42,2155,2241,46,2025-06-18
65164,2025,6,18,3,LAX,HOU,505,506,1,1030,1009,-21,2025-06-18
65165,2025,6,18,3,LAX,HOU,1235,1246,11,1755,1758,3,2025-06-18
65166,2025,6,18,3,LAX,HOU,1530,1525,-5,2055,2036,-19,2025-06-18
65167,2025,6,18,3,LAX,HOU,2350,2354,4,515,512,-3,2025-06-18
65168,2025,6,18,3,LAX,IAD,620,611,-9,1423,1442,19,2025-06-18
65169,2025,6,18,3,LAX,IAD,815,810,-5,1621,1607,-14,2025-06-18
65170,2025,6,18,3,LAX,IAD,820,826,6,1625,1639,14,2025-06-18
65171,2025,6,18,3,LAX,IAD,1015,1015,0,1820,1814,-6,2025-06-18
65172,2025,6,18,3,LAX,IAD,1315,1330,15,2120,2121,1,2025-06-18
65173,2025,6,18,3,LAX,IAD,1645,1700,15,44,45,1,2025-06-18
65174,2025,6,18,3,LAX,IAD,2135,2200,25,537,533,-4,2025-06-18
65175,2025,6,18,3,LAX,IAD,2250,2256,6,639,632,-7,2025-06-18
65176,2025,6,18,3,LAX,IAH,56,51,-5,618,551,-27,2025-06-18
65177,2025,6,18,3,LAX,IAH,515,511,-4,1042,1023,-19,2025-06-18
65178,2025,6,18,3,LAX,IAH,715,708,-7,1244,1231,-13,2025-06-18
65179,2025,6,18,3,LAX,IAH,840,837,-3,1409,1348,-21,2025-06-18
65180,2025,6,18,3,LAX,IAH,845,838,-7,1407,1353,-14,2025-06-18
65181,2025,6,18,3,LAX,IAH,1015,1013,-2,1540,1527,-13,2025-06-18
65182,2025,6,18,3,LAX,IAH,1128,1126,-2,1648,1639,-9,2025-06-18
65183,2025,6,18,3,LAX,IAH,1207,1206,-1,1724,1711,-13,2025-06-18
65184,2025,6,18,3,LAX,IAH,1310,1306,-4,1840,1821,-19,2025-06-18
65185,2025,6,18,3,LAX,IAH,1358,1357,-1,1925,1912,-13,2025-06-18
65186,2025,6,18,3,LAX,IAH,1423,1510,47,2001,2037,36,2025-06-18
65187,2025,6,18,3,LAX,IAH,1809,1801,-8,2328,2320,-8,2025-06-18
65188,2025,6,18,3,LAX,IAH,1810,1803,-7,2333,2322,-11,2025-06-18
65189,2025,6,18,3,LAX,IAH,1920,1908,-12,43,25,-18,2025-06-18
65190,2025,6,18,3,LAX,IAH,2340,2334,-6,500,444,-16,2025-06-18
65191,2025,6,18,3,LAX,IND,1036,1032,-4,1747,1747,0,2025-06-18
65192,2025,6,18,3,LAX,IND,2314,2311,-3,614,606,-8,2025-06-18
65193,2025,6,18,3,LAX,JAC,900,851,-9,1218,1224,6,2025-06-18
65194,2025,6,18,3,LAX,JAC,1030,1024,-6,1348,1351,3,2025-06-18
65195,2025,6,18,3,LAX,JFK,600,606,6,1434,1435,1,2025-06-18
65196,2025,6,18,3,LAX,JFK,600,630,30,1430,1452,22,2025-06-18
65197,2025,6,18,3,LAX,JFK,700,700,0,1535,1530,-5,2025-06-18
65198,2025,6,18,3,LAX,JFK,700,707,7,1535,1527,-8,2025-06-18
65199,2025,6,18,3,LAX,JFK,720,711,-9,1555,1546,-9,2025-06-18
65200,2025,6,18,3,LAX,JFK,819,821,2,1658,1710,12,2025-06-18
65201,2025,6,18,3,LAX,JFK,905,911,6,1757,1851,54,2025-06-18
65202,2025,6,18,3,LAX,JFK,930,945,15,1809,1856,47,2025-06-18
65205,2025,6,18,3,LAX,JFK,1030,1117,47,1911,2025,74,2025-06-18
65206,2025,6,18,3,LAX,JFK,1110,1144,34,1950,2042,52,2025-06-18
65210,2025,6,18,3,LAX,JFK,1300,1325,25,2145,2219,34,2025-06-18
65212,2025,6,18,3,LAX,JFK,1420,1515,55,2252,15,83,2025-06-18
65213,2025,6,18,3,LAX,JFK,1515,1532,17,2355,35,40,2025-06-18
65214,2025,6,18,3,LAX,JFK,1520,1511,-9,2354,12,18,2025-06-18
65215,2025,6,18,3,LAX,JFK,1520,1535,15,2357,36,39,2025-06-18
65217,2025,6,18,3,LAX,JFK,2036,2100,24,500,515,15,2025-06-18
65218,2025,6,18,3,LAX,JFK,2053,2105,12,530,528,-2,2025-06-18
65219,2025,6,18,3,LAX,JFK,2121,2119,-2,555,558,3,2025-06-18
65220,2025,6,18,3,LAX,JFK,2140,2211,31,607,618,11,2025-06-18
65222,2025,6,18,3,LAX,JFK,2252,2310,18,732,759,27,2025-06-18
65223,2025,6,18,3,LAX,JFK,2355,2349,-6,830,807,-23,2025-06-18
65224,2025,6,18,3,LAX,JFK,2358,4,6,830,827,-3,2025-06-18
65225,2025,6,18,3,LAX,KOA,830,823,-7,1110,1125,15,2025-06-18
65226,2025,6,18,3,LAX,KOA,910,914,4,1150,1151,1,2025-06-18
65227,2025,6,18,3,LAX,KOA,1119,1110,-9,1355,1336,-19,2025-06-18
65228,2025,6,18,3,LAX,KOA,1629,1631,2,1859,1855,-4,2025-06-18
65229,2025,6,18,3,LAX,KOA,1725,1730,5,2003,1955,-8,2025-06-18
65230,2025,6,18,3,LAX,LAS,530,526,-4,642,628,-14,2025-06-18
65231,2025,6,18,3,LAX,LAS,730,725,-5,840,826,-14,2025-06-18
65232,2025,6,18,3,LAX,LAS,755,754,-1,910,905,-5,2025-06-18
65233,2025,6,18,3,LAX,LAS,826,822,-4,951,951,0,2025-06-18
65234,2025,6,18,3,LAX,LAS,930,931,1,1045,1041,-4,2025-06-18
65235,2025,6,18,3,LAX,LAS,1019,1015,-4,1131,1123,-8,2025-06-18
65236,2025,6,18,3,LAX,LAS,1140,1138,-2,1254,1256,2,2025-06-18
65237,2025,6,18,3,LAX,LAS,1235,1245,10,1350,1350,0,2025-06-18
65238,2025,6,18,3,LAX,LAS,1445,1439,-6,1607,1601,-6,2025-06-18
65239,2025,6,18,3,LAX,LAS,1505,1502,-3,1615,1611,-4,2025-06-18
65240,2025,6,18,3,LAX,LAS,1548,1606,18,1713,1712,-1,2025-06-18
65242,2025,6,18,3,LAX,LAS,1755,1753,-2,1918,1900,-18,2025-06-18
65243,2025,6,18,3,LAX,LAS,1805,1803,-2,1920,1904,-16,2025-06-18
65245,2025,6,18,3,LAX,LAS,1852,1842,-10,2008,1958,-10,2025-06-18
65246,2025,6,18,3,LAX,LAS,1930,1923,-7,2052,2028,-24,2025-06-18
65247,2025,6,18,3,LAX,LAS,1948,2027,39,2100,2130,30,2025-06-18
65248,2025,6,18,3,LAX,LAS,2035,2036,1,2155,2136,-19,2025-06-18
65249,2025,6,18,3,LAX,LAS,2059,2126,27,2215,2235,20,2025-06-18
65250,2025,6,18,3,LAX,LAS,2215,2212,-3,2327,2323,-4,2025-06-18
65251,2025,6,18,3,LAX,LAS,2218,2215,-3,2335,2325,-10,2025-06-18
65252,2025,6,18,3,LAX,LAS,2305,2259,-6,27,9,-18,2025-06-18
65253,2025,6,18,3,LAX,LIH,842,839,-3,1138,1131,-7,2025-06-18
65254,2025,6,18,3,LAX,LIH,903,901,-2,1204,1153,-11,2025-06-18
65255,2025,6,18,3,LAX,LIH,930,936,6,1225,1214,-11,2025-06-18
65257,2025,6,18,3,LAX,LIT,630,627,-3,1154,1143,-11,2025-06-18
65258,2025,6,18,3,LAX,MCI,625,624,-1,1135,1135,0,2025-06-18
65259,2025,6,18,3,LAX,MCI,930,922,-8,1444,1434,-10,2025-06-18
65260,2025,6,18,3,LAX,MCI,1520,1517,-3,2029,2026,-3,2025-06-18
65261,2025,6,18,3,LAX,MCI,1815,1816,1,2327,2334,7,2025-06-18
65262,2025,6,18,3,LAX,MCO,700,657,-3,1458,1456,-2,2025-06-18
65263,2025,6,18,3,LAX,MCO,1002,955,-7,1804,1757,-7,2025-06-18
65264,2025,6,18,3,LAX,MCO,1035,1032,-3,1838,1823,-15,2025-06-18
65265,2025,6,18,3,LAX,MCO,1120,1116,-4,1914,1906,-8,2025-06-18
65266,2025,6,18,3,LAX,MCO,1357,1427,30,2210,2218,8,2025-06-18
65268,2025,6,18,3,LAX,MCO,2135,2230,55,536,612,36,2025-06-18
65270,2025,6,18,3,LAX,MCO,2249,2318,29,647,704,17,2025-06-18
65271,2025,6,18,3,LAX,MDW,515,531,16,1120,1129,9,2025-06-18
65272,2025,6,18,3,LAX,MDW,800,800,0,1400,1405,5,2025-06-18
65273,2025,6,18,3,LAX,MDW,1200,1232,32,1805,1828,23,2025-06-18
65275,2025,6,18,3,LAX,MDW,2255,2342,47,500,537,37,2025-06-18
65276,2025,6,18,3,LAX,MEM,1820,1818,-2,2358,2357,-1,2025-06-18
65277,2025,6,18,3,LAX,MIA,600,553,-7,1413,1343,-30,2025-06-18
65278,2025,6,18,3,LAX,MIA,745,738,-7,1554,1526,-28,2025-06-18
65279,2025,6,18,3,LAX,MIA,900,903,3,1719,1704,-15,2025-06-18
65280,2025,6,18,3,LAX,MIA,1005,1003,-2,1816,1755,-21,2025-06-18
65281,2025,6,18,3,LAX,MIA,1210,1211,1,2020,2020,0,2025-06-18
65282,2025,6,18,3,LAX,MIA,1500,1510,10,2310,2300,-10,2025-06-18
65284,2025,6,18,3,LAX,MIA,2249,2246,-3,701,644,-17,2025-06-18
65285,2025,6,18,3,LAX,MIA,2343,16,33,750,813,23,2025-06-18
65286,2025,6,18,3,LAX,MRY,820,816,-4,942,934,-8,2025-06-18
65287,2025,6,18,3,LAX,MRY,1823,1840,17,1937,1949,12,2025-06-18
65288,2025,6,18,3,LAX,MSO,1131,1124,-7,1510,1451,-19,2025-06-18
65289,2025,6,18,3,LAX,MSP,617,609,-8,1148,1148,0,2025-06-18
65290,2025,6,18,3,LAX,MSP,800,801,1,1334,1333,-1,2025-06-18
65291,2025,6,18,3,LAX,MSP,1130,1134,4,1702,1706,4,2025-06-18
65292,2025,6,18,3,LAX,MSP,1325,1324,-1,1855,1849,-6,2025-06-18
65293,2025,6,18,3,LAX,MSP,1520,1518,-2,2049,2052,3,2025-06-18
65294,2025,6,18,3,LAX,MSP,1850,1843,-7,20,18,-2,2025-06-18
65295,2025,6,18,3,LAX,MSP,2330,2319,-11,504,444,-20,2025-06-18
65296,2025,6,18,3,LAX,MSY,700,653,-7,1240,1257,17,2025-06-18
65298,2025,6,18,3,LAX,MSY,1210,1208,-2,1753,1742,-11,2025-06-18
65299,2025,6,18,3,LAX,MSY,1747,1738,-9,2327,2314,-13,2025-06-18
65300,2025,6,18,3,LAX,MSY,1818,1823,5,2358,2357,-1,2025-06-18
65301,2025,6,18,3,LAX,OAK,725,719,-6,850,831,-19,2025-06-18
65302,2025,6,18,3,LAX,OAK,1050,1045,-5,1215,1156,-19,2025-06-18
65303,2025,6,18,3,LAX,OAK,1500,1523,23,1620,1630,10,2025-06-18
65304,2025,6,18,3,LAX,OAK,1750,1801,11,1910,1913,3,2025-06-18
65306,2025,6,18,3,LAX,OGG,700,659,-1,935,929,-6,2025-06-18
65307,2025,6,18,3,LAX,OGG,800,755,-5,1031,1019,-12,2025-06-18
65308,2025,6,18,3,LAX,OGG,815,807,-8,1055,1037,-18,2025-06-18
65309,2025,6,18,3,LAX,OGG,902,900,-2,1147,1129,-18,2025-06-18
65311,2025,6,18,3,LAX,OGG,1656,1649,-7,1928,1907,-21,2025-06-18
65312,2025,6,18,3,LAX,OGG,1754,1752,-2,2030,2016,-14,2025-06-18
65313,2025,6,18,3,LAX,OKC,900,902,2,1400,1351,-9,2025-06-18
65314,2025,6,18,3,LAX,OKC,1732,1755,23,2230,2253,23,2025-06-18
65315,2025,6,18,3,LAX,OMA,730,728,-2,1242,1231,-11,2025-06-18
65316,2025,6,18,3,LAX,OMA,1236,1302,26,1752,1821,29,2025-06-18
65317,2025,6,18,3,LAX,ORD,32,28,-4,638,617,-21,2025-06-18
65318,2025,6,18,3,LAX,ORD,44,44,0,651,633,-18,2025-06-18
65319,2025,6,18,3,LAX,ORD,545,538,-7,1157,1149,-8,2025-06-18
65320,2025,6,18,3,LAX,ORD,605,600,-5,1221,1200,-21,2025-06-18
65321,2025,6,18,3,LAX,ORD,620,617,-3,1242,1223,-19,2025-06-18
65322,2025,6,18,3,LAX,ORD,630,625,-5,1238,1220,-18,2025-06-18
65323,2025,6,18,3,LAX,ORD,800,754,-6,1415,1417,2,2025-06-18
65324,2025,6,18,3,LAX,ORD,815,810,-5,1439,1431,-8,2025-06-18
65325,2025,6,18,3,LAX,ORD,936,953,17,1544,1607,23,2025-06-18
65326,2025,6,18,3,LAX,ORD,1040,1049,9,1656,1718,22,2025-06-18
65327,2025,6,18,3,LAX,ORD,1105,1146,41,1717,1816,59,2025-06-18
65328,2025,6,18,3,LAX,ORD,1145,1233,48,1753,1902,69,2025-06-18
65329,2025,6,18,3,LAX,ORD,1237,1236,-1,1855,1921,26,2025-06-18
65330,2025,6,18,3,LAX,ORD,1300,1255,-5,1929,1927,-2,2025-06-18
65331,2025,6,18,3,LAX,ORD,1401,1400,-1,2025,2031,6,2025-06-18
65333,2025,6,18,3,LAX,ORD,1640,1640,0,2304,2312,8,2025-06-18
65334,2025,6,18,3,LAX,ORD,1729,1726,-3,2335,2335,0,2025-06-18
65335,2025,6,18,3,LAX,ORD,1738,1739,1,2359,2354,-5,2025-06-18
65336,2025,6,18,3,LAX,ORD,2240,2244,4,451,516,25,2025-06-18
65337,2025,6,18,3,LAX,ORD,2300,2253,-7,513,500,-13,2025-06-18
65338,2025,6,18,3,LAX,ORD,2337,2344,7,545,543,-2,2025-06-18
65339,2025,6,18,3,LAX,PDX,700,657,-3,923,915,-8,2025-06-18
65340,2025,6,18,3,LAX,PDX,700,701,1,921,923,2,2025-06-18
65341,2025,6,18,3,LAX,PDX,845,853,8,1110,1107,-3,2025-06-18
65342,2025,6,18,3,LAX,PDX,905,900,-5,1131,1134,3,2025-06-18
65343,2025,6,18,3,LAX,PDX,1102,1056,-6,1325,1316,-9,2025-06-18
65344,2025,6,18,3,LAX,PDX,1201,1300,59,1425,1524,59,2025-06-18
65345,2025,6,18,3,LAX,PDX,1340,1348,8,1600,1559,-1,2025-06-18
65346,2025,6,18,3,LAX,PDX,1405,1406,1,1625,1627,2,2025-06-18
65347,2025,6,18,3,LAX,PDX,1605,1606,1,1826,1821,-5,2025-06-18
65348,2025,6,18,3,LAX,PDX,1640,1631,-9,1859,1834,-25,2025-06-18
65349,2025,6,18,3,LAX,PDX,1807,1808,1,2030,2020,-10,2025-06-18
65351,2025,6,18,3,LAX,PDX,2025,2017,-8,2245,2242,-3,2025-06-18
65352,2025,6,18,3,LAX,PHL,108,107,-1,916,917,1,2025-06-18
65353,2025,6,18,3,LAX,PHL,645,644,-1,1454,1507,13,2025-06-18
65354,2025,6,18,3,LAX,PHL,745,745,0,1556,1630,34,2025-06-18
65355,2025,6,18,3,LAX,PHL,900,903,3,1718,1743,25,2025-06-18
65357,2025,6,18,3,LAX,PHL,1442,1438,-4,2254,2322,28,2025-06-18
65359,2025,6,18,3,LAX,PHL,2235,2334,59,658,752,54,2025-06-18
65360,2025,6,18,3,LAX,PHL,2253,2301,8,705,653,-12,2025-06-18
65362,2025,6,18,3,LAX,PHX,700,700,0,840,824,-16,2025-06-18
65363,2025,6,18,3,LAX,PHX,705,719,14,830,835,5,2025-06-18
65364,2025,6,18,3,LAX,PHX,815,809,-6,951,933,-18,2025-06-18
65365,2025,6,18,3,LAX,PHX,840,835,-5,1015,947,-28,2025-06-18
65366,2025,6,18,3,LAX,PHX,1000,959,-1,1130,1125,-5,2025-06-18
65367,2025,6,18,3,LAX,PHX,1015,1009,-6,1145,1128,-17,2025-06-18
65368,2025,6,18,3,LAX,PHX,1050,1044,-6,1225,1155,-30,2025-06-18
65369,2025,6,18,3,LAX,PHX,1325,1321,-4,1503,1444,-19,2025-06-18
65370,2025,6,18,3,LAX,PHX,1325,1335,10,1450,1507,17,2025-06-18
65371,2025,6,18,3,LAX,PHX,1400,1358,-2,1528,1521,-7,2025-06-18
65372,2025,6,18,3,LAX,PHX,1632,1631,-1,1759,1752,-7,2025-06-18
65373,2025,6,18,3,LAX,PHX,1650,1657,7,1825,1812,-13,2025-06-18
65374,2025,6,18,3,LAX,PHX,1730,1723,-7,1855,1852,-3,2025-06-18
65375,2025,6,18,3,LAX,PHX,1825,1823,-2,1955,1938,-17,2025-06-18
65376,2025,6,18,3,LAX,PHX,1910,1905,-5,2039,2034,-5,2025-06-18
65377,2025,6,18,3,LAX,PHX,1935,1951,16,2103,2109,6,2025-06-18
65379,2025,6,18,3,LAX,PHX,2235,2229,-6,13,2358,-15,2025-06-18
65380,2025,6,18,3,LAX,PIT,915,915,0,1700,1655,-5,2025-06-18
65381,2025,6,18,3,LAX,PRC,1945,1956,11,2111,2108,-3,2025-06-18
65382,2025,6,18,3,LAX,PSC,2125,2119,-6,2359,2350,-9,2025-06-18
65383,2025,6,18,3,LAX,RDD,1250,1246,-4,1439,1432,-7,2025-06-18
65384,2025,6,18,3,LAX,RDM,1245,1245,0,1503,1459,-4,2025-06-18
65385,2025,6,18,3,LAX,RDU,857,854,-3,1654,1659,5,2025-06-18
65386,2025,6,18,3,LAX,RDU,1240,1235,-5,2029,2027,-2,2025-06-18
65387,2025,6,18,3,LAX,RNO,959,952,-7,1131,1112,-19,2025-06-18
65388,2025,6,18,3,LAX,RNO,1019,1013,-6,1200,1151,-9,2025-06-18
65389,2025,6,18,3,LAX,RNO,1502,1456,-6,1630,1610,-20,2025-06-18
65390,2025,6,18,3,LAX,RNO,1710,1708,-2,1844,1836,-8,2025-06-18
65391,2025,6,18,3,LAX,RNO,1730,1737,7,1855,1851,-4,2025-06-18
65392,2025,6,18,3,LAX,RNO,2015,2012,-3,2149,2130,-19,2025-06-18
65393,2025,6,18,3,LAX,RNO,2050,2114,24,2217,2230,13,2025-06-18
65394,2025,6,18,3,LAX,RNO,2216,2208,-8,2353,2346,-7,2025-06-18
65395,2025,6,18,3,LAX,SAN,820,813,-7,919,915,-4,2025-06-18
65396,2025,6,18,3,LAX,SAN,920,913,-7,1024,1019,-5,2025-06-18
65397,2025,6,18,3,LAX,SAN,1428,1431,3,1522,1526,4,2025-06-18
65398,2025,6,18,3,LAX,SAN,1800,1756,-4,1854,1850,-4,2025-06-18
65399,2025,6,18,3,LAX,SAN,1846,1846,0,1947,1949,2,2025-06-18
65400,2025,6,18,3,LAX,SAN,2159,2152,-7,2253,2239,-14,2025-06-18
65401,2025,6,18,3,LAX,SAN,2245,2237,-8,2346,2335,-11,2025-06-18
65402,2025,6,18,3,LAX,SAT,912,909,-3,1419,1406,-13,2025-06-18
65403,2025,6,18,3,LAX,SAT,930,923,-7,1423,1414,-9,2025-06-18
65404,2025,6,18,3,LAX,SAT,1008,958,-10,1502,1440,-22,2025-06-18
65405,2025,6,18,3,LAX,SAT,1200,1159,-1,1700,1655,-5,2025-06-18
65406,2025,6,18,3,LAX,SAT,1700,1654,-6,2158,2157,-1,2025-06-18
65408,2025,6,18,3,LAX,SBA,1520,1514,-6,1612,1600,-12,2025-06-18
65409,2025,6,18,3,LAX,SBA,2300,2242,-18,2358,2331,-27,2025-06-18
65410,2025,6,18,3,LAX,SBP,1500,1455,-5,1601,1549,-12,2025-06-18
65411,2025,6,18,3,LAX,SBP,2232,2232,0,2336,2319,-17,2025-06-18
65412,2025,6,18,3,LAX,SEA,700,658,-2,947,946,-1,2025-06-18
65413,2025,6,18,3,LAX,SEA,700,659,-1,954,931,-23,2025-06-18
65414,2025,6,18,3,LAX,SEA,800,843,43,1049,1145,56,2025-06-18
65415,2025,6,18,3,LAX,SEA,945,941,-4,1242,1246,4,2025-06-18
65417,2025,6,18,3,LAX,SEA,1110,1107,-3,1401,1438,37,2025-06-18
65418,2025,6,18,3,LAX,SEA,1115,1110,-5,1409,1349,-20,2025-06-18
65419,2025,6,18,3,LAX,SEA,1155,1155,0,1445,1423,-22,2025-06-18
65420,2025,6,18,3,LAX,SEA,1155,1156,1,1439,1443,4,2025-06-18
65421,2025,6,18,3,LAX,SEA,1415,1441,26,1700,1714,14,2025-06-18
65422,2025,6,18,3,LAX,SEA,1715,1709,-6,2000,1950,-10,2025-06-18
65424,2025,6,18,3,LAX,SEA,1815,1821,6,2100,2103,3,2025-06-18
65425,2025,6,18,3,LAX,SEA,1839,1914,35,2134,2215,41,2025-06-18
65426,2025,6,18,3,LAX,SEA,1907,1906,-1,2158,2144,-14,2025-06-18
65427,2025,6,18,3,LAX,SEA,1925,1921,-4,2210,2216,6,2025-06-18
65428,2025,6,18,3,LAX,SEA,1959,1956,-3,2257,2239,-18,2025-06-18
65429,2025,6,18,3,LAX,SEA,2115,2112,-3,2359,2355,-4,2025-06-18
65430,2025,6,18,3,LAX,SFO,600,552,-8,738,708,-30,2025-06-18
65431,2025,6,18,3,LAX,SFO,605,603,-2,730,708,-22,2025-06-18
65432,2025,6,18,3,LAX,SFO,630,621,-9,752,731,-21,2025-06-18
65433,2025,6,18,3,LAX,SFO,700,654,-6,836,828,-8,2025-06-18
65434,2025,6,18,3,LAX,SFO,805,759,-6,945,952,7,2025-06-18
65435,2025,6,18,3,LAX,SFO,835,829,-6,958,951,-7,2025-06-18
65436,2025,6,18,3,LAX,SFO,910,903,-7,1045,1040,-5,2025-06-18
65437,2025,6,18,3,LAX,SFO,1015,1010,-5,1140,1122,-18,2025-06-18
65438,2025,6,18,3,LAX,SFO,1026,1022,-4,1159,1131,-28,2025-06-18
65439,2025,6,18,3,LAX,SFO,1129,1128,-1,1256,1248,-8,2025-06-18
65440,2025,6,18,3,LAX,SFO,1220,1213,-7,1343,1335,-8,2025-06-18
65441,2025,6,18,3,LAX,SFO,1310,1349,39,1435,1519,44,2025-06-18
65442,2025,6,18,3,LAX,SFO,1330,1323,-7,1452,1440,-12,2025-06-18
65443,2025,6,18,3,LAX,SFO,1339,1332,-7,1507,1444,-23,2025-06-18
65444,2025,6,18,3,LAX,SFO,1422,1432,10,1548,1550,2,2025-06-18
65445,2025,6,18,3,LAX,SFO,1610,1605,-5,1739,1713,-26,2025-06-18
65446,2025,6,18,3,LAX,SFO,1627,1632,5,1745,1742,-3,2025-06-18
65447,2025,6,18,3,LAX,SFO,1710,1701,-9,1840,1836,-4,2025-06-18
65448,2025,6,18,3,LAX,SFO,1808,1801,-7,1943,1921,-22,2025-06-18
65449,2025,6,18,3,LAX,SFO,1820,1811,-9,1943,1932,-11,2025-06-18
65450,2025,6,18,3,LAX,SFO,1840,1839,-1,2009,1951,-18,2025-06-18
65451,2025,6,18,3,LAX,SFO,1859,1850,-9,2028,2025,-3,2025-06-18
65453,2025,6,18,3,LAX,SFO,1935,1928,-7,2058,2053,-5,2025-06-18
65454,2025,6,18,3,LAX,SFO,2040,2133,53,2205,2244,39,2025-06-18
65455,2025,6,18,3,LAX,SFO,2130,2126,-4,2302,2242,-20,2025-06-18
65456,2025,6,18,3,LAX,SFO,2149,2142,-7,2312,2254,-18,2025-06-18
65457,2025,6,18,3,LAX,SFO,2225,2218,-7,2352,2331,-21,2025-06-18
65458,2025,6,18,3,LAX,SGU,1315,1306,-9,1547,1548,1,2025-06-18
65459,2025,6,18,3,LAX,SJC,640,637,-3,755,738,-17,2025-06-18
65460,2025,6,18,3,LAX,SJC,705,701,-4,820,824,4,2025-06-18
65461,2025,6,18,3,LAX,SJC,915,912,-3,1030,1017,-13,2025-06-18
65462,2025,6,18,3,LAX,SJC,1000,1011,11,1115,1117,2,2025-06-18
65463,2025,6,18,3,LAX,SJC,1135,1127,-8,1252,1302,10,2025-06-18
65464,2025,6,18,3,LAX,SJC,1325,1318,-7,1440,1434,-6,2025-06-18
65465,2025,6,18,3,LAX,SJC,1420,1416,-4,1535,1516,-19,2025-06-18
65466,2025,6,18,3,LAX,SJC,1545,1541,-4,1700,1645,-15,2025-06-18
65467,2025,6,18,3,LAX,SJC,1730,1725,-5,1845,1831,-14,2025-06-18
65468,2025,6,18,3,LAX,SJC,1800,1821,21,1915,1931,16,2025-06-18
65469,2025,6,18,3,LAX,SJC,1950,1946,-4,2110,2045,-25,2025-06-18
65470,2025,6,18,3,LAX,SJC,2128,2118,-10,2244,2228,-16,2025-06-18
65471,2025,6,18,3,LAX,SLC,600,556,-4,853,838,-15,2025-06-18
65472,2025,6,18,3,LAX,SLC,700,653,-7,955,946,-9,2025-06-18
65474,2025,6,18,3,LAX,SLC,948,948,0,1243,1232,-11,2025-06-18
65475,2025,6,18,3,LAX,SLC,1111,1108,-3,1403,1348,-15,2025-06-18
65477,2025,6,18,3,LAX,SLC,1710,1716,6,2000,2002,2,2025-06-18
65478,2025,6,18,3,LAX,SLC,1845,1845,0,2139,2144,5,2025-06-18
65479,2025,6,18,3,LAX,SLC,1919,1927,8,2206,2209,3,2025-06-18
65480,2025,6,18,3,LAX,SMF,615,612,-3,740,724,-16,2025-06-18
65481,2025,6,18,3,LAX,SMF,755,748,-7,924,912,-12,2025-06-18
65482,2025,6,18,3,LAX,SMF,815,809,-6,952,949,-3,2025-06-18
65483,2025,6,18,3,LAX,SMF,920,916,-4,1045,1039,-6,2025-06-18
65484,2025,6,18,3,LAX,SMF,946,1019,33,1123,1154,31,2025-06-18
65485,2025,6,18,3,LAX,SMF,1025,1015,-10,1159,1136,-23,2025-06-18
65486,2025,6,18,3,LAX,SMF,1225,1215,-10,1354,1350,-4,2025-06-18
65487,2025,6,18,3,LAX,SMF,1405,1403,-2,1530,1530,0,2025-06-18
65488,2025,6,18,3,LAX,SMF,1630,1627,-3,1801,1754,-7,2025-06-18
65489,2025,6,18,3,LAX,SMF,1654,1651,-3,1823,1808,-15,2025-06-18
65490,2025,6,18,3,LAX,SMF,1705,1657,-8,1837,1826,-11,2025-06-18
65491,2025,6,18,3,LAX,SMF,1725,1730,5,1850,1858,8,2025-06-18
65492,2025,6,18,3,LAX,SMF,1815,1812,-3,1945,1936,-9,2025-06-18
65493,2025,6,18,3,LAX,SMF,1922,1916,-6,2101,2047,-14,2025-06-18
65494,2025,6,18,3,LAX,SMF,2025,2027,2,2150,2139,-11,2025-06-18
65495,2025,6,18,3,LAX,SMF,2056,2049,-7,2228,2214,-14,2025-06-18
65496,2025,6,18,3,LAX,SMF,2155,2147,-8,2320,2328,8,2025-06-18
65497,2025,6,18,3,LAX,STL,500,459,-1,1040,1033,-7,2025-06-18
65498,2025,6,18,3,LAX,STL,1733,1722,-11,2259,2255,-4,2025-06-18
65499,2025,6,18,3,LAX,STL,1845,1842,-3,25,13,-12,2025-06-18
65500,2025,6,18,3,LAX,STS,925,923,-2,1106,1115,9,2025-06-18
65501,2025,6,18,3,LAX,STS,2206,2157,-9,2344,2329,-15,2025-06-18
65502,2025,6,18,3,LAX,SUN,830,828,-2,1143,1156,13,2025-06-18
65503,2025,6,18,3,LAX,TPA,1012,1007,-5,1800,1753,-7,2025-06-18
65504,2025,6,18,3,LAX,TPA,2210,2205,-5,544,538,-6,2025-06-18
65505,2025,6,18,3,LAX,TPA,2359,1,2,756,739,-17,2025-06-18
65506,2025,6,18,3,LAX,TUL,930,1028,58,1440,1530,50,2025-06-18
65507,2025,6,18,3,LAX,TUS,822,835,13,1003,1011,8,2025-06-18
65508,2025,6,18,3,LAX,TUS,935,926,-9,1110,1053,-17,2025-06-18
65509,2025,6,18,3,LAX,TUS,1250,1248,-2,1425,1412,-13,2025-06-18
65510,2025,6,18,3,LAX,TUS,1410,1405,-5,1544,1553,9,2025-06-18
65511,2025,6,18,3,LAX,TUS,1458,1448,-10,1627,1619,-8,2025-06-18
65512,2025,6,18,3,LAX,TUS,1818,1817,-1,1949,1950,1,2025-06-18
65513,2025,6,18,3,LAX,TUS,1900,1855,-5,2033,2026,-7,2025-06-18
65514,2025,6,18,3,LAX,XNA,914,913,-1,1438,1432,-6,2025-06-18
65515,2025,6,18,3,LAX,XNA,1545,1541,-4,2055,2052,-3,2025-06-18
68738,2025,6,19,4,LAX,ABQ,800,849,49,1108,1145,37,2025-06-19
68739,2025,6,19,4,LAX,ABQ,855,848,-7,1158,1151,-7,2025-06-19
68740,2025,6,19,4,LAX,ABQ,1120,1133,13,1415,1426,11,2025-06-19
68741,2025,6,19,4,LAX,ABQ,1459,1459,0,1802,1756,-6,2025-06-19
68742,2025,6,19,4,LAX,ABQ,1849,1914,25,2152,2216,24,2025-06-19
68743,2025,6,19,4,LAX,ABQ,1958,1948,-10,2258,2238,-20,2025-06-19
68744,2025,6,19,4,LAX,ACV,1315,1308,-7,1513,1508,-5,2025-06-19
68746,2025,6,19,4,LAX,ASE,1040,1036,-4,1356,1359,3,2025-06-19
68747,2025,6,19,4,LAX,ASE,1254,1248,-6,1605,1555,-10,2025-06-19
68749,2025,6,19,4,LAX,ATL,55,58,3,821,823,2,2025-06-19
68750,2025,6,19,4,LAX,ATL,620,615,-5,1342,1346,4,2025-06-19
68751,2025,6,19,4,LAX,ATL,735,731,-4,1448,1459,11,2025-06-19
68752,2025,6,19,4,LAX,ATL,845,843,-2,1607,1611,4,2025-06-19
68754,2025,6,19,4,LAX,ATL,953,948,-5,1719,1707,-12,2025-06-19
68756,2025,6,19,4,LAX,ATL,1215,1215,0,1930,1924,-6,2025-06-19
68757,2025,6,19,4,LAX,ATL,1249,1246,-3,2015,2003,-12,2025-06-19
68758,2025,6,19,4,LAX,ATL,1306,1357,51,2049,2201,72,2025-06-19
68759,2025,6,19,4,LAX,ATL,1315,1312,-3,2046,2027,-19,2025-06-19
68760,2025,6,19,4,LAX,ATL,1430,1432,2,2150,2148,-2,2025-06-19
68761,2025,6,19,4,LAX,ATL,1735,1803,28,54,132,38,2025-06-19
68763,2025,6,19,4,LAX,ATL,2145,2203,18,500,515,15,2025-06-19
68764,2025,6,19,4,LAX,ATL,2245,2250,5,600,607,7,2025-06-19
68765,2025,6,19,4,LAX,ATL,2345,10,25,712,738,26,2025-06-19
68766,2025,6,19,4,LAX,ATL,2345,2344,-1,706,710,4,2025-06-19
68767,2025,6,19,4,LAX,AUS,500,456,-4,1000,953,-7,2025-06-19
68768,2025,6,19,4,LAX,AUS,615,605,-10,1117,1120,3,2025-06-19
68769,2025,6,19,4,LAX,AUS,745,736,-9,1246,1231,-15,2025-06-19
68770,2025,6,19,4,LAX,AUS,835,834,-1,1324,1326,2,2025-06-19
68771,2025,6,19,4,LAX,AUS,925,944,19,1451,1448,-3,2025-06-19
68772,2025,6,19,4,LAX,AUS,1035,1031,-4,1545,1523,-22,2025-06-19
68775,2025,6,19,4,LAX,AUS,1620,1610,-10,2121,2118,-3,2025-06-19
68776,2025,6,19,4,LAX,AUS,1835,1934,59,2338,35,57,2025-06-19
68777,2025,6,19,4,LAX,AUS,1840,1837,-3,2358,2342,-16,2025-06-19
68778,2025,6,19,4,LAX,AUS,1850,1841,-9,2350,2345,-5,2025-06-19
68779,2025,6,19,4,LAX,AUS,1855,1852,-3,2355,2348,-7,2025-06-19
68780,2025,6,19,4,LAX,BLI,1850,1855,5,2132,2115,-17,2025-06-19
68781,2025,6,19,4,LAX,BNA,700,655,-5,1257,1254,-3,2025-06-19
68782,2025,6,19,4,LAX,BNA,710,713,3,1325,1314,-11,2025-06-19
68783,2025,6,19,4,LAX,BNA,1036,1028,-8,1645,1628,-17,2025-06-19
68784,2025,6,19,4,LAX,BNA,1239,1328,49,1844,1944,60,2025-06-19
68785,2025,6,19,4,LAX,BNA,1839,1838,-1,37,37,0,2025-06-19
68786,2025,6,19,4,LAX,BNA,2250,2248,-2,500,428,-32,2025-06-19
68787,2025,6,19,4,LAX,BOI,1157,1152,-5,1503,1433,-30,2025-06-19
68788,2025,6,19,4,LAX,BOI,1245,1244,-1,1559,1533,-26,2025-06-19
68789,2025,6,19,4,LAX,BOI,1950,1952,2,2254,2241,-13,2025-06-19
68790,2025,6,19,4,LAX,BOI,1959,1957,-2,2301,2246,-15,2025-06-19
68791,2025,6,19,4,LAX,BOS,600,556,-4,1440,1439,-1,2025-06-19
68792,2025,6,19,4,LAX,BOS,640,636,-4,1515,1458,-17,2025-06-19
68793,2025,6,19,4,LAX,BOS,830,822,-8,1719,1656,-23,2025-06-19
68794,2025,6,19,4,LAX,BOS,835,833,-2,1718,1658,-20,2025-06-19
68795,2025,6,19,4,LAX,BOS,840,834,-6,1716,1650,-26,2025-06-19
68796,2025,6,19,4,LAX,BOS,1045,1045,0,1924,1859,-25,2025-06-19
68797,2025,6,19,4,LAX,BOS,1145,1135,-10,2025,2030,5,2025-06-19
68798,2025,6,19,4,LAX,BOS,1310,1304,-6,2151,2139,-12,2025-06-19
68799,2025,6,19,4,LAX,BOS,1525,1523,-2,2355,2345,-10,2025-06-19
68800,2025,6,19,4,LAX,BOS,2024,2016,-8,500,434,-26,2025-06-19
68801,2025,6,19,4,LAX,BOS,2102,2051,-11,532,516,-16,2025-06-19
68802,2025,6,19,4,LAX,BOS,2213,2213,0,644,626,-18,2025-06-19
68803,2025,6,19,4,LAX,BOS,2235,2229,-6,713,642,-31,2025-06-19
68804,2025,6,19,4,LAX,BOS,2305,2325,20,741,745,4,2025-06-19
68805,2025,6,19,4,LAX,BUF,2209,2227,18,600,610,10,2025-06-19
68806,2025,6,19,4,LAX,BWI,530,541,11,1335,1338,3,2025-06-19
68807,2025,6,19,4,LAX,BWI,845,842,-3,1654,1816,82,2025-06-19
68808,2025,6,19,4,LAX,BWI,1005,1005,0,1810,1809,-1,2025-06-19
68809,2025,6,19,4,LAX,BWI,1134,1130,-4,1929,1929,0,2025-06-19
68810,2025,6,19,4,LAX,BWI,2055,2057,2,500,443,-17,2025-06-19
68811,2025,6,19,4,LAX,BWI,2359,9,10,807,816,9,2025-06-19
68812,2025,6,19,4,LAX,BZN,1121,1125,4,1450,1445,-5,2025-06-19
68813,2025,6,19,4,LAX,BZN,1800,1801,1,2139,2128,-11,2025-06-19
68814,2025,6,19,4,LAX,CLE,1138,1131,-7,1911,1846,-25,2025-06-19
68815,2025,6,19,4,LAX,CLE,2120,2116,-4,453,502,9,2025-06-19
68816,2025,6,19,4,LAX,CLT,605,606,1,1354,1356,2,2025-06-19
68817,2025,6,19,4,LAX,CLT,759,756,-3,1545,1533,-12,2025-06-19
68818,2025,6,19,4,LAX,CLT,911,911,0,1700,1642,-18,2025-06-19
68819,2025,6,19,4,LAX,CLT,1154,1157,3,1945,1928,-17,2025-06-19
68820,2025,6,19,4,LAX,CLT,1402,1446,44,2155,2217,22,2025-06-19
68821,2025,6,19,4,LAX,CLT,2148,2206,18,529,604,35,2025-06-19
68822,2025,6,19,4,LAX,CLT,2249,2329,40,635,703,28,2025-06-19
68823,2025,6,19,4,LAX,CLT,2349,2345,-4,735,720,-15,2025-06-19
68824,2025,6,19,4,LAX,CMH,925,926,1,1701,1643,-18,2025-06-19
68825,2025,6,19,4,LAX,CVG,1350,1404,14,2104,2112,8,2025-06-19
68826,2025,6,19,4,LAX,CVG,2229,2228,-1,538,533,-5,2025-06-19
68827,2025,6,19,4,LAX,DAL,505,502,-3,1010,1012,2,2025-06-19
68828,2025,6,19,4,LAX,DAL,645,644,-1,1150,1144,-6,2025-06-19
68829,2025,6,19,4,LAX,DAL,1120,1126,6,1630,1635,5,2025-06-19
68830,2025,6,19,4,LAX,DAL,1630,1642,12,2145,2152,7,2025-06-19
68831,2025,6,19,4,LAX,DAL,1810,1803,-7,2320,2306,-14,2025-06-19
68834,2025,6,19,4,LAX,DCA,1228,1227,-1,2029,2015,-14,2025-06-19
68835,2025,6,19,4,LAX,DCA,1331,1322,-9,2142,2202,20,2025-06-19
68836,2025,6,19,4,LAX,DEN,505,504,-1,824,815,-9,2025-06-19
68837,2025,6,19,4,LAX,DEN,545,548,3,910,914,4,2025-06-19
68839,2025,6,19,4,LAX,DEN,706,702,-4,1031,1057,26,2025-06-19
68840,2025,6,19,4,LAX,DEN,746,738,-8,1110,1055,-15,2025-06-19
68841,2025,6,19,4,LAX,DEN,804,758,-6,1133,1120,-13,2025-06-19
68842,2025,6,19,4,LAX,DEN,805,814,9,1130,1123,-7,2025-06-19
68843,2025,6,19,4,LAX,DEN,900,907,7,1227,1221,-6,2025-06-19
68844,2025,6,19,4,LAX,DEN,1030,1035,5,1355,1344,-11,2025-06-19
68845,2025,6,19,4,LAX,DEN,1052,1053,1,1419,1400,-19,2025-06-19
68846,2025,6,19,4,LAX,DEN,1055,1046,-9,1430,1402,-28,2025-06-19
68847,2025,6,19,4,LAX,DEN,1255,1258,3,1623,1611,-12,2025-06-19
68849,2025,6,19,4,LAX,DEN,1340,1341,1,1710,1654,-16,2025-06-19
68850,2025,6,19,4,LAX,DEN,1435,1431,-4,1805,1809,4,2025-06-19
68851,2025,6,19,4,LAX,DEN,1459,1453,-6,1819,1757,-22,2025-06-19
68852,2025,6,19,4,LAX,DEN,1605,1605,0,1930,1907,-23,2025-06-19
68853,2025,6,19,4,LAX,DEN,1611,1611,0,1940,1946,6,2025-06-19
68854,2025,6,19,4,LAX,DEN,1830,1828,-2,2200,2136,-24,2025-06-19
68855,2025,6,19,4,LAX,DEN,1918,1911,-7,2247,2231,-16,2025-06-19
68857,2025,6,19,4,LAX,DEN,2020,2017,-3,2350,2321,-29,2025-06-19
68858,2025,6,19,4,LAX,DEN,2025,2016,-9,2348,2335,-13,2025-06-19
68859,2025,6,19,4,LAX,DFW,47,53,6,550,557,7,2025-06-19
68860,2025,6,19,4,LAX,DFW,130,125,-5,633,627,-6,2025-06-19
68861,2025,6,19,4,LAX,DFW,600,556,-4,1120,1121,1,2025-06-19
68862,2025,6,19,4,LAX,DFW,600,557,-3,1103,1108,5,2025-06-19
68864,2025,6,19,4,LAX,DFW,826,821,-5,1339,1327,-12,2025-06-19
68865,2025,6,19,4,LAX,DFW,835,832,-3,1343,1344,1,2025-06-19
68866,2025,6,19,4,LAX,DFW,930,929,-1,1443,1449,6,2025-06-19
68867,2025,6,19,4,LAX,DFW,1037,1038,1,1545,1557,12,2025-06-19
68869,2025,6,19,4,LAX,DFW,1348,1351,3,1859,1901,2,2025-06-19
68870,2025,6,19,4,LAX,DFW,1433,1432,-1,1943,1934,-9,2025-06-19
68871,2025,6,19,4,LAX,DFW,1548,1610,22,2059,2107,8,2025-06-19
68872,2025,6,19,4,LAX,DFW,1636,1639,3,2147,2149,2,2025-06-19
68873,2025,6,19,4,LAX,DFW,1835,1854,19,2347,2354,7,2025-06-19
68874,2025,6,19,4,LAX,DFW,1855,1847,-8,2356,2342,-14,2025-06-19
68875,2025,6,19,4,LAX,DFW,1903,1918,15,26,44,18,2025-06-19
68876,2025,6,19,4,LAX,DFW,2359,44,45,509,620,71,2025-06-19
68877,2025,6,19,4,LAX,DTW,530,526,-4,1257,1251,-6,2025-06-19
68878,2025,6,19,4,LAX,DTW,735,727,-8,1456,1441,-15,2025-06-19
68879,2025,6,19,4,LAX,DTW,925,920,-5,1652,1630,-22,2025-06-19
68880,2025,6,19,4,LAX,DTW,1114,1118,4,1837,1836,-1,2025-06-19
68881,2025,6,19,4,LAX,DTW,1209,1207,-2,1931,1911,-20,2025-06-19
68882,2025,6,19,4,LAX,DTW,1536,1532,-4,2304,2255,-9,2025-06-19
68883,2025,6,19,4,LAX,DTW,2130,2157,27,452,523,31,2025-06-19
68884,2025,6,19,4,LAX,DTW,2215,2223,8,535,544,9,2025-06-19
68885,2025,6,19,4,LAX,ELP,1245,1258,13,1545,1551,6,2025-06-19
68886,2025,6,19,4,LAX,ELP,1430,1424,-6,1731,1723,-8,2025-06-19
68887,2025,6,19,4,LAX,ELP,1947,1944,-3,2247,2247,0,2025-06-19
68888,2025,6,19,4,LAX,EUG,2144,2138,-6,2358,2352,-6,2025-06-19
68889,2025,6,19,4,LAX,EWR,600,600,0,1434,1410,-24,2025-06-19
68890,2025,6,19,4,LAX,EWR,700,652,-8,1534,1527,-7,2025-06-19
68891,2025,6,19,4,LAX,EWR,700,657,-3,1534,1554,20,2025-06-19
68893,2025,6,19,4,LAX,EWR,820,815,-5,1645,1615,-30,2025-06-19
68894,2025,6,19,4,LAX,EWR,1015,1014,-1,1854,1944,50,2025-06-19
68896,2025,6,19,4,LAX,EWR,1115,1107,-8,1954,2103,69,2025-06-19
68898,2025,6,19,4,LAX,EWR,1330,1328,-2,2152,2210,18,2025-06-19
68899,2025,6,19,4,LAX,EWR,1434,1513,39,2255,2346,51,2025-06-19
68900,2025,6,19,4,LAX,EWR,1630,1630,0,57,36,-21,2025-06-19
68902,2025,6,19,4,LAX,EWR,2126,2130,4,559,539,-20,2025-06-19
68903,2025,6,19,4,LAX,EWR,2135,2130,-5,555,559,4,2025-06-19
68904,2025,6,19,4,LAX,EWR,2359,11,12,812,822,10,2025-06-19
68905,2025,6,19,4,LAX,FAT,1030,1027,-3,1148,1126,-22,2025-06-19
68906,2025,6,19,4,LAX,FAT,1910,1904,-6,2024,2002,-22,2025-06-19
68907,2025,6,19,4,LAX,FAT,2238,2229,-9,2352,1,9,2025-06-19
68908,2025,6,19,4,LAX,FCA,922,916,-6,1321,1246,-35,2025-06-19
68909,2025,6,19,4,LAX,FLL,800,800,0,1614,1606,-8,2025-06-19
68910,2025,6,19,4,LAX,FLL,1112,1106,-6,1926,1904,-22,2025-06-19
68911,2025,6,19,4,LAX,FLL,1345,1342,-3,2158,2157,-1,2025-06-19
68912,2025,6,19,4,LAX,FLL,1642,1636,-6,48,25,-23,2025-06-19
68913,2025,6,19,4,LAX,FLL,2155,2155,0,603,603,0,2025-06-19
68914,2025,6,19,4,LAX,FLL,2309,2304,-5,705,655,-10,2025-06-19
68915,2025,6,19,4,LAX,GEG,1114,1110,-4,1352,1321,-31,2025-06-19
68916,2025,6,19,4,LAX,GEG,1516,1504,-12,1747,1718,-29,2025-06-19
68917,2025,6,19,4,LAX,GEG,1859,1849,-10,2133,2100,-33,2025-06-19
68918,2025,6,19,4,LAX,HNL,705,659,-6,1010,938,-32,2025-06-19
68919,2025,6,19,4,LAX,HNL,825,840,15,1107,1111,4,2025-06-19
68920,2025,6,19,4,LAX,HNL,830,848,18,1105,1114,9,2025-06-19
68921,2025,6,19,4,LAX,HNL,835,829,-6,1117,1113,-4,2025-06-19
68922,2025,6,19,4,LAX,HNL,849,846,-3,1137,1129,-8,2025-06-19
68923,2025,6,19,4,LAX,HNL,1010,1010,0,1240,1240,0,2025-06-19
68924,2025,6,19,4,LAX,HNL,1115,1113,-2,1404,1346,-18,2025-06-19
68925,2025,6,19,4,LAX,HNL,1315,1309,-6,1601,1551,-10,2025-06-19
68926,2025,6,19,4,LAX,HNL,1335,1355,20,1618,1630,12,2025-06-19
68927,2025,6,19,4,LAX,HNL,1444,1442,-2,1728,1719,-9,2025-06-19
68928,2025,6,19,4,LAX,HNL,1710,1703,-7,1944,1930,-14,2025-06-19
68929,2025,6,19,4,LAX,HNL,1745,1746,1,2030,2023,-7,2025-06-19
68931,2025,6,19,4,LAX,HNL,1820,1824,4,2057,2101,4,2025-06-19
68932,2025,6,19,4,LAX,HNL,1825,1839,14,2115,2112,-3,2025-06-19
68933,2025,6,19,4,LAX,HNL,1845,1902,17,2128,2140,12,2025-06-19
68934,2025,6,19,4,LAX,HNL,1913,1928,15,2155,2155,0,2025-06-19
68935,2025,6,19,4,LAX,HNL,2040,2055,15,2329,2343,14,2025-06-19
68936,2025,6,19,4,LAX,HOU,505,507,2,1030,1024,-6,2025-06-19
68937,2025,6,19,4,LAX,HOU,1335,1354,19,1900,1910,10,2025-06-19
68938,2025,6,19,4,LAX,HOU,1745,1809,24,2305,2331,26,2025-06-19
68939,2025,6,19,4,LAX,HOU,2350,2350,0,515,500,-15,2025-06-19
68940,2025,6,19,4,LAX,IAD,620,619,-1,1423,1411,-12,2025-06-19
68942,2025,6,19,4,LAX,IAD,820,819,-1,1625,1659,34,2025-06-19
68943,2025,6,19,4,LAX,IAD,1015,1008,-7,1820,1903,43,2025-06-19
68944,2025,6,19,4,LAX,IAD,1315,1321,6,2120,2107,-13,2025-06-19
68945,2025,6,19,4,LAX,IAD,1645,1635,-10,44,24,-20,2025-06-19
68946,2025,6,19,4,LAX,IAD,2135,2154,19,537,533,-4,2025-06-19
68947,2025,6,19,4,LAX,IAD,2250,2254,4,639,631,-8,2025-06-19
68948,2025,6,19,4,LAX,IAH,56,52,-4,618,603,-15,2025-06-19
68949,2025,6,19,4,LAX,IAH,515,512,-3,1042,1037,-5,2025-06-19
68950,2025,6,19,4,LAX,IAH,715,709,-6,1240,1234,-6,2025-06-19
68951,2025,6,19,4,LAX,IAH,840,838,-2,1409,1357,-12,2025-06-19
68952,2025,6,19,4,LAX,IAH,845,841,-4,1407,1406,-1,2025-06-19
68953,2025,6,19,4,LAX,IAH,1015,1011,-4,1540,1542,2,2025-06-19
68954,2025,6,19,4,LAX,IAH,1128,1130,2,1648,1651,3,2025-06-19
68955,2025,6,19,4,LAX,IAH,1207,1205,-2,1724,1755,31,2025-06-19
68956,2025,6,19,4,LAX,IAH,1310,1307,-3,1840,1852,12,2025-06-19
68957,2025,6,19,4,LAX,IAH,1358,1355,-3,1925,1924,-1,2025-06-19
68958,2025,6,19,4,LAX,IAH,1423,1435,12,2001,1955,-6,2025-06-19
68959,2025,6,19,4,LAX,IAH,1809,1806,-3,2328,2312,-16,2025-06-19
68960,2025,6,19,4,LAX,IAH,1810,1807,-3,2333,2312,-21,2025-06-19
68961,2025,6,19,4,LAX,IAH,1920,1912,-8,43,29,-14,2025-06-19
68962,2025,6,19,4,LAX,IAH,2345,35,50,505,634,89,2025-06-19
68963,2025,6,19,4,LAX,ICT,620,614,-6,1114,1112,-2,2025-06-19
68964,2025,6,19,4,LAX,IND,1036,1034,-2,1747,1734,-13,2025-06-19
68965,2025,6,19,4,LAX,IND,1412,1420,8,2114,2124,10,2025-06-19
68967,2025,6,19,4,LAX,JAC,900,852,-8,1218,1204,-14,2025-06-19
68968,2025,6,19,4,LAX,JAC,1030,1028,-2,1348,1323,-25,2025-06-19
68969,2025,6,19,4,LAX,JFK,600,554,-6,1434,1440,6,2025-06-19
68970,2025,6,19,4,LAX,JFK,600,556,-4,1430,1433,3,2025-06-19
68971,2025,6,19,4,LAX,JFK,700,656,-4,1535,1535,0,2025-06-19
68972,2025,6,19,4,LAX,JFK,700,659,-1,1535,1519,-16,2025-06-19
68973,2025,6,19,4,LAX,JFK,710,702,-8,1545,1527,-18,2025-06-19
68974,2025,6,19,4,LAX,JFK,819,815,-4,1658,1726,28,2025-06-19
68975,2025,6,19,4,LAX,JFK,905,905,0,1757,1752,-5,2025-06-19
68977,2025,6,19,4,LAX,JFK,1010,1109,59,1910,2038,88,2025-06-19
68982,2025,6,19,4,LAX,JFK,1221,1226,5,2100,2211,71,2025-06-19
68985,2025,6,19,4,LAX,JFK,1310,1409,59,2152,2309,77,2025-06-19
68986,2025,6,19,4,LAX,JFK,1420,1441,21,2252,38,106,2025-06-19
68987,2025,6,19,4,LAX,JFK,1515,1606,51,2355,55,60,2025-06-19
68989,2025,6,19,4,LAX,JFK,1520,1517,-3,2357,12,15,2025-06-19
68990,2025,6,19,4,LAX,JFK,1620,1615,-5,55,54,-1,2025-06-19
68993,2025,6,19,4,LAX,JFK,2121,2218,57,555,639,44,2025-06-19
68996,2025,6,19,4,LAX,JFK,2250,2307,17,723,718,-5,2025-06-19
68997,2025,6,19,4,LAX,JFK,2252,2301,9,732,712,-20,2025-06-19
68998,2025,6,19,4,LAX,JFK,2355,17,22,830,905,35,2025-06-19
69000,2025,6,19,4,LAX,KOA,830,826,-4,1110,1130,20,2025-06-19
69001,2025,6,19,4,LAX,KOA,910,928,18,1150,1153,3,2025-06-19
69002,2025,6,19,4,LAX,KOA,1119,1112,-7,1355,1341,-14,2025-06-19
69003,2025,6,19,4,LAX,KOA,1629,1628,-1,1859,1859,0,2025-06-19
69004,2025,6,19,4,LAX,KOA,1725,1717,-8,2003,1949,-14,2025-06-19
69005,2025,6,19,4,LAX,LAS,520,526,6,635,638,3,2025-06-19
69006,2025,6,19,4,LAX,LAS,530,526,-4,642,629,-13,2025-06-19
69007,2025,6,19,4,LAX,LAS,725,735,10,845,843,-2,2025-06-19
69008,2025,6,19,4,LAX,LAS,730,733,3,840,838,-2,2025-06-19
69009,2025,6,19,4,LAX,LAS,826,821,-5,951,940,-11,2025-06-19
69010,2025,6,19,4,LAX,LAS,845,845,0,1005,953,-12,2025-06-19
69011,2025,6,19,4,LAX,LAS,1019,1014,-5,1131,1115,-16,2025-06-19
69012,2025,6,19,4,LAX,LAS,1125,1127,2,1245,1230,-15,2025-06-19
69013,2025,6,19,4,LAX,LAS,1140,1214,34,1254,1318,24,2025-06-19
69014,2025,6,19,4,LAX,LAS,1445,1450,5,1607,1603,-4,2025-06-19
69016,2025,6,19,4,LAX,LAS,1535,1545,10,1655,1650,-5,2025-06-19
69017,2025,6,19,4,LAX,LAS,1548,1625,37,1713,1742,29,2025-06-19
69018,2025,6,19,4,LAX,LAS,1740,1742,2,1855,1839,-16,2025-06-19
69019,2025,6,19,4,LAX,LAS,1755,1752,-3,1918,1900,-18,2025-06-19
69020,2025,6,19,4,LAX,LAS,1850,1846,-4,2000,2005,5,2025-06-19
69021,2025,6,19,4,LAX,LAS,1852,1851,-1,2008,1953,-15,2025-06-19
69022,2025,6,19,4,LAX,LAS,1930,1921,-9,2052,2032,-20,2025-06-19
69023,2025,6,19,4,LAX,LAS,1940,1938,-2,2100,2043,-17,2025-06-19
69024,2025,6,19,4,LAX,LAS,1945,2003,18,2108,2121,13,2025-06-19
69025,2025,6,19,4,LAX,LAS,1948,1957,9,2100,2104,4,2025-06-19
69026,2025,6,19,4,LAX,LAS,1959,1952,-7,2110,2108,-2,2025-06-19
69027,2025,6,19,4,LAX,LAS,2155,2236,41,2315,2340,25,2025-06-19
69029,2025,6,19,4,LAX,LAS,2218,2243,25,2335,2349,14,2025-06-19
69030,2025,6,19,4,LAX,LAS,2305,2304,-1,27,23,-4,2025-06-19
69031,2025,6,19,4,LAX,LIH,842,835,-7,1138,1122,-16,2025-06-19
69032,2025,6,19,4,LAX,LIH,903,921,18,1204,1201,-3,2025-06-19
69033,2025,6,19,4,LAX,LIH,930,948,18,1225,1220,-5,2025-06-19
69035,2025,6,19,4,LAX,MCI,800,758,-2,1315,1257,-18,2025-06-19
69036,2025,6,19,4,LAX,MCI,930,926,-4,1444,1435,-9,2025-06-19
69037,2025,6,19,4,LAX,MCI,1520,1519,-1,2029,2026,-3,2025-06-19
69038,2025,6,19,4,LAX,MCI,1815,1805,-10,2327,2314,-13,2025-06-19
69039,2025,6,19,4,LAX,MCO,700,651,-9,1458,1455,-3,2025-06-19
69040,2025,6,19,4,LAX,MCO,1002,957,-5,1804,1750,-14,2025-06-19
69041,2025,6,19,4,LAX,MCO,1035,1026,-9,1838,1825,-13,2025-06-19
69042,2025,6,19,4,LAX,MCO,1120,1209,49,1914,2011,57,2025-06-19
69043,2025,6,19,4,LAX,MCO,1357,1407,10,2210,2209,-1,2025-06-19
69045,2025,6,19,4,LAX,MCO,2135,2126,-9,536,508,-28,2025-06-19
69046,2025,6,19,4,LAX,MCO,2145,2138,-7,532,521,-11,2025-06-19
69047,2025,6,19,4,LAX,MCO,2249,2244,-5,647,636,-11,2025-06-19
69049,2025,6,19,4,LAX,MDW,840,851,11,1445,1437,-8,2025-06-19
69050,2025,6,19,4,LAX,MDW,1315,1317,2,1920,1911,-9,2025-06-19
69051,2025,6,19,4,LAX,MDW,1610,1616,6,2210,2206,-4,2025-06-19
69052,2025,6,19,4,LAX,MDW,2255,2256,1,500,440,-20,2025-06-19
69053,2025,6,19,4,LAX,MEM,1820,1840,20,2358,19,21,2025-06-19
69054,2025,6,19,4,LAX,MFE,600,556,-4,1109,1056,-13,2025-06-19
69055,2025,6,19,4,LAX,MIA,600,556,-4,1413,1356,-17,2025-06-19
69056,2025,6,19,4,LAX,MIA,745,824,39,1554,1634,40,2025-06-19
69057,2025,6,19,4,LAX,MIA,900,859,-1,1719,1709,-10,2025-06-19
69060,2025,6,19,4,LAX,MIA,1500,1456,-4,2310,2255,-15,2025-06-19
69061,2025,6,19,4,LAX,MIA,2140,2208,28,550,608,18,2025-06-19
69062,2025,6,19,4,LAX,MIA,2249,2245,-4,701,659,-2,2025-06-19
69063,2025,6,19,4,LAX,MIA,2343,14,31,750,840,50,2025-06-19
69064,2025,6,19,4,LAX,MKE,817,806,-11,1410,1405,-5,2025-06-19
69065,2025,6,19,4,LAX,MRY,820,819,-1,942,935,-7,2025-06-19
69066,2025,6,19,4,LAX,MRY,1823,1817,-6,1937,1922,-15,2025-06-19
69067,2025,6,19,4,LAX,MSO,1131,1129,-2,1510,1449,-21,2025-06-19
69068,2025,6,19,4,LAX,MSP,617,610,-7,1148,1141,-7,2025-06-19
69069,2025,6,19,4,LAX,MSP,800,758,-2,1334,1326,-8,2025-06-19
69070,2025,6,19,4,LAX,MSP,1130,1128,-2,1702,1647,-15,2025-06-19
69071,2025,6,19,4,LAX,MSP,1325,1325,0,1855,1858,3,2025-06-19
69072,2025,6,19,4,LAX,MSP,1520,1520,0,2049,2040,-9,2025-06-19
69073,2025,6,19,4,LAX,MSP,1850,1841,-9,20,2359,-21,2025-06-19
69074,2025,6,19,4,LAX,MSP,2330,2331,1,504,441,-23,2025-06-19
69075,2025,6,19,4,LAX,MSY,700,659,-1,1240,1250,10,2025-06-19
69076,2025,6,19,4,LAX,MSY,1210,1203,-7,1753,1741,-12,2025-06-19
69077,2025,6,19,4,LAX,MSY,1225,1242,17,1810,1824,14,2025-06-19
69078,2025,6,19,4,LAX,MSY,1747,1736,-11,2327,2320,-7,2025-06-19
69079,2025,6,19,4,LAX,MSY,1818,1837,19,2358,15,17,2025-06-19
69080,2025,6,19,4,LAX,OAK,610,602,-8,735,726,-9,2025-06-19
69081,2025,6,19,4,LAX,OAK,805,800,-5,930,905,-25,2025-06-19
69082,2025,6,19,4,LAX,OAK,925,919,-6,1050,1040,-10,2025-06-19
69083,2025,6,19,4,LAX,OAK,1150,1145,-5,1315,1255,-20,2025-06-19
69084,2025,6,19,4,LAX,OAK,1505,1529,24,1625,1634,9,2025-06-19
69085,2025,6,19,4,LAX,OAK,1845,1914,29,2010,2025,15,2025-06-19
69087,2025,6,19,4,LAX,OGG,700,657,-3,935,929,-6,2025-06-19
69088,2025,6,19,4,LAX,OGG,800,757,-3,1031,1019,-12,2025-06-19
69089,2025,6,19,4,LAX,OGG,815,819,4,1055,1118,23,2025-06-19
69090,2025,6,19,4,LAX,OGG,902,904,2,1147,1155,8,2025-06-19
69091,2025,6,19,4,LAX,OGG,1655,1654,-1,1934,1923,-11,2025-06-19
69092,2025,6,19,4,LAX,OGG,1656,1651,-5,1928,1917,-11,2025-06-19
69093,2025,6,19,4,LAX,OGG,1754,1748,-6,2030,2013,-17,2025-06-19
69094,2025,6,19,4,LAX,OKC,900,856,-4,1400,1351,-9,2025-06-19
69095,2025,6,19,4,LAX,OKC,1732,1824,52,2230,2323,53,2025-06-19
69096,2025,6,19,4,LAX,OMA,1236,1229,-7,1752,1730,-22,2025-06-19
69097,2025,6,19,4,LAX,ORD,30,24,-6,642,623,-19,2025-06-19
69098,2025,6,19,4,LAX,ORD,32,109,37,638,714,36,2025-06-19
69099,2025,6,19,4,LAX,ORD,44,35,-9,651,637,-14,2025-06-19
69100,2025,6,19,4,LAX,ORD,535,529,-6,1144,1138,-6,2025-06-19
69101,2025,6,19,4,LAX,ORD,605,602,-3,1221,1203,-18,2025-06-19
69103,2025,6,19,4,LAX,ORD,630,625,-5,1238,1228,-10,2025-06-19
69104,2025,6,19,4,LAX,ORD,800,754,-6,1415,1349,-26,2025-06-19
69105,2025,6,19,4,LAX,ORD,815,811,-4,1439,1407,-32,2025-06-19
69106,2025,6,19,4,LAX,ORD,936,938,2,1544,1530,-14,2025-06-19
69107,2025,6,19,4,LAX,ORD,1040,1039,-1,1656,1639,-17,2025-06-19
69108,2025,6,19,4,LAX,ORD,1105,1121,16,1717,1732,15,2025-06-19
69109,2025,6,19,4,LAX,ORD,1145,1240,55,1753,1903,70,2025-06-19
69110,2025,6,19,4,LAX,ORD,1237,1228,-9,1855,1838,-17,2025-06-19
69111,2025,6,19,4,LAX,ORD,1300,1302,2,1929,1909,-20,2025-06-19
69112,2025,6,19,4,LAX,ORD,1401,1358,-3,2025,2022,-3,2025-06-19
69114,2025,6,19,4,LAX,ORD,1640,1638,-2,2304,2230,-34,2025-06-19
69115,2025,6,19,4,LAX,ORD,1646,1726,40,2305,2341,36,2025-06-19
69116,2025,6,19,4,LAX,ORD,1729,1745,16,2335,2341,6,2025-06-19
69117,2025,6,19,4,LAX,ORD,1738,1730,-8,2359,2322,-37,2025-06-19
69118,2025,6,19,4,LAX,ORD,2240,2310,30,451,506,15,2025-06-19
69119,2025,6,19,4,LAX,ORD,2300,2329,29,513,531,18,2025-06-19
69120,2025,6,19,4,LAX,ORD,2337,2336,-1,549,532,-17,2025-06-19
69121,2025,6,19,4,LAX,PDX,700,654,-6,921,900,-21,2025-06-19
69122,2025,6,19,4,LAX,PDX,700,659,-1,923,915,-8,2025-06-19
69123,2025,6,19,4,LAX,PDX,845,938,53,1110,1143,33,2025-06-19
69124,2025,6,19,4,LAX,PDX,905,858,-7,1131,1113,-18,2025-06-19
69125,2025,6,19,4,LAX,PDX,943,952,9,1214,1205,-9,2025-06-19
69126,2025,6,19,4,LAX,PDX,1102,1057,-5,1325,1307,-18,2025-06-19
69127,2025,6,19,4,LAX,PDX,1201,1150,-11,1425,1404,-21,2025-06-19
69128,2025,6,19,4,LAX,PDX,1340,1334,-6,1600,1541,-19,2025-06-19
69129,2025,6,19,4,LAX,PDX,1405,1359,-6,1626,1614,-12,2025-06-19
69130,2025,6,19,4,LAX,PDX,1640,1632,-8,1859,1836,-23,2025-06-19
69131,2025,6,19,4,LAX,PDX,1807,1802,-5,2030,2018,-12,2025-06-19
69134,2025,6,19,4,LAX,PDX,2151,2212,21,14,31,17,2025-06-19
69135,2025,6,19,4,LAX,PHL,108,104,-4,916,904,-12,2025-06-19
69136,2025,6,19,4,LAX,PHL,645,636,-9,1454,1503,9,2025-06-19
69137,2025,6,19,4,LAX,PHL,745,737,-8,1556,1536,-20,2025-06-19
69138,2025,6,19,4,LAX,PHL,900,903,3,1718,1720,2,2025-06-19
69139,2025,6,19,4,LAX,PHL,1140,1136,-4,1956,2029,33,2025-06-19
69144,2025,6,19,4,LAX,PHL,2256,2251,-5,700,700,0,2025-06-19
69145,2025,6,19,4,LAX,PHX,525,522,-3,655,645,-10,2025-06-19
69146,2025,6,19,4,LAX,PHX,610,602,-8,739,731,-8,2025-06-19
69147,2025,6,19,4,LAX,PHX,705,700,-5,830,822,-8,2025-06-19
69148,2025,6,19,4,LAX,PHX,750,750,0,915,905,-10,2025-06-19
69149,2025,6,19,4,LAX,PHX,815,811,-4,951,939,-12,2025-06-19
69150,2025,6,19,4,LAX,PHX,1000,955,-5,1130,1108,-22,2025-06-19
69151,2025,6,19,4,LAX,PHX,1015,1014,-1,1145,1135,-10,2025-06-19
69152,2025,6,19,4,LAX,PHX,1105,1104,-1,1235,1209,-26,2025-06-19
69153,2025,6,19,4,LAX,PHX,1325,1318,-7,1503,1445,-18,2025-06-19
69154,2025,6,19,4,LAX,PHX,1325,1332,7,1450,1500,10,2025-06-19
69155,2025,6,19,4,LAX,PHX,1400,1356,-4,1528,1518,-10,2025-06-19
69156,2025,6,19,4,LAX,PHX,1423,1457,34,1602,1621,19,2025-06-19
69157,2025,6,19,4,LAX,PHX,1440,1516,36,1610,1632,22,2025-06-19
69158,2025,6,19,4,LAX,PHX,1632,1624,-8,1759,1742,-17,2025-06-19
69159,2025,6,19,4,LAX,PHX,1730,1723,-7,1855,1846,-9,2025-06-19
69160,2025,6,19,4,LAX,PHX,1910,1922,12,2039,2130,51,2025-06-19
69163,2025,6,19,4,LAX,PHX,2134,2127,-7,2305,2251,-14,2025-06-19
69164,2025,6,19,4,LAX,PHX,2135,2124,-11,2315,2234,-41,2025-06-19
69165,2025,6,19,4,LAX,PHX,2235,2230,-5,13,2348,-25,2025-06-19
69166,2025,6,19,4,LAX,PIT,915,907,-8,1700,1657,-3,2025-06-19
69167,2025,6,19,4,LAX,PRC,1945,1940,-5,2111,2054,-17,2025-06-19
69168,2025,6,19,4,LAX,PSC,2125,2213,48,2359,44,45,2025-06-19
69169,2025,6,19,4,LAX,RDD,1250,1243,-7,1439,1421,-18,2025-06-19
69170,2025,6,19,4,LAX,RDM,1245,1241,-4,1503,1446,-17,2025-06-19
69171,2025,6,19,4,LAX,RDU,857,854,-3,1654,1655,1,2025-06-19
69172,2025,6,19,4,LAX,RDU,1037,1038,1,1831,1844,13,2025-06-19
69173,2025,6,19,4,LAX,RDU,2220,2218,-2,618,604,-14,2025-06-19
69174,2025,6,19,4,LAX,RDU,2243,2242,-1,630,620,-10,2025-06-19
69175,2025,6,19,4,LAX,RNO,959,959,0,1131,1119,-12,2025-06-19
69176,2025,6,19,4,LAX,RNO,1019,1014,-5,1200,1145,-15,2025-06-19
69177,2025,6,19,4,LAX,RNO,1425,1442,17,1550,1551,1,2025-06-19
69178,2025,6,19,4,LAX,RNO,1502,1452,-10,1630,1609,-21,2025-06-19
69179,2025,6,19,4,LAX,RNO,1710,1707,-3,1844,1842,-2,2025-06-19
69180,2025,6,19,4,LAX,RNO,2015,2012,-3,2149,2134,-15,2025-06-19
69181,2025,6,19,4,LAX,RNO,2050,2044,-6,2217,2206,-11,2025-06-19
69182,2025,6,19,4,LAX,RNO,2216,2313,57,2353,46,53,2025-06-19
69183,2025,6,19,4,LAX,SAN,820,812,-8,919,903,-16,2025-06-19
69184,2025,6,19,4,LAX,SAN,920,921,1,1024,1014,-10,2025-06-19
69185,2025,6,19,4,LAX,SAN,1428,1424,-4,1522,1513,-9,2025-06-19
69186,2025,6,19,4,LAX,SAN,1800,1803,3,1854,1859,5,2025-06-19
69187,2025,6,19,4,LAX,SAN,1846,1900,14,1947,1944,-3,2025-06-19
69188,2025,6,19,4,LAX,SAN,2159,2153,-6,2253,2257,4,2025-06-19
69189,2025,6,19,4,LAX,SAN,2245,2240,-5,2346,2334,-12,2025-06-19
69190,2025,6,19,4,LAX,SAT,710,705,-5,1202,1155,-7,2025-06-19
69191,2025,6,19,4,LAX,SAT,912,906,-6,1419,1417,-2,2025-06-19
69192,2025,6,19,4,LAX,SAT,930,924,-6,1423,1409,-14,2025-06-19
69193,2025,6,19,4,LAX,SAT,1410,1439,29,1910,1917,7,2025-06-19
69194,2025,6,19,4,LAX,SAT,1519,1526,7,2013,2011,-2,2025-06-19
69195,2025,6,19,4,LAX,SAT,1700,1653,-7,2158,2148,-10,2025-06-19
69196,2025,6,19,4,LAX,SAT,1858,1859,1,2349,2351,2,2025-06-19
69197,2025,6,19,4,LAX,SBA,1520,1518,-2,1612,1600,-12,2025-06-19
69198,2025,6,19,4,LAX,SBA,2300,2237,-23,2358,2330,-28,2025-06-19
69199,2025,6,19,4,LAX,SBP,1500,1457,-3,1601,1545,-16,2025-06-19
69200,2025,6,19,4,LAX,SBP,2232,2229,-3,2336,2327,-9,2025-06-19
69201,2025,6,19,4,LAX,SDF,1134,1130,-4,1835,1844,9,2025-06-19
69202,2025,6,19,4,LAX,SEA,600,557,-3,850,837,-13,2025-06-19
69203,2025,6,19,4,LAX,SEA,700,654,-6,954,931,-23,2025-06-19
69204,2025,6,19,4,LAX,SEA,700,655,-5,947,931,-16,2025-06-19
69205,2025,6,19,4,LAX,SEA,800,811,11,1049,1058,9,2025-06-19
69206,2025,6,19,4,LAX,SEA,945,1002,17,1242,1228,-14,2025-06-19
69207,2025,6,19,4,LAX,SEA,950,1010,20,1235,1248,13,2025-06-19
69208,2025,6,19,4,LAX,SEA,1110,1111,1,1401,1340,-21,2025-06-19
69209,2025,6,19,4,LAX,SEA,1115,1124,9,1409,1354,-15,2025-06-19
69210,2025,6,19,4,LAX,SEA,1155,1151,-4,1439,1413,-26,2025-06-19
69212,2025,6,19,4,LAX,SEA,1410,1418,8,1654,1650,-4,2025-06-19
69213,2025,6,19,4,LAX,SEA,1415,1419,4,1700,1648,-12,2025-06-19
69214,2025,6,19,4,LAX,SEA,1510,1512,2,1754,1740,-14,2025-06-19
69215,2025,6,19,4,LAX,SEA,1715,1719,4,2000,1949,-11,2025-06-19
69216,2025,6,19,4,LAX,SEA,1743,1734,-9,2035,2002,-33,2025-06-19
69217,2025,6,19,4,LAX,SEA,1815,1834,19,2100,2121,21,2025-06-19
69218,2025,6,19,4,LAX,SEA,1839,1930,51,2134,2215,41,2025-06-19
69219,2025,6,19,4,LAX,SEA,1907,1904,-3,2158,2140,-18,2025-06-19
69220,2025,6,19,4,LAX,SEA,1925,1957,32,2210,2325,75,2025-06-19
69221,2025,6,19,4,LAX,SEA,1959,2028,29,2257,2257,0,2025-06-19
69223,2025,6,19,4,LAX,SEA,2115,2107,-8,2359,2357,-2,2025-06-19
69224,2025,6,19,4,LAX,SEA,2129,2133,4,25,2,-23,2025-06-19
69225,2025,6,19,4,LAX,SFO,600,555,-5,738,711,-27,2025-06-19
69226,2025,6,19,4,LAX,SFO,630,624,-6,752,731,-21,2025-06-19
69227,2025,6,19,4,LAX,SFO,630,626,-4,750,733,-17,2025-06-19
69228,2025,6,19,4,LAX,SFO,700,700,0,829,831,2,2025-06-19
69229,2025,6,19,4,LAX,SFO,700,717,17,836,836,0,2025-06-19
69230,2025,6,19,4,LAX,SFO,805,758,-7,945,911,-34,2025-06-19
69231,2025,6,19,4,LAX,SFO,835,828,-7,958,950,-8,2025-06-19
69232,2025,6,19,4,LAX,SFO,910,908,-2,1045,1026,-19,2025-06-19
69233,2025,6,19,4,LAX,SFO,1000,957,-3,1120,1107,-13,2025-06-19
69234,2025,6,19,4,LAX,SFO,1015,1010,-5,1140,1126,-14,2025-06-19
69235,2025,6,19,4,LAX,SFO,1026,1020,-6,1159,1132,-27,2025-06-19
69236,2025,6,19,4,LAX,SFO,1129,1127,-2,1256,1244,-12,2025-06-19
69237,2025,6,19,4,LAX,SFO,1220,1224,4,1343,1340,-3,2025-06-19
69238,2025,6,19,4,LAX,SFO,1330,1325,-5,1452,1504,12,2025-06-19
69239,2025,6,19,4,LAX,SFO,1339,1337,-2,1507,1541,34,2025-06-19
69240,2025,6,19,4,LAX,SFO,1422,1412,-10,1548,1550,2,2025-06-19
69241,2025,6,19,4,LAX,SFO,1544,1605,21,1711,1824,73,2025-06-19
69242,2025,6,19,4,LAX,SFO,1610,1603,-7,1739,1742,3,2025-06-19
69243,2025,6,19,4,LAX,SFO,1627,1647,20,1745,1807,22,2025-06-19
69244,2025,6,19,4,LAX,SFO,1630,1626,-4,1755,1745,-10,2025-06-19
69245,2025,6,19,4,LAX,SFO,1710,1702,-8,1840,1829,-11,2025-06-19
69246,2025,6,19,4,LAX,SFO,1740,1752,12,1902,1911,9,2025-06-19
69248,2025,6,19,4,LAX,SFO,1820,1811,-9,1943,1934,-9,2025-06-19
69249,2025,6,19,4,LAX,SFO,1840,1837,-3,2009,2024,15,2025-06-19
69250,2025,6,19,4,LAX,SFO,1859,1930,31,2028,2052,24,2025-06-19
69251,2025,6,19,4,LAX,SFO,1925,1947,22,2057,2116,19,2025-06-19
69252,2025,6,19,4,LAX,SFO,1935,1939,4,2058,2109,11,2025-06-19
69253,2025,6,19,4,LAX,SFO,1955,2035,40,2125,2144,19,2025-06-19
69254,2025,6,19,4,LAX,SFO,2130,2216,46,2302,2336,34,2025-06-19
69255,2025,6,19,4,LAX,SFO,2149,2213,24,2312,2328,16,2025-06-19
69256,2025,6,19,4,LAX,SFO,2225,2219,-6,2352,2354,2,2025-06-19
69257,2025,6,19,4,LAX,SGU,1315,1306,-9,1547,1541,-6,2025-06-19
69258,2025,6,19,4,LAX,SJC,605,600,-5,725,719,-6,2025-06-19
69259,2025,6,19,4,LAX,SJC,705,659,-6,820,814,-6,2025-06-19
69260,2025,6,19,4,LAX,SJC,900,854,-6,1020,1002,-18,2025-06-19
69261,2025,6,19,4,LAX,SJC,915,909,-6,1030,1015,-15,2025-06-19
69262,2025,6,19,4,LAX,SJC,1025,1031,6,1140,1133,-7,2025-06-19
69263,2025,6,19,4,LAX,SJC,1135,1134,-1,1252,1243,-9,2025-06-19
69264,2025,6,19,4,LAX,SJC,1325,1317,-8,1440,1429,-11,2025-06-19
69265,2025,6,19,4,LAX,SJC,1405,1420,15,1520,1526,6,2025-06-19
69266,2025,6,19,4,LAX,SJC,1545,1538,-7,1700,1641,-19,2025-06-19
69267,2025,6,19,4,LAX,SJC,1635,1650,15,1750,1751,1,2025-06-19
69268,2025,6,19,4,LAX,SJC,1800,1810,10,1915,1922,7,2025-06-19
69269,2025,6,19,4,LAX,SJC,2120,2131,11,2245,2232,-13,2025-06-19
69270,2025,6,19,4,LAX,SJC,2128,2125,-3,2244,2241,-3,2025-06-19
69271,2025,6,19,4,LAX,SLC,600,556,-4,853,853,0,2025-06-19
69272,2025,6,19,4,LAX,SLC,700,726,26,955,1008,13,2025-06-19
69273,2025,6,19,4,LAX,SLC,825,821,-4,1126,1128,2,2025-06-19
69274,2025,6,19,4,LAX,SLC,833,824,-9,1132,1116,-16,2025-06-19
69276,2025,6,19,4,LAX,SLC,1005,1019,14,1255,1300,5,2025-06-19
69277,2025,6,19,4,LAX,SLC,1111,1105,-6,1403,1347,-16,2025-06-19
69278,2025,6,19,4,LAX,SLC,1311,1310,-1,1604,1552,-12,2025-06-19
69279,2025,6,19,4,LAX,SLC,1710,1711,1,2000,2005,5,2025-06-19
69280,2025,6,19,4,LAX,SLC,1845,1837,-8,2139,2114,-25,2025-06-19
69281,2025,6,19,4,LAX,SLC,1919,1918,-1,2206,2153,-13,2025-06-19
69282,2025,6,19,4,LAX,SMF,600,552,-8,725,708,-17,2025-06-19
69283,2025,6,19,4,LAX,SMF,755,753,-2,924,915,-9,2025-06-19
69284,2025,6,19,4,LAX,SMF,810,804,-6,940,925,-15,2025-06-19
69285,2025,6,19,4,LAX,SMF,815,810,-5,952,947,-5,2025-06-19
69286,2025,6,19,4,LAX,SMF,946,934,-12,1123,1057,-26,2025-06-19
69287,2025,6,19,4,LAX,SMF,1025,1017,-8,1159,1150,-9,2025-06-19
69288,2025,6,19,4,LAX,SMF,1140,1232,52,1305,1351,46,2025-06-19
69289,2025,6,19,4,LAX,SMF,1225,1215,-10,1354,1339,-15,2025-06-19
69290,2025,6,19,4,LAX,SMF,1309,1305,-4,1444,1424,-20,2025-06-19
69291,2025,6,19,4,LAX,SMF,1620,1649,29,1745,1804,19,2025-06-19
69292,2025,6,19,4,LAX,SMF,1630,1625,-5,1801,1749,-12,2025-06-19
69293,2025,6,19,4,LAX,SMF,1654,1650,-4,1823,1816,-7,2025-06-19
69294,2025,6,19,4,LAX,SMF,1705,1703,-2,1837,1834,-3,2025-06-19
69295,2025,6,19,4,LAX,SMF,1815,1809,-6,1945,1930,-15,2025-06-19
69296,2025,6,19,4,LAX,SMF,1922,1913,-9,2101,2048,-13,2025-06-19
69297,2025,6,19,4,LAX,SMF,2030,2042,12,2155,2157,2,2025-06-19
69298,2025,6,19,4,LAX,SMF,2056,2048,-8,2228,2214,-14,2025-06-19
69299,2025,6,19,4,LAX,SMF,2155,2144,-11,2320,2303,-17,2025-06-19
69300,2025,6,19,4,LAX,STL,510,522,12,1050,1102,12,2025-06-19
69301,2025,6,19,4,LAX,STL,1733,1728,-5,2259,2308,9,2025-06-19
69302,2025,6,19,4,LAX,STL,1905,1951,46,40,118,38,2025-06-19
69303,2025,6,19,4,LAX,STS,925,952,27,1106,1134,28,2025-06-19
69304,2025,6,19,4,LAX,STS,2206,2206,0,2344,3,19,2025-06-19
69305,2025,6,19,4,LAX,TPA,1012,1011,-1,1800,1819,19,2025-06-19
69306,2025,6,19,4,LAX,TPA,2210,2232,22,544,614,30,2025-06-19
69307,2025,6,19,4,LAX,TPA,2359,8,9,756,806,10,2025-06-19
69308,2025,6,19,4,LAX,TUL,930,923,-7,1440,1422,-18,2025-06-19
69309,2025,6,19,4,LAX,TUS,822,812,-10,1003,943,-20,2025-06-19
69310,2025,6,19,4,LAX,TUS,935,932,-3,1110,1057,-13,2025-06-19
69311,2025,6,19,4,LAX,TUS,1240,1240,0,1410,1403,-7,2025-06-19
69312,2025,6,19,4,LAX,TUS,1410,1406,-4,1544,1532,-12,2025-06-19
69313,2025,6,19,4,LAX,TUS,1458,1448,-10,1627,1621,-6,2025-06-19
69314,2025,6,19,4,LAX,TUS,1818,1816,-2,1949,1939,-10,2025-06-19
69316,2025,6,19,4,LAX,XNA,914,910,-4,1438,1440,2,2025-06-19
72712,2025,6,20,5,LAX,ABQ,800,752,-8,1108,1050,-18,2025-06-20
72713,2025,6,20,5,LAX,ABQ,855,847,-8,1158,1153,-5,2025-06-20
72714,2025,6,20,5,LAX,ABQ,1120,1117,-3,1415,1402,-13,2025-06-20
72717,2025,6,20,5,LAX,ABQ,1958,1951,-7,2258,2243,-15,2025-06-20
72718,2025,6,20,5,LAX,ACV,1315,1308,-7,1513,1513,0,2025-06-20
72719,2025,6,20,5,LAX,ANC,1945,1945,0,8,8,0,2025-06-20
72722,2025,6,20,5,LAX,ASE,1445,1449,4,1751,1755,4,2025-06-20
72723,2025,6,20,5,LAX,ATL,55,120,25,821,857,36,2025-06-20
72724,2025,6,20,5,LAX,ATL,620,616,-4,1342,1328,-14,2025-06-20
72725,2025,6,20,5,LAX,ATL,735,730,-5,1448,1434,-14,2025-06-20
72726,2025,6,20,5,LAX,ATL,845,840,-5,1607,1604,-3,2025-06-20
72727,2025,6,20,5,LAX,ATL,951,947,-4,1715,1711,-4,2025-06-20
72728,2025,6,20,5,LAX,ATL,953,952,-1,1719,1703,-16,2025-06-20
72729,2025,6,20,5,LAX,ATL,1115,1112,-3,1834,1831,-3,2025-06-20
72730,2025,6,20,5,LAX,ATL,1215,1215,0,1930,1924,-6,2025-06-20
72731,2025,6,20,5,LAX,ATL,1249,1246,-3,2015,2059,44,2025-06-20
72733,2025,6,20,5,LAX,ATL,1315,1306,-9,2046,2027,-19,2025-06-20
72734,2025,6,20,5,LAX,ATL,1430,1430,0,2150,2203,13,2025-06-20
72735,2025,6,20,5,LAX,ATL,1735,1727,-8,54,36,-18,2025-06-20
72737,2025,6,20,5,LAX,ATL,2145,2216,31,500,525,25,2025-06-20
72738,2025,6,20,5,LAX,ATL,2245,2240,-5,600,552,-8,2025-06-20
72739,2025,6,20,5,LAX,ATL,2345,3,18,706,726,20,2025-06-20
72740,2025,6,20,5,LAX,ATL,2345,2344,-1,712,700,-12,2025-06-20
72741,2025,6,20,5,LAX,AUS,500,455,-5,1000,1002,2,2025-06-20
72742,2025,6,20,5,LAX,AUS,615,609,-6,1117,1104,-13,2025-06-20
72743,2025,6,20,5,LAX,AUS,745,739,-6,1246,1229,-17,2025-06-20
72744,2025,6,20,5,LAX,AUS,925,919,-6,1451,1441,-10,2025-06-20
72745,2025,6,20,5,LAX,AUS,1035,1028,-7,1545,1517,-28,2025-06-20
72746,2025,6,20,5,LAX,AUS,1115,1112,-3,1620,1613,-7,2025-06-20
72747,2025,6,20,5,LAX,AUS,1614,1613,-1,2114,2109,-5,2025-06-20
72749,2025,6,20,5,LAX,AUS,1835,1832,-3,2338,2317,-21,2025-06-20
72750,2025,6,20,5,LAX,AUS,1840,1832,-8,2358,2327,-31,2025-06-20
72751,2025,6,20,5,LAX,AUS,1850,1934,44,2350,24,34,2025-06-20
72752,2025,6,20,5,LAX,AUS,1855,1853,-2,2355,2339,-16,2025-06-20
72753,2025,6,20,5,LAX,BNA,700,654,-6,1257,1247,-10,2025-06-20
72754,2025,6,20,5,LAX,BNA,710,711,1,1325,1306,-19,2025-06-20
72755,2025,6,20,5,LAX,BNA,929,924,-5,1532,1531,-1,2025-06-20
72756,2025,6,20,5,LAX,BNA,1036,1026,-10,1645,1626,-19,2025-06-20
72757,2025,6,20,5,LAX,BNA,1239,1244,5,1844,1836,-8,2025-06-20
72759,2025,6,20,5,LAX,BNA,2250,2255,5,500,451,-9,2025-06-20
72760,2025,6,20,5,LAX,BOI,1157,1244,47,1503,1551,48,2025-06-20
72761,2025,6,20,5,LAX,BOI,1245,1238,-7,1559,1538,-21,2025-06-20
72762,2025,6,20,5,LAX,BOI,1950,1944,-6,2254,2242,-12,2025-06-20
72763,2025,6,20,5,LAX,BOI,1959,1947,-12,2301,2235,-26,2025-06-20
72764,2025,6,20,5,LAX,BOS,600,553,-7,1440,1425,-15,2025-06-20
72765,2025,6,20,5,LAX,BOS,640,641,1,1515,1503,-12,2025-06-20
72766,2025,6,20,5,LAX,BOS,830,820,-10,1719,1705,-14,2025-06-20
72767,2025,6,20,5,LAX,BOS,835,829,-6,1716,1653,-23,2025-06-20
72768,2025,6,20,5,LAX,BOS,840,839,-1,1716,1710,-6,2025-06-20
72769,2025,6,20,5,LAX,BOS,1045,1044,-1,1924,1912,-12,2025-06-20
72770,2025,6,20,5,LAX,BOS,1145,1138,-7,2025,2005,-20,2025-06-20
72771,2025,6,20,5,LAX,BOS,1310,1327,17,2151,2139,-12,2025-06-20
72772,2025,6,20,5,LAX,BOS,1525,1600,35,2355,5,10,2025-06-20
72773,2025,6,20,5,LAX,BOS,2024,2020,-4,500,437,-23,2025-06-20
72774,2025,6,20,5,LAX,BOS,2102,2056,-6,532,506,-26,2025-06-20
72775,2025,6,20,5,LAX,BOS,2213,2205,-8,644,629,-15,2025-06-20
72776,2025,6,20,5,LAX,BOS,2257,2311,14,735,752,17,2025-06-20
72777,2025,6,20,5,LAX,BOS,2305,2301,-4,741,729,-12,2025-06-20
72779,2025,6,20,5,LAX,BWI,530,533,3,1335,1326,-9,2025-06-20
72780,2025,6,20,5,LAX,BWI,1005,1003,-2,1810,1754,-16,2025-06-20
72781,2025,6,20,5,LAX,BWI,1134,1212,38,1929,2003,34,2025-06-20
72782,2025,6,20,5,LAX,BWI,2055,2055,0,500,432,-28,2025-06-20
72783,2025,6,20,5,LAX,BWI,2359,2355,-4,807,750,-17,2025-06-20
72784,2025,6,20,5,LAX,BZN,1121,1115,-6,1450,1432,-18,2025-06-20
72785,2025,6,20,5,LAX,BZN,1800,1752,-8,2139,2122,-17,2025-06-20
72786,2025,6,20,5,LAX,CLE,1142,1134,-8,1915,1921,6,2025-06-20
72787,2025,6,20,5,LAX,CLE,2120,2114,-6,453,423,-30,2025-06-20
72788,2025,6,20,5,LAX,CLT,605,601,-4,1354,1333,-21,2025-06-20
72789,2025,6,20,5,LAX,CLT,759,753,-6,1545,1540,-5,2025-06-20
72790,2025,6,20,5,LAX,CLT,911,942,31,1700,1724,24,2025-06-20
72791,2025,6,20,5,LAX,CLT,1154,1157,3,1945,1928,-17,2025-06-20
72792,2025,6,20,5,LAX,CLT,1402,1359,-3,2155,2144,-11,2025-06-20
72793,2025,6,20,5,LAX,CLT,2148,2153,5,529,533,4,2025-06-20
72794,2025,6,20,5,LAX,CLT,2249,2246,-3,635,624,-11,2025-06-20
72795,2025,6,20,5,LAX,CLT,2306,2259,-7,645,638,-7,2025-06-20
72796,2025,6,20,5,LAX,CLT,2349,2342,-7,735,720,-15,2025-06-20
72798,2025,6,20,5,LAX,CVG,2229,2327,58,538,638,60,2025-06-20
72799,2025,6,20,5,LAX,DAL,505,514,9,1010,1024,14,2025-06-20
72800,2025,6,20,5,LAX,DAL,645,652,7,1150,1151,1,2025-06-20
72801,2025,6,20,5,LAX,DAL,1120,1141,21,1630,1641,11,2025-06-20
72802,2025,6,20,5,LAX,DAL,1630,1634,4,2145,2131,-14,2025-06-20
72803,2025,6,20,5,LAX,DAL,1810,1805,-5,2320,2308,-12,2025-06-20
72804,2025,6,20,5,LAX,DCA,759,751,-8,1600,1532,-28,2025-06-20
72805,2025,6,20,5,LAX,DCA,819,815,-4,1622,1606,-16,2025-06-20
72806,2025,6,20,5,LAX,DCA,1228,1224,-4,2029,2008,-21,2025-06-20
72807,2025,6,20,5,LAX,DCA,1331,1327,-4,2142,2145,3,2025-06-20
72808,2025,6,20,5,LAX,DEN,505,457,-8,824,811,-13,2025-06-20
72809,2025,6,20,5,LAX,DEN,545,545,0,910,852,-18,2025-06-20
72810,2025,6,20,5,LAX,DEN,615,612,-3,948,950,2,2025-06-20
72811,2025,6,20,5,LAX,DEN,706,701,-5,1031,1016,-15,2025-06-20
72812,2025,6,20,5,LAX,DEN,746,738,-8,1110,1053,-17,2025-06-20
72813,2025,6,20,5,LAX,DEN,804,758,-6,1133,1113,-20,2025-06-20
72814,2025,6,20,5,LAX,DEN,805,806,1,1130,1113,-17,2025-06-20
72815,2025,6,20,5,LAX,DEN,900,854,-6,1227,1204,-23,2025-06-20
72816,2025,6,20,5,LAX,DEN,1030,1028,-2,1355,1333,-22,2025-06-20
72817,2025,6,20,5,LAX,DEN,1052,1051,-1,1419,1403,-16,2025-06-20
72819,2025,6,20,5,LAX,DEN,1255,1314,19,1623,1623,0,2025-06-20
72820,2025,6,20,5,LAX,DEN,1338,1329,-9,1701,1658,-3,2025-06-20
72821,2025,6,20,5,LAX,DEN,1340,1340,0,1710,1646,-24,2025-06-20
72822,2025,6,20,5,LAX,DEN,1435,1441,6,1805,1750,-15,2025-06-20
72823,2025,6,20,5,LAX,DEN,1459,1451,-8,1819,1804,-15,2025-06-20
72824,2025,6,20,5,LAX,DEN,1605,1605,0,1930,1919,-11,2025-06-20
72825,2025,6,20,5,LAX,DEN,1611,1649,38,1940,1956,16,2025-06-20
72826,2025,6,20,5,LAX,DEN,1830,1827,-3,2200,2148,-12,2025-06-20
72827,2025,6,20,5,LAX,DEN,1918,1921,3,2247,2230,-17,2025-06-20
72829,2025,6,20,5,LAX,DEN,2020,2019,-1,2350,2320,-30,2025-06-20
72830,2025,6,20,5,LAX,DEN,2025,2018,-7,2348,2333,-15,2025-06-20
72831,2025,6,20,5,LAX,DFW,40,45,5,545,618,33,2025-06-20
72832,2025,6,20,5,LAX,DFW,47,42,-5,550,621,31,2025-06-20
72833,2025,6,20,5,LAX,DFW,130,129,-1,633,633,0,2025-06-20
72834,2025,6,20,5,LAX,DFW,600,552,-8,1103,1102,-1,2025-06-20
72835,2025,6,20,5,LAX,DFW,600,600,0,1114,1122,8,2025-06-20
72836,2025,6,20,5,LAX,DFW,700,656,-4,1224,1203,-21,2025-06-20
72837,2025,6,20,5,LAX,DFW,826,825,-1,1339,1343,4,2025-06-20
72838,2025,6,20,5,LAX,DFW,835,830,-5,1343,1339,-4,2025-06-20
72839,2025,6,20,5,LAX,DFW,930,922,-8,1443,1436,-7,2025-06-20
72840,2025,6,20,5,LAX,DFW,1037,1034,-3,1545,1550,5,2025-06-20
72841,2025,6,20,5,LAX,DFW,1230,1228,-2,1737,1736,-1,2025-06-20
72842,2025,6,20,5,LAX,DFW,1348,1400,12,1859,1903,4,2025-06-20
72843,2025,6,20,5,LAX,DFW,1433,1428,-5,1943,1945,2,2025-06-20
72844,2025,6,20,5,LAX,DFW,1548,1540,-8,2059,2039,-20,2025-06-20
72845,2025,6,20,5,LAX,DFW,1636,1633,-3,2147,2141,-6,2025-06-20
72846,2025,6,20,5,LAX,DFW,1835,1844,9,2347,2342,-5,2025-06-20
72849,2025,6,20,5,LAX,DFW,2359,20,21,509,521,12,2025-06-20
72850,2025,6,20,5,LAX,DTW,20,11,-9,752,809,17,2025-06-20
72851,2025,6,20,5,LAX,DTW,530,524,-6,1257,1259,2,2025-06-20
72852,2025,6,20,5,LAX,DTW,735,729,-6,1456,1442,-14,2025-06-20
72853,2025,6,20,5,LAX,DTW,925,924,-1,1652,1630,-22,2025-06-20
72854,2025,6,20,5,LAX,DTW,1114,1109,-5,1837,1813,-24,2025-06-20
72855,2025,6,20,5,LAX,DTW,1209,1212,3,1931,1917,-14,2025-06-20
72857,2025,6,20,5,LAX,DTW,2130,2124,-6,452,431,-21,2025-06-20
72858,2025,6,20,5,LAX,DTW,2215,2207,-8,535,521,-14,2025-06-20
72859,2025,6,20,5,LAX,ELP,1245,1240,-5,1545,1524,-21,2025-06-20
72862,2025,6,20,5,LAX,EUG,2144,2138,-6,2358,12,14,2025-06-20
72863,2025,6,20,5,LAX,EWR,600,607,7,1434,1429,-5,2025-06-20
72864,2025,6,20,5,LAX,EWR,700,654,-6,1534,1523,-11,2025-06-20
72865,2025,6,20,5,LAX,EWR,700,717,17,1534,1544,10,2025-06-20
72866,2025,6,20,5,LAX,EWR,810,809,-1,1640,1643,3,2025-06-20
72867,2025,6,20,5,LAX,EWR,820,815,-5,1645,1642,-3,2025-06-20
72869,2025,6,20,5,LAX,EWR,1050,1047,-3,1920,1924,4,2025-06-20
72870,2025,6,20,5,LAX,EWR,1115,1128,13,1954,1932,-22,2025-06-20
72871,2025,6,20,5,LAX,EWR,1215,1216,1,2054,2059,5,2025-06-20
72872,2025,6,20,5,LAX,EWR,1330,1328,-2,2152,2124,-28,2025-06-20
72874,2025,6,20,5,LAX,EWR,1630,1635,5,57,52,-5,2025-06-20
72875,2025,6,20,5,LAX,EWR,2055,2051,-4,508,441,-27,2025-06-20
72876,2025,6,20,5,LAX,EWR,2126,2116,-10,559,526,-33,2025-06-20
72877,2025,6,20,5,LAX,EWR,2135,2125,-10,555,537,-18,2025-06-20
72878,2025,6,20,5,LAX,EWR,2359,2350,-9,812,743,-29,2025-06-20
72879,2025,6,20,5,LAX,FAT,1030,1023,-7,1148,1145,-3,2025-06-20
72880,2025,6,20,5,LAX,FAT,1910,1911,1,2024,2011,-13,2025-06-20
72881,2025,6,20,5,LAX,FAT,2238,2231,-7,2352,2336,-16,2025-06-20
72882,2025,6,20,5,LAX,FCA,922,917,-5,1321,1254,-27,2025-06-20
72883,2025,6,20,5,LAX,FLL,800,757,-3,1614,1600,-14,2025-06-20
72884,2025,6,20,5,LAX,FLL,1112,1104,-8,1926,1857,-29,2025-06-20
72885,2025,6,20,5,LAX,FLL,1345,1339,-6,2158,2146,-12,2025-06-20
72886,2025,6,20,5,LAX,FLL,2155,2155,0,603,559,-4,2025-06-20
72887,2025,6,20,5,LAX,FLL,2309,2304,-5,705,710,5,2025-06-20
72888,2025,6,20,5,LAX,FSD,1605,1603,-2,2119,2135,16,2025-06-20
72889,2025,6,20,5,LAX,GEG,1114,1104,-10,1352,1352,0,2025-06-20
72890,2025,6,20,5,LAX,GEG,1432,1524,52,1707,1744,37,2025-06-20
72891,2025,6,20,5,LAX,GEG,1516,1508,-8,1747,1732,-15,2025-06-20
72892,2025,6,20,5,LAX,GEG,1859,1848,-11,2133,2108,-25,2025-06-20
72893,2025,6,20,5,LAX,HNL,705,701,-4,1010,939,-31,2025-06-20
72894,2025,6,20,5,LAX,HNL,825,821,-4,1107,1047,-20,2025-06-20
72895,2025,6,20,5,LAX,HNL,830,828,-2,1105,1116,11,2025-06-20
72897,2025,6,20,5,LAX,HNL,849,845,-4,1137,1122,-15,2025-06-20
72898,2025,6,20,5,LAX,HNL,1010,1009,-1,1240,1254,14,2025-06-20
72899,2025,6,20,5,LAX,HNL,1115,1137,22,1404,1416,12,2025-06-20
72900,2025,6,20,5,LAX,HNL,1315,1310,-5,1601,1549,-12,2025-06-20
72901,2025,6,20,5,LAX,HNL,1335,1335,0,1618,1604,-14,2025-06-20
72902,2025,6,20,5,LAX,HNL,1444,1444,0,1728,1709,-19,2025-06-20
72903,2025,6,20,5,LAX,HNL,1710,1709,-1,1944,1948,4,2025-06-20
72904,2025,6,20,5,LAX,HNL,1745,1745,0,2030,2023,-7,2025-06-20
72905,2025,6,20,5,LAX,HNL,1810,1852,42,2052,2126,34,2025-06-20
72906,2025,6,20,5,LAX,HNL,1820,1842,22,2057,2120,23,2025-06-20
72907,2025,6,20,5,LAX,HNL,1825,1820,-5,2115,2106,-9,2025-06-20
72908,2025,6,20,5,LAX,HNL,1845,1849,4,2128,2115,-13,2025-06-20
72909,2025,6,20,5,LAX,HNL,1913,1940,27,2155,2208,13,2025-06-20
72910,2025,6,20,5,LAX,HNL,2040,2106,26,2329,2358,29,2025-06-20
72911,2025,6,20,5,LAX,HOU,505,527,22,1030,1048,18,2025-06-20
72912,2025,6,20,5,LAX,HOU,1335,1346,11,1900,1856,-4,2025-06-20
72913,2025,6,20,5,LAX,HOU,1745,1747,2,2305,2304,-1,2025-06-20
72914,2025,6,20,5,LAX,HOU,2350,2349,-1,515,504,-11,2025-06-20
72915,2025,6,20,5,LAX,IAD,620,615,-5,1423,1406,-17,2025-06-20
72916,2025,6,20,5,LAX,IAD,815,810,-5,1621,1624,3,2025-06-20
72917,2025,6,20,5,LAX,IAD,820,816,-4,1625,1626,1,2025-06-20
72918,2025,6,20,5,LAX,IAD,1015,1009,-6,1820,1802,-18,2025-06-20
72919,2025,6,20,5,LAX,IAD,1315,1305,-10,2120,2043,-37,2025-06-20
72920,2025,6,20,5,LAX,IAD,1645,1649,4,44,33,-11,2025-06-20
72921,2025,6,20,5,LAX,IAD,2250,2250,0,639,620,-19,2025-06-20
72922,2025,6,20,5,LAX,IAH,56,106,10,618,631,13,2025-06-20
72923,2025,6,20,5,LAX,IAH,515,512,-3,1042,1046,4,2025-06-20
72924,2025,6,20,5,LAX,IAH,715,712,-3,1244,1225,-19,2025-06-20
72925,2025,6,20,5,LAX,IAH,840,836,-4,1409,1352,-17,2025-06-20
72926,2025,6,20,5,LAX,IAH,845,837,-8,1407,1350,-17,2025-06-20
72927,2025,6,20,5,LAX,IAH,1015,1003,-12,1540,1524,-16,2025-06-20
72928,2025,6,20,5,LAX,IAH,1128,1120,-8,1648,1627,-21,2025-06-20
72929,2025,6,20,5,LAX,IAH,1207,1222,15,1724,1722,-2,2025-06-20
72930,2025,6,20,5,LAX,IAH,1310,1311,1,1840,1831,-9,2025-06-20
72931,2025,6,20,5,LAX,IAH,1358,1354,-4,1925,1915,-10,2025-06-20
72932,2025,6,20,5,LAX,IAH,1423,1516,53,2001,2034,33,2025-06-20
72933,2025,6,20,5,LAX,IAH,1809,1759,-10,2328,1,33,2025-06-20
72934,2025,6,20,5,LAX,IAH,1810,1805,-5,2333,2330,-3,2025-06-20
72935,2025,6,20,5,LAX,IAH,1920,1915,-5,43,25,-18,2025-06-20
72936,2025,6,20,5,LAX,IAH,2345,2337,-8,505,443,-22,2025-06-20
72937,2025,6,20,5,LAX,IND,1036,1051,15,1747,1742,-5,2025-06-20
72938,2025,6,20,5,LAX,IND,1134,1126,-8,1838,1808,-30,2025-06-20
72939,2025,6,20,5,LAX,IND,2314,2302,-12,614,549,-25,2025-06-20
72940,2025,6,20,5,LAX,JAC,900,851,-9,1218,1154,-24,2025-06-20
72941,2025,6,20,5,LAX,JAC,1030,1024,-6,1348,1329,-19,2025-06-20
72942,2025,6,20,5,LAX,JAC,1235,1240,5,1552,1547,-5,2025-06-20
72943,2025,6,20,5,LAX,JFK,600,558,-2,1434,1418,-16,2025-06-20
72944,2025,6,20,5,LAX,JFK,600,559,-1,1430,1404,-26,2025-06-20
72945,2025,6,20,5,LAX,JFK,700,654,-6,1535,1511,-24,2025-06-20
72946,2025,6,20,5,LAX,JFK,700,655,-5,1535,1523,-12,2025-06-20
72947,2025,6,20,5,LAX,JFK,710,718,8,1545,1531,-14,2025-06-20
72948,2025,6,20,5,LAX,JFK,819,812,-7,1658,1622,-36,2025-06-20
72949,2025,6,20,5,LAX,JFK,905,900,-5,1757,1716,-41,2025-06-20
72950,2025,6,20,5,LAX,JFK,930,928,-2,1809,1748,-21,2025-06-20
72951,2025,6,20,5,LAX,JFK,1010,1038,28,1910,1906,-4,2025-06-20
72952,2025,6,20,5,LAX,JFK,1021,1010,-11,1859,1833,-26,2025-06-20
72953,2025,6,20,5,LAX,JFK,1030,1020,-10,1911,1851,-20,2025-06-20
72954,2025,6,20,5,LAX,JFK,1110,1100,-10,1950,1952,2,2025-06-20
72955,2025,6,20,5,LAX,JFK,1130,1126,-4,2006,2001,-5,2025-06-20
72956,2025,6,20,5,LAX,JFK,1221,1211,-10,2100,2023,-37,2025-06-20
72957,2025,6,20,5,LAX,JFK,1230,1230,0,2107,2042,-25,2025-06-20
72958,2025,6,20,5,LAX,JFK,1300,1258,-2,2145,2056,-49,2025-06-20
72959,2025,6,20,5,LAX,JFK,1310,1254,-16,2152,2117,-35,2025-06-20
72960,2025,6,20,5,LAX,JFK,1420,1420,0,2252,2238,-14,2025-06-20
72961,2025,6,20,5,LAX,JFK,1515,1510,-5,2355,2319,-36,2025-06-20
72962,2025,6,20,5,LAX,JFK,1520,1547,27,2357,2344,-13,2025-06-20
72963,2025,6,20,5,LAX,JFK,1520,1558,38,2354,2,8,2025-06-20
72964,2025,6,20,5,LAX,JFK,1620,1617,-3,55,20,-35,2025-06-20
72965,2025,6,20,5,LAX,JFK,2036,2031,-5,503,440,-23,2025-06-20
72967,2025,6,20,5,LAX,JFK,2125,2120,-5,559,523,-36,2025-06-20
72968,2025,6,20,5,LAX,JFK,2140,2138,-2,607,542,-25,2025-06-20
72969,2025,6,20,5,LAX,JFK,2231,2226,-5,700,637,-23,2025-06-20
72970,2025,6,20,5,LAX,JFK,2250,2249,-1,723,647,-36,2025-06-20
72971,2025,6,20,5,LAX,JFK,2252,2252,0,732,701,-31,2025-06-20
72972,2025,6,20,5,LAX,JFK,2355,2346,-9,830,758,-32,2025-06-20
72973,2025,6,20,5,LAX,JFK,2358,2354,-4,830,812,-18,2025-06-20
72974,2025,6,20,5,LAX,KOA,830,822,-8,1110,1120,10,2025-06-20
72975,2025,6,20,5,LAX,KOA,910,905,-5,1150,1137,-13,2025-06-20
72976,2025,6,20,5,LAX,KOA,1119,1118,-1,1355,1345,-10,2025-06-20
72977,2025,6,20,5,LAX,KOA,1629,1646,17,1859,1909,10,2025-06-20
72978,2025,6,20,5,LAX,KOA,1725,1723,-2,2003,2034,31,2025-06-20
72979,2025,6,20,5,LAX,LAS,520,517,-3,635,631,-4,2025-06-20
72980,2025,6,20,5,LAX,LAS,530,523,-7,642,631,-11,2025-06-20
72981,2025,6,20,5,LAX,LAS,725,728,3,845,839,-6,2025-06-20
72982,2025,6,20,5,LAX,LAS,730,722,-8,840,836,-4,2025-06-20
72983,2025,6,20,5,LAX,LAS,826,819,-7,951,951,0,2025-06-20
72984,2025,6,20,5,LAX,LAS,845,844,-1,1005,950,-15,2025-06-20
72985,2025,6,20,5,LAX,LAS,1019,1033,14,1131,1152,21,2025-06-20
72986,2025,6,20,5,LAX,LAS,1125,1131,6,1245,1237,-8,2025-06-20
72987,2025,6,20,5,LAX,LAS,1140,1136,-4,1254,1257,3,2025-06-20
72988,2025,6,20,5,LAX,LAS,1445,1519,34,1607,1631,24,2025-06-20
72989,2025,6,20,5,LAX,LAS,1505,1504,-1,1615,1611,-4,2025-06-20
72990,2025,6,20,5,LAX,LAS,1535,1608,33,1655,1723,28,2025-06-20
72991,2025,6,20,5,LAX,LAS,1548,1556,8,1713,1712,-1,2025-06-20
72992,2025,6,20,5,LAX,LAS,1740,1754,14,1855,1919,24,2025-06-20
72993,2025,6,20,5,LAX,LAS,1755,1754,-1,1918,1903,-15,2025-06-20
72994,2025,6,20,5,LAX,LAS,1850,1910,20,2000,2041,41,2025-06-20
72995,2025,6,20,5,LAX,LAS,1852,1910,18,2008,2010,2,2025-06-20
72996,2025,6,20,5,LAX,LAS,1930,1929,-1,2052,2101,9,2025-06-20
72997,2025,6,20,5,LAX,LAS,1940,1941,1,2100,2102,2,2025-06-20
72998,2025,6,20,5,LAX,LAS,1945,1957,12,2108,2132,24,2025-06-20
72999,2025,6,20,5,LAX,LAS,1948,2008,20,2100,2121,21,2025-06-20
73000,2025,6,20,5,LAX,LAS,1959,1956,-3,2110,2114,4,2025-06-20
73001,2025,6,20,5,LAX,LAS,2205,2201,-4,2320,2257,-23,2025-06-20
73002,2025,6,20,5,LAX,LAS,2215,2212,-3,2327,2324,-3,2025-06-20
73003,2025,6,20,5,LAX,LAS,2218,2229,11,2335,2335,0,2025-06-20
73004,2025,6,20,5,LAX,LAS,2335,7,32,57,114,17,2025-06-20
73006,2025,6,20,5,LAX,LIH,903,857,-6,1204,1136,-28,2025-06-20
73007,2025,6,20,5,LAX,LIH,930,1012,42,1225,1253,28,2025-06-20
73008,2025,6,20,5,LAX,LIH,1425,1422,-3,1708,1709,1,2025-06-20
73009,2025,6,20,5,LAX,MCI,800,805,5,1315,1305,-10,2025-06-20
73010,2025,6,20,5,LAX,MCI,930,920,-10,1444,1416,-28,2025-06-20
73011,2025,6,20,5,LAX,MCI,1520,1517,-3,2029,2020,-9,2025-06-20
73012,2025,6,20,5,LAX,MCI,1815,1807,-8,2327,2338,11,2025-06-20
73013,2025,6,20,5,LAX,MCO,700,724,24,1458,1544,46,2025-06-20
73015,2025,6,20,5,LAX,MCO,1035,1036,1,1838,1847,9,2025-06-20
73016,2025,6,20,5,LAX,MCO,1120,1114,-6,1914,1914,0,2025-06-20
73017,2025,6,20,5,LAX,MCO,1357,1441,44,2210,2248,38,2025-06-20
73018,2025,6,20,5,LAX,MCO,1605,1603,-2,2359,4,5,2025-06-20
73019,2025,6,20,5,LAX,MCO,2135,2128,-7,536,511,-25,2025-06-20
73020,2025,6,20,5,LAX,MCO,2145,2138,-7,532,527,-5,2025-06-20
73021,2025,6,20,5,LAX,MCO,2249,2319,30,647,719,32,2025-06-20
73022,2025,6,20,5,LAX,MDW,620,622,2,1225,1217,-8,2025-06-20
73023,2025,6,20,5,LAX,MDW,840,850,10,1445,1437,-8,2025-06-20
73024,2025,6,20,5,LAX,MDW,1315,1320,5,1920,1917,-3,2025-06-20
73025,2025,6,20,5,LAX,MDW,1610,1650,40,2210,2230,20,2025-06-20
73026,2025,6,20,5,LAX,MDW,2255,2254,-1,500,445,-15,2025-06-20
73027,2025,6,20,5,LAX,MEM,1820,1830,10,2358,12,14,2025-06-20
73028,2025,6,20,5,LAX,MIA,600,602,2,1413,1401,-12,2025-06-20
73029,2025,6,20,5,LAX,MIA,745,753,8,1554,1556,2,2025-06-20
73030,2025,6,20,5,LAX,MIA,900,929,29,1719,1721,2,2025-06-20
73031,2025,6,20,5,LAX,MIA,1005,1002,-3,1816,1808,-8,2025-06-20
73032,2025,6,20,5,LAX,MIA,1210,1208,-2,2020,2029,9,2025-06-20
73033,2025,6,20,5,LAX,MIA,1500,1559,59,2310,2358,48,2025-06-20
73034,2025,6,20,5,LAX,MIA,2140,2137,-3,550,535,-15,2025-06-20
73035,2025,6,20,5,LAX,MIA,2249,2245,-4,701,641,-20,2025-06-20
73037,2025,6,20,5,LAX,MRY,820,810,-10,942,915,-27,2025-06-20
73038,2025,6,20,5,LAX,MRY,1823,1816,-7,1937,1928,-9,2025-06-20
73039,2025,6,20,5,LAX,MSO,1131,1136,5,1510,1504,-6,2025-06-20
73040,2025,6,20,5,LAX,MSP,50,44,-6,625,627,2,2025-06-20
73041,2025,6,20,5,LAX,MSP,617,610,-7,1148,1123,-25,2025-06-20
73042,2025,6,20,5,LAX,MSP,800,756,-4,1334,1312,-22,2025-06-20
73043,2025,6,20,5,LAX,MSP,1130,1134,4,1702,1643,-19,2025-06-20
73044,2025,6,20,5,LAX,MSP,1325,1325,0,1855,1852,-3,2025-06-20
73045,2025,6,20,5,LAX,MSP,1520,1514,-6,2049,2028,-21,2025-06-20
73046,2025,6,20,5,LAX,MSP,1850,1923,33,20,29,9,2025-06-20
73047,2025,6,20,5,LAX,MSP,2330,2324,-6,504,440,-24,2025-06-20
73048,2025,6,20,5,LAX,MSY,700,654,-6,1240,1228,-12,2025-06-20
73049,2025,6,20,5,LAX,MSY,1210,1215,5,1753,1755,2,2025-06-20
73050,2025,6,20,5,LAX,MSY,1225,1305,40,1810,1839,29,2025-06-20
73051,2025,6,20,5,LAX,MSY,1747,1742,-5,2327,2335,8,2025-06-20
73052,2025,6,20,5,LAX,MSY,1818,1856,38,2358,27,29,2025-06-20
73053,2025,6,20,5,LAX,OAK,610,608,-2,735,726,-9,2025-06-20
73054,2025,6,20,5,LAX,OAK,805,800,-5,930,909,-21,2025-06-20
73055,2025,6,20,5,LAX,OAK,925,921,-4,1050,1038,-12,2025-06-20
73056,2025,6,20,5,LAX,OAK,1150,1152,2,1315,1307,-8,2025-06-20
73057,2025,6,20,5,LAX,OAK,1505,1504,-1,1625,1619,-6,2025-06-20
73059,2025,6,20,5,LAX,OAK,2030,2035,5,2155,2156,1,2025-06-20
73060,2025,6,20,5,LAX,OGG,700,656,-4,935,934,-1,2025-06-20
73061,2025,6,20,5,LAX,OGG,800,758,-2,1031,1036,5,2025-06-20
73062,2025,6,20,5,LAX,OGG,815,820,5,1055,1058,3,2025-06-20
73063,2025,6,20,5,LAX,OGG,902,854,-8,1147,1120,-27,2025-06-20
73064,2025,6,20,5,LAX,OGG,1655,1649,-6,1934,1919,-15,2025-06-20
73065,2025,6,20,5,LAX,OGG,1656,1649,-7,1928,1908,-20,2025-06-20
73066,2025,6,20,5,LAX,OGG,1754,1741,-13,2030,1956,-34,2025-06-20
73067,2025,6,20,5,LAX,OKC,900,905,5,1400,1354,-6,2025-06-20
73068,2025,6,20,5,LAX,OKC,1732,1722,-10,2230,2225,-5,2025-06-20
73069,2025,6,20,5,LAX,OMA,1236,1233,-3,1752,1746,-6,2025-06-20
73070,2025,6,20,5,LAX,ORD,30,32,2,642,656,14,2025-06-20
73071,2025,6,20,5,LAX,ORD,32,36,4,638,713,35,2025-06-20
73072,2025,6,20,5,LAX,ORD,44,37,-7,651,659,8,2025-06-20
73073,2025,6,20,5,LAX,ORD,545,538,-7,1157,1134,-23,2025-06-20
73074,2025,6,20,5,LAX,ORD,605,629,24,1221,1225,4,2025-06-20
73075,2025,6,20,5,LAX,ORD,620,617,-3,1242,1205,-37,2025-06-20
73076,2025,6,20,5,LAX,ORD,630,641,11,1238,1232,-6,2025-06-20
73077,2025,6,20,5,LAX,ORD,800,754,-6,1415,1358,-17,2025-06-20
73078,2025,6,20,5,LAX,ORD,815,812,-3,1439,1421,-18,2025-06-20
73079,2025,6,20,5,LAX,ORD,936,931,-5,1544,1527,-17,2025-06-20
73080,2025,6,20,5,LAX,ORD,1040,1035,-5,1656,1631,-25,2025-06-20
73081,2025,6,20,5,LAX,ORD,1105,1100,-5,1717,1701,-16,2025-06-20
73082,2025,6,20,5,LAX,ORD,1145,1142,-3,1753,1756,3,2025-06-20
73083,2025,6,20,5,LAX,ORD,1237,1236,-1,1855,1838,-17,2025-06-20
73084,2025,6,20,5,LAX,ORD,1300,1257,-3,1929,1943,14,2025-06-20
73085,2025,6,20,5,LAX,ORD,1401,1438,37,2025,2041,16,2025-06-20
73086,2025,6,20,5,LAX,ORD,1502,1500,-2,2108,2111,3,2025-06-20
73087,2025,6,20,5,LAX,ORD,1640,1627,-13,2304,2247,-17,2025-06-20
73088,2025,6,20,5,LAX,ORD,1646,1718,32,2305,2319,14,2025-06-20
73089,2025,6,20,5,LAX,ORD,1729,1723,-6,2335,2315,-20,2025-06-20
73090,2025,6,20,5,LAX,ORD,1738,1732,-6,2359,2321,-38,2025-06-20
73091,2025,6,20,5,LAX,ORD,2240,2238,-2,451,433,-18,2025-06-20
73092,2025,6,20,5,LAX,ORD,2300,2259,-1,513,454,-19,2025-06-20
73093,2025,6,20,5,LAX,ORD,2325,8,43,533,617,44,2025-06-20
73094,2025,6,20,5,LAX,PDX,700,652,-8,923,928,5,2025-06-20
73095,2025,6,20,5,LAX,PDX,700,657,-3,921,912,-9,2025-06-20
73096,2025,6,20,5,LAX,PDX,845,840,-5,1110,1057,-13,2025-06-20
73097,2025,6,20,5,LAX,PDX,905,859,-6,1131,1132,1,2025-06-20
73098,2025,6,20,5,LAX,PDX,943,1013,30,1214,1236,22,2025-06-20
73099,2025,6,20,5,LAX,PDX,1102,1058,-4,1325,1326,1,2025-06-20
73100,2025,6,20,5,LAX,PDX,1340,1334,-6,1600,1607,7,2025-06-20
73101,2025,6,20,5,LAX,PDX,1405,1353,-12,1626,1630,4,2025-06-20
73102,2025,6,20,5,LAX,PDX,1605,1557,-8,1826,1823,-3,2025-06-20
73103,2025,6,20,5,LAX,PDX,1640,1638,-2,1859,1852,-7,2025-06-20
73104,2025,6,20,5,LAX,PDX,1807,1800,-7,2030,2027,-3,2025-06-20
73105,2025,6,20,5,LAX,PDX,2006,1957,-9,2230,2220,-10,2025-06-20
73106,2025,6,20,5,LAX,PDX,2025,2016,-9,2245,2224,-21,2025-06-20
73107,2025,6,20,5,LAX,PDX,2136,2200,24,2359,24,25,2025-06-20
73108,2025,6,20,5,LAX,PHL,108,105,-3,916,919,3,2025-06-20
73109,2025,6,20,5,LAX,PHL,645,654,9,1454,1459,5,2025-06-20
73110,2025,6,20,5,LAX,PHL,745,740,-5,1556,1537,-19,2025-06-20
73111,2025,6,20,5,LAX,PHL,900,856,-4,1718,1656,-22,2025-06-20
73112,2025,6,20,5,LAX,PHL,1140,1135,-5,1956,1940,-16,2025-06-20
73113,2025,6,20,5,LAX,PHL,1442,1436,-6,2254,2230,-24,2025-06-20
73114,2025,6,20,5,LAX,PHL,1630,1632,2,43,34,-9,2025-06-20
73116,2025,6,20,5,LAX,PHL,2253,2247,-6,705,652,-13,2025-06-20
73117,2025,6,20,5,LAX,PHX,525,522,-3,655,641,-14,2025-06-20
73118,2025,6,20,5,LAX,PHX,610,605,-5,739,740,1,2025-06-20
73119,2025,6,20,5,LAX,PHX,705,700,-5,830,819,-11,2025-06-20
73120,2025,6,20,5,LAX,PHX,750,745,-5,915,855,-20,2025-06-20
73121,2025,6,20,5,LAX,PHX,815,813,-2,951,950,-1,2025-06-20
73122,2025,6,20,5,LAX,PHX,1000,958,-2,1130,1114,-16,2025-06-20
73123,2025,6,20,5,LAX,PHX,1015,1010,-5,1145,1128,-17,2025-06-20
73124,2025,6,20,5,LAX,PHX,1105,1104,-1,1235,1213,-22,2025-06-20
73125,2025,6,20,5,LAX,PHX,1325,1320,-5,1503,1446,-17,2025-06-20
73127,2025,6,20,5,LAX,PHX,1400,1352,-8,1528,1523,-5,2025-06-20
73128,2025,6,20,5,LAX,PHX,1423,1450,27,1602,1613,11,2025-06-20
73129,2025,6,20,5,LAX,PHX,1440,1459,19,1610,1616,6,2025-06-20
73130,2025,6,20,5,LAX,PHX,1632,1635,3,1759,1756,-3,2025-06-20
73131,2025,6,20,5,LAX,PHX,1730,1807,37,1855,1947,52,2025-06-20
73132,2025,6,20,5,LAX,PHX,1910,1904,-6,2039,2029,-10,2025-06-20
73133,2025,6,20,5,LAX,PHX,1935,2015,40,2103,2144,41,2025-06-20
73134,2025,6,20,5,LAX,PHX,1955,2045,50,2130,2202,32,2025-06-20
73135,2025,6,20,5,LAX,PHX,2134,2153,19,2305,2310,5,2025-06-20
73136,2025,6,20,5,LAX,PHX,2135,2124,-11,2315,2238,-37,2025-06-20
73137,2025,6,20,5,LAX,PHX,2235,2229,-6,13,2353,-20,2025-06-20
73138,2025,6,20,5,LAX,PIT,915,913,-2,1700,1637,-23,2025-06-20
73140,2025,6,20,5,LAX,PSC,2125,2133,8,2359,15,16,2025-06-20
73141,2025,6,20,5,LAX,RDD,1250,1246,-4,1439,1432,-7,2025-06-20
73142,2025,6,20,5,LAX,RDM,1245,1244,-1,1503,1452,-11,2025-06-20
73143,2025,6,20,5,LAX,RDU,857,910,13,1654,1652,-2,2025-06-20
73144,2025,6,20,5,LAX,RDU,1037,1028,-9,1831,1823,-8,2025-06-20
73145,2025,6,20,5,LAX,RDU,2220,2213,-7,618,607,-11,2025-06-20
73146,2025,6,20,5,LAX,RDU,2243,2242,-1,630,623,-7,2025-06-20
73147,2025,6,20,5,LAX,RNO,959,952,-7,1131,1110,-21,2025-06-20
73148,2025,6,20,5,LAX,RNO,1019,1011,-8,1200,1142,-18,2025-06-20
73149,2025,6,20,5,LAX,RNO,1425,1449,24,1550,1611,21,2025-06-20
73151,2025,6,20,5,LAX,RNO,1710,1707,-3,1844,1839,-5,2025-06-20
73152,2025,6,20,5,LAX,RNO,2015,2007,-8,2149,2149,0,2025-06-20
73153,2025,6,20,5,LAX,RNO,2050,2141,51,2217,2302,45,2025-06-20
73154,2025,6,20,5,LAX,RNO,2216,2213,-3,2353,2336,-17,2025-06-20
73155,2025,6,20,5,LAX,SAN,820,849,29,919,943,24,2025-06-20
73156,2025,6,20,5,LAX,SAN,920,912,-8,1024,1012,-12,2025-06-20
73157,2025,6,20,5,LAX,SAN,1428,1420,-8,1522,1510,-12,2025-06-20
73158,2025,6,20,5,LAX,SAN,1800,1816,16,1854,1935,41,2025-06-20
73159,2025,6,20,5,LAX,SAN,1846,1838,-8,1947,1942,-5,2025-06-20
73160,2025,6,20,5,LAX,SAN,2159,2212,13,2253,2309,16,2025-06-20
73161,2025,6,20,5,LAX,SAN,2245,2252,7,2346,2344,-2,2025-06-20
73162,2025,6,20,5,LAX,SAT,825,819,-6,1321,1328,7,2025-06-20
73163,2025,6,20,5,LAX,SAT,912,903,-9,1419,1414,-5,2025-06-20
73164,2025,6,20,5,LAX,SAT,930,924,-6,1423,1405,-18,2025-06-20
73165,2025,6,20,5,LAX,SAT,1410,1404,-6,1910,1853,-17,2025-06-20
73166,2025,6,20,5,LAX,SAT,1700,1652,-8,2158,2139,-19,2025-06-20
73167,2025,6,20,5,LAX,SAT,1858,1851,-7,2349,2333,-16,2025-06-20
73168,2025,6,20,5,LAX,SBA,1520,1519,-1,1612,1613,1,2025-06-20
73169,2025,6,20,5,LAX,SBA,2300,2256,-4,2358,2342,-16,2025-06-20
73170,2025,6,20,5,LAX,SBP,1500,1453,-7,1601,1552,-9,2025-06-20
73171,2025,6,20,5,LAX,SBP,2232,2222,-10,2336,2325,-11,2025-06-20
73172,2025,6,20,5,LAX,SDF,821,813,-8,1522,1519,-3,2025-06-20
73173,2025,6,20,5,LAX,SEA,600,556,-4,850,847,-3,2025-06-20
73174,2025,6,20,5,LAX,SEA,700,652,-8,947,949,2,2025-06-20
73175,2025,6,20,5,LAX,SEA,700,653,-7,954,936,-18,2025-06-20
73176,2025,6,20,5,LAX,SEA,800,758,-2,1049,1109,20,2025-06-20
73177,2025,6,20,5,LAX,SEA,833,827,-6,1128,1114,-14,2025-06-20
73178,2025,6,20,5,LAX,SEA,945,1038,53,1242,1311,29,2025-06-20
73179,2025,6,20,5,LAX,SEA,1110,1104,-6,1401,1423,22,2025-06-20
73180,2025,6,20,5,LAX,SEA,1115,1113,-2,1409,1352,-17,2025-06-20
73181,2025,6,20,5,LAX,SEA,1155,1150,-5,1445,1433,-12,2025-06-20
73182,2025,6,20,5,LAX,SEA,1155,1207,12,1439,1448,9,2025-06-20
73183,2025,6,20,5,LAX,SEA,1410,1413,3,1654,1709,15,2025-06-20
73185,2025,6,20,5,LAX,SEA,1715,1709,-6,2000,2000,0,2025-06-20
73186,2025,6,20,5,LAX,SEA,1743,1737,-6,2035,2027,-8,2025-06-20
73187,2025,6,20,5,LAX,SEA,1815,1813,-2,2100,2104,4,2025-06-20
73188,2025,6,20,5,LAX,SEA,1850,1904,14,2145,2141,-4,2025-06-20
73189,2025,6,20,5,LAX,SEA,1907,1927,20,2158,2216,18,2025-06-20
73190,2025,6,20,5,LAX,SEA,1925,1919,-6,2210,2218,8,2025-06-20
73191,2025,6,20,5,LAX,SEA,1959,2024,25,2257,2306,9,2025-06-20
73192,2025,6,20,5,LAX,SEA,2010,2006,-4,2259,2308,9,2025-06-20
73193,2025,6,20,5,LAX,SEA,2115,2131,16,2359,17,18,2025-06-20
73194,2025,6,20,5,LAX,SEA,2129,2130,1,25,1,-24,2025-06-20
73195,2025,6,20,5,LAX,SFO,600,556,-4,738,719,-19,2025-06-20
73196,2025,6,20,5,LAX,SFO,630,625,-5,750,739,-11,2025-06-20
73197,2025,6,20,5,LAX,SFO,630,627,-3,752,740,-12,2025-06-20
73198,2025,6,20,5,LAX,SFO,700,651,-9,836,825,-11,2025-06-20
73199,2025,6,20,5,LAX,SFO,700,657,-3,829,858,29,2025-06-20
73200,2025,6,20,5,LAX,SFO,805,759,-6,945,1002,17,2025-06-20
73201,2025,6,20,5,LAX,SFO,835,826,-9,958,1014,16,2025-06-20
73202,2025,6,20,5,LAX,SFO,910,901,-9,1045,1035,-10,2025-06-20
73203,2025,6,20,5,LAX,SFO,1000,1001,1,1120,1110,-10,2025-06-20
73204,2025,6,20,5,LAX,SFO,1015,1009,-6,1140,1150,10,2025-06-20
73205,2025,6,20,5,LAX,SFO,1026,1017,-9,1159,1152,-7,2025-06-20
73206,2025,6,20,5,LAX,SFO,1129,1144,15,1256,1311,15,2025-06-20
73207,2025,6,20,5,LAX,SFO,1220,1215,-5,1343,1331,-12,2025-06-20
73208,2025,6,20,5,LAX,SFO,1330,1352,22,1452,1518,26,2025-06-20
73209,2025,6,20,5,LAX,SFO,1339,1335,-4,1507,1548,41,2025-06-20
73210,2025,6,20,5,LAX,SFO,1422,1414,-8,1548,1602,14,2025-06-20
73211,2025,6,20,5,LAX,SFO,1544,1540,-4,1711,1705,-6,2025-06-20
73212,2025,6,20,5,LAX,SFO,1610,1612,2,1739,1725,-14,2025-06-20
73213,2025,6,20,5,LAX,SFO,1627,1623,-4,1745,1733,-12,2025-06-20
73214,2025,6,20,5,LAX,SFO,1630,1635,5,1755,1802,7,2025-06-20
73215,2025,6,20,5,LAX,SFO,1710,1709,-1,1840,1830,-10,2025-06-20
73216,2025,6,20,5,LAX,SFO,1740,1754,14,1902,1931,29,2025-06-20
73218,2025,6,20,5,LAX,SFO,1820,1817,-3,1943,1943,0,2025-06-20
73219,2025,6,20,5,LAX,SFO,1840,1906,26,2009,2048,39,2025-06-20
73220,2025,6,20,5,LAX,SFO,1859,1857,-2,2028,2027,-1,2025-06-20
73221,2025,6,20,5,LAX,SFO,1925,2021,56,2057,2140,43,2025-06-20
73222,2025,6,20,5,LAX,SFO,1935,1933,-2,2058,2100,2,2025-06-20
73224,2025,6,20,5,LAX,SFO,2130,2128,-2,2302,2322,20,2025-06-20
73225,2025,6,20,5,LAX,SFO,2149,2206,17,2312,2321,9,2025-06-20
73226,2025,6,20,5,LAX,SFO,2225,2221,-4,2352,21,29,2025-06-20
73227,2025,6,20,5,LAX,SGF,600,603,3,1117,1122,5,2025-06-20
73228,2025,6,20,5,LAX,SGU,1315,1315,0,1547,1548,1,2025-06-20
73229,2025,6,20,5,LAX,SJC,605,601,-4,725,706,-19,2025-06-20
73230,2025,6,20,5,LAX,SJC,705,653,-12,820,820,0,2025-06-20
73231,2025,6,20,5,LAX,SJC,900,900,0,1020,1001,-19,2025-06-20
73232,2025,6,20,5,LAX,SJC,915,908,-7,1030,1021,-9,2025-06-20
73233,2025,6,20,5,LAX,SJC,1025,1035,10,1140,1144,4,2025-06-20
73234,2025,6,20,5,LAX,SJC,1135,1134,-1,1252,1241,-11,2025-06-20
73235,2025,6,20,5,LAX,SJC,1325,1317,-8,1440,1440,0,2025-06-20
73236,2025,6,20,5,LAX,SJC,1405,1425,20,1520,1524,4,2025-06-20
73237,2025,6,20,5,LAX,SJC,1545,1539,-6,1700,1648,-12,2025-06-20
73238,2025,6,20,5,LAX,SJC,1635,1633,-2,1750,1736,-14,2025-06-20
73239,2025,6,20,5,LAX,SJC,1800,1815,15,1915,1938,23,2025-06-20
73240,2025,6,20,5,LAX,SJC,2120,2116,-4,2245,2221,-24,2025-06-20
73241,2025,6,20,5,LAX,SJC,2128,2158,30,2244,2322,38,2025-06-20
73242,2025,6,20,5,LAX,SLC,600,557,-3,853,830,-23,2025-06-20
73243,2025,6,20,5,LAX,SLC,700,657,-3,955,938,-17,2025-06-20
73244,2025,6,20,5,LAX,SLC,948,951,3,1243,1231,-12,2025-06-20
73245,2025,6,20,5,LAX,SLC,1005,1001,-4,1255,1234,-21,2025-06-20
73246,2025,6,20,5,LAX,SLC,1111,1105,-6,1403,1336,-27,2025-06-20
73247,2025,6,20,5,LAX,SLC,1309,1335,26,1608,1626,18,2025-06-20
73248,2025,6,20,5,LAX,SLC,1311,1303,-8,1604,1545,-19,2025-06-20
73250,2025,6,20,5,LAX,SLC,1845,1837,-8,2139,2123,-16,2025-06-20
73251,2025,6,20,5,LAX,SLC,1919,1950,31,2206,2236,30,2025-06-20
73252,2025,6,20,5,LAX,SMF,600,555,-5,725,710,-15,2025-06-20
73253,2025,6,20,5,LAX,SMF,755,752,-3,924,915,-9,2025-06-20
73254,2025,6,20,5,LAX,SMF,810,805,-5,940,920,-20,2025-06-20
73255,2025,6,20,5,LAX,SMF,815,810,-5,952,952,0,2025-06-20
73256,2025,6,20,5,LAX,SMF,946,937,-9,1123,1103,-20,2025-06-20
73257,2025,6,20,5,LAX,SMF,1025,1019,-6,1159,1142,-17,2025-06-20
73258,2025,6,20,5,LAX,SMF,1140,1151,11,1305,1313,8,2025-06-20
73259,2025,6,20,5,LAX,SMF,1225,1218,-7,1354,1337,-17,2025-06-20
73260,2025,6,20,5,LAX,SMF,1620,1617,-3,1745,1735,-10,2025-06-20
73261,2025,6,20,5,LAX,SMF,1630,1621,-9,1801,1745,-16,2025-06-20
73262,2025,6,20,5,LAX,SMF,1654,1711,17,1823,1837,14,2025-06-20
73263,2025,6,20,5,LAX,SMF,1705,1659,-6,1837,1839,2,2025-06-20
73264,2025,6,20,5,LAX,SMF,1815,1806,-9,1945,1946,1,2025-06-20
73265,2025,6,20,5,LAX,SMF,1922,1918,-4,2101,2044,-17,2025-06-20
73266,2025,6,20,5,LAX,SMF,2030,2055,25,2155,2217,22,2025-06-20
73267,2025,6,20,5,LAX,SMF,2056,2058,2,2228,2238,10,2025-06-20
73268,2025,6,20,5,LAX,SMF,2155,2202,7,2320,2327,7,2025-06-20
73269,2025,6,20,5,LAX,STL,510,505,-5,1050,1037,-13,2025-06-20
73270,2025,6,20,5,LAX,STL,1733,1731,-2,2259,2308,9,2025-06-20
73272,2025,6,20,5,LAX,STS,925,918,-7,1106,1050,-16,2025-06-20
73273,2025,6,20,5,LAX,STS,2206,2201,-5,2344,2336,-8,2025-06-20
73274,2025,6,20,5,LAX,SUN,830,826,-4,1143,1133,-10,2025-06-20
73275,2025,6,20,5,LAX,TPA,1012,1012,0,1800,1826,26,2025-06-20
73276,2025,6,20,5,LAX,TPA,2210,2200,-10,544,535,-9,2025-06-20
73277,2025,6,20,5,LAX,TPA,2359,18,19,756,759,3,2025-06-20
73278,2025,6,20,5,LAX,TUL,745,740,-5,1243,1240,-3,2025-06-20
73279,2025,6,20,5,LAX,TUL,930,918,-12,1440,1441,1,2025-06-20
73280,2025,6,20,5,LAX,TUS,822,812,-10,1003,942,-21,2025-06-20
73281,2025,6,20,5,LAX,TUS,935,926,-9,1110,1052,-18,2025-06-20
73282,2025,6,20,5,LAX,TUS,1240,1253,13,1410,1414,4,2025-06-20
73283,2025,6,20,5,LAX,TUS,1410,1403,-7,1544,1540,-4,2025-06-20
73285,2025,6,20,5,LAX,TUS,1818,1818,0,1949,1944,-5,2025-06-20
73286,2025,6,20,5,LAX,TUS,1900,1904,4,2033,2034,1,2025-06-20
73287,2025,6,20,5,LAX,XNA,914,907,-7,1438,1420,-18,2025-06-20
76532,2025,6,21,6,LAX,ABQ,725,718,-7,1025,955,-30,2025-06-21
76533,2025,6,21,6,LAX,ABQ,800,754,-6,1108,1047,-21,2025-06-21
76534,2025,6,21,6,LAX,ABQ,855,847,-8,1158,1141,-17,2025-06-21
76535,2025,6,21,6,LAX,ABQ,1800,1801,1,2101,2047,-14,2025-06-21
76536,2025,6,21,6,LAX,ABQ,1849,1845,-4,2152,2135,-17,2025-06-21
76537,2025,6,21,6,LAX,ACV,1315,1310,-5,1513,1511,-2,2025-06-21
76538,2025,6,21,6,LAX,ANC,700,702,2,1124,1131,7,2025-06-21
76539,2025,6,21,6,LAX,ANC,1037,1032,-5,1450,1446,-4,2025-06-21
76540,2025,6,21,6,LAX,ANC,1945,1938,-7,8,2351,-17,2025-06-21
76541,2025,6,21,6,LAX,ASE,1040,1036,-4,1356,1338,-18,2025-06-21
76542,2025,6,21,6,LAX,ASE,1254,1327,33,1605,1622,17,2025-06-21
76544,2025,6,21,6,LAX,ATL,55,54,-1,821,821,0,2025-06-21
76545,2025,6,21,6,LAX,ATL,620,615,-5,1342,1347,5,2025-06-21
76546,2025,6,21,6,LAX,ATL,735,733,-2,1448,1450,2,2025-06-21
76547,2025,6,21,6,LAX,ATL,845,851,6,1607,1610,3,2025-06-21
76548,2025,6,21,6,LAX,ATL,951,948,-3,1715,1705,-10,2025-06-21
76549,2025,6,21,6,LAX,ATL,953,946,-7,1719,1701,-18,2025-06-21
76550,2025,6,21,6,LAX,ATL,1115,1110,-5,1834,1815,-19,2025-06-21
76551,2025,6,21,6,LAX,ATL,1215,1206,-9,1930,1912,-18,2025-06-21
76552,2025,6,21,6,LAX,ATL,1249,1241,-8,2015,1949,-26,2025-06-21
76553,2025,6,21,6,LAX,ATL,1330,1328,-2,2059,2057,-2,2025-06-21
76554,2025,6,21,6,LAX,ATL,1430,1427,-3,2150,2141,-9,2025-06-21
76555,2025,6,21,6,LAX,ATL,1530,1533,3,2254,2248,-6,2025-06-21
76556,2025,6,21,6,LAX,ATL,2128,2213,45,507,529,22,2025-06-21
76557,2025,6,21,6,LAX,ATL,2145,2141,-4,500,447,-13,2025-06-21
76558,2025,6,21,6,LAX,ATL,2245,2242,-3,600,553,-7,2025-06-21
76559,2025,6,21,6,LAX,ATL,2345,2335,-10,706,639,-27,2025-06-21
76560,2025,6,21,6,LAX,ATL,2345,2340,-5,712,651,-21,2025-06-21
76561,2025,6,21,6,LAX,AUS,600,556,-4,1105,1101,-4,2025-06-21
76562,2025,6,21,6,LAX,AUS,615,609,-6,1117,1134,17,2025-06-21
76563,2025,6,21,6,LAX,AUS,745,733,-12,1246,1227,-19,2025-06-21
76564,2025,6,21,6,LAX,AUS,1045,1043,-2,1555,1535,-20,2025-06-21
76565,2025,6,21,6,LAX,AUS,1614,1607,-7,2114,2054,-20,2025-06-21
76566,2025,6,21,6,LAX,AUS,1620,1611,-9,2121,2120,-1,2025-06-21
76567,2025,6,21,6,LAX,AUS,1745,1752,7,2245,2234,-11,2025-06-21
76568,2025,6,21,6,LAX,AUS,1835,1828,-7,2338,2316,-22,2025-06-21
76569,2025,6,21,6,LAX,AUS,1840,1836,-4,2358,2337,-21,2025-06-21
76570,2025,6,21,6,LAX,BNA,645,651,6,1250,1245,-5,2025-06-21
76571,2025,6,21,6,LAX,BNA,700,655,-5,1257,1246,-11,2025-06-21
76572,2025,6,21,6,LAX,BNA,1036,1026,-10,1645,1633,-12,2025-06-21
76573,2025,6,21,6,LAX,BNA,1150,1149,-1,1800,1744,-16,2025-06-21
76574,2025,6,21,6,LAX,BNA,1733,1725,-8,2333,2315,-18,2025-06-21
76575,2025,6,21,6,LAX,BNA,2250,2250,0,500,438,-22,2025-06-21
76576,2025,6,21,6,LAX,BOI,825,815,-10,1134,1116,-18,2025-06-21
76577,2025,6,21,6,LAX,BOI,1240,1235,-5,1554,1534,-20,2025-06-21
76578,2025,6,21,6,LAX,BOI,1950,2007,17,2254,2303,9,2025-06-21
76579,2025,6,21,6,LAX,BOI,1959,1958,-1,2301,2249,-12,2025-06-21
76580,2025,6,21,6,LAX,BOS,600,555,-5,1440,1431,-9,2025-06-21
76581,2025,6,21,6,LAX,BOS,700,653,-7,1537,1546,9,2025-06-21
76582,2025,6,21,6,LAX,BOS,830,835,5,1719,1711,-8,2025-06-21
76583,2025,6,21,6,LAX,BOS,830,851,21,1713,1729,16,2025-06-21
76584,2025,6,21,6,LAX,BOS,840,834,-6,1716,1700,-16,2025-06-21
76585,2025,6,21,6,LAX,BOS,1130,1128,-2,2003,1942,-21,2025-06-21
76586,2025,6,21,6,LAX,BOS,1145,1146,1,2025,2018,-7,2025-06-21
76587,2025,6,21,6,LAX,BOS,1525,1542,17,2355,2350,-5,2025-06-21
76588,2025,6,21,6,LAX,BOS,2213,2210,-3,644,627,-17,2025-06-21
76589,2025,6,21,6,LAX,BOS,2250,2248,-2,728,734,6,2025-06-21
76590,2025,6,21,6,LAX,BOS,2305,2257,-8,741,736,-5,2025-06-21
76591,2025,6,21,6,LAX,BUF,2209,2205,-4,600,537,-23,2025-06-21
76592,2025,6,21,6,LAX,BWI,630,626,-4,1430,1425,-5,2025-06-21
76593,2025,6,21,6,LAX,BWI,1134,1200,26,1929,1944,15,2025-06-21
76594,2025,6,21,6,LAX,BWI,1315,1315,0,2120,2103,-17,2025-06-21
76595,2025,6,21,6,LAX,BWI,2055,2052,-3,500,426,-34,2025-06-21
76596,2025,6,21,6,LAX,BWI,2359,2353,-6,807,749,-18,2025-06-21
76597,2025,6,21,6,LAX,BZN,1121,1117,-4,1450,1450,0,2025-06-21
76598,2025,6,21,6,LAX,BZN,1800,1753,-7,2139,2110,-29,2025-06-21
76599,2025,6,21,6,LAX,CID,630,636,6,1205,1203,-2,2025-06-21
76600,2025,6,21,6,LAX,CLE,1222,1220,-2,1955,1947,-8,2025-06-21
76601,2025,6,21,6,LAX,CLE,2245,2239,-6,617,618,1,2025-06-21
76602,2025,6,21,6,LAX,CLT,605,600,-5,1354,1347,-7,2025-06-21
76603,2025,6,21,6,LAX,CLT,759,758,-1,1545,1541,-4,2025-06-21
76604,2025,6,21,6,LAX,CLT,830,823,-7,1616,1606,-10,2025-06-21
76606,2025,6,21,6,LAX,CLT,1154,1245,51,1945,2014,29,2025-06-21
76607,2025,6,21,6,LAX,CLT,1413,1409,-4,2202,2139,-23,2025-06-21
76608,2025,6,21,6,LAX,CLT,2148,2152,4,529,527,-2,2025-06-21
76609,2025,6,21,6,LAX,CLT,2249,2246,-3,635,620,-15,2025-06-21
76611,2025,6,21,6,LAX,CMH,902,858,-4,1641,1617,-24,2025-06-21
76612,2025,6,21,6,LAX,DAL,500,459,-1,1005,1000,-5,2025-06-21
76613,2025,6,21,6,LAX,DAL,815,824,9,1330,1326,-4,2025-06-21
76614,2025,6,21,6,LAX,DAL,1320,1351,31,1830,1837,7,2025-06-21
76615,2025,6,21,6,LAX,DAL,1810,1810,0,2320,2303,-17,2025-06-21
76616,2025,6,21,6,LAX,DCA,759,748,-11,1600,1536,-24,2025-06-21
76617,2025,6,21,6,LAX,DCA,819,812,-7,1622,1604,-18,2025-06-21
76618,2025,6,21,6,LAX,DCA,1228,1224,-4,2029,2008,-21,2025-06-21
76619,2025,6,21,6,LAX,DCA,1331,1414,43,2142,2202,20,2025-06-21
76620,2025,6,21,6,LAX,DEN,515,517,2,840,831,-9,2025-06-21
76621,2025,6,21,6,LAX,DEN,522,515,-7,841,830,-11,2025-06-21
76622,2025,6,21,6,LAX,DEN,615,609,-6,948,941,-7,2025-06-21
76623,2025,6,21,6,LAX,DEN,704,659,-5,1029,1020,-9,2025-06-21
76624,2025,6,21,6,LAX,DEN,740,735,-5,1100,1042,-18,2025-06-21
76625,2025,6,21,6,LAX,DEN,746,738,-8,1110,1052,-18,2025-06-21
76626,2025,6,21,6,LAX,DEN,804,751,-13,1133,1111,-22,2025-06-21
76627,2025,6,21,6,LAX,DEN,900,855,-5,1227,1208,-19,2025-06-21
76628,2025,6,21,6,LAX,DEN,1020,1014,-6,1345,1321,-24,2025-06-21
76629,2025,6,21,6,LAX,DEN,1052,1050,-2,1419,1405,-14,2025-06-21
76630,2025,6,21,6,LAX,DEN,1204,1225,21,1543,1546,3,2025-06-21
76631,2025,6,21,6,LAX,DEN,1255,1250,-5,1623,1604,-19,2025-06-21
76632,2025,6,21,6,LAX,DEN,1338,1329,-9,1701,1645,-16,2025-06-21
76633,2025,6,21,6,LAX,DEN,1435,1430,-5,1805,1754,-11,2025-06-21
76634,2025,6,21,6,LAX,DEN,1459,1544,45,1819,1853,34,2025-06-21
76635,2025,6,21,6,LAX,DEN,1520,1522,2,1845,1822,-23,2025-06-21
76636,2025,6,21,6,LAX,DEN,1611,1616,5,1940,1928,-12,2025-06-21
76637,2025,6,21,6,LAX,DEN,1918,1919,1,2247,2223,-24,2025-06-21
76638,2025,6,21,6,LAX,DEN,1920,1936,16,2245,2229,-16,2025-06-21
76639,2025,6,21,6,LAX,DEN,1945,1935,-10,2309,2244,-25,2025-06-21
76640,2025,6,21,6,LAX,DEN,2025,2017,-8,2348,2320,-28,2025-06-21
76641,2025,6,21,6,LAX,DFW,40,45,5,545,541,-4,2025-06-21
76642,2025,6,21,6,LAX,DFW,47,40,-7,550,533,-17,2025-06-21
76643,2025,6,21,6,LAX,DFW,130,127,-3,633,619,-14,2025-06-21
76644,2025,6,21,6,LAX,DFW,600,558,-2,1103,1058,-5,2025-06-21
76645,2025,6,21,6,LAX,DFW,600,558,-2,1120,1121,1,2025-06-21
76646,2025,6,21,6,LAX,DFW,700,656,-4,1209,1207,-2,2025-06-21
76647,2025,6,21,6,LAX,DFW,800,755,-5,1312,1301,-11,2025-06-21
76648,2025,6,21,6,LAX,DFW,835,826,-9,1343,1333,-10,2025-06-21
76649,2025,6,21,6,LAX,DFW,930,926,-4,1443,1430,-13,2025-06-21
76650,2025,6,21,6,LAX,DFW,1037,1046,9,1545,1551,6,2025-06-21
76651,2025,6,21,6,LAX,DFW,1230,1227,-3,1737,1729,-8,2025-06-21
76652,2025,6,21,6,LAX,DFW,1433,1430,-3,1943,1928,-15,2025-06-21
76653,2025,6,21,6,LAX,DFW,1545,1550,5,2056,2047,-9,2025-06-21
76654,2025,6,21,6,LAX,DFW,1636,1644,8,2147,2212,25,2025-06-21
76655,2025,6,21,6,LAX,DFW,1835,1832,-3,2347,2322,-25,2025-06-21
76656,2025,6,21,6,LAX,DFW,1855,1850,-5,2356,2340,-16,2025-06-21
76657,2025,6,21,6,LAX,DFW,1903,1927,24,26,45,19,2025-06-21
76658,2025,6,21,6,LAX,DFW,2359,2354,-5,506,440,-26,2025-06-21
76659,2025,6,21,6,LAX,DTW,20,16,-4,752,745,-7,2025-06-21
76660,2025,6,21,6,LAX,DTW,530,539,9,1257,1249,-8,2025-06-21
76662,2025,6,21,6,LAX,DTW,925,940,15,1652,1646,-6,2025-06-21
76663,2025,6,21,6,LAX,DTW,1114,1112,-2,1837,1821,-16,2025-06-21
76664,2025,6,21,6,LAX,DTW,1209,1206,-3,1931,1917,-14,2025-06-21
76665,2025,6,21,6,LAX,DTW,1536,1529,-7,2304,2249,-15,2025-06-21
76666,2025,6,21,6,LAX,DTW,2130,2133,3,452,438,-14,2025-06-21
76667,2025,6,21,6,LAX,DTW,2215,2208,-7,535,506,-29,2025-06-21
76668,2025,6,21,6,LAX,ELP,1120,1120,0,1420,1411,-9,2025-06-21
76669,2025,6,21,6,LAX,ELP,1430,1423,-7,1731,1715,-16,2025-06-21
76670,2025,6,21,6,LAX,ELP,1947,1938,-9,2247,2225,-22,2025-06-21
76671,2025,6,21,6,LAX,EUG,2144,2140,-4,2358,2357,-1,2025-06-21
76672,2025,6,21,6,LAX,EWR,600,558,-2,1434,1405,-29,2025-06-21
76673,2025,6,21,6,LAX,EWR,700,657,-3,1534,1510,-24,2025-06-21
76675,2025,6,21,6,LAX,EWR,730,721,-9,1600,1524,-36,2025-06-21
76676,2025,6,21,6,LAX,EWR,820,816,-4,1645,1616,-29,2025-06-21
76681,2025,6,21,6,LAX,EWR,1434,1440,6,2255,2238,-17,2025-06-21
76682,2025,6,21,6,LAX,EWR,2055,2052,-3,508,437,-31,2025-06-21
76683,2025,6,21,6,LAX,EWR,2126,2123,-3,559,522,-37,2025-06-21
76684,2025,6,21,6,LAX,EWR,2135,2126,-9,555,556,1,2025-06-21
76685,2025,6,21,6,LAX,EWR,2359,2358,-1,812,754,-18,2025-06-21
76686,2025,6,21,6,LAX,FAT,1030,1039,9,1148,1155,7,2025-06-21
76687,2025,6,21,6,LAX,FAT,2238,2229,-9,2352,2340,-12,2025-06-21
76688,2025,6,21,6,LAX,FCA,944,941,-3,1343,1342,-1,2025-06-21
76689,2025,6,21,6,LAX,FLL,800,749,-11,1614,1543,-31,2025-06-21
76690,2025,6,21,6,LAX,FLL,1112,1107,-5,1926,1911,-15,2025-06-21
76691,2025,6,21,6,LAX,FLL,1345,1341,-4,2158,2125,-33,2025-06-21
76692,2025,6,21,6,LAX,FLL,2155,2149,-6,603,557,-6,2025-06-21
76693,2025,6,21,6,LAX,FLL,2309,2301,-8,705,702,-3,2025-06-21
76694,2025,6,21,6,LAX,GEG,1025,1019,-6,1311,1302,-9,2025-06-21
76695,2025,6,21,6,LAX,GEG,1516,1529,13,1747,1744,-3,2025-06-21
76696,2025,6,21,6,LAX,GEG,1859,1849,-10,2133,2114,-19,2025-06-21
76698,2025,6,21,6,LAX,HDN,1240,1230,-10,1559,1528,-31,2025-06-21
76699,2025,6,21,6,LAX,HNL,705,700,-5,1010,942,-28,2025-06-21
76700,2025,6,21,6,LAX,HNL,825,824,-1,1107,1114,7,2025-06-21
76701,2025,6,21,6,LAX,HNL,830,835,5,1105,1111,6,2025-06-21
76702,2025,6,21,6,LAX,HNL,835,855,20,1117,1118,1,2025-06-21
76703,2025,6,21,6,LAX,HNL,849,845,-4,1137,1120,-17,2025-06-21
76704,2025,6,21,6,LAX,HNL,1010,1005,-5,1240,1240,0,2025-06-21
76705,2025,6,21,6,LAX,HNL,1115,1123,8,1404,1400,-4,2025-06-21
76706,2025,6,21,6,LAX,HNL,1315,1320,5,1601,1556,-5,2025-06-21
76707,2025,6,21,6,LAX,HNL,1335,1333,-2,1618,1612,-6,2025-06-21
76708,2025,6,21,6,LAX,HNL,1444,1440,-4,1728,1711,-17,2025-06-21
76709,2025,6,21,6,LAX,HNL,1710,1707,-3,1944,1926,-18,2025-06-21
76710,2025,6,21,6,LAX,HNL,1745,1744,-1,2030,2029,-1,2025-06-21
76711,2025,6,21,6,LAX,HNL,1810,1804,-6,2052,2044,-8,2025-06-21
76712,2025,6,21,6,LAX,HNL,1820,1814,-6,2057,2046,-11,2025-06-21
76713,2025,6,21,6,LAX,HNL,1825,1826,1,2115,2101,-14,2025-06-21
76714,2025,6,21,6,LAX,HNL,1845,1856,11,2128,2124,-4,2025-06-21
76715,2025,6,21,6,LAX,HNL,1913,1909,-4,2155,2147,-8,2025-06-21
76716,2025,6,21,6,LAX,HNL,2040,2101,21,2329,2350,21,2025-06-21
76717,2025,6,21,6,LAX,HOU,505,501,-4,1030,1017,-13,2025-06-21
76718,2025,6,21,6,LAX,HOU,1320,1320,0,1845,1828,-17,2025-06-21
76719,2025,6,21,6,LAX,HOU,2350,5,15,515,518,3,2025-06-21
76720,2025,6,21,6,LAX,IAD,620,615,-5,1423,1406,-17,2025-06-21
76721,2025,6,21,6,LAX,IAD,815,821,6,1621,1628,7,2025-06-21
76722,2025,6,21,6,LAX,IAD,820,816,-4,1625,1628,3,2025-06-21
76723,2025,6,21,6,LAX,IAD,1115,1110,-5,1920,1900,-20,2025-06-21
76724,2025,6,21,6,LAX,IAD,1245,1241,-4,2050,2033,-17,2025-06-21
76725,2025,6,21,6,LAX,IAD,2250,2245,-5,639,613,-26,2025-06-21
76726,2025,6,21,6,LAX,IAH,56,55,-1,618,606,-12,2025-06-21
76727,2025,6,21,6,LAX,IAH,515,547,32,1042,1056,14,2025-06-21
76728,2025,6,21,6,LAX,IAH,715,713,-2,1244,1235,-9,2025-06-21
76729,2025,6,21,6,LAX,IAH,840,834,-6,1409,1346,-23,2025-06-21
76730,2025,6,21,6,LAX,IAH,845,835,-10,1407,1344,-23,2025-06-21
76731,2025,6,21,6,LAX,IAH,1015,1055,40,1540,1606,26,2025-06-21
76732,2025,6,21,6,LAX,IAH,1128,1124,-4,1648,1638,-10,2025-06-21
76734,2025,6,21,6,LAX,IAH,1358,1353,-5,1925,1902,-23,2025-06-21
76735,2025,6,21,6,LAX,IAH,1423,1436,13,2001,1951,-10,2025-06-21
76736,2025,6,21,6,LAX,IAH,1810,1825,15,2333,2334,1,2025-06-21
76737,2025,6,21,6,LAX,IAH,1920,1917,-3,43,25,-18,2025-06-21
76738,2025,6,21,6,LAX,IAH,2345,2340,-5,505,441,-24,2025-06-21
76739,2025,6,21,6,LAX,IND,1036,1121,45,1747,1820,33,2025-06-21
76740,2025,6,21,6,LAX,JAC,852,844,-8,1215,1150,-25,2025-06-21
76741,2025,6,21,6,LAX,JAC,1030,1024,-6,1348,1337,-11,2025-06-21
76742,2025,6,21,6,LAX,JAC,1235,1228,-7,1552,1535,-17,2025-06-21
76743,2025,6,21,6,LAX,JFK,600,556,-4,1434,1408,-26,2025-06-21
76744,2025,6,21,6,LAX,JFK,600,600,0,1430,1430,0,2025-06-21
76745,2025,6,21,6,LAX,JFK,630,617,-13,1505,1440,-25,2025-06-21
76746,2025,6,21,6,LAX,JFK,700,656,-4,1535,1522,-13,2025-06-21
76747,2025,6,21,6,LAX,JFK,700,659,-1,1535,1516,-19,2025-06-21
76748,2025,6,21,6,LAX,JFK,819,819,0,1658,1633,-25,2025-06-21
76749,2025,6,21,6,LAX,JFK,905,931,26,1800,1731,-29,2025-06-21
76750,2025,6,21,6,LAX,JFK,1021,1034,13,1859,1843,-16,2025-06-21
76751,2025,6,21,6,LAX,JFK,1110,1128,18,1950,1957,7,2025-06-21
76752,2025,6,21,6,LAX,JFK,1130,1124,-6,2006,1936,-30,2025-06-21
76753,2025,6,21,6,LAX,JFK,1221,1231,10,2100,2046,-14,2025-06-21
76754,2025,6,21,6,LAX,JFK,1225,1220,-5,2059,2032,-27,2025-06-21
76755,2025,6,21,6,LAX,JFK,1515,1510,-5,2355,2316,-39,2025-06-21
76756,2025,6,21,6,LAX,JFK,1520,1508,-12,2354,2325,-29,2025-06-21
76757,2025,6,21,6,LAX,JFK,1520,1517,-3,2357,2335,-22,2025-06-21
76758,2025,6,21,6,LAX,JFK,1620,1611,-9,55,23,-32,2025-06-21
76759,2025,6,21,6,LAX,JFK,2030,2022,-8,500,426,-34,2025-06-21
76760,2025,6,21,6,LAX,JFK,2053,2054,1,530,519,-11,2025-06-21
76761,2025,6,21,6,LAX,JFK,2121,2115,-6,555,534,-21,2025-06-21
76762,2025,6,21,6,LAX,JFK,2140,2141,1,607,543,-24,2025-06-21
76763,2025,6,21,6,LAX,JFK,2231,2229,-2,700,641,-19,2025-06-21
76764,2025,6,21,6,LAX,JFK,2252,2247,-5,732,656,-36,2025-06-21
76765,2025,6,21,6,LAX,JFK,2355,2347,-8,830,820,-10,2025-06-21
76766,2025,6,21,6,LAX,JFK,2358,2350,-8,830,801,-29,2025-06-21
76767,2025,6,21,6,LAX,KOA,725,721,-4,1005,1004,-1,2025-06-21
76768,2025,6,21,6,LAX,KOA,830,821,-9,1110,1117,7,2025-06-21
76769,2025,6,21,6,LAX,KOA,903,900,-3,1143,1135,-8,2025-06-21
76770,2025,6,21,6,LAX,KOA,1119,1114,-5,1355,1351,-4,2025-06-21
76771,2025,6,21,6,LAX,KOA,1629,1624,-5,1859,1831,-28,2025-06-21
76772,2025,6,21,6,LAX,KOA,1725,1720,-5,2003,2005,2,2025-06-21
76773,2025,6,21,6,LAX,LAS,525,540,15,640,647,7,2025-06-21
76774,2025,6,21,6,LAX,LAS,530,524,-6,642,628,-14,2025-06-21
76775,2025,6,21,6,LAX,LAS,730,719,-11,840,828,-12,2025-06-21
76776,2025,6,21,6,LAX,LAS,820,818,-2,945,914,-31,2025-06-21
76777,2025,6,21,6,LAX,LAS,826,823,-3,951,939,-12,2025-06-21
76778,2025,6,21,6,LAX,LAS,1019,1016,-3,1131,1118,-13,2025-06-21
76779,2025,6,21,6,LAX,LAS,1140,1134,-6,1254,1236,-18,2025-06-21
76780,2025,6,21,6,LAX,LAS,1330,1324,-6,1452,1501,9,2025-06-21
76781,2025,6,21,6,LAX,LAS,1410,1413,3,1530,1513,-17,2025-06-21
76782,2025,6,21,6,LAX,LAS,1505,1459,-6,1615,1606,-9,2025-06-21
76783,2025,6,21,6,LAX,LAS,1548,1601,13,1713,1707,-6,2025-06-21
76784,2025,6,21,6,LAX,LAS,1610,1616,6,1725,1719,-6,2025-06-21
76785,2025,6,21,6,LAX,LAS,1755,1747,-8,1918,1916,-2,2025-06-21
76786,2025,6,21,6,LAX,LAS,1850,1941,51,2000,2107,67,2025-06-21
76787,2025,6,21,6,LAX,LAS,1852,1843,-9,2008,1945,-23,2025-06-21
76788,2025,6,21,6,LAX,LAS,1930,1953,23,2052,2109,17,2025-06-21
76789,2025,6,21,6,LAX,LAS,1948,1939,-9,2100,2101,1,2025-06-21
76790,2025,6,21,6,LAX,LAS,2040,2038,-2,2200,2132,-28,2025-06-21
76791,2025,6,21,6,LAX,LAS,2215,2214,-1,2327,2323,-4,2025-06-21
76792,2025,6,21,6,LAX,LAS,2218,2211,-7,2335,2322,-13,2025-06-21
76793,2025,6,21,6,LAX,LAS,2305,2307,2,27,22,-5,2025-06-21
76794,2025,6,21,6,LAX,LIH,720,714,-6,1020,1001,-19,2025-06-21
76795,2025,6,21,6,LAX,LIH,842,853,11,1138,1137,-1,2025-06-21
76796,2025,6,21,6,LAX,LIH,903,859,-4,1204,1146,-18,2025-06-21
76797,2025,6,21,6,LAX,LIH,930,948,18,1225,1228,3,2025-06-21
76798,2025,6,21,6,LAX,LIH,1425,1417,-8,1708,1659,-9,2025-06-21
76799,2025,6,21,6,LAX,LIH,1730,1730,0,2025,2023,-2,2025-06-21
76800,2025,6,21,6,LAX,LIT,1533,1549,16,2057,2109,12,2025-06-21
76801,2025,6,21,6,LAX,MCI,730,723,-7,1245,1231,-14,2025-06-21
76802,2025,6,21,6,LAX,MCI,1520,1504,-16,2029,2005,-24,2025-06-21
76803,2025,6,21,6,LAX,MCI,1815,1805,-10,2327,2256,-31,2025-06-21
76804,2025,6,21,6,LAX,MCI,1825,1903,38,2340,2354,14,2025-06-21
76805,2025,6,21,6,LAX,MCO,700,653,-7,1508,1447,-21,2025-06-21
76806,2025,6,21,6,LAX,MCO,700,704,4,1458,1500,2,2025-06-21
76808,2025,6,21,6,LAX,MCO,1120,1115,-5,1914,1914,0,2025-06-21
76809,2025,6,21,6,LAX,MCO,1357,1404,7,2210,2154,-16,2025-06-21
76810,2025,6,21,6,LAX,MCO,1605,1603,-2,2359,2349,-10,2025-06-21
76811,2025,6,21,6,LAX,MCO,2135,2126,-9,536,502,-34,2025-06-21
76812,2025,6,21,6,LAX,MCO,2145,2139,-6,532,528,-4,2025-06-21
76813,2025,6,21,6,LAX,MCO,2249,2259,10,647,659,12,2025-06-21
76814,2025,6,21,6,LAX,MDW,540,545,5,1145,1136,-9,2025-06-21
76815,2025,6,21,6,LAX,MDW,1155,1156,1,1755,1746,-9,2025-06-21
76816,2025,6,21,6,LAX,MDW,1640,1638,-2,2245,2210,-35,2025-06-21
76817,2025,6,21,6,LAX,MDW,2255,2248,-7,500,423,-37,2025-06-21
76818,2025,6,21,6,LAX,MIA,600,556,-4,1413,1355,-18,2025-06-21
76819,2025,6,21,6,LAX,MIA,745,745,0,1554,1558,4,2025-06-21
76820,2025,6,21,6,LAX,MIA,900,855,-5,1719,1654,-25,2025-06-21
76821,2025,6,21,6,LAX,MIA,1005,1003,-2,1816,1757,-19,2025-06-21
76822,2025,6,21,6,LAX,MIA,1210,1209,-1,2020,2002,-18,2025-06-21
76823,2025,6,21,6,LAX,MIA,1500,1457,-3,2310,2252,-18,2025-06-21
76824,2025,6,21,6,LAX,MIA,2140,2151,11,550,540,-10,2025-06-21
76825,2025,6,21,6,LAX,MIA,2249,2251,2,701,651,-10,2025-06-21
76826,2025,6,21,6,LAX,MIA,2343,2341,-2,750,728,-22,2025-06-21
76827,2025,6,21,6,LAX,MRY,820,813,-7,942,927,-15,2025-06-21
76828,2025,6,21,6,LAX,MRY,1823,1814,-9,1937,1926,-11,2025-06-21
76829,2025,6,21,6,LAX,MSO,1131,1123,-8,1510,1441,-29,2025-06-21
76830,2025,6,21,6,LAX,MSP,50,45,-5,625,610,-15,2025-06-21
76831,2025,6,21,6,LAX,MSP,617,613,-4,1148,1143,-5,2025-06-21
76832,2025,6,21,6,LAX,MSP,800,844,44,1334,1400,26,2025-06-21
76833,2025,6,21,6,LAX,MSP,1130,1212,42,1702,1733,31,2025-06-21
76834,2025,6,21,6,LAX,MSP,1325,1326,1,1855,1841,-14,2025-06-21
76835,2025,6,21,6,LAX,MSP,1520,1511,-9,2049,2026,-23,2025-06-21
76836,2025,6,21,6,LAX,MSP,1850,1852,2,20,2358,-22,2025-06-21
76837,2025,6,21,6,LAX,MSP,2330,27,57,504,543,39,2025-06-21
76838,2025,6,21,6,LAX,MSY,1050,1055,5,1640,1634,-6,2025-06-21
76839,2025,6,21,6,LAX,MSY,1100,1052,-8,1644,1630,-14,2025-06-21
76840,2025,6,21,6,LAX,MSY,1747,1734,-13,2327,2303,-24,2025-06-21
76842,2025,6,21,6,LAX,OAK,535,532,-3,655,706,11,2025-06-21
76843,2025,6,21,6,LAX,OAK,850,845,-5,1015,959,-16,2025-06-21
76844,2025,6,21,6,LAX,OAK,1245,1235,-10,1405,1347,-18,2025-06-21
76845,2025,6,21,6,LAX,OAK,1720,1715,-5,1845,1833,-12,2025-06-21
76846,2025,6,21,6,LAX,OAK,2040,2030,-10,2205,2136,-29,2025-06-21
76847,2025,6,21,6,LAX,OGG,700,655,-5,935,929,-6,2025-06-21
76848,2025,6,21,6,LAX,OGG,800,750,-10,1031,1010,-21,2025-06-21
76849,2025,6,21,6,LAX,OGG,902,900,-2,1147,1118,-29,2025-06-21
76850,2025,6,21,6,LAX,OGG,908,954,46,1145,1221,36,2025-06-21
76851,2025,6,21,6,LAX,OGG,1048,1040,-8,1327,1312,-15,2025-06-21
76852,2025,6,21,6,LAX,OGG,1655,1649,-6,1934,1922,-12,2025-06-21
76853,2025,6,21,6,LAX,OGG,1656,1714,18,1928,1924,-4,2025-06-21
76854,2025,6,21,6,LAX,OGG,1754,1748,-6,2030,2010,-20,2025-06-21
76855,2025,6,21,6,LAX,OKC,900,907,7,1400,1356,-4,2025-06-21
76856,2025,6,21,6,LAX,OKC,1732,1727,-5,2230,2218,-12,2025-06-21
76858,2025,6,21,6,LAX,OMA,1236,1229,-7,1752,1726,-26,2025-06-21
76859,2025,6,21,6,LAX,ORD,30,34,4,642,627,-15,2025-06-21
76860,2025,6,21,6,LAX,ORD,32,33,1,638,628,-10,2025-06-21
76861,2025,6,21,6,LAX,ORD,44,36,-8,651,629,-22,2025-06-21
76862,2025,6,21,6,LAX,ORD,545,540,-5,1157,1133,-24,2025-06-21
76863,2025,6,21,6,LAX,ORD,605,556,-9,1221,1157,-24,2025-06-21
76864,2025,6,21,6,LAX,ORD,630,621,-9,1238,1221,-17,2025-06-21
76865,2025,6,21,6,LAX,ORD,800,758,-2,1415,1349,-26,2025-06-21
76866,2025,6,21,6,LAX,ORD,815,814,-1,1439,1407,-32,2025-06-21
76867,2025,6,21,6,LAX,ORD,936,928,-8,1544,1525,-19,2025-06-21
76868,2025,6,21,6,LAX,ORD,1040,1039,-1,1656,1639,-17,2025-06-21
76869,2025,6,21,6,LAX,ORD,1145,1145,0,1753,1737,-16,2025-06-21
76870,2025,6,21,6,LAX,ORD,1237,1231,-6,1855,1855,0,2025-06-21
76871,2025,6,21,6,LAX,ORD,1300,1309,9,1929,1907,-22,2025-06-21
76872,2025,6,21,6,LAX,ORD,1401,1400,-1,2025,2030,5,2025-06-21
76874,2025,6,21,6,LAX,ORD,1640,1650,10,2304,2252,-12,2025-06-21
76876,2025,6,21,6,LAX,ORD,1729,1734,5,2335,2329,-6,2025-06-21
76877,2025,6,21,6,LAX,ORD,2240,2247,7,451,454,3,2025-06-21
76878,2025,6,21,6,LAX,ORD,2300,2300,0,513,515,2,2025-06-21
76879,2025,6,21,6,LAX,ORD,2325,2354,29,533,556,23,2025-06-21
76880,2025,6,21,6,LAX,PDX,700,657,-3,921,908,-13,2025-06-21
76881,2025,6,21,6,LAX,PDX,700,658,-2,923,932,9,2025-06-21
76882,2025,6,21,6,LAX,PDX,845,838,-7,1110,1051,-19,2025-06-21
76884,2025,6,21,6,LAX,PDX,1340,1334,-6,1600,1540,-20,2025-06-21
76885,2025,6,21,6,LAX,PDX,1405,1357,-8,1625,1626,1,2025-06-21
76886,2025,6,21,6,LAX,PDX,1807,1757,-10,2030,2023,-7,2025-06-21
76889,2025,6,21,6,LAX,PDX,2136,2232,56,2359,58,59,2025-06-21
76890,2025,6,21,6,LAX,PHL,108,103,-5,916,854,-22,2025-06-21
76891,2025,6,21,6,LAX,PHL,645,638,-7,1454,1432,-22,2025-06-21
76892,2025,6,21,6,LAX,PHL,745,738,-7,1556,1534,-22,2025-06-21
76893,2025,6,21,6,LAX,PHL,900,855,-5,1718,1704,-14,2025-06-21
76894,2025,6,21,6,LAX,PHL,1442,1442,0,2254,2239,-15,2025-06-21
76895,2025,6,21,6,LAX,PHL,1630,1625,-5,43,31,-12,2025-06-21
76896,2025,6,21,6,LAX,PHL,2235,2238,3,658,650,-8,2025-06-21
76897,2025,6,21,6,LAX,PHL,2253,2242,-11,705,632,-33,2025-06-21
76898,2025,6,21,6,LAX,PHL,2256,2254,-2,700,656,-4,2025-06-21
76899,2025,6,21,6,LAX,PHX,500,456,-4,630,607,-23,2025-06-21
76900,2025,6,21,6,LAX,PHX,610,603,-7,739,731,-8,2025-06-21
76901,2025,6,21,6,LAX,PHX,705,656,-9,830,822,-8,2025-06-21
76902,2025,6,21,6,LAX,PHX,815,810,-5,951,948,-3,2025-06-21
76903,2025,6,21,6,LAX,PHX,940,937,-3,1110,1055,-15,2025-06-21
76904,2025,6,21,6,LAX,PHX,1000,954,-6,1130,1117,-13,2025-06-21
76905,2025,6,21,6,LAX,PHX,1015,1008,-7,1145,1126,-19,2025-06-21
76906,2025,6,21,6,LAX,PHX,1230,1234,4,1355,1350,-5,2025-06-21
76907,2025,6,21,6,LAX,PHX,1325,1318,-7,1450,1433,-17,2025-06-21
76908,2025,6,21,6,LAX,PHX,1400,1353,-7,1528,1510,-18,2025-06-21
76909,2025,6,21,6,LAX,PHX,1423,1452,29,1602,1611,9,2025-06-21
76910,2025,6,21,6,LAX,PHX,1632,1637,5,1759,1756,-3,2025-06-21
76911,2025,6,21,6,LAX,PHX,1910,1905,-5,2039,2020,-19,2025-06-21
76912,2025,6,21,6,LAX,PHX,1920,1939,19,2050,2057,7,2025-06-21
76913,2025,6,21,6,LAX,PHX,1935,1945,10,2103,2107,4,2025-06-21
76914,2025,6,21,6,LAX,PHX,1955,1949,-6,2122,2106,-16,2025-06-21
76915,2025,6,21,6,LAX,PHX,2055,2057,2,2225,2209,-16,2025-06-21
76916,2025,6,21,6,LAX,PHX,2235,2233,-2,13,2348,-25,2025-06-21
76917,2025,6,21,6,LAX,PIT,915,908,-7,1700,1632,-28,2025-06-21
76918,2025,6,21,6,LAX,PRC,1945,1941,-4,2111,2057,-14,2025-06-21
76919,2025,6,21,6,LAX,PSC,2125,2148,23,2359,15,16,2025-06-21
76920,2025,6,21,6,LAX,RDD,1257,1303,6,1446,1446,0,2025-06-21
76921,2025,6,21,6,LAX,RDM,1245,1243,-2,1503,1448,-15,2025-06-21
76922,2025,6,21,6,LAX,RDU,1240,1234,-6,2029,2019,-10,2025-06-21
76924,2025,6,21,6,LAX,RNO,959,957,-2,1131,1108,-23,2025-06-21
76925,2025,6,21,6,LAX,RNO,1502,1450,-12,1630,1609,-21,2025-06-21
76926,2025,6,21,6,LAX,RNO,1720,1717,-3,1854,1838,-16,2025-06-21
76927,2025,6,21,6,LAX,RNO,1930,1923,-7,2059,2042,-17,2025-06-21
76928,2025,6,21,6,LAX,RNO,2015,2009,-6,2149,2132,-17,2025-06-21
76929,2025,6,21,6,LAX,RNO,2110,2115,5,2240,2224,-16,2025-06-21
76930,2025,6,21,6,LAX,RNO,2216,2207,-9,2353,2346,-7,2025-06-21
76931,2025,6,21,6,LAX,SAN,820,817,-3,919,905,-14,2025-06-21
76932,2025,6,21,6,LAX,SAN,905,900,-5,1009,957,-12,2025-06-21
76933,2025,6,21,6,LAX,SAN,1525,1519,-6,1619,1629,10,2025-06-21
76934,2025,6,21,6,LAX,SAN,1905,1859,-6,2004,1958,-6,2025-06-21
76935,2025,6,21,6,LAX,SAN,2159,2152,-7,2253,2251,-2,2025-06-21
76936,2025,6,21,6,LAX,SAN,2245,2243,-2,2346,3,17,2025-06-21
76937,2025,6,21,6,LAX,SAT,912,904,-8,1419,1414,-5,2025-06-21
76938,2025,6,21,6,LAX,SAT,930,926,-4,1423,1407,-16,2025-06-21
76939,2025,6,21,6,LAX,SAT,1008,1000,-8,1502,1438,-24,2025-06-21
76940,2025,6,21,6,LAX,SAT,1700,1734,34,2158,2221,23,2025-06-21
76941,2025,6,21,6,LAX,SAT,1810,1810,0,2305,2247,-18,2025-06-21
76942,2025,6,21,6,LAX,SAT,1858,1852,-6,2349,2333,-16,2025-06-21
76943,2025,6,21,6,LAX,SBA,1520,1513,-7,1612,1602,-10,2025-06-21
76944,2025,6,21,6,LAX,SBA,2300,2308,8,2358,2,4,2025-06-21
76945,2025,6,21,6,LAX,SBP,1500,1457,-3,1601,1548,-13,2025-06-21
76946,2025,6,21,6,LAX,SBP,2232,2230,-2,2336,2337,1,2025-06-21
76947,2025,6,21,6,LAX,SDF,821,812,-9,1522,1516,-6,2025-06-21
76948,2025,6,21,6,LAX,SEA,700,658,-2,954,953,-1,2025-06-21
76949,2025,6,21,6,LAX,SEA,700,738,38,947,1100,73,2025-06-21
76950,2025,6,21,6,LAX,SEA,833,923,50,1128,1212,44,2025-06-21
76951,2025,6,21,6,LAX,SEA,945,934,-11,1242,1221,-21,2025-06-21
76952,2025,6,21,6,LAX,SEA,1115,1125,10,1409,1423,14,2025-06-21
76953,2025,6,21,6,LAX,SEA,1150,1146,-4,1438,1435,-3,2025-06-21
76954,2025,6,21,6,LAX,SEA,1155,1215,20,1445,1508,23,2025-06-21
76955,2025,6,21,6,LAX,SEA,1410,1434,24,1654,1715,21,2025-06-21
76956,2025,6,21,6,LAX,SEA,1415,1406,-9,1700,1633,-27,2025-06-21
76957,2025,6,21,6,LAX,SEA,1510,1504,-6,1754,1803,9,2025-06-21
76958,2025,6,21,6,LAX,SEA,1715,1810,55,2000,2049,49,2025-06-21
76959,2025,6,21,6,LAX,SEA,1743,1736,-7,2035,2012,-23,2025-06-21
76960,2025,6,21,6,LAX,SEA,1820,1817,-3,2105,2106,1,2025-06-21
76961,2025,6,21,6,LAX,SEA,1850,1840,-10,2145,2118,-27,2025-06-21
76962,2025,6,21,6,LAX,SEA,1907,1913,6,2158,2200,2,2025-06-21
76963,2025,6,21,6,LAX,SEA,1925,1911,-14,2210,2209,-1,2025-06-21
76964,2025,6,21,6,LAX,SEA,2040,2025,-15,2338,2322,-16,2025-06-21
76965,2025,6,21,6,LAX,SEA,2115,2106,-9,2359,2356,-3,2025-06-21
76966,2025,6,21,6,LAX,SFO,520,519,-1,640,637,-3,2025-06-21
76967,2025,6,21,6,LAX,SFO,600,555,-5,738,709,-29,2025-06-21
76968,2025,6,21,6,LAX,SFO,605,557,-8,728,718,-10,2025-06-21
76969,2025,6,21,6,LAX,SFO,700,652,-8,836,828,-8,2025-06-21
76970,2025,6,21,6,LAX,SFO,700,700,0,829,839,10,2025-06-21
76971,2025,6,21,6,LAX,SFO,805,758,-7,949,917,-32,2025-06-21
76972,2025,6,21,6,LAX,SFO,835,830,-5,958,941,-17,2025-06-21
76973,2025,6,21,6,LAX,SFO,910,906,-4,1045,1032,-13,2025-06-21
76974,2025,6,21,6,LAX,SFO,945,942,-3,1110,1051,-19,2025-06-21
76975,2025,6,21,6,LAX,SFO,1015,1012,-3,1140,1118,-22,2025-06-21
76976,2025,6,21,6,LAX,SFO,1026,1024,-2,1203,1147,-16,2025-06-21
76977,2025,6,21,6,LAX,SFO,1129,1120,-9,1256,1248,-8,2025-06-21
76978,2025,6,21,6,LAX,SFO,1220,1242,22,1343,1359,16,2025-06-21
76979,2025,6,21,6,LAX,SFO,1330,1329,-1,1452,1445,-7,2025-06-21
76980,2025,6,21,6,LAX,SFO,1339,1336,-3,1507,1501,-6,2025-06-21
76981,2025,6,21,6,LAX,SFO,1422,1436,14,1548,1555,7,2025-06-21
76982,2025,6,21,6,LAX,SFO,1610,1608,-2,1739,1726,-13,2025-06-21
76983,2025,6,21,6,LAX,SFO,1627,1622,-5,1745,1736,-9,2025-06-21
76984,2025,6,21,6,LAX,SFO,1640,1658,18,1800,1807,7,2025-06-21
76985,2025,6,21,6,LAX,SFO,1710,1705,-5,1840,1833,-7,2025-06-21
76986,2025,6,21,6,LAX,SFO,1808,1831,23,1943,1946,3,2025-06-21
76987,2025,6,21,6,LAX,SFO,1825,1820,-5,1954,1946,-8,2025-06-21
76988,2025,6,21,6,LAX,SFO,1859,1850,-9,2028,2014,-14,2025-06-21
76989,2025,6,21,6,LAX,SFO,1935,1932,-3,2107,2104,-3,2025-06-21
76990,2025,6,21,6,LAX,SFO,1935,1944,9,2058,2112,14,2025-06-21
76991,2025,6,21,6,LAX,SFO,1955,2005,10,2125,2119,-6,2025-06-21
76992,2025,6,21,6,LAX,SFO,2051,2047,-4,2217,2159,-18,2025-06-21
76993,2025,6,21,6,LAX,SFO,2225,2217,-8,2352,2346,-6,2025-06-21
76994,2025,6,21,6,LAX,SGU,1315,1313,-2,1547,1547,0,2025-06-21
76995,2025,6,21,6,LAX,SJC,555,547,-8,710,710,0,2025-06-21
76996,2025,6,21,6,LAX,SJC,915,918,3,1030,1024,-6,2025-06-21
76997,2025,6,21,6,LAX,SJC,1135,1151,16,1252,1307,15,2025-06-21
76998,2025,6,21,6,LAX,SJC,1145,1139,-6,1300,1245,-15,2025-06-21
76999,2025,6,21,6,LAX,SJC,1325,1321,-4,1440,1426,-14,2025-06-21
77000,2025,6,21,6,LAX,SJC,1405,1404,-1,1520,1504,-16,2025-06-21
77001,2025,6,21,6,LAX,SJC,1505,1455,-10,1619,1603,-16,2025-06-21
77002,2025,6,21,6,LAX,SJC,1700,1656,-4,1815,1810,-5,2025-06-21
77003,2025,6,21,6,LAX,SJC,1930,1937,7,2045,2038,-7,2025-06-21
77004,2025,6,21,6,LAX,SJC,2128,2122,-6,2244,2229,-15,2025-06-21
77005,2025,6,21,6,LAX,SLC,600,558,-2,853,849,-4,2025-06-21
77006,2025,6,21,6,LAX,SLC,700,651,-9,955,925,-30,2025-06-21
77007,2025,6,21,6,LAX,SLC,825,820,-5,1126,1105,-21,2025-06-21
77008,2025,6,21,6,LAX,SLC,948,944,-4,1243,1219,-24,2025-06-21
77009,2025,6,21,6,LAX,SLC,1020,1020,0,1310,1254,-16,2025-06-21
77010,2025,6,21,6,LAX,SLC,1111,1103,-8,1403,1333,-30,2025-06-21
77011,2025,6,21,6,LAX,SLC,1311,1406,55,1604,1647,43,2025-06-21
77012,2025,6,21,6,LAX,SLC,1710,1756,46,2000,2032,32,2025-06-21
77013,2025,6,21,6,LAX,SLC,1845,1841,-4,2139,2122,-17,2025-06-21
77014,2025,6,21,6,LAX,SMF,530,527,-3,655,654,-1,2025-06-21
77015,2025,6,21,6,LAX,SMF,830,824,-6,1000,942,-18,2025-06-21
77016,2025,6,21,6,LAX,SMF,946,940,-6,1123,1114,-9,2025-06-21
77017,2025,6,21,6,LAX,SMF,1150,1202,12,1315,1319,4,2025-06-21
77018,2025,6,21,6,LAX,SMF,1200,1154,-6,1329,1308,-21,2025-06-21
77019,2025,6,21,6,LAX,SMF,1510,1507,-3,1638,1625,-13,2025-06-21
77020,2025,6,21,6,LAX,SMF,1630,1701,31,1801,1820,19,2025-06-21
77021,2025,6,21,6,LAX,SMF,1700,1652,-8,1828,1818,-10,2025-06-21
77022,2025,6,21,6,LAX,SMF,1705,1658,-7,1837,1830,-7,2025-06-21
77023,2025,6,21,6,LAX,SMF,1922,1916,-6,2101,2038,-23,2025-06-21
77024,2025,6,21,6,LAX,SMF,2035,2032,-3,2200,2151,-9,2025-06-21
77025,2025,6,21,6,LAX,SMF,2056,2048,-8,2228,2213,-15,2025-06-21
77026,2025,6,21,6,LAX,SMF,2155,2156,1,2320,2337,17,2025-06-21
77027,2025,6,21,6,LAX,STL,840,839,-1,1425,1416,-9,2025-06-21
77028,2025,6,21,6,LAX,STL,1733,1726,-7,2259,2301,2,2025-06-21
77029,2025,6,21,6,LAX,STL,1805,1859,54,2345,14,29,2025-06-21
77030,2025,6,21,6,LAX,STS,925,919,-6,1106,1056,-10,2025-06-21
77031,2025,6,21,6,LAX,STS,2206,2206,0,2344,2325,-19,2025-06-21
77033,2025,6,21,6,LAX,TPA,2359,16,17,756,758,2,2025-06-21
77034,2025,6,21,6,LAX,TUL,930,924,-6,1440,1422,-18,2025-06-21
77035,2025,6,21,6,LAX,TUS,822,815,-7,1003,954,-9,2025-06-21
77036,2025,6,21,6,LAX,TUS,935,923,-12,1110,1044,-26,2025-06-21
77037,2025,6,21,6,LAX,TUS,1458,1450,-8,1627,1608,-19,2025-06-21
77038,2025,6,21,6,LAX,TUS,1500,1454,-6,1633,1614,-19,2025-06-21
77039,2025,6,21,6,LAX,TUS,1818,1811,-7,1949,1932,-17,2025-06-21
77040,2025,6,21,6,LAX,TUS,1955,1952,-3,2135,2105,-30,2025-06-21
77041,2025,6,21,6,LAX,XNA,914,905,-9,1438,1444,6,2025-06-21
80028,2025,6,22,7,LAX,ABQ,800,750,-10,1108,1043,-25,2025-06-22
80029,2025,6,22,7,LAX,ABQ,855,853,-2,1158,1149,-9,2025-06-22
80030,2025,6,22,7,LAX,ABQ,1440,1437,-3,1735,1720,-15,2025-06-22
80031,2025,6,22,7,LAX,ABQ,1459,1457,-2,1802,1742,-20,2025-06-22
80032,2025,6,22,7,LAX,ABQ,1849,1839,-10,2152,2129,-23,2025-06-22
80033,2025,6,22,7,LAX,ABQ,1958,1948,-10,2258,2238,-20,2025-06-22
80034,2025,6,22,7,LAX,ACV,1315,1312,-3,1513,1518,5,2025-06-22
80035,2025,6,22,7,LAX,ANC,1945,1942,-3,8,4,-4,2025-06-22
80036,2025,6,22,7,LAX,ASE,1040,1035,-5,1356,1408,12,2025-06-22
80037,2025,6,22,7,LAX,ASE,1254,1250,-4,1605,1541,-24,2025-06-22
80039,2025,6,22,7,LAX,ATL,620,615,-5,1342,1340,-2,2025-06-22
80040,2025,6,22,7,LAX,ATL,735,734,-1,1448,1440,-8,2025-06-22
80041,2025,6,22,7,LAX,ATL,845,840,-5,1607,1605,-2,2025-06-22
80042,2025,6,22,7,LAX,ATL,951,949,-2,1715,1701,-14,2025-06-22
80043,2025,6,22,7,LAX,ATL,953,1031,38,1719,1801,42,2025-06-22
80044,2025,6,22,7,LAX,ATL,1115,1110,-5,1834,1820,-14,2025-06-22
80045,2025,6,22,7,LAX,ATL,1215,1209,-6,1930,1920,-10,2025-06-22
80046,2025,6,22,7,LAX,ATL,1249,1244,-5,2015,1953,-22,2025-06-22
80048,2025,6,22,7,LAX,ATL,1315,1311,-4,2046,2030,-16,2025-06-22
80049,2025,6,22,7,LAX,ATL,1430,1442,12,2150,2204,14,2025-06-22
80051,2025,6,22,7,LAX,ATL,2128,2204,36,507,530,23,2025-06-22
80052,2025,6,22,7,LAX,ATL,2145,2146,1,500,506,6,2025-06-22
80053,2025,6,22,7,LAX,ATL,2245,2325,40,600,643,43,2025-06-22
80054,2025,6,22,7,LAX,ATL,2345,11,26,706,725,19,2025-06-22
80055,2025,6,22,7,LAX,ATL,2345,2341,-4,712,650,-22,2025-06-22
80056,2025,6,22,7,LAX,AUS,510,506,-4,1010,954,-16,2025-06-22
80057,2025,6,22,7,LAX,AUS,615,609,-6,1117,1106,-11,2025-06-22
80058,2025,6,22,7,LAX,AUS,745,739,-6,1246,1235,-11,2025-06-22
80059,2025,6,22,7,LAX,AUS,835,830,-5,1324,1320,-4,2025-06-22
80060,2025,6,22,7,LAX,AUS,925,939,14,1451,1434,-17,2025-06-22
80061,2025,6,22,7,LAX,AUS,1035,1028,-7,1545,1547,2,2025-06-22
80063,2025,6,22,7,LAX,AUS,1614,1612,-2,2114,2102,-12,2025-06-22
80064,2025,6,22,7,LAX,AUS,1620,1634,14,2121,2137,16,2025-06-22
80065,2025,6,22,7,LAX,AUS,1835,1832,-3,2338,2320,-18,2025-06-22
80069,2025,6,22,7,LAX,BLI,1850,1851,1,2132,2127,-5,2025-06-22
80070,2025,6,22,7,LAX,BNA,700,656,-4,1257,1307,10,2025-06-22
80071,2025,6,22,7,LAX,BNA,750,815,25,1355,1411,16,2025-06-22
80072,2025,6,22,7,LAX,BNA,1036,1042,6,1645,1635,-10,2025-06-22
80073,2025,6,22,7,LAX,BNA,1120,1124,4,1730,1716,-14,2025-06-22
80074,2025,6,22,7,LAX,BNA,1239,1230,-9,1844,1906,22,2025-06-22
80075,2025,6,22,7,LAX,BNA,1839,1842,3,37,37,0,2025-06-22
80076,2025,6,22,7,LAX,BNA,2250,2311,21,500,512,12,2025-06-22
80077,2025,6,22,7,LAX,BOI,1157,1150,-7,1503,1444,-19,2025-06-22
80078,2025,6,22,7,LAX,BOI,1245,1237,-8,1559,1529,-30,2025-06-22
80079,2025,6,22,7,LAX,BOI,1950,1950,0,2254,2246,-8,2025-06-22
80080,2025,6,22,7,LAX,BOI,1959,1949,-10,2301,2232,-29,2025-06-22
80081,2025,6,22,7,LAX,BOS,600,546,-14,1440,1409,-31,2025-06-22
80082,2025,6,22,7,LAX,BOS,640,635,-5,1515,1514,-1,2025-06-22
80083,2025,6,22,7,LAX,BOS,830,819,-11,1719,1636,-43,2025-06-22
80084,2025,6,22,7,LAX,BOS,835,832,-3,1718,1652,-26,2025-06-22
80085,2025,6,22,7,LAX,BOS,840,833,-7,1716,1651,-25,2025-06-22
80086,2025,6,22,7,LAX,BOS,1045,1040,-5,1924,1859,-25,2025-06-22
80087,2025,6,22,7,LAX,BOS,1145,1137,-8,2025,1959,-26,2025-06-22
80088,2025,6,22,7,LAX,BOS,1310,1302,-8,2151,2122,-29,2025-06-22
80089,2025,6,22,7,LAX,BOS,1525,1521,-4,2355,2339,-16,2025-06-22
80090,2025,6,22,7,LAX,BOS,2024,2019,-5,500,428,-32,2025-06-22
80091,2025,6,22,7,LAX,BOS,2102,2101,-1,532,516,-16,2025-06-22
80092,2025,6,22,7,LAX,BOS,2213,2208,-5,644,626,-18,2025-06-22
80093,2025,6,22,7,LAX,BOS,2235,2308,33,713,739,26,2025-06-22
80094,2025,6,22,7,LAX,BOS,2305,2301,-4,741,812,31,2025-06-22
80095,2025,6,22,7,LAX,BUF,2209,2257,48,600,625,25,2025-06-22
80096,2025,6,22,7,LAX,BWI,500,457,-3,1305,1249,-16,2025-06-22
80097,2025,6,22,7,LAX,BWI,1134,1131,-3,1929,1919,-10,2025-06-22
80098,2025,6,22,7,LAX,BWI,1345,1403,18,2150,2151,1,2025-06-22
80100,2025,6,22,7,LAX,BWI,2359,2358,-1,807,759,-8,2025-06-22
80101,2025,6,22,7,LAX,BZN,1121,1115,-6,1450,1429,-21,2025-06-22
80102,2025,6,22,7,LAX,BZN,1800,1752,-8,2139,2109,-30,2025-06-22
80103,2025,6,22,7,LAX,CLE,1300,1256,-4,2033,2021,-12,2025-06-22
80104,2025,6,22,7,LAX,CLE,2120,2117,-3,453,437,-16,2025-06-22
80106,2025,6,22,7,LAX,CLT,759,752,-7,1545,1537,-8,2025-06-22
80107,2025,6,22,7,LAX,CLT,911,907,-4,1700,1649,-11,2025-06-22
80108,2025,6,22,7,LAX,CLT,1154,1151,-3,1945,1929,-16,2025-06-22
80109,2025,6,22,7,LAX,CLT,1402,1358,-4,2155,2133,-22,2025-06-22
80110,2025,6,22,7,LAX,CLT,2148,2156,8,529,524,-5,2025-06-22
80111,2025,6,22,7,LAX,CLT,2249,2250,1,635,626,-9,2025-06-22
80112,2025,6,22,7,LAX,CLT,2349,3,14,735,743,8,2025-06-22
80113,2025,6,22,7,LAX,CMH,925,917,-8,1701,1629,-32,2025-06-22
80114,2025,6,22,7,LAX,CVG,1350,1351,1,2104,2059,-5,2025-06-22
80115,2025,6,22,7,LAX,CVG,2229,2223,-6,538,520,-18,2025-06-22
80116,2025,6,22,7,LAX,DAL,520,516,-4,1025,1014,-11,2025-06-22
80117,2025,6,22,7,LAX,DAL,745,744,-1,1245,1235,-10,2025-06-22
80118,2025,6,22,7,LAX,DAL,1445,1526,41,1955,2025,30,2025-06-22
80119,2025,6,22,7,LAX,DAL,1720,1737,17,2230,2219,-11,2025-06-22
80121,2025,6,22,7,LAX,DCA,819,812,-7,1622,1602,-20,2025-06-22
80122,2025,6,22,7,LAX,DCA,1228,1223,-5,2029,2003,-26,2025-06-22
80124,2025,6,22,7,LAX,DEN,522,523,1,841,833,-8,2025-06-22
80125,2025,6,22,7,LAX,DEN,610,615,5,935,927,-8,2025-06-22
80126,2025,6,22,7,LAX,DEN,615,606,-9,948,925,-23,2025-06-22
80127,2025,6,22,7,LAX,DEN,706,659,-7,1031,1009,-22,2025-06-22
80128,2025,6,22,7,LAX,DEN,746,741,-5,1110,1049,-21,2025-06-22
80129,2025,6,22,7,LAX,DEN,800,844,44,1125,1144,19,2025-06-22
80130,2025,6,22,7,LAX,DEN,804,751,-13,1133,1107,-26,2025-06-22
80131,2025,6,22,7,LAX,DEN,900,858,-2,1227,1203,-24,2025-06-22
80132,2025,6,22,7,LAX,DEN,1052,1057,5,1419,1458,39,2025-06-22
80133,2025,6,22,7,LAX,DEN,1055,1058,3,1430,1359,-31,2025-06-22
80134,2025,6,22,7,LAX,DEN,1155,1152,-3,1520,1520,0,2025-06-22
80135,2025,6,22,7,LAX,DEN,1255,1250,-5,1623,1600,-23,2025-06-22
80137,2025,6,22,7,LAX,DEN,1435,1429,-6,1805,1909,64,2025-06-22
80138,2025,6,22,7,LAX,DEN,1459,1535,36,1819,1858,39,2025-06-22
80139,2025,6,22,7,LAX,DEN,1505,1538,33,1830,1910,40,2025-06-22
80141,2025,6,22,7,LAX,DEN,1810,1842,32,2135,2149,14,2025-06-22
80142,2025,6,22,7,LAX,DEN,1830,1828,-2,2200,2135,-25,2025-06-22
80143,2025,6,22,7,LAX,DEN,1918,1927,9,2247,2237,-10,2025-06-22
80144,2025,6,22,7,LAX,DEN,1945,1934,-11,2309,2302,-7,2025-06-22
80145,2025,6,22,7,LAX,DEN,2025,2018,-7,2348,45,57,2025-06-22
80146,2025,6,22,7,LAX,DEN,2100,2101,1,25,2400,-25,2025-06-22
80147,2025,6,22,7,LAX,DFW,47,35,-12,550,543,-7,2025-06-22
80148,2025,6,22,7,LAX,DFW,130,128,-2,633,619,-14,2025-06-22
80149,2025,6,22,7,LAX,DFW,600,555,-5,1103,1051,-12,2025-06-22
80151,2025,6,22,7,LAX,DFW,700,654,-6,1209,1157,-12,2025-06-22
80152,2025,6,22,7,LAX,DFW,826,828,2,1339,1333,-6,2025-06-22
80153,2025,6,22,7,LAX,DFW,835,830,-5,1343,1346,3,2025-06-22
80154,2025,6,22,7,LAX,DFW,930,930,0,1443,1430,-13,2025-06-22
80155,2025,6,22,7,LAX,DFW,1037,1121,44,1545,1624,39,2025-06-22
80156,2025,6,22,7,LAX,DFW,1230,1227,-3,1737,1724,-13,2025-06-22
80158,2025,6,22,7,LAX,DFW,1433,1429,-4,1943,1942,-1,2025-06-22
80159,2025,6,22,7,LAX,DFW,1548,1542,-6,2059,2106,7,2025-06-22
80160,2025,6,22,7,LAX,DFW,1636,1636,0,2147,2143,-4,2025-06-22
80161,2025,6,22,7,LAX,DFW,1835,1906,31,2347,2,15,2025-06-22
80162,2025,6,22,7,LAX,DFW,1855,1902,7,2356,2359,3,2025-06-22
80163,2025,6,22,7,LAX,DFW,1903,1910,7,26,12,-14,2025-06-22
80164,2025,6,22,7,LAX,DFW,2359,35,36,509,538,29,2025-06-22
80165,2025,6,22,7,LAX,DTW,530,522,-8,1257,1237,-20,2025-06-22
80166,2025,6,22,7,LAX,DTW,735,729,-6,1456,1425,-31,2025-06-22
80167,2025,6,22,7,LAX,DTW,925,1017,52,1652,1727,35,2025-06-22
80168,2025,6,22,7,LAX,DTW,1114,1107,-7,1837,1821,-16,2025-06-22
80169,2025,6,22,7,LAX,DTW,1209,1200,-9,1931,1902,-29,2025-06-22
80170,2025,6,22,7,LAX,DTW,1536,1528,-8,2304,2249,-15,2025-06-22
80171,2025,6,22,7,LAX,DTW,2130,2123,-7,452,429,-23,2025-06-22
80172,2025,6,22,7,LAX,DTW,2215,2207,-8,535,504,-31,2025-06-22
80173,2025,6,22,7,LAX,ELP,1125,1129,4,1425,1414,-11,2025-06-22
80174,2025,6,22,7,LAX,ELP,1430,1422,-8,1731,1717,-14,2025-06-22
80175,2025,6,22,7,LAX,ELP,1947,1939,-8,2247,2230,-17,2025-06-22
80176,2025,6,22,7,LAX,EUG,2144,2145,1,2358,2359,1,2025-06-22
80177,2025,6,22,7,LAX,EWR,600,600,0,1434,1432,-2,2025-06-22
80178,2025,6,22,7,LAX,EWR,700,651,-9,1534,1514,-20,2025-06-22
80179,2025,6,22,7,LAX,EWR,700,726,26,1534,1548,14,2025-06-22
80180,2025,6,22,7,LAX,EWR,810,801,-9,1640,1620,-20,2025-06-22
80181,2025,6,22,7,LAX,EWR,820,817,-3,1645,1620,-25,2025-06-22
80182,2025,6,22,7,LAX,EWR,1015,1014,-1,1854,1835,-19,2025-06-22
80183,2025,6,22,7,LAX,EWR,1050,1046,-4,1920,1847,-33,2025-06-22
80188,2025,6,22,7,LAX,EWR,1630,1629,-1,57,46,-11,2025-06-22
80189,2025,6,22,7,LAX,EWR,2055,2052,-3,508,441,-27,2025-06-22
80190,2025,6,22,7,LAX,EWR,2126,2121,-5,559,531,-28,2025-06-22
80191,2025,6,22,7,LAX,EWR,2135,2127,-8,555,559,4,2025-06-22
80192,2025,6,22,7,LAX,EWR,2359,2355,-4,812,757,-15,2025-06-22
80193,2025,6,22,7,LAX,FAT,1030,1024,-6,1148,1138,-10,2025-06-22
80194,2025,6,22,7,LAX,FAT,1910,1908,-2,2024,2012,-12,2025-06-22
80195,2025,6,22,7,LAX,FAT,2238,2235,-3,2352,2337,-15,2025-06-22
80196,2025,6,22,7,LAX,FCA,922,923,1,1321,1257,-24,2025-06-22
80197,2025,6,22,7,LAX,FLL,800,749,-11,1614,1550,-24,2025-06-22
80198,2025,6,22,7,LAX,FLL,1112,1113,1,1926,1934,8,2025-06-22
80199,2025,6,22,7,LAX,FLL,1345,1339,-6,2158,2135,-23,2025-06-22
80200,2025,6,22,7,LAX,FLL,1642,1642,0,48,36,-12,2025-06-22
80201,2025,6,22,7,LAX,FLL,2155,2252,57,603,704,61,2025-06-22
80202,2025,6,22,7,LAX,FLL,2309,2313,4,705,724,19,2025-06-22
80203,2025,6,22,7,LAX,GEG,1114,1112,-2,1352,1347,-5,2025-06-22
80204,2025,6,22,7,LAX,GEG,1516,1510,-6,1747,1728,-19,2025-06-22
80205,2025,6,22,7,LAX,GEG,1859,1854,-5,2133,2121,-12,2025-06-22
80206,2025,6,22,7,LAX,HNL,705,706,1,1010,941,-29,2025-06-22
80207,2025,6,22,7,LAX,HNL,825,825,0,1107,1110,3,2025-06-22
80208,2025,6,22,7,LAX,HNL,830,837,7,1105,1142,37,2025-06-22
80209,2025,6,22,7,LAX,HNL,835,837,2,1117,1117,0,2025-06-22
80210,2025,6,22,7,LAX,HNL,849,842,-7,1137,1122,-15,2025-06-22
80211,2025,6,22,7,LAX,HNL,1010,1031,21,1240,1300,20,2025-06-22
80212,2025,6,22,7,LAX,HNL,1115,1112,-3,1404,1353,-11,2025-06-22
80213,2025,6,22,7,LAX,HNL,1315,1306,-9,1601,1541,-20,2025-06-22
80214,2025,6,22,7,LAX,HNL,1335,1334,-1,1618,1623,5,2025-06-22
80215,2025,6,22,7,LAX,HNL,1444,1436,-8,1728,1725,-3,2025-06-22
80216,2025,6,22,7,LAX,HNL,1710,1706,-4,1944,1933,-11,2025-06-22
80217,2025,6,22,7,LAX,HNL,1745,1740,-5,2030,2025,-5,2025-06-22
80218,2025,6,22,7,LAX,HNL,1810,1823,13,2052,2054,2,2025-06-22
80219,2025,6,22,7,LAX,HNL,1820,1823,3,2057,2050,-7,2025-06-22
80220,2025,6,22,7,LAX,HNL,1825,1822,-3,2115,2046,-29,2025-06-22
80221,2025,6,22,7,LAX,HNL,1845,1840,-5,2128,2112,-16,2025-06-22
80222,2025,6,22,7,LAX,HNL,1913,1907,-6,2155,2141,-14,2025-06-22
80223,2025,6,22,7,LAX,HNL,2040,2108,28,2329,2348,19,2025-06-22
80224,2025,6,22,7,LAX,HOU,505,510,5,1030,1022,-8,2025-06-22
80225,2025,6,22,7,LAX,HOU,1405,1445,40,1930,1951,21,2025-06-22
80226,2025,6,22,7,LAX,HOU,2350,20,30,515,532,17,2025-06-22
80227,2025,6,22,7,LAX,IAD,620,620,0,1423,1420,-3,2025-06-22
80228,2025,6,22,7,LAX,IAD,815,812,-3,1621,1713,52,2025-06-22
80229,2025,6,22,7,LAX,IAD,820,810,-10,1625,1621,-4,2025-06-22
80230,2025,6,22,7,LAX,IAD,1058,1104,6,1903,1842,-21,2025-06-22
80232,2025,6,22,7,LAX,IAD,1645,1741,56,44,117,33,2025-06-22
80233,2025,6,22,7,LAX,IAD,2135,2133,-2,537,517,-20,2025-06-22
80234,2025,6,22,7,LAX,IAD,2250,2249,-1,639,652,13,2025-06-22
80235,2025,6,22,7,LAX,IAH,56,50,-6,618,546,-32,2025-06-22
80236,2025,6,22,7,LAX,IAH,515,514,-1,1042,1028,-14,2025-06-22
80237,2025,6,22,7,LAX,IAH,715,707,-8,1244,1222,-22,2025-06-22
80238,2025,6,22,7,LAX,IAH,840,838,-2,1409,1347,-22,2025-06-22
80239,2025,6,22,7,LAX,IAH,845,838,-7,1407,1351,-16,2025-06-22
80241,2025,6,22,7,LAX,IAH,1128,1125,-3,1648,1634,-14,2025-06-22
80242,2025,6,22,7,LAX,IAH,1207,1204,-3,1724,1709,-15,2025-06-22
80243,2025,6,22,7,LAX,IAH,1310,1306,-4,1840,1814,-26,2025-06-22
80244,2025,6,22,7,LAX,IAH,1358,1357,-1,1925,1920,-5,2025-06-22
80245,2025,6,22,7,LAX,IAH,1423,1512,49,2001,2024,23,2025-06-22
80246,2025,6,22,7,LAX,IAH,1809,1802,-7,2328,2301,-27,2025-06-22
80247,2025,6,22,7,LAX,IAH,1810,1846,36,2333,2352,19,2025-06-22
80248,2025,6,22,7,LAX,IAH,1920,1915,-5,43,26,-17,2025-06-22
80250,2025,6,22,7,LAX,ICT,620,635,15,1114,1121,7,2025-06-22
80251,2025,6,22,7,LAX,IND,1036,1052,16,1747,1806,19,2025-06-22
80253,2025,6,22,7,LAX,IND,2314,2314,0,614,612,-2,2025-06-22
80254,2025,6,22,7,LAX,JAC,900,852,-8,1218,1147,-31,2025-06-22
80255,2025,6,22,7,LAX,JAC,1030,1023,-7,1348,1318,-30,2025-06-22
80256,2025,6,22,7,LAX,JAC,1235,1226,-9,1552,1544,-8,2025-06-22
80257,2025,6,22,7,LAX,JFK,600,555,-5,1430,1445,15,2025-06-22
80258,2025,6,22,7,LAX,JFK,600,617,17,1434,1458,24,2025-06-22
80259,2025,6,22,7,LAX,JFK,700,647,-13,1535,1520,-15,2025-06-22
80260,2025,6,22,7,LAX,JFK,700,705,5,1535,1538,3,2025-06-22
80261,2025,6,22,7,LAX,JFK,710,702,-8,1545,1535,-10,2025-06-22
80262,2025,6,22,7,LAX,JFK,819,820,1,1658,1717,19,2025-06-22
80263,2025,6,22,7,LAX,JFK,905,912,7,1757,1802,5,2025-06-22
80264,2025,6,22,7,LAX,JFK,930,928,-2,1809,1743,-26,2025-06-22
80265,2025,6,22,7,LAX,JFK,1010,1031,21,1910,2009,59,2025-06-22
80266,2025,6,22,7,LAX,JFK,1021,1016,-5,1859,1829,-30,2025-06-22
80267,2025,6,22,7,LAX,JFK,1030,1033,3,1911,1858,-13,2025-06-22
80268,2025,6,22,7,LAX,JFK,1110,1109,-1,1950,1937,-13,2025-06-22
80269,2025,6,22,7,LAX,JFK,1130,1128,-2,2006,2007,1,2025-06-22
80270,2025,6,22,7,LAX,JFK,1221,1211,-10,2100,2039,-21,2025-06-22
80271,2025,6,22,7,LAX,JFK,1230,1226,-4,2107,2052,-15,2025-06-22
80273,2025,6,22,7,LAX,JFK,1310,1348,38,2152,2219,27,2025-06-22
80274,2025,6,22,7,LAX,JFK,1420,1513,53,2252,2348,56,2025-06-22
80275,2025,6,22,7,LAX,JFK,1515,1518,3,2355,2347,-8,2025-06-22
80276,2025,6,22,7,LAX,JFK,1520,1515,-5,2354,2342,-12,2025-06-22
80277,2025,6,22,7,LAX,JFK,1520,1534,14,2357,22,25,2025-06-22
80279,2025,6,22,7,LAX,JFK,2036,2032,-4,503,438,-25,2025-06-22
80280,2025,6,22,7,LAX,JFK,2053,2104,11,530,508,-22,2025-06-22
80281,2025,6,22,7,LAX,JFK,2121,2113,-8,555,531,-24,2025-06-22
80283,2025,6,22,7,LAX,JFK,2231,2230,-1,700,647,-13,2025-06-22
80284,2025,6,22,7,LAX,JFK,2250,2248,-2,723,707,-16,2025-06-22
80285,2025,6,22,7,LAX,JFK,2252,2259,7,732,709,-23,2025-06-22
80286,2025,6,22,7,LAX,JFK,2355,2350,-5,830,815,-15,2025-06-22
80287,2025,6,22,7,LAX,JFK,2358,24,26,830,840,10,2025-06-22
80288,2025,6,22,7,LAX,KOA,725,756,31,1005,1027,22,2025-06-22
80289,2025,6,22,7,LAX,KOA,830,833,3,1110,1202,52,2025-06-22
80290,2025,6,22,7,LAX,KOA,910,903,-7,1150,1145,-5,2025-06-22
80291,2025,6,22,7,LAX,KOA,1119,1118,-1,1355,1358,3,2025-06-22
80292,2025,6,22,7,LAX,KOA,1629,1619,-10,1859,1837,-22,2025-06-22
80293,2025,6,22,7,LAX,KOA,1725,1720,-5,2003,2020,17,2025-06-22
80294,2025,6,22,7,LAX,LAS,530,617,47,642,717,35,2025-06-22
80295,2025,6,22,7,LAX,LAS,555,545,-10,715,659,-16,2025-06-22
80296,2025,6,22,7,LAX,LAS,730,723,-7,840,821,-19,2025-06-22
80297,2025,6,22,7,LAX,LAS,810,809,-1,930,903,-27,2025-06-22
80298,2025,6,22,7,LAX,LAS,826,823,-3,951,931,-20,2025-06-22
80299,2025,6,22,7,LAX,LAS,935,935,0,1050,1027,-23,2025-06-22
80300,2025,6,22,7,LAX,LAS,1019,1014,-5,1131,1118,-13,2025-06-22
80301,2025,6,22,7,LAX,LAS,1140,1141,1,1254,1244,-10,2025-06-22
80302,2025,6,22,7,LAX,LAS,1305,1304,-1,1425,1411,-14,2025-06-22
80306,2025,6,22,7,LAX,LAS,1705,1721,16,1825,1817,-8,2025-06-22
80307,2025,6,22,7,LAX,LAS,1755,1752,-3,1918,1856,-22,2025-06-22
80308,2025,6,22,7,LAX,LAS,1850,1849,-1,2000,2002,2,2025-06-22
80309,2025,6,22,7,LAX,LAS,1852,1845,-7,2008,1943,-25,2025-06-22
80310,2025,6,22,7,LAX,LAS,1930,1924,-6,2052,2037,-15,2025-06-22
80311,2025,6,22,7,LAX,LAS,1945,1944,-1,2108,2053,-15,2025-06-22
80312,2025,6,22,7,LAX,LAS,1948,2021,33,2100,2127,27,2025-06-22
80313,2025,6,22,7,LAX,LAS,1959,2004,5,2110,2119,9,2025-06-22
80314,2025,6,22,7,LAX,LAS,2000,1956,-4,2125,2111,-14,2025-06-22
80315,2025,6,22,7,LAX,LAS,2150,2149,-1,2310,2255,-15,2025-06-22
80316,2025,6,22,7,LAX,LAS,2215,2207,-8,2327,2326,-1,2025-06-22
80317,2025,6,22,7,LAX,LAS,2218,2231,13,2335,2335,0,2025-06-22
80318,2025,6,22,7,LAX,LAS,2305,2302,-3,27,30,3,2025-06-22
80319,2025,6,22,7,LAX,LIH,720,726,6,1020,1008,-12,2025-06-22
80320,2025,6,22,7,LAX,LIH,842,837,-5,1138,1116,-22,2025-06-22
80321,2025,6,22,7,LAX,LIH,903,905,2,1204,1151,-13,2025-06-22
80322,2025,6,22,7,LAX,LIH,930,1029,59,1225,1310,45,2025-06-22
80323,2025,6,22,7,LAX,LIH,1425,1421,-4,1708,1649,-19,2025-06-22
80324,2025,6,22,7,LAX,MCI,745,743,-2,1255,1240,-15,2025-06-22
80325,2025,6,22,7,LAX,MCI,930,916,-14,1444,1426,-18,2025-06-22
80326,2025,6,22,7,LAX,MCI,1520,1511,-9,2029,2012,-17,2025-06-22
80327,2025,6,22,7,LAX,MCI,1815,1801,-14,2327,2313,-14,2025-06-22
80328,2025,6,22,7,LAX,MCO,700,655,-5,1458,1457,-1,2025-06-22
80329,2025,6,22,7,LAX,MCO,1002,958,-4,1804,1833,29,2025-06-22
80330,2025,6,22,7,LAX,MCO,1035,1032,-3,1838,1850,12,2025-06-22
80331,2025,6,22,7,LAX,MCO,1120,1115,-5,1914,1907,-7,2025-06-22
80332,2025,6,22,7,LAX,MCO,1357,1447,50,2210,2245,35,2025-06-22
80333,2025,6,22,7,LAX,MCO,1605,1600,-5,2359,2349,-10,2025-06-22
80334,2025,6,22,7,LAX,MCO,2145,2148,3,532,539,7,2025-06-22
80335,2025,6,22,7,LAX,MCO,2249,2243,-6,647,632,-15,2025-06-22
80336,2025,6,22,7,LAX,MCO,2256,2247,-9,657,631,-26,2025-06-22
80337,2025,6,22,7,LAX,MDW,630,626,-4,1230,1212,-18,2025-06-22
80338,2025,6,22,7,LAX,MDW,1140,1141,1,1740,1719,-21,2025-06-22
80339,2025,6,22,7,LAX,MDW,1550,1608,18,2150,2148,-2,2025-06-22
80341,2025,6,22,7,LAX,MEM,1820,1858,38,2358,25,27,2025-06-22
80342,2025,6,22,7,LAX,MFE,600,601,1,1109,1106,-3,2025-06-22
80343,2025,6,22,7,LAX,MIA,600,603,3,1413,1350,-23,2025-06-22
80344,2025,6,22,7,LAX,MIA,745,744,-1,1554,1546,-8,2025-06-22
80345,2025,6,22,7,LAX,MIA,900,855,-5,1719,1720,1,2025-06-22
80346,2025,6,22,7,LAX,MIA,1005,1001,-4,1816,1821,5,2025-06-22
80347,2025,6,22,7,LAX,MIA,1210,1206,-4,2020,2001,-19,2025-06-22
80348,2025,6,22,7,LAX,MIA,1500,1510,10,2310,2321,11,2025-06-22
80349,2025,6,22,7,LAX,MIA,2140,2139,-1,550,542,-8,2025-06-22
80350,2025,6,22,7,LAX,MIA,2249,2246,-3,701,648,-13,2025-06-22
80351,2025,6,22,7,LAX,MIA,2343,2339,-4,750,755,5,2025-06-22
80352,2025,6,22,7,LAX,MKE,817,816,-1,1410,1353,-17,2025-06-22
80353,2025,6,22,7,LAX,MRY,820,817,-3,942,930,-12,2025-06-22
80354,2025,6,22,7,LAX,MRY,1823,1815,-8,1937,1923,-14,2025-06-22
80355,2025,6,22,7,LAX,MSO,1131,1119,-12,1510,1505,-5,2025-06-22
80356,2025,6,22,7,LAX,MSP,617,612,-5,1148,1130,-18,2025-06-22
80357,2025,6,22,7,LAX,MSP,800,801,1,1334,1310,-24,2025-06-22
80358,2025,6,22,7,LAX,MSP,1130,1132,2,1702,1638,-24,2025-06-22
80360,2025,6,22,7,LAX,MSP,1520,1515,-5,2049,2030,-19,2025-06-22
80361,2025,6,22,7,LAX,MSP,1850,1912,22,20,31,11,2025-06-22
80362,2025,6,22,7,LAX,MSP,2330,2335,5,504,504,0,2025-06-22
80363,2025,6,22,7,LAX,MSY,700,703,3,1240,1233,-7,2025-06-22
80364,2025,6,22,7,LAX,MSY,900,902,2,1455,1441,-14,2025-06-22
80365,2025,6,22,7,LAX,MSY,1210,1205,-5,1753,1733,-20,2025-06-22
80366,2025,6,22,7,LAX,MSY,1747,1746,-1,2327,2329,2,2025-06-22
80367,2025,6,22,7,LAX,MSY,1818,1835,17,2358,2,4,2025-06-22
80368,2025,6,22,7,LAX,OAK,825,823,-2,955,931,-24,2025-06-22
80369,2025,6,22,7,LAX,OAK,1030,1030,0,1155,1141,-14,2025-06-22
80370,2025,6,22,7,LAX,OAK,1420,1423,3,1545,1534,-11,2025-06-22
80371,2025,6,22,7,LAX,OAK,1725,1733,8,1850,1851,1,2025-06-22
80372,2025,6,22,7,LAX,OAK,1945,2016,31,2110,2119,9,2025-06-22
80373,2025,6,22,7,LAX,OAK,2105,2143,38,2230,2255,25,2025-06-22
80374,2025,6,22,7,LAX,OGG,700,651,-9,935,927,-8,2025-06-22
80375,2025,6,22,7,LAX,OGG,800,751,-9,1031,1013,-18,2025-06-22
80376,2025,6,22,7,LAX,OGG,815,809,-6,1055,1046,-9,2025-06-22
80377,2025,6,22,7,LAX,OGG,902,853,-9,1147,1125,-22,2025-06-22
80378,2025,6,22,7,LAX,OGG,1655,1702,7,1934,1944,10,2025-06-22
80379,2025,6,22,7,LAX,OGG,1656,1653,-3,1928,1909,-19,2025-06-22
80380,2025,6,22,7,LAX,OGG,1754,1747,-7,2030,2010,-20,2025-06-22
80381,2025,6,22,7,LAX,OKC,900,852,-8,1400,1419,19,2025-06-22
80382,2025,6,22,7,LAX,OKC,1732,1723,-9,2230,2212,-18,2025-06-22
80383,2025,6,22,7,LAX,OMA,1236,1226,-10,1752,1730,-22,2025-06-22
80384,2025,6,22,7,LAX,ORD,32,35,3,638,620,-18,2025-06-22
80385,2025,6,22,7,LAX,ORD,44,36,-8,651,622,-29,2025-06-22
80386,2025,6,22,7,LAX,ORD,545,539,-6,1157,1127,-30,2025-06-22
80387,2025,6,22,7,LAX,ORD,605,602,-3,1221,1156,-25,2025-06-22
80388,2025,6,22,7,LAX,ORD,620,619,-1,1242,1218,-24,2025-06-22
80389,2025,6,22,7,LAX,ORD,630,625,-5,1238,1217,-21,2025-06-22
80390,2025,6,22,7,LAX,ORD,800,803,3,1415,1406,-9,2025-06-22
80391,2025,6,22,7,LAX,ORD,815,813,-2,1439,1415,-24,2025-06-22
80392,2025,6,22,7,LAX,ORD,936,938,2,1544,1533,-11,2025-06-22
80393,2025,6,22,7,LAX,ORD,1040,1036,-4,1656,1650,-6,2025-06-22
80394,2025,6,22,7,LAX,ORD,1237,1233,-4,1855,1841,-14,2025-06-22
80395,2025,6,22,7,LAX,ORD,1300,1256,-4,1929,1857,-32,2025-06-22
80396,2025,6,22,7,LAX,ORD,1401,1424,23,2025,2022,-3,2025-06-22
80397,2025,6,22,7,LAX,ORD,1502,1458,-4,2108,2113,5,2025-06-22
80398,2025,6,22,7,LAX,ORD,1640,1638,-2,2304,2235,-29,2025-06-22
80399,2025,6,22,7,LAX,ORD,1646,1649,3,2305,2250,-15,2025-06-22
80400,2025,6,22,7,LAX,ORD,1729,1726,-3,2335,2313,-22,2025-06-22
80401,2025,6,22,7,LAX,ORD,1738,1733,-5,2359,2324,-35,2025-06-22
80402,2025,6,22,7,LAX,ORD,2240,2240,0,451,449,-2,2025-06-22
80403,2025,6,22,7,LAX,ORD,2300,2306,6,513,458,-15,2025-06-22
80404,2025,6,22,7,LAX,ORD,2337,2336,-1,545,523,-22,2025-06-22
80405,2025,6,22,7,LAX,PDX,700,650,-10,921,905,-16,2025-06-22
80406,2025,6,22,7,LAX,PDX,700,653,-7,923,918,-5,2025-06-22
80407,2025,6,22,7,LAX,PDX,845,841,-4,1110,1051,-19,2025-06-22
80408,2025,6,22,7,LAX,PDX,943,941,-2,1214,1156,-18,2025-06-22
80409,2025,6,22,7,LAX,PDX,1000,952,-8,1223,1206,-17,2025-06-22
80410,2025,6,22,7,LAX,PDX,1102,1055,-7,1325,1310,-15,2025-06-22
80411,2025,6,22,7,LAX,PDX,1340,1332,-8,1600,1543,-17,2025-06-22
80412,2025,6,22,7,LAX,PDX,1405,1356,-9,1625,1614,-11,2025-06-22
80413,2025,6,22,7,LAX,PDX,1640,1628,-12,1859,1843,-16,2025-06-22
80414,2025,6,22,7,LAX,PDX,1651,1645,-6,1912,1904,-8,2025-06-22
80415,2025,6,22,7,LAX,PDX,1807,1755,-12,2030,2010,-20,2025-06-22
80417,2025,6,22,7,LAX,PDX,2025,2018,-7,2245,2226,-19,2025-06-22
80418,2025,6,22,7,LAX,PDX,2151,2143,-8,14,2,-12,2025-06-22
80419,2025,6,22,7,LAX,PHL,645,642,-3,1454,1440,-14,2025-06-22
80420,2025,6,22,7,LAX,PHL,745,746,1,1556,1549,-7,2025-06-22
80421,2025,6,22,7,LAX,PHL,900,858,-2,1718,1659,-19,2025-06-22
80422,2025,6,22,7,LAX,PHL,1140,1131,-9,1956,1927,-29,2025-06-22
80423,2025,6,22,7,LAX,PHL,1442,1439,-3,2254,2232,-22,2025-06-22
80424,2025,6,22,7,LAX,PHL,1630,1622,-8,43,15,-28,2025-06-22
80426,2025,6,22,7,LAX,PHL,2253,2311,18,705,710,5,2025-06-22
80427,2025,6,22,7,LAX,PHL,2256,2258,2,700,715,15,2025-06-22
80428,2025,6,22,7,LAX,PHX,550,546,-4,720,702,-18,2025-06-22
80429,2025,6,22,7,LAX,PHX,610,600,-10,739,720,-19,2025-06-22
80430,2025,6,22,7,LAX,PHX,705,659,-6,830,825,-5,2025-06-22
80431,2025,6,22,7,LAX,PHX,815,814,-1,951,948,-3,2025-06-22
80432,2025,6,22,7,LAX,PHX,940,935,-5,1110,1102,-8,2025-06-22
80433,2025,6,22,7,LAX,PHX,1000,956,-4,1130,1107,-23,2025-06-22
80434,2025,6,22,7,LAX,PHX,1015,1009,-6,1145,1126,-19,2025-06-22
80435,2025,6,22,7,LAX,PHX,1325,1321,-4,1450,1443,-7,2025-06-22
80436,2025,6,22,7,LAX,PHX,1400,1357,-3,1528,1514,-14,2025-06-22
80437,2025,6,22,7,LAX,PHX,1423,1456,33,1602,1619,17,2025-06-22
80438,2025,6,22,7,LAX,PHX,1515,1524,9,1645,1658,13,2025-06-22
80439,2025,6,22,7,LAX,PHX,1632,1646,14,1759,1810,11,2025-06-22
80440,2025,6,22,7,LAX,PHX,1730,1735,5,1855,1902,7,2025-06-22
80441,2025,6,22,7,LAX,PHX,1800,1823,23,1930,1945,15,2025-06-22
80442,2025,6,22,7,LAX,PHX,1910,1907,-3,2039,2037,-2,2025-06-22
80443,2025,6,22,7,LAX,PHX,1935,1933,-2,2103,2051,-12,2025-06-22
80444,2025,6,22,7,LAX,PHX,2134,2139,5,2305,2328,23,2025-06-22
80445,2025,6,22,7,LAX,PHX,2220,2256,36,2350,7,17,2025-06-22
80446,2025,6,22,7,LAX,PHX,2235,2232,-3,13,2349,-24,2025-06-22
80447,2025,6,22,7,LAX,PIT,915,1013,58,1700,1731,31,2025-06-22
80449,2025,6,22,7,LAX,PSC,2125,2128,3,2359,2355,-4,2025-06-22
80450,2025,6,22,7,LAX,RDD,1256,1248,-8,1445,1417,-28,2025-06-22
80451,2025,6,22,7,LAX,RDM,1245,1245,0,1503,1458,-5,2025-06-22
80452,2025,6,22,7,LAX,RDU,857,854,-3,1654,1637,-17,2025-06-22
80453,2025,6,22,7,LAX,RDU,1037,1053,16,1831,1841,10,2025-06-22
80454,2025,6,22,7,LAX,RDU,2220,2234,14,618,609,-9,2025-06-22
80455,2025,6,22,7,LAX,RDU,2243,2238,-5,630,622,-8,2025-06-22
80456,2025,6,22,7,LAX,RNO,935,933,-2,1100,1046,-14,2025-06-22
80457,2025,6,22,7,LAX,RNO,959,955,-4,1131,1124,-7,2025-06-22
80458,2025,6,22,7,LAX,RNO,1019,1010,-9,1200,1132,-28,2025-06-22
80459,2025,6,22,7,LAX,RNO,1502,1459,-3,1630,1613,-17,2025-06-22
80460,2025,6,22,7,LAX,RNO,1710,1705,-5,1844,1837,-7,2025-06-22
80461,2025,6,22,7,LAX,RNO,1920,1948,28,2045,2053,8,2025-06-22
80462,2025,6,22,7,LAX,RNO,2015,2012,-3,2149,2139,-10,2025-06-22
80463,2025,6,22,7,LAX,RNO,2050,2055,5,2217,2234,17,2025-06-22
80464,2025,6,22,7,LAX,RNO,2216,2206,-10,2353,6,13,2025-06-22
80465,2025,6,22,7,LAX,SAN,820,813,-7,919,903,-16,2025-06-22
80466,2025,6,22,7,LAX,SAN,920,913,-7,1024,1011,-13,2025-06-22
80467,2025,6,22,7,LAX,SAN,1428,1433,5,1522,1520,-2,2025-06-22
80468,2025,6,22,7,LAX,SAN,1800,1757,-3,1854,1836,-18,2025-06-22
80469,2025,6,22,7,LAX,SAN,1846,1843,-3,1947,1952,5,2025-06-22
80470,2025,6,22,7,LAX,SAN,2159,2154,-5,2253,2244,-9,2025-06-22
80471,2025,6,22,7,LAX,SAN,2245,2243,-2,2346,2332,-14,2025-06-22
80472,2025,6,22,7,LAX,SAT,710,720,10,1202,1155,-7,2025-06-22
80473,2025,6,22,7,LAX,SAT,912,901,-11,1419,1402,-17,2025-06-22
80474,2025,6,22,7,LAX,SAT,930,929,-1,1423,1412,-11,2025-06-22
80475,2025,6,22,7,LAX,SAT,1519,1510,-9,2013,1948,-25,2025-06-22
80476,2025,6,22,7,LAX,SAT,1520,1538,18,2015,2018,3,2025-06-22
80477,2025,6,22,7,LAX,SAT,1700,1655,-5,2158,2151,-7,2025-06-22
80478,2025,6,22,7,LAX,SAT,1858,1904,6,2349,2343,-6,2025-06-22
80480,2025,6,22,7,LAX,SBA,2300,2253,-7,2358,6,8,2025-06-22
80481,2025,6,22,7,LAX,SBP,1500,1455,-5,1601,1551,-10,2025-06-22
80482,2025,6,22,7,LAX,SBP,2232,2225,-7,2336,2311,-25,2025-06-22
80483,2025,6,22,7,LAX,SDF,1134,1146,12,1835,1844,9,2025-06-22
80484,2025,6,22,7,LAX,SEA,600,600,0,850,851,1,2025-06-22
80485,2025,6,22,7,LAX,SEA,700,652,-8,954,940,-14,2025-06-22
80486,2025,6,22,7,LAX,SEA,700,659,-1,947,1017,30,2025-06-22
80487,2025,6,22,7,LAX,SEA,800,838,38,1049,1142,53,2025-06-22
80488,2025,6,22,7,LAX,SEA,945,948,3,1242,1224,-18,2025-06-22
80489,2025,6,22,7,LAX,SEA,950,947,-3,1235,1243,8,2025-06-22
80490,2025,6,22,7,LAX,SEA,1110,1100,-10,1401,1356,-5,2025-06-22
80491,2025,6,22,7,LAX,SEA,1115,1105,-10,1409,1352,-17,2025-06-22
80492,2025,6,22,7,LAX,SEA,1155,1155,0,1445,1428,-17,2025-06-22
80493,2025,6,22,7,LAX,SEA,1225,1230,5,1510,1523,13,2025-06-22
80494,2025,6,22,7,LAX,SEA,1410,1405,-5,1654,1653,-1,2025-06-22
80495,2025,6,22,7,LAX,SEA,1415,1404,-11,1700,1647,-13,2025-06-22
80497,2025,6,22,7,LAX,SEA,1715,1715,0,2000,1958,-2,2025-06-22
80498,2025,6,22,7,LAX,SEA,1743,1737,-6,2035,1959,-36,2025-06-22
80499,2025,6,22,7,LAX,SEA,1815,1808,-7,2100,2050,-10,2025-06-22
80500,2025,6,22,7,LAX,SEA,1850,1843,-7,2145,2128,-17,2025-06-22
80501,2025,6,22,7,LAX,SEA,1907,1900,-7,2158,2134,-24,2025-06-22
80502,2025,6,22,7,LAX,SEA,1925,1931,6,2210,2214,4,2025-06-22
80503,2025,6,22,7,LAX,SEA,1959,1953,-6,2257,2244,-13,2025-06-22
80504,2025,6,22,7,LAX,SEA,2010,2014,4,2259,2248,-11,2025-06-22
80505,2025,6,22,7,LAX,SEA,2115,2125,10,2359,9,10,2025-06-22
80506,2025,6,22,7,LAX,SEA,2129,2225,56,25,48,23,2025-06-22
80507,2025,6,22,7,LAX,SFO,600,557,-3,725,716,-9,2025-06-22
80508,2025,6,22,7,LAX,SFO,600,557,-3,738,722,-16,2025-06-22
80509,2025,6,22,7,LAX,SFO,630,624,-6,752,743,-9,2025-06-22
80510,2025,6,22,7,LAX,SFO,700,653,-7,836,829,-7,2025-06-22
80511,2025,6,22,7,LAX,SFO,700,655,-5,829,826,-3,2025-06-22
80512,2025,6,22,7,LAX,SFO,800,753,-7,940,903,-37,2025-06-22
80513,2025,6,22,7,LAX,SFO,835,827,-8,958,935,-23,2025-06-22
80514,2025,6,22,7,LAX,SFO,910,904,-6,1045,1034,-11,2025-06-22
80515,2025,6,22,7,LAX,SFO,1015,1009,-6,1140,1143,3,2025-06-22
80516,2025,6,22,7,LAX,SFO,1026,1022,-4,1159,1139,-20,2025-06-22
80517,2025,6,22,7,LAX,SFO,1129,1125,-4,1256,1238,-18,2025-06-22
80518,2025,6,22,7,LAX,SFO,1220,1215,-5,1343,1325,-18,2025-06-22
80519,2025,6,22,7,LAX,SFO,1235,1230,-5,1355,1336,-19,2025-06-22
80520,2025,6,22,7,LAX,SFO,1330,1319,-11,1452,1428,-24,2025-06-22
80521,2025,6,22,7,LAX,SFO,1339,1345,6,1507,1500,-7,2025-06-22
80522,2025,6,22,7,LAX,SFO,1422,1417,-5,1548,1547,-1,2025-06-22
80523,2025,6,22,7,LAX,SFO,1544,1535,-9,1711,1657,-14,2025-06-22
80524,2025,6,22,7,LAX,SFO,1610,1609,-1,1739,1723,-16,2025-06-22
80525,2025,6,22,7,LAX,SFO,1627,1620,-7,1745,1729,-16,2025-06-22
80526,2025,6,22,7,LAX,SFO,1710,1701,-9,1840,1821,-19,2025-06-22
80527,2025,6,22,7,LAX,SFO,1740,1737,-3,1902,1855,-7,2025-06-22
80529,2025,6,22,7,LAX,SFO,1820,1814,-6,1943,1923,-20,2025-06-22
80531,2025,6,22,7,LAX,SFO,1859,1855,-4,2028,2034,6,2025-06-22
80532,2025,6,22,7,LAX,SFO,1925,1920,-5,2057,2052,-5,2025-06-22
80533,2025,6,22,7,LAX,SFO,1935,1928,-7,2058,2100,2,2025-06-22
80534,2025,6,22,7,LAX,SFO,1945,1959,14,2110,2120,10,2025-06-22
80535,2025,6,22,7,LAX,SFO,2130,2125,-5,2302,2258,-4,2025-06-22
80536,2025,6,22,7,LAX,SFO,2149,2142,-7,2312,2258,-14,2025-06-22
80537,2025,6,22,7,LAX,SFO,2225,2217,-8,2352,2346,-6,2025-06-22
80538,2025,6,22,7,LAX,SGU,1315,1311,-4,1547,1556,9,2025-06-22
80539,2025,6,22,7,LAX,SJC,550,551,1,705,700,-5,2025-06-22
80540,2025,6,22,7,LAX,SJC,705,658,-7,820,812,-8,2025-06-22
80541,2025,6,22,7,LAX,SJC,910,912,2,1030,1018,-12,2025-06-22
80542,2025,6,22,7,LAX,SJC,915,906,-9,1030,1023,-7,2025-06-22
80543,2025,6,22,7,LAX,SJC,1135,1128,-7,1252,1237,-15,2025-06-22
80544,2025,6,22,7,LAX,SJC,1325,1317,-8,1440,1426,-14,2025-06-22
80545,2025,6,22,7,LAX,SJC,1445,1523,38,1600,1630,30,2025-06-22
80546,2025,6,22,7,LAX,SJC,1545,1537,-8,1700,1647,-13,2025-06-22
80547,2025,6,22,7,LAX,SJC,1800,1755,-5,1915,1900,-15,2025-06-22
80548,2025,6,22,7,LAX,SJC,1835,1858,23,1950,2004,14,2025-06-22
80549,2025,6,22,7,LAX,SJC,2115,2134,19,2240,2240,0,2025-06-22
80550,2025,6,22,7,LAX,SJC,2128,2122,-6,2244,2224,-20,2025-06-22
80551,2025,6,22,7,LAX,SLC,600,557,-3,853,847,-6,2025-06-22
80552,2025,6,22,7,LAX,SLC,700,650,-10,955,935,-20,2025-06-22
80553,2025,6,22,7,LAX,SLC,825,820,-5,1126,1111,-15,2025-06-22
80554,2025,6,22,7,LAX,SLC,833,823,-10,1132,1117,-15,2025-06-22
80555,2025,6,22,7,LAX,SLC,948,940,-8,1243,1221,-22,2025-06-22
80556,2025,6,22,7,LAX,SLC,1055,1050,-5,1350,1330,-20,2025-06-22
80557,2025,6,22,7,LAX,SLC,1111,1110,-1,1403,1346,-17,2025-06-22
80559,2025,6,22,7,LAX,SLC,1710,1710,0,2000,1953,-7,2025-06-22
80560,2025,6,22,7,LAX,SLC,1845,1840,-5,2139,2110,-29,2025-06-22
80561,2025,6,22,7,LAX,SLC,1919,1920,1,2206,2152,-14,2025-06-22
80562,2025,6,22,7,LAX,SMF,540,534,-6,705,700,-5,2025-06-22
80563,2025,6,22,7,LAX,SMF,755,747,-8,924,902,-22,2025-06-22
80564,2025,6,22,7,LAX,SMF,810,803,-7,940,934,-6,2025-06-22
80565,2025,6,22,7,LAX,SMF,946,937,-9,1123,1104,-19,2025-06-22
80566,2025,6,22,7,LAX,SMF,1025,1017,-8,1159,1141,-18,2025-06-22
80567,2025,6,22,7,LAX,SMF,1225,1215,-10,1354,1333,-21,2025-06-22
80568,2025,6,22,7,LAX,SMF,1230,1245,15,1345,1357,12,2025-06-22
80569,2025,6,22,7,LAX,SMF,1309,1322,13,1444,1438,-6,2025-06-22
80570,2025,6,22,7,LAX,SMF,1630,1636,6,1801,1756,-5,2025-06-22
80571,2025,6,22,7,LAX,SMF,1654,1645,-9,1823,1806,-17,2025-06-22
80572,2025,6,22,7,LAX,SMF,1705,1657,-8,1837,1835,-2,2025-06-22
80573,2025,6,22,7,LAX,SMF,1710,1717,7,1840,1824,-16,2025-06-22
80574,2025,6,22,7,LAX,SMF,1815,1806,-9,1945,1927,-18,2025-06-22
80575,2025,6,22,7,LAX,SMF,1922,1916,-6,2101,2047,-14,2025-06-22
80576,2025,6,22,7,LAX,SMF,2035,2057,22,2200,2209,9,2025-06-22
80577,2025,6,22,7,LAX,SMF,2056,2052,-4,2228,2206,-22,2025-06-22
80578,2025,6,22,7,LAX,SMF,2155,2248,53,2320,12,52,2025-06-22
80579,2025,6,22,7,LAX,STL,515,513,-2,1055,1040,-15,2025-06-22
80580,2025,6,22,7,LAX,STL,1325,1338,13,1905,1856,-9,2025-06-22
80581,2025,6,22,7,LAX,STL,1733,1724,-9,2259,2255,-4,2025-06-22
80582,2025,6,22,7,LAX,STS,925,924,-1,1106,1122,16,2025-06-22
80583,2025,6,22,7,LAX,STS,2206,2258,52,2344,24,40,2025-06-22
80584,2025,6,22,7,LAX,SUN,830,827,-3,1143,1133,-10,2025-06-22
80585,2025,6,22,7,LAX,TPA,1012,1004,-8,1800,1746,-14,2025-06-22
80586,2025,6,22,7,LAX,TPA,2210,2204,-6,544,535,-9,2025-06-22
80587,2025,6,22,7,LAX,TPA,2359,2357,-2,756,751,-5,2025-06-22
80588,2025,6,22,7,LAX,TUL,930,920,-10,1440,1421,-19,2025-06-22
80589,2025,6,22,7,LAX,TUS,822,814,-8,1003,935,-28,2025-06-22
80590,2025,6,22,7,LAX,TUS,935,953,18,1110,1117,7,2025-06-22
80591,2025,6,22,7,LAX,TUS,1005,1001,-4,1135,1112,-23,2025-06-22
80592,2025,6,22,7,LAX,TUS,1410,1430,20,1544,1553,9,2025-06-22
80593,2025,6,22,7,LAX,TUS,1458,1450,-8,1627,1613,-14,2025-06-22
80594,2025,6,22,7,LAX,TUS,1818,1808,-10,1949,1930,-19,2025-06-22
80596,2025,6,22,7,LAX,XNA,914,906,-8,1438,1419,-19,2025-06-22
83927,2025,6,23,1,LAX,ABQ,800,755,-5,1108,1042,-26,2025-06-23
83928,2025,6,23,1,LAX,ABQ,855,913,18,1158,1204,6,2025-06-23
83929,2025,6,23,1,LAX,ABQ,1120,1129,9,1415,1410,-5,2025-06-23
83930,2025,6,23,1,LAX,ABQ,1459,1450,-9,1802,1735,-27,2025-06-23
83931,2025,6,23,1,LAX,ABQ,1849,1839,-10,2152,2125,-27,2025-06-23
83932,2025,6,23,1,LAX,ABQ,1958,1952,-6,2258,2251,-7,2025-06-23
83933,2025,6,23,1,LAX,ACV,1315,1305,-10,1513,1513,0,2025-06-23
83934,2025,6,23,1,LAX,ANC,1945,2011,26,8,42,34,2025-06-23
83935,2025,6,23,1,LAX,ASE,1040,1035,-5,1356,1334,-22,2025-06-23
83937,2025,6,23,1,LAX,ASE,1445,1451,6,1751,1744,-7,2025-06-23
83938,2025,6,23,1,LAX,ATL,55,112,17,821,822,1,2025-06-23
83939,2025,6,23,1,LAX,ATL,620,614,-6,1342,1333,-9,2025-06-23
83940,2025,6,23,1,LAX,ATL,735,730,-5,1448,1443,-5,2025-06-23
83941,2025,6,23,1,LAX,ATL,845,909,24,1607,1619,12,2025-06-23
83942,2025,6,23,1,LAX,ATL,951,944,-7,1715,1652,-23,2025-06-23
83943,2025,6,23,1,LAX,ATL,953,950,-3,1719,1652,-27,2025-06-23
83945,2025,6,23,1,LAX,ATL,1215,1211,-4,1930,1912,-18,2025-06-23
83946,2025,6,23,1,LAX,ATL,1249,1246,-3,2015,1956,-19,2025-06-23
83947,2025,6,23,1,LAX,ATL,1306,1315,9,2049,2045,-4,2025-06-23
83948,2025,6,23,1,LAX,ATL,1315,1414,59,2046,2128,42,2025-06-23
83950,2025,6,23,1,LAX,ATL,1735,1806,31,54,116,22,2025-06-23
83951,2025,6,23,1,LAX,ATL,2145,2149,4,500,507,7,2025-06-23
83952,2025,6,23,1,LAX,ATL,2229,2252,23,608,622,14,2025-06-23
83953,2025,6,23,1,LAX,ATL,2245,2241,-4,600,546,-14,2025-06-23
83954,2025,6,23,1,LAX,ATL,2345,2338,-7,706,713,7,2025-06-23
83955,2025,6,23,1,LAX,ATL,2345,2342,-3,712,651,-21,2025-06-23
83956,2025,6,23,1,LAX,AUS,500,455,-5,1000,942,-18,2025-06-23
83957,2025,6,23,1,LAX,AUS,615,621,6,1117,1114,-3,2025-06-23
83958,2025,6,23,1,LAX,AUS,745,742,-3,1246,1231,-15,2025-06-23
83959,2025,6,23,1,LAX,AUS,925,922,-3,1451,1421,-30,2025-06-23
83960,2025,6,23,1,LAX,AUS,1035,1032,-3,1545,1547,2,2025-06-23
83961,2025,6,23,1,LAX,AUS,1115,1123,8,1620,1616,-4,2025-06-23
83962,2025,6,23,1,LAX,AUS,1614,1605,-9,2114,2058,-16,2025-06-23
83963,2025,6,23,1,LAX,AUS,1620,1613,-7,2121,2106,-15,2025-06-23
83964,2025,6,23,1,LAX,AUS,1835,1853,18,2338,2347,9,2025-06-23
83965,2025,6,23,1,LAX,AUS,1840,1915,35,2358,25,27,2025-06-23
83966,2025,6,23,1,LAX,AUS,1850,1845,-5,2350,2343,-7,2025-06-23
83967,2025,6,23,1,LAX,AUS,1855,1855,0,2355,2351,-4,2025-06-23
83968,2025,6,23,1,LAX,BNA,700,656,-4,1257,1243,-14,2025-06-23
83969,2025,6,23,1,LAX,BNA,710,721,11,1325,1314,-11,2025-06-23
83970,2025,6,23,1,LAX,BNA,929,926,-3,1532,1520,-12,2025-06-23
83971,2025,6,23,1,LAX,BNA,1036,1026,-10,1645,1624,-21,2025-06-23
83972,2025,6,23,1,LAX,BNA,1239,1234,-5,1844,1925,41,2025-06-23
83973,2025,6,23,1,LAX,BNA,1839,1847,8,37,40,3,2025-06-23
83974,2025,6,23,1,LAX,BNA,2250,2250,0,500,439,-21,2025-06-23
83975,2025,6,23,1,LAX,BOI,1157,1225,28,1503,1529,26,2025-06-23
83976,2025,6,23,1,LAX,BOI,1245,1243,-2,1559,1544,-15,2025-06-23
83977,2025,6,23,1,LAX,BOI,1950,1948,-2,2254,2248,-6,2025-06-23
83978,2025,6,23,1,LAX,BOI,1959,1951,-8,2301,2247,-14,2025-06-23
83979,2025,6,23,1,LAX,BOS,600,545,-15,1440,1403,-37,2025-06-23
83980,2025,6,23,1,LAX,BOS,640,638,-2,1515,1503,-12,2025-06-23
83981,2025,6,23,1,LAX,BOS,830,834,4,1719,1654,-25,2025-06-23
83982,2025,6,23,1,LAX,BOS,835,826,-9,1718,1710,-8,2025-06-23
83983,2025,6,23,1,LAX,BOS,840,913,33,1716,1752,36,2025-06-23
83984,2025,6,23,1,LAX,BOS,1045,1037,-8,1924,1847,-37,2025-06-23
83985,2025,6,23,1,LAX,BOS,1145,1135,-10,2025,2005,-20,2025-06-23
83986,2025,6,23,1,LAX,BOS,1310,1300,-10,2151,2123,-28,2025-06-23
83987,2025,6,23,1,LAX,BOS,1525,1517,-8,2355,2348,-7,2025-06-23
83988,2025,6,23,1,LAX,BOS,2024,2017,-7,500,436,-24,2025-06-23
83989,2025,6,23,1,LAX,BOS,2102,2101,-1,532,532,0,2025-06-23
83990,2025,6,23,1,LAX,BOS,2213,2209,-4,644,619,-25,2025-06-23
83991,2025,6,23,1,LAX,BOS,2235,2234,-1,713,644,-29,2025-06-23
83992,2025,6,23,1,LAX,BOS,2305,2313,8,741,819,38,2025-06-23
83993,2025,6,23,1,LAX,BUF,2209,2212,3,600,536,-24,2025-06-23
83994,2025,6,23,1,LAX,BWI,530,528,-2,1335,1313,-22,2025-06-23
83995,2025,6,23,1,LAX,BWI,845,921,36,1654,1713,19,2025-06-23
83996,2025,6,23,1,LAX,BWI,1005,1000,-5,1810,1746,-24,2025-06-23
83997,2025,6,23,1,LAX,BWI,1134,1126,-8,1929,1914,-15,2025-06-23
83998,2025,6,23,1,LAX,BWI,2055,2120,25,500,509,9,2025-06-23
83999,2025,6,23,1,LAX,BWI,2359,2355,-4,807,815,8,2025-06-23
84000,2025,6,23,1,LAX,BZN,1121,1111,-10,1450,1422,-28,2025-06-23
84001,2025,6,23,1,LAX,BZN,1800,1813,13,2139,2123,-16,2025-06-23
84002,2025,6,23,1,LAX,CLE,1138,1135,-3,1911,1849,-22,2025-06-23
84004,2025,6,23,1,LAX,CLT,605,559,-6,1354,1344,-10,2025-06-23
84005,2025,6,23,1,LAX,CLT,759,758,-1,1545,1533,-12,2025-06-23
84006,2025,6,23,1,LAX,CLT,911,930,19,1700,1716,16,2025-06-23
84008,2025,6,23,1,LAX,CLT,1402,1358,-4,2155,2141,-14,2025-06-23
84009,2025,6,23,1,LAX,CLT,2148,2143,-5,529,520,-9,2025-06-23
84010,2025,6,23,1,LAX,CLT,2249,2256,7,635,633,-2,2025-06-23
84011,2025,6,23,1,LAX,CLT,2306,2312,6,645,649,4,2025-06-23
84012,2025,6,23,1,LAX,CLT,2349,2352,3,735,732,-3,2025-06-23
84014,2025,6,23,1,LAX,CVG,2229,2323,54,538,634,56,2025-06-23
84015,2025,6,23,1,LAX,DAL,505,516,11,1010,1004,-6,2025-06-23
84016,2025,6,23,1,LAX,DAL,645,641,-4,1150,1131,-19,2025-06-23
84017,2025,6,23,1,LAX,DAL,1120,1137,17,1630,1631,1,2025-06-23
84018,2025,6,23,1,LAX,DAL,1630,1718,48,2145,2208,23,2025-06-23
84019,2025,6,23,1,LAX,DAL,1810,1805,-5,2320,2300,-20,2025-06-23
84020,2025,6,23,1,LAX,DCA,759,755,-4,1600,1539,-21,2025-06-23
84021,2025,6,23,1,LAX,DCA,819,814,-5,1622,1606,-16,2025-06-23
84022,2025,6,23,1,LAX,DCA,1228,1224,-4,2029,2008,-21,2025-06-23
84023,2025,6,23,1,LAX,DCA,1331,1353,22,2142,2149,7,2025-06-23
84024,2025,6,23,1,LAX,DEN,505,501,-4,824,821,-3,2025-06-23
84025,2025,6,23,1,LAX,DEN,545,541,-4,910,848,-22,2025-06-23
84026,2025,6,23,1,LAX,DEN,615,609,-6,948,930,-18,2025-06-23
84027,2025,6,23,1,LAX,DEN,706,805,59,1031,1115,44,2025-06-23
84028,2025,6,23,1,LAX,DEN,746,745,-1,1110,1058,-12,2025-06-23
84029,2025,6,23,1,LAX,DEN,804,759,-5,1133,1114,-19,2025-06-23
84030,2025,6,23,1,LAX,DEN,805,816,11,1130,1118,-12,2025-06-23
84031,2025,6,23,1,LAX,DEN,900,907,7,1227,1234,7,2025-06-23
84032,2025,6,23,1,LAX,DEN,1030,1049,19,1355,1347,-8,2025-06-23
84033,2025,6,23,1,LAX,DEN,1052,1052,0,1419,1358,-21,2025-06-23
84034,2025,6,23,1,LAX,DEN,1055,1111,16,1430,1416,-14,2025-06-23
84035,2025,6,23,1,LAX,DEN,1255,1248,-7,1623,1553,-30,2025-06-23
84036,2025,6,23,1,LAX,DEN,1338,1328,-10,1701,1636,-25,2025-06-23
84037,2025,6,23,1,LAX,DEN,1340,1338,-2,1710,1645,-25,2025-06-23
84038,2025,6,23,1,LAX,DEN,1435,1431,-4,1805,1738,-27,2025-06-23
84039,2025,6,23,1,LAX,DEN,1459,1449,-10,1819,1800,-19,2025-06-23
84040,2025,6,23,1,LAX,DEN,1605,1631,26,1930,1933,3,2025-06-23
84041,2025,6,23,1,LAX,DEN,1611,1608,-3,1940,1917,-23,2025-06-23
84042,2025,6,23,1,LAX,DEN,1918,1917,-1,2247,2220,-27,2025-06-23
84043,2025,6,23,1,LAX,DEN,1945,1936,-9,2309,2243,-26,2025-06-23
84044,2025,6,23,1,LAX,DEN,2020,2045,25,2350,2349,-1,2025-06-23
84045,2025,6,23,1,LAX,DEN,2025,2015,-10,2348,2325,-23,2025-06-23
84046,2025,6,23,1,LAX,DFW,40,40,0,545,540,-5,2025-06-23
84047,2025,6,23,1,LAX,DFW,47,44,-3,550,608,18,2025-06-23
84048,2025,6,23,1,LAX,DFW,130,154,24,633,636,3,2025-06-23
84049,2025,6,23,1,LAX,DFW,600,550,-10,1103,1054,-9,2025-06-23
84050,2025,6,23,1,LAX,DFW,600,559,-1,1120,1102,-18,2025-06-23
84051,2025,6,23,1,LAX,DFW,700,655,-5,1209,1151,-18,2025-06-23
84052,2025,6,23,1,LAX,DFW,826,827,1,1339,1339,0,2025-06-23
84053,2025,6,23,1,LAX,DFW,835,832,-3,1343,1340,-3,2025-06-23
84054,2025,6,23,1,LAX,DFW,930,942,12,1443,1458,15,2025-06-23
84055,2025,6,23,1,LAX,DFW,1037,1115,38,1545,1607,22,2025-06-23
84056,2025,6,23,1,LAX,DFW,1230,1245,15,1737,1756,19,2025-06-23
84057,2025,6,23,1,LAX,DFW,1348,1342,-6,1859,1848,-11,2025-06-23
84059,2025,6,23,1,LAX,DFW,1548,1543,-5,2059,2049,-10,2025-06-23
84060,2025,6,23,1,LAX,DFW,1636,1631,-5,2147,2133,-14,2025-06-23
84061,2025,6,23,1,LAX,DFW,1835,1850,15,2347,2356,9,2025-06-23
84062,2025,6,23,1,LAX,DFW,1855,1849,-6,2356,2351,-5,2025-06-23
84064,2025,6,23,1,LAX,DFW,2359,2353,-6,509,453,-16,2025-06-23
84066,2025,6,23,1,LAX,DTW,530,525,-5,1257,1233,-24,2025-06-23
84067,2025,6,23,1,LAX,DTW,735,733,-2,1456,1443,-13,2025-06-23
84068,2025,6,23,1,LAX,DTW,925,919,-6,1652,1637,-15,2025-06-23
84069,2025,6,23,1,LAX,DTW,1114,1107,-7,1837,1826,-11,2025-06-23
84070,2025,6,23,1,LAX,DTW,1209,1159,-10,1931,1929,-2,2025-06-23
84071,2025,6,23,1,LAX,DTW,1536,1535,-1,2304,2303,-1,2025-06-23
84072,2025,6,23,1,LAX,DTW,2130,2122,-8,452,442,-10,2025-06-23
84074,2025,6,23,1,LAX,ELP,1245,1256,11,1545,1545,0,2025-06-23
84075,2025,6,23,1,LAX,ELP,1430,1424,-6,1731,1712,-19,2025-06-23
84076,2025,6,23,1,LAX,ELP,1947,1940,-7,2247,2230,-17,2025-06-23
84077,2025,6,23,1,LAX,EUG,2144,2219,35,2358,30,32,2025-06-23
84078,2025,6,23,1,LAX,EWR,600,611,11,1434,1412,-22,2025-06-23
84079,2025,6,23,1,LAX,EWR,700,653,-7,1534,1500,-34,2025-06-23
84081,2025,6,23,1,LAX,EWR,810,807,-3,1640,1616,-24,2025-06-23
84082,2025,6,23,1,LAX,EWR,820,840,20,1645,1642,-3,2025-06-23
84083,2025,6,23,1,LAX,EWR,1015,1013,-2,1854,1843,-11,2025-06-23
84084,2025,6,23,1,LAX,EWR,1050,1044,-6,1920,1854,-26,2025-06-23
84086,2025,6,23,1,LAX,EWR,1215,1210,-5,2054,2025,-29,2025-06-23
84087,2025,6,23,1,LAX,EWR,1330,1343,13,2152,2134,-18,2025-06-23
84091,2025,6,23,1,LAX,EWR,2126,2118,-8,559,540,-19,2025-06-23
84092,2025,6,23,1,LAX,EWR,2135,2132,-3,555,553,-2,2025-06-23
84093,2025,6,23,1,LAX,EWR,2359,2357,-2,812,808,-4,2025-06-23
84094,2025,6,23,1,LAX,FAT,1030,1025,-5,1148,1142,-6,2025-06-23
84095,2025,6,23,1,LAX,FAT,1910,1907,-3,2024,2021,-3,2025-06-23
84096,2025,6,23,1,LAX,FAT,2238,2240,2,2352,2347,-5,2025-06-23
84098,2025,6,23,1,LAX,FLL,800,754,-6,1614,1615,1,2025-06-23
84099,2025,6,23,1,LAX,FLL,1112,1207,55,1926,2034,68,2025-06-23
84100,2025,6,23,1,LAX,FLL,1345,1341,-4,2158,2148,-10,2025-06-23
84101,2025,6,23,1,LAX,FLL,2155,2154,-1,603,556,-7,2025-06-23
84102,2025,6,23,1,LAX,FLL,2309,2326,17,705,729,24,2025-06-23
84103,2025,6,23,1,LAX,FSD,1605,1611,6,2119,2100,-19,2025-06-23
84104,2025,6,23,1,LAX,GEG,1114,1107,-7,1352,1334,-18,2025-06-23
84105,2025,6,23,1,LAX,GEG,1432,1434,2,1707,1654,-13,2025-06-23
84106,2025,6,23,1,LAX,GEG,1516,1515,-1,1747,1738,-9,2025-06-23
84107,2025,6,23,1,LAX,GEG,1859,1853,-6,2133,2127,-6,2025-06-23
84108,2025,6,23,1,LAX,HNL,705,658,-7,1010,930,-40,2025-06-23
84109,2025,6,23,1,LAX,HNL,825,824,-1,1107,1107,0,2025-06-23
84110,2025,6,23,1,LAX,HNL,830,838,8,1105,1114,9,2025-06-23
84111,2025,6,23,1,LAX,HNL,835,827,-8,1117,1110,-7,2025-06-23
84112,2025,6,23,1,LAX,HNL,849,845,-4,1137,1130,-7,2025-06-23
84113,2025,6,23,1,LAX,HNL,1010,1025,15,1240,1255,15,2025-06-23
84115,2025,6,23,1,LAX,HNL,1315,1323,8,1601,1544,-17,2025-06-23
84116,2025,6,23,1,LAX,HNL,1335,1329,-6,1618,1609,-9,2025-06-23
84117,2025,6,23,1,LAX,HNL,1444,1503,19,1728,1745,17,2025-06-23
84118,2025,6,23,1,LAX,HNL,1710,1712,2,1944,1924,-20,2025-06-23
84119,2025,6,23,1,LAX,HNL,1745,1740,-5,2030,2030,0,2025-06-23
84120,2025,6,23,1,LAX,HNL,1810,1849,39,2052,2130,38,2025-06-23
84121,2025,6,23,1,LAX,HNL,1820,1818,-2,2057,2052,-5,2025-06-23
84122,2025,6,23,1,LAX,HNL,1825,1918,53,2115,2156,41,2025-06-23
84123,2025,6,23,1,LAX,HNL,1845,1845,0,2128,2124,-4,2025-06-23
84124,2025,6,23,1,LAX,HNL,1913,1950,37,2155,2217,22,2025-06-23
84125,2025,6,23,1,LAX,HNL,2040,2049,9,2329,2351,22,2025-06-23
84126,2025,6,23,1,LAX,HOU,505,506,1,1030,1018,-12,2025-06-23
84127,2025,6,23,1,LAX,HOU,1335,1335,0,1900,1839,-21,2025-06-23
84128,2025,6,23,1,LAX,HOU,1745,1747,2,2305,2307,2,2025-06-23
84129,2025,6,23,1,LAX,HOU,2350,2400,10,515,518,3,2025-06-23
84130,2025,6,23,1,LAX,IAD,620,613,-7,1423,1358,-25,2025-06-23
84131,2025,6,23,1,LAX,IAD,815,814,-1,1621,1624,3,2025-06-23
84132,2025,6,23,1,LAX,IAD,820,814,-6,1625,1615,-10,2025-06-23
84133,2025,6,23,1,LAX,IAD,1015,1013,-2,1820,1809,-11,2025-06-23
84136,2025,6,23,1,LAX,IAD,2135,2157,22,537,545,8,2025-06-23
84137,2025,6,23,1,LAX,IAD,2250,2324,34,639,714,35,2025-06-23
84138,2025,6,23,1,LAX,IAH,56,113,17,618,615,-3,2025-06-23
84139,2025,6,23,1,LAX,IAH,515,511,-4,1042,1021,-21,2025-06-23
84141,2025,6,23,1,LAX,IAH,840,845,5,1409,1358,-11,2025-06-23
84142,2025,6,23,1,LAX,IAH,845,843,-2,1407,1346,-21,2025-06-23
84143,2025,6,23,1,LAX,IAH,1015,1018,3,1540,1549,9,2025-06-23
84144,2025,6,23,1,LAX,IAH,1128,1119,-9,1648,1629,-19,2025-06-23
84145,2025,6,23,1,LAX,IAH,1207,1225,18,1724,1731,7,2025-06-23
84146,2025,6,23,1,LAX,IAH,1310,1314,4,1840,1845,5,2025-06-23
84147,2025,6,23,1,LAX,IAH,1358,1442,44,1925,1956,31,2025-06-23
84149,2025,6,23,1,LAX,IAH,1809,1819,10,2328,2333,5,2025-06-23
84151,2025,6,23,1,LAX,IAH,1920,2015,55,43,125,42,2025-06-23
84152,2025,6,23,1,LAX,IAH,2345,2353,8,505,517,12,2025-06-23
84153,2025,6,23,1,LAX,IND,1036,1119,43,1747,1803,16,2025-06-23
84154,2025,6,23,1,LAX,IND,1134,1146,12,1838,1829,-9,2025-06-23
84155,2025,6,23,1,LAX,IND,2314,2314,0,614,612,-2,2025-06-23
84156,2025,6,23,1,LAX,JAC,900,850,-10,1218,1202,-16,2025-06-23
84157,2025,6,23,1,LAX,JAC,1030,1022,-8,1348,1321,-27,2025-06-23
84158,2025,6,23,1,LAX,JFK,600,552,-8,1434,1408,-26,2025-06-23
84159,2025,6,23,1,LAX,JFK,600,631,31,1430,1507,37,2025-06-23
84160,2025,6,23,1,LAX,JFK,700,657,-3,1535,1526,-9,2025-06-23
84161,2025,6,23,1,LAX,JFK,700,658,-2,1535,1521,-14,2025-06-23
84162,2025,6,23,1,LAX,JFK,710,702,-8,1545,1528,-17,2025-06-23
84163,2025,6,23,1,LAX,JFK,819,812,-7,1658,1645,-13,2025-06-23
84164,2025,6,23,1,LAX,JFK,905,901,-4,1757,1715,-42,2025-06-23
84165,2025,6,23,1,LAX,JFK,930,923,-7,1809,1744,-25,2025-06-23
84166,2025,6,23,1,LAX,JFK,1010,1009,-1,1910,1846,-24,2025-06-23
84167,2025,6,23,1,LAX,JFK,1021,1014,-7,1859,1826,-33,2025-06-23
84168,2025,6,23,1,LAX,JFK,1030,1020,-10,1911,1853,-18,2025-06-23
84169,2025,6,23,1,LAX,JFK,1110,1112,2,1950,2025,35,2025-06-23
84170,2025,6,23,1,LAX,JFK,1130,1124,-6,2006,1945,-21,2025-06-23
84171,2025,6,23,1,LAX,JFK,1221,1255,34,2100,2118,18,2025-06-23
84172,2025,6,23,1,LAX,JFK,1230,1226,-4,2107,2052,-15,2025-06-23
84173,2025,6,23,1,LAX,JFK,1300,1301,1,2145,2126,-19,2025-06-23
84174,2025,6,23,1,LAX,JFK,1310,1321,11,2152,2144,-8,2025-06-23
84175,2025,6,23,1,LAX,JFK,1420,1415,-5,2252,2237,-15,2025-06-23
84176,2025,6,23,1,LAX,JFK,1515,1510,-5,2355,2341,-14,2025-06-23
84177,2025,6,23,1,LAX,JFK,1520,1513,-7,2357,2323,-34,2025-06-23
84178,2025,6,23,1,LAX,JFK,1520,1547,27,2354,2,8,2025-06-23
84179,2025,6,23,1,LAX,JFK,1620,1612,-8,55,20,-35,2025-06-23
84180,2025,6,23,1,LAX,JFK,2036,2045,9,503,442,-21,2025-06-23
84181,2025,6,23,1,LAX,JFK,2053,2133,40,530,552,22,2025-06-23
84182,2025,6,23,1,LAX,JFK,2121,2127,6,555,551,-4,2025-06-23
84183,2025,6,23,1,LAX,JFK,2140,2138,-2,607,547,-20,2025-06-23
84184,2025,6,23,1,LAX,JFK,2231,2239,8,700,646,-14,2025-06-23
84185,2025,6,23,1,LAX,JFK,2250,2305,15,723,714,-9,2025-06-23
84186,2025,6,23,1,LAX,JFK,2252,2249,-3,732,715,-17,2025-06-23
84187,2025,6,23,1,LAX,JFK,2355,2356,1,830,805,-25,2025-06-23
84188,2025,6,23,1,LAX,JFK,2358,2352,-6,830,803,-27,2025-06-23
84189,2025,6,23,1,LAX,KOA,830,848,18,1110,1120,10,2025-06-23
84190,2025,6,23,1,LAX,KOA,910,904,-6,1150,1138,-12,2025-06-23
84191,2025,6,23,1,LAX,KOA,1119,1110,-9,1355,1346,-9,2025-06-23
84192,2025,6,23,1,LAX,KOA,1629,1624,-5,1859,1847,-12,2025-06-23
84193,2025,6,23,1,LAX,KOA,1725,1719,-6,2003,1953,-10,2025-06-23
84194,2025,6,23,1,LAX,LAS,520,520,0,635,627,-8,2025-06-23
84195,2025,6,23,1,LAX,LAS,530,524,-6,642,625,-17,2025-06-23
84196,2025,6,23,1,LAX,LAS,725,724,-1,845,819,-26,2025-06-23
84198,2025,6,23,1,LAX,LAS,826,828,2,951,956,5,2025-06-23
84199,2025,6,23,1,LAX,LAS,845,838,-7,1005,945,-20,2025-06-23
84200,2025,6,23,1,LAX,LAS,1019,1019,0,1131,1122,-9,2025-06-23
84201,2025,6,23,1,LAX,LAS,1125,1140,15,1245,1244,-1,2025-06-23
84203,2025,6,23,1,LAX,LAS,1445,1439,-6,1607,1544,-23,2025-06-23
84204,2025,6,23,1,LAX,LAS,1505,1513,8,1615,1613,-2,2025-06-23
84205,2025,6,23,1,LAX,LAS,1535,1614,39,1655,1731,36,2025-06-23
84206,2025,6,23,1,LAX,LAS,1548,1554,6,1713,1716,3,2025-06-23
84207,2025,6,23,1,LAX,LAS,1740,1756,16,1855,1900,5,2025-06-23
84208,2025,6,23,1,LAX,LAS,1755,1750,-5,1918,1855,-23,2025-06-23
84209,2025,6,23,1,LAX,LAS,1850,1843,-7,2000,1945,-15,2025-06-23
84210,2025,6,23,1,LAX,LAS,1852,1848,-4,2008,1954,-14,2025-06-23
84211,2025,6,23,1,LAX,LAS,1930,1924,-6,2052,2018,-34,2025-06-23
84212,2025,6,23,1,LAX,LAS,1940,2016,36,2100,2143,43,2025-06-23
84213,2025,6,23,1,LAX,LAS,1945,1939,-6,2108,2142,34,2025-06-23
84214,2025,6,23,1,LAX,LAS,1948,1942,-6,2100,2041,-19,2025-06-23
84215,2025,6,23,1,LAX,LAS,1959,2024,25,2110,2145,35,2025-06-23
84216,2025,6,23,1,LAX,LAS,2205,2218,13,2320,2317,-3,2025-06-23
84217,2025,6,23,1,LAX,LAS,2215,2259,44,2327,10,43,2025-06-23
84218,2025,6,23,1,LAX,LAS,2218,2233,15,2335,2349,14,2025-06-23
84219,2025,6,23,1,LAX,LAS,2305,2256,-9,27,6,-21,2025-06-23
84220,2025,6,23,1,LAX,LIH,842,835,-7,1138,1113,-25,2025-06-23
84221,2025,6,23,1,LAX,LIH,903,857,-6,1204,1143,-21,2025-06-23
84222,2025,6,23,1,LAX,LIH,930,954,24,1225,1244,19,2025-06-23
84223,2025,6,23,1,LAX,LIH,1425,1419,-6,1708,1651,-17,2025-06-23
84224,2025,6,23,1,LAX,MCI,800,801,1,1315,1303,-12,2025-06-23
84225,2025,6,23,1,LAX,MCI,930,932,2,1444,1440,-4,2025-06-23
84226,2025,6,23,1,LAX,MCI,1520,1510,-10,2029,2020,-9,2025-06-23
84227,2025,6,23,1,LAX,MCI,1815,1817,2,2327,2318,-9,2025-06-23
84228,2025,6,23,1,LAX,MCO,700,749,49,1458,1539,41,2025-06-23
84230,2025,6,23,1,LAX,MCO,1035,1026,-9,1838,1821,-17,2025-06-23
84231,2025,6,23,1,LAX,MCO,1120,1112,-8,1914,1910,-4,2025-06-23
84233,2025,6,23,1,LAX,MCO,1605,1603,-2,2359,2347,-12,2025-06-23
84234,2025,6,23,1,LAX,MCO,2135,2131,-4,536,533,-3,2025-06-23
84235,2025,6,23,1,LAX,MCO,2145,2145,0,532,546,14,2025-06-23
84236,2025,6,23,1,LAX,MCO,2249,2240,-9,647,626,-21,2025-06-23
84237,2025,6,23,1,LAX,MDW,620,620,0,1225,1158,-27,2025-06-23
84238,2025,6,23,1,LAX,MDW,840,836,-4,1445,1412,-33,2025-06-23
84239,2025,6,23,1,LAX,MDW,1315,1312,-3,1920,1852,-28,2025-06-23
84240,2025,6,23,1,LAX,MDW,1610,1620,10,2210,2214,4,2025-06-23
84241,2025,6,23,1,LAX,MDW,2255,2305,10,500,450,-10,2025-06-23
84242,2025,6,23,1,LAX,MEM,1820,1831,11,2358,1,3,2025-06-23
84243,2025,6,23,1,LAX,MIA,600,558,-2,1413,1354,-19,2025-06-23
84244,2025,6,23,1,LAX,MIA,745,805,20,1554,1628,34,2025-06-23
84245,2025,6,23,1,LAX,MIA,900,855,-5,1719,1718,-1,2025-06-23
84247,2025,6,23,1,LAX,MIA,1210,1207,-3,2020,2008,-12,2025-06-23
84248,2025,6,23,1,LAX,MIA,1500,1501,1,2310,2302,-8,2025-06-23
84249,2025,6,23,1,LAX,MIA,2140,2136,-4,550,538,-12,2025-06-23
84250,2025,6,23,1,LAX,MIA,2249,2247,-2,701,706,5,2025-06-23
84251,2025,6,23,1,LAX,MIA,2343,2354,11,750,816,26,2025-06-23
84252,2025,6,23,1,LAX,MRY,820,814,-6,942,921,-21,2025-06-23
84253,2025,6,23,1,LAX,MRY,1823,1818,-5,1937,1928,-9,2025-06-23
84254,2025,6,23,1,LAX,MSO,1131,1123,-8,1510,1508,-2,2025-06-23
84255,2025,6,23,1,LAX,MSP,50,115,25,625,628,3,2025-06-23
84256,2025,6,23,1,LAX,MSP,617,611,-6,1148,1118,-30,2025-06-23
84257,2025,6,23,1,LAX,MSP,800,756,-4,1334,1316,-18,2025-06-23
84258,2025,6,23,1,LAX,MSP,1130,1129,-1,1702,1638,-24,2025-06-23
84259,2025,6,23,1,LAX,MSP,1325,1323,-2,1855,1843,-12,2025-06-23
84260,2025,6,23,1,LAX,MSP,1520,1549,29,2049,2110,21,2025-06-23
84261,2025,6,23,1,LAX,MSP,1850,1859,9,20,20,0,2025-06-23
84262,2025,6,23,1,LAX,MSP,2330,2328,-2,504,501,-3,2025-06-23
84263,2025,6,23,1,LAX,MSY,700,658,-2,1240,1238,-2,2025-06-23
84264,2025,6,23,1,LAX,MSY,1210,1205,-5,1753,1745,-8,2025-06-23
84265,2025,6,23,1,LAX,MSY,1225,1255,30,1810,1837,27,2025-06-23
84266,2025,6,23,1,LAX,MSY,1747,1740,-7,2327,2321,-6,2025-06-23
84267,2025,6,23,1,LAX,MSY,1818,1823,5,2358,4,6,2025-06-23
84268,2025,6,23,1,LAX,OAK,610,604,-6,735,710,-25,2025-06-23
84269,2025,6,23,1,LAX,OAK,805,758,-7,930,907,-23,2025-06-23
84270,2025,6,23,1,LAX,OAK,925,920,-5,1050,1031,-19,2025-06-23
84271,2025,6,23,1,LAX,OAK,1150,1148,-2,1315,1258,-17,2025-06-23
84272,2025,6,23,1,LAX,OAK,1505,1523,18,1625,1627,2,2025-06-23
84273,2025,6,23,1,LAX,OAK,1845,1905,20,2010,2016,6,2025-06-23
84275,2025,6,23,1,LAX,OGG,700,702,2,935,941,6,2025-06-23
84276,2025,6,23,1,LAX,OGG,800,757,-3,1031,1014,-17,2025-06-23
84277,2025,6,23,1,LAX,OGG,815,822,7,1055,1057,2,2025-06-23
84278,2025,6,23,1,LAX,OGG,902,859,-3,1147,1128,-19,2025-06-23
84279,2025,6,23,1,LAX,OGG,1655,1653,-2,1934,1930,-4,2025-06-23
84281,2025,6,23,1,LAX,OGG,1754,1753,-1,2030,2019,-11,2025-06-23
84282,2025,6,23,1,LAX,OKC,900,852,-8,1400,1355,-5,2025-06-23
84283,2025,6,23,1,LAX,OKC,1732,1727,-5,2230,2216,-14,2025-06-23
84284,2025,6,23,1,LAX,OMA,1236,1319,43,1752,1813,21,2025-06-23
84285,2025,6,23,1,LAX,ORD,30,51,21,642,640,-2,2025-06-23
84286,2025,6,23,1,LAX,ORD,32,24,-8,638,608,-30,2025-06-23
84287,2025,6,23,1,LAX,ORD,44,58,14,651,647,-4,2025-06-23
84288,2025,6,23,1,LAX,ORD,545,545,0,1157,1134,-23,2025-06-23
84289,2025,6,23,1,LAX,ORD,605,555,-10,1221,1144,-37,2025-06-23
84290,2025,6,23,1,LAX,ORD,620,613,-7,1242,1208,-34,2025-06-23
84291,2025,6,23,1,LAX,ORD,630,623,-7,1238,1218,-20,2025-06-23
84292,2025,6,23,1,LAX,ORD,800,755,-5,1415,1344,-31,2025-06-23
84293,2025,6,23,1,LAX,ORD,815,809,-6,1439,1403,-36,2025-06-23
84294,2025,6,23,1,LAX,ORD,936,937,1,1544,1524,-20,2025-06-23
84295,2025,6,23,1,LAX,ORD,1040,1042,2,1656,1634,-22,2025-06-23
84296,2025,6,23,1,LAX,ORD,1105,1109,4,1717,1708,-9,2025-06-23
84297,2025,6,23,1,LAX,ORD,1145,1150,5,1753,1756,3,2025-06-23
84298,2025,6,23,1,LAX,ORD,1237,1233,-4,1855,1829,-26,2025-06-23
84299,2025,6,23,1,LAX,ORD,1300,1342,42,1929,1927,-2,2025-06-23
84300,2025,6,23,1,LAX,ORD,1401,1355,-6,2025,2027,2,2025-06-23
84301,2025,6,23,1,LAX,ORD,1502,1518,16,2108,2127,19,2025-06-23
84302,2025,6,23,1,LAX,ORD,1640,1635,-5,2304,2238,-26,2025-06-23
84304,2025,6,23,1,LAX,ORD,1729,1818,49,2335,16,41,2025-06-23
84305,2025,6,23,1,LAX,ORD,1738,1753,15,2359,8,9,2025-06-23
84306,2025,6,23,1,LAX,ORD,2240,2241,1,451,520,29,2025-06-23
84307,2025,6,23,1,LAX,ORD,2300,2333,33,513,536,23,2025-06-23
84308,2025,6,23,1,LAX,ORD,2337,27,50,545,616,31,2025-06-23
84309,2025,6,23,1,LAX,PDX,700,653,-7,923,926,3,2025-06-23
84310,2025,6,23,1,LAX,PDX,700,734,34,921,956,35,2025-06-23
84311,2025,6,23,1,LAX,PDX,845,918,33,1110,1142,32,2025-06-23
84312,2025,6,23,1,LAX,PDX,905,858,-7,1131,1121,-10,2025-06-23
84314,2025,6,23,1,LAX,PDX,1102,1120,18,1325,1345,20,2025-06-23
84315,2025,6,23,1,LAX,PDX,1201,1154,-7,1425,1408,-17,2025-06-23
84316,2025,6,23,1,LAX,PDX,1340,1340,0,1600,1547,-13,2025-06-23
84317,2025,6,23,1,LAX,PDX,1405,1419,14,1625,1652,27,2025-06-23
84318,2025,6,23,1,LAX,PDX,1605,1557,-8,1826,1806,-20,2025-06-23
84319,2025,6,23,1,LAX,PDX,1640,1631,-9,1859,1839,-20,2025-06-23
84320,2025,6,23,1,LAX,PDX,1807,1802,-5,2030,2020,-10,2025-06-23
84321,2025,6,23,1,LAX,PDX,2006,2001,-5,2230,2233,3,2025-06-23
84323,2025,6,23,1,LAX,PDX,2136,2140,4,2359,7,8,2025-06-23
84324,2025,6,23,1,LAX,PHL,108,104,-4,916,852,-24,2025-06-23
84325,2025,6,23,1,LAX,PHL,645,645,0,1454,1440,-14,2025-06-23
84326,2025,6,23,1,LAX,PHL,745,738,-7,1556,1529,-27,2025-06-23
84328,2025,6,23,1,LAX,PHL,1140,1237,57,1956,2033,37,2025-06-23
84329,2025,6,23,1,LAX,PHL,1442,1432,-10,2254,2236,-18,2025-06-23
84331,2025,6,23,1,LAX,PHL,2253,2318,25,705,729,24,2025-06-23
84332,2025,6,23,1,LAX,PHX,525,526,1,655,635,-20,2025-06-23
84333,2025,6,23,1,LAX,PHX,610,602,-8,739,716,-23,2025-06-23
84334,2025,6,23,1,LAX,PHX,705,745,40,830,856,26,2025-06-23
84335,2025,6,23,1,LAX,PHX,750,757,7,915,910,-5,2025-06-23
84336,2025,6,23,1,LAX,PHX,815,810,-5,951,957,6,2025-06-23
84337,2025,6,23,1,LAX,PHX,1000,1007,7,1130,1121,-9,2025-06-23
84338,2025,6,23,1,LAX,PHX,1015,1015,0,1145,1128,-17,2025-06-23
84339,2025,6,23,1,LAX,PHX,1105,1110,5,1235,1217,-18,2025-06-23
84340,2025,6,23,1,LAX,PHX,1325,1319,-6,1450,1435,-15,2025-06-23
84341,2025,6,23,1,LAX,PHX,1325,1325,0,1503,1452,-11,2025-06-23
84342,2025,6,23,1,LAX,PHX,1400,1401,1,1528,1528,0,2025-06-23
84343,2025,6,23,1,LAX,PHX,1423,1503,40,1602,1627,25,2025-06-23
84344,2025,6,23,1,LAX,PHX,1440,1523,43,1610,1631,21,2025-06-23
84345,2025,6,23,1,LAX,PHX,1632,1630,-2,1759,1752,-7,2025-06-23
84346,2025,6,23,1,LAX,PHX,1730,1725,-5,1855,1848,-7,2025-06-23
84347,2025,6,23,1,LAX,PHX,1910,1908,-2,2039,2027,-12,2025-06-23
84348,2025,6,23,1,LAX,PHX,1935,1939,4,2103,2104,1,2025-06-23
84350,2025,6,23,1,LAX,PHX,2134,2136,2,2305,2301,-4,2025-06-23
84351,2025,6,23,1,LAX,PHX,2135,2131,-4,2315,2246,-29,2025-06-23
84352,2025,6,23,1,LAX,PHX,2235,2235,0,13,23,10,2025-06-23
84353,2025,6,23,1,LAX,PIT,915,908,-7,1700,1637,-23,2025-06-23
84354,2025,6,23,1,LAX,PRC,1945,1944,-1,2111,2101,-10,2025-06-23
84355,2025,6,23,1,LAX,PSC,2125,2122,-3,2359,2349,-10,2025-06-23
84356,2025,6,23,1,LAX,RDD,1250,1245,-5,1439,1423,-16,2025-06-23
84357,2025,6,23,1,LAX,RDM,1245,1243,-2,1503,1505,2,2025-06-23
84358,2025,6,23,1,LAX,RDU,857,852,-5,1654,1633,-21,2025-06-23
84359,2025,6,23,1,LAX,RDU,1037,1035,-2,1831,1825,-6,2025-06-23
84360,2025,6,23,1,LAX,RDU,2220,2219,-1,618,607,-11,2025-06-23
84361,2025,6,23,1,LAX,RDU,2243,2236,-7,630,630,0,2025-06-23
84362,2025,6,23,1,LAX,RNO,959,950,-9,1131,1109,-22,2025-06-23
84363,2025,6,23,1,LAX,RNO,1019,1018,-1,1200,1136,-24,2025-06-23
84364,2025,6,23,1,LAX,RNO,1425,1502,37,1550,1622,32,2025-06-23
84365,2025,6,23,1,LAX,RNO,1502,1458,-4,1630,1629,-1,2025-06-23
84366,2025,6,23,1,LAX,RNO,1710,1726,16,1844,1922,38,2025-06-23
84367,2025,6,23,1,LAX,RNO,2015,2007,-8,2149,2144,-5,2025-06-23
84368,2025,6,23,1,LAX,RNO,2050,2047,-3,2217,2204,-13,2025-06-23
84369,2025,6,23,1,LAX,RNO,2216,2212,-4,2353,2337,-16,2025-06-23
84370,2025,6,23,1,LAX,SAN,820,811,-9,919,915,-4,2025-06-23
84371,2025,6,23,1,LAX,SAN,920,916,-4,1024,1029,5,2025-06-23
84372,2025,6,23,1,LAX,SAN,1428,1427,-1,1522,1537,15,2025-06-23
84373,2025,6,23,1,LAX,SAN,1800,1757,-3,1854,1849,-5,2025-06-23
84374,2025,6,23,1,LAX,SAN,1846,1850,4,1947,1954,7,2025-06-23
84375,2025,6,23,1,LAX,SAN,2159,2150,-9,2253,2306,13,2025-06-23
84376,2025,6,23,1,LAX,SAN,2245,2249,4,2346,2341,-5,2025-06-23
84377,2025,6,23,1,LAX,SAT,825,819,-6,1321,1307,-14,2025-06-23
84378,2025,6,23,1,LAX,SAT,912,910,-2,1419,1403,-16,2025-06-23
84379,2025,6,23,1,LAX,SAT,930,924,-6,1423,1418,-5,2025-06-23
84381,2025,6,23,1,LAX,SAT,1700,1658,-2,2158,2145,-13,2025-06-23
84382,2025,6,23,1,LAX,SAT,1858,1903,5,2349,2348,-1,2025-06-23
84383,2025,6,23,1,LAX,SBA,1520,1511,-9,1612,1602,-10,2025-06-23
84384,2025,6,23,1,LAX,SBA,2300,2302,2,2358,7,9,2025-06-23
84385,2025,6,23,1,LAX,SBP,1500,1449,-11,1601,1551,-10,2025-06-23
84387,2025,6,23,1,LAX,SDF,821,812,-9,1522,1511,-11,2025-06-23
84388,2025,6,23,1,LAX,SEA,600,552,-8,850,858,8,2025-06-23
84389,2025,6,23,1,LAX,SEA,700,654,-6,954,931,-23,2025-06-23
84390,2025,6,23,1,LAX,SEA,700,706,6,947,1009,22,2025-06-23
84391,2025,6,23,1,LAX,SEA,800,755,-5,1049,1048,-1,2025-06-23
84392,2025,6,23,1,LAX,SEA,833,845,12,1128,1134,6,2025-06-23
84393,2025,6,23,1,LAX,SEA,945,938,-7,1242,1224,-18,2025-06-23
84394,2025,6,23,1,LAX,SEA,950,944,-6,1235,1229,-6,2025-06-23
84395,2025,6,23,1,LAX,SEA,1110,1111,1,1401,1402,1,2025-06-23
84396,2025,6,23,1,LAX,SEA,1115,1140,25,1409,1428,19,2025-06-23
84397,2025,6,23,1,LAX,SEA,1155,1158,3,1445,1446,1,2025-06-23
84398,2025,6,23,1,LAX,SEA,1155,1208,13,1439,1550,71,2025-06-23
84399,2025,6,23,1,LAX,SEA,1410,1408,-2,1654,1655,1,2025-06-23
84401,2025,6,23,1,LAX,SEA,1715,1725,10,2000,1955,-5,2025-06-23
84402,2025,6,23,1,LAX,SEA,1743,1746,3,2035,2026,-9,2025-06-23
84403,2025,6,23,1,LAX,SEA,1815,1818,3,2100,2100,0,2025-06-23
84404,2025,6,23,1,LAX,SEA,1839,1836,-3,2134,2115,-19,2025-06-23
84405,2025,6,23,1,LAX,SEA,1907,1909,2,2158,2218,20,2025-06-23
84406,2025,6,23,1,LAX,SEA,1925,1916,-9,2210,2235,25,2025-06-23
84407,2025,6,23,1,LAX,SEA,1959,1957,-2,2257,2248,-9,2025-06-23
84408,2025,6,23,1,LAX,SEA,2010,2001,-9,2259,2306,7,2025-06-23
84409,2025,6,23,1,LAX,SEA,2115,2114,-1,2359,5,6,2025-06-23
84410,2025,6,23,1,LAX,SEA,2129,2126,-3,25,2400,-25,2025-06-23
84411,2025,6,23,1,LAX,SFO,600,558,-2,738,714,-24,2025-06-23
84412,2025,6,23,1,LAX,SFO,630,629,-1,752,743,-9,2025-06-23
84413,2025,6,23,1,LAX,SFO,630,656,26,750,802,12,2025-06-23
84414,2025,6,23,1,LAX,SFO,700,657,-3,829,817,-12,2025-06-23
84415,2025,6,23,1,LAX,SFO,700,744,44,836,855,19,2025-06-23
84416,2025,6,23,1,LAX,SFO,805,801,-4,945,915,-30,2025-06-23
84417,2025,6,23,1,LAX,SFO,835,859,24,958,1004,6,2025-06-23
84418,2025,6,23,1,LAX,SFO,910,903,-7,1045,1025,-20,2025-06-23
84419,2025,6,23,1,LAX,SFO,1000,1022,22,1120,1132,12,2025-06-23
84420,2025,6,23,1,LAX,SFO,1015,1008,-7,1140,1138,-2,2025-06-23
84421,2025,6,23,1,LAX,SFO,1026,1023,-3,1159,1149,-10,2025-06-23
84422,2025,6,23,1,LAX,SFO,1129,1126,-3,1256,1248,-8,2025-06-23
84423,2025,6,23,1,LAX,SFO,1220,1216,-4,1343,1324,-19,2025-06-23
84424,2025,6,23,1,LAX,SFO,1330,1339,9,1452,1448,-4,2025-06-23
84425,2025,6,23,1,LAX,SFO,1339,1334,-5,1507,1448,-19,2025-06-23
84426,2025,6,23,1,LAX,SFO,1422,1416,-6,1548,1527,-21,2025-06-23
84427,2025,6,23,1,LAX,SFO,1544,1543,-1,1711,1702,-9,2025-06-23
84428,2025,6,23,1,LAX,SFO,1610,1603,-7,1739,1713,-26,2025-06-23
84430,2025,6,23,1,LAX,SFO,1630,1638,8,1755,1742,-13,2025-06-23
84431,2025,6,23,1,LAX,SFO,1710,1704,-6,1840,1815,-25,2025-06-23
84432,2025,6,23,1,LAX,SFO,1740,1743,3,1902,1859,-3,2025-06-23
84433,2025,6,23,1,LAX,SFO,1808,1908,60,1943,2029,46,2025-06-23
84434,2025,6,23,1,LAX,SFO,1820,1827,7,1943,2005,22,2025-06-23
84435,2025,6,23,1,LAX,SFO,1840,1849,9,2009,2017,8,2025-06-23
84436,2025,6,23,1,LAX,SFO,1859,1855,-4,2028,2026,-2,2025-06-23
84437,2025,6,23,1,LAX,SFO,1925,1918,-7,2057,2045,-12,2025-06-23
84438,2025,6,23,1,LAX,SFO,1935,1927,-8,2058,2045,-13,2025-06-23
84439,2025,6,23,1,LAX,SFO,1955,2017,22,2125,2136,11,2025-06-23
84440,2025,6,23,1,LAX,SFO,2130,2139,9,2302,2259,-3,2025-06-23
84441,2025,6,23,1,LAX,SFO,2149,2144,-5,2312,2257,-15,2025-06-23
84442,2025,6,23,1,LAX,SFO,2225,2232,7,2352,2356,4,2025-06-23
84443,2025,6,23,1,LAX,SGF,600,559,-1,1117,1102,-15,2025-06-23
84444,2025,6,23,1,LAX,SGU,1315,1332,17,1547,1608,21,2025-06-23
84445,2025,6,23,1,LAX,SJC,605,624,19,725,724,-1,2025-06-23
84446,2025,6,23,1,LAX,SJC,705,701,-4,820,804,-16,2025-06-23
84447,2025,6,23,1,LAX,SJC,900,922,22,1020,1036,16,2025-06-23
84448,2025,6,23,1,LAX,SJC,915,909,-6,1030,1028,-2,2025-06-23
84449,2025,6,23,1,LAX,SJC,1025,1055,30,1140,1203,23,2025-06-23
84450,2025,6,23,1,LAX,SJC,1135,1227,52,1252,1342,50,2025-06-23
84451,2025,6,23,1,LAX,SJC,1325,1316,-9,1440,1426,-14,2025-06-23
84452,2025,6,23,1,LAX,SJC,1405,1429,24,1520,1529,9,2025-06-23
84453,2025,6,23,1,LAX,SJC,1545,1616,31,1700,1723,23,2025-06-23
84454,2025,6,23,1,LAX,SJC,1635,1634,-1,1750,1802,12,2025-06-23
84455,2025,6,23,1,LAX,SJC,1800,1753,-7,1915,1906,-9,2025-06-23
84456,2025,6,23,1,LAX,SJC,2120,2132,12,2245,2240,-5,2025-06-23
84457,2025,6,23,1,LAX,SJC,2128,2119,-9,2244,2237,-7,2025-06-23
84458,2025,6,23,1,LAX,SLC,600,553,-7,853,830,-23,2025-06-23
84459,2025,6,23,1,LAX,SLC,700,655,-5,955,944,-11,2025-06-23
84460,2025,6,23,1,LAX,SLC,825,819,-6,1126,1105,-21,2025-06-23
84461,2025,6,23,1,LAX,SLC,948,947,-1,1243,1221,-22,2025-06-23
84462,2025,6,23,1,LAX,SLC,1005,1025,20,1255,1256,1,2025-06-23
84463,2025,6,23,1,LAX,SLC,1111,1107,-4,1403,1344,-19,2025-06-23
84464,2025,6,23,1,LAX,SLC,1309,1301,-8,1608,1547,-21,2025-06-23
84465,2025,6,23,1,LAX,SLC,1311,1301,-10,1604,1544,-20,2025-06-23
84466,2025,6,23,1,LAX,SLC,1710,1712,2,2000,1947,-13,2025-06-23
84467,2025,6,23,1,LAX,SLC,1845,1845,0,2139,2124,-15,2025-06-23
84468,2025,6,23,1,LAX,SLC,1919,1913,-6,2206,2149,-17,2025-06-23
84469,2025,6,23,1,LAX,SMF,600,559,-1,725,709,-16,2025-06-23
84470,2025,6,23,1,LAX,SMF,755,745,-10,924,904,-20,2025-06-23
84471,2025,6,23,1,LAX,SMF,810,807,-3,940,929,-11,2025-06-23
84473,2025,6,23,1,LAX,SMF,946,936,-10,1123,1105,-18,2025-06-23
84474,2025,6,23,1,LAX,SMF,1025,1018,-7,1159,1136,-23,2025-06-23
84475,2025,6,23,1,LAX,SMF,1140,1140,0,1305,1255,-10,2025-06-23
84476,2025,6,23,1,LAX,SMF,1225,1218,-7,1354,1339,-15,2025-06-23
84477,2025,6,23,1,LAX,SMF,1620,1617,-3,1745,1727,-18,2025-06-23
84478,2025,6,23,1,LAX,SMF,1630,1628,-2,1801,1752,-9,2025-06-23
84479,2025,6,23,1,LAX,SMF,1654,1647,-7,1823,1809,-14,2025-06-23
84480,2025,6,23,1,LAX,SMF,1705,1659,-6,1837,1822,-15,2025-06-23
84481,2025,6,23,1,LAX,SMF,1815,1810,-5,1945,1938,-7,2025-06-23
84482,2025,6,23,1,LAX,SMF,1922,1954,32,2101,2128,27,2025-06-23
84483,2025,6,23,1,LAX,SMF,2030,2046,16,2155,2159,4,2025-06-23
84484,2025,6,23,1,LAX,SMF,2056,2101,5,2228,2234,6,2025-06-23
84485,2025,6,23,1,LAX,SMF,2155,2152,-3,2320,2329,9,2025-06-23
84486,2025,6,23,1,LAX,STL,510,523,13,1050,1040,-10,2025-06-23
84487,2025,6,23,1,LAX,STL,1733,1726,-7,2259,2307,8,2025-06-23
84488,2025,6,23,1,LAX,STL,1905,1916,11,40,33,-7,2025-06-23
84489,2025,6,23,1,LAX,STS,925,922,-3,1106,1055,-11,2025-06-23
84490,2025,6,23,1,LAX,STS,2206,2211,5,2344,2333,-11,2025-06-23
84492,2025,6,23,1,LAX,TPA,2210,2205,-5,544,547,3,2025-06-23
84493,2025,6,23,1,LAX,TPA,2359,2347,-12,756,733,-23,2025-06-23
84494,2025,6,23,1,LAX,TUL,745,741,-4,1243,1227,-16,2025-06-23
84495,2025,6,23,1,LAX,TUL,930,923,-7,1440,1418,-22,2025-06-23
84496,2025,6,23,1,LAX,TUS,822,812,-10,1003,950,-13,2025-06-23
84497,2025,6,23,1,LAX,TUS,935,930,-5,1110,1055,-15,2025-06-23
84498,2025,6,23,1,LAX,TUS,1240,1243,3,1410,1407,-3,2025-06-23
84500,2025,6,23,1,LAX,TUS,1458,1452,-6,1627,1616,-11,2025-06-23
84501,2025,6,23,1,LAX,TUS,1818,1809,-9,1949,1939,-10,2025-06-23
84503,2025,6,23,1,LAX,XNA,914,922,8,1438,1438,0,2025-06-23
87814,2025,6,24,2,LAX,ABQ,800,750,-10,1108,1036,-32,2025-06-24
87815,2025,6,24,2,LAX,ABQ,855,850,-5,1158,1137,-21,2025-06-24
87816,2025,6,24,2,LAX,ABQ,1459,1452,-7,1802,1748,-14,2025-06-24
87817,2025,6,24,2,LAX,ABQ,1620,1619,-1,1915,1857,-18,2025-06-24
87818,2025,6,24,2,LAX,ABQ,1849,1845,-4,2152,2132,-20,2025-06-24
87819,2025,6,24,2,LAX,ABQ,1958,1949,-9,2258,2241,-17,2025-06-24
87820,2025,6,24,2,LAX,ACV,1315,1306,-9,1513,1513,0,2025-06-24
87821,2025,6,24,2,LAX,ANC,1945,1939,-6,8,5,-3,2025-06-24
87822,2025,6,24,2,LAX,ASE,1040,1039,-1,1356,1349,-7,2025-06-24
87823,2025,6,24,2,LAX,ASE,1254,1242,-12,1605,1542,-23,2025-06-24
87824,2025,6,24,2,LAX,ASE,1445,1437,-8,1751,1733,-18,2025-06-24
87825,2025,6,24,2,LAX,ATL,55,122,27,821,847,26,2025-06-24
87826,2025,6,24,2,LAX,ATL,620,620,0,1342,1341,-1,2025-06-24
87827,2025,6,24,2,LAX,ATL,735,731,-4,1448,1458,10,2025-06-24
87828,2025,6,24,2,LAX,ATL,845,839,-6,1612,1601,-11,2025-06-24
87829,2025,6,24,2,LAX,ATL,951,1001,10,1715,1715,0,2025-06-24
87830,2025,6,24,2,LAX,ATL,953,946,-7,1719,1701,-18,2025-06-24
87831,2025,6,24,2,LAX,ATL,1115,1118,3,1834,1838,4,2025-06-24
87832,2025,6,24,2,LAX,ATL,1215,1220,5,1930,1957,27,2025-06-24
87833,2025,6,24,2,LAX,ATL,1249,1259,10,2015,2024,9,2025-06-24
87834,2025,6,24,2,LAX,ATL,1315,1314,-1,2046,2033,-13,2025-06-24
87835,2025,6,24,2,LAX,ATL,1430,1432,2,2150,2157,7,2025-06-24
87837,2025,6,24,2,LAX,ATL,2128,2139,11,507,524,17,2025-06-24
87838,2025,6,24,2,LAX,ATL,2145,2146,1,500,454,-6,2025-06-24
87839,2025,6,24,2,LAX,ATL,2245,2240,-5,600,548,-12,2025-06-24
87840,2025,6,24,2,LAX,ATL,2345,24,39,712,741,29,2025-06-24
87841,2025,6,24,2,LAX,AUS,615,609,-6,1117,1127,10,2025-06-24
87842,2025,6,24,2,LAX,AUS,635,632,-3,1135,1131,-4,2025-06-24
87843,2025,6,24,2,LAX,AUS,745,818,33,1246,1321,35,2025-06-24
87844,2025,6,24,2,LAX,AUS,925,919,-6,1451,1421,-30,2025-06-24
87846,2025,6,24,2,LAX,AUS,1205,1211,6,1710,1709,-1,2025-06-24
87847,2025,6,24,2,LAX,AUS,1614,1604,-10,2114,2049,-25,2025-06-24
87848,2025,6,24,2,LAX,AUS,1620,1611,-9,2121,2106,-15,2025-06-24
87849,2025,6,24,2,LAX,AUS,1835,1823,-12,2338,2315,-23,2025-06-24
87850,2025,6,24,2,LAX,AUS,1840,1842,2,2358,2341,-17,2025-06-24
87852,2025,6,24,2,LAX,AUS,1935,1955,20,40,45,5,2025-06-24
87853,2025,6,24,2,LAX,BNA,700,651,-9,1257,1253,-4,2025-06-24
87854,2025,6,24,2,LAX,BNA,740,740,0,1345,1343,-2,2025-06-24
87855,2025,6,24,2,LAX,BNA,1036,1027,-9,1645,1641,-4,2025-06-24
87856,2025,6,24,2,LAX,BNA,1239,1239,0,1844,1900,16,2025-06-24
87857,2025,6,24,2,LAX,BNA,1839,1823,-16,37,24,-13,2025-06-24
87858,2025,6,24,2,LAX,BNA,2250,2248,-2,500,448,-12,2025-06-24
87859,2025,6,24,2,LAX,BOI,1157,1149,-8,1503,1442,-21,2025-06-24
87860,2025,6,24,2,LAX,BOI,1245,1238,-7,1559,1553,-6,2025-06-24
87861,2025,6,24,2,LAX,BOI,1950,1942,-8,2254,2237,-17,2025-06-24
87862,2025,6,24,2,LAX,BOI,1959,1950,-9,2301,2248,-13,2025-06-24
87863,2025,6,24,2,LAX,BOS,600,546,-14,1440,1412,-28,2025-06-24
87864,2025,6,24,2,LAX,BOS,700,655,-5,1537,1524,-13,2025-06-24
87865,2025,6,24,2,LAX,BOS,830,819,-11,1719,1635,-44,2025-06-24
87866,2025,6,24,2,LAX,BOS,835,837,2,1718,1646,-32,2025-06-24
87867,2025,6,24,2,LAX,BOS,840,834,-6,1716,1650,-26,2025-06-24
87868,2025,6,24,2,LAX,BOS,1130,1130,0,2003,1951,-12,2025-06-24
87869,2025,6,24,2,LAX,BOS,1145,1141,-4,2025,1953,-32,2025-06-24
87870,2025,6,24,2,LAX,BOS,1310,1306,-4,2151,2123,-28,2025-06-24
87871,2025,6,24,2,LAX,BOS,1525,1519,-6,2355,2334,-21,2025-06-24
87872,2025,6,24,2,LAX,BOS,2024,2015,-9,500,429,-31,2025-06-24
87873,2025,6,24,2,LAX,BOS,2213,2208,-5,644,630,-14,2025-06-24
87874,2025,6,24,2,LAX,BOS,2235,2228,-7,713,650,-23,2025-06-24
87875,2025,6,24,2,LAX,BOS,2305,2336,31,741,747,6,2025-06-24
87876,2025,6,24,2,LAX,BUF,2209,2203,-6,600,532,-28,2025-06-24
87877,2025,6,24,2,LAX,BWI,600,557,-3,1405,1358,-7,2025-06-24
87878,2025,6,24,2,LAX,BWI,845,841,-4,1654,1636,-18,2025-06-24
87879,2025,6,24,2,LAX,BWI,1005,1006,1,1810,1757,-13,2025-06-24
87880,2025,6,24,2,LAX,BWI,1134,1142,8,1929,1930,1,2025-06-24
87881,2025,6,24,2,LAX,BWI,2055,2057,2,500,445,-15,2025-06-24
87882,2025,6,24,2,LAX,BWI,2359,2349,-10,807,750,-17,2025-06-24
87883,2025,6,24,2,LAX,BZN,1121,1119,-2,1450,1436,-14,2025-06-24
87884,2025,6,24,2,LAX,BZN,1800,1746,-14,2139,2110,-29,2025-06-24
87885,2025,6,24,2,LAX,CLE,1138,1133,-5,1911,1855,-16,2025-06-24
87886,2025,6,24,2,LAX,CLE,2120,2115,-5,453,441,-12,2025-06-24
87887,2025,6,24,2,LAX,CLT,605,605,0,1354,1347,-7,2025-06-24
87888,2025,6,24,2,LAX,CLT,759,757,-2,1545,1611,26,2025-06-24
87889,2025,6,24,2,LAX,CLT,911,910,-1,1700,1655,-5,2025-06-24
87890,2025,6,24,2,LAX,CLT,1154,1153,-1,1945,1937,-8,2025-06-24
87892,2025,6,24,2,LAX,CLT,2148,2140,-8,529,524,-5,2025-06-24
87893,2025,6,24,2,LAX,CLT,2249,2249,0,635,636,1,2025-06-24
87894,2025,6,24,2,LAX,CLT,2349,2342,-7,735,720,-15,2025-06-24
87895,2025,6,24,2,LAX,CMH,925,918,-7,1701,1634,-27,2025-06-24
87896,2025,6,24,2,LAX,CVG,2229,2225,-4,538,528,-10,2025-06-24
87897,2025,6,24,2,LAX,DAL,520,519,-1,1025,1017,-8,2025-06-24
87898,2025,6,24,2,LAX,DAL,750,753,3,1255,1251,-4,2025-06-24
87899,2025,6,24,2,LAX,DAL,950,1004,14,1500,1503,3,2025-06-24
87900,2025,6,24,2,LAX,DAL,1605,1609,4,2110,2104,-6,2025-06-24
87901,2025,6,24,2,LAX,DAL,1820,1842,22,2330,2329,-1,2025-06-24
87902,2025,6,24,2,LAX,DCA,759,755,-4,1600,1540,-20,2025-06-24
87903,2025,6,24,2,LAX,DCA,819,809,-10,1622,1604,-18,2025-06-24
87905,2025,6,24,2,LAX,DCA,1331,1331,0,2142,2201,19,2025-06-24
87906,2025,6,24,2,LAX,DEN,505,503,-2,824,808,-16,2025-06-24
87907,2025,6,24,2,LAX,DEN,525,526,1,850,833,-17,2025-06-24
87908,2025,6,24,2,LAX,DEN,615,618,3,948,938,-10,2025-06-24
87910,2025,6,24,2,LAX,DEN,746,739,-7,1110,1054,-16,2025-06-24
87911,2025,6,24,2,LAX,DEN,750,747,-3,1110,1047,-23,2025-06-24
87912,2025,6,24,2,LAX,DEN,804,758,-6,1133,1106,-27,2025-06-24
87913,2025,6,24,2,LAX,DEN,900,858,-2,1227,1206,-21,2025-06-24
87914,2025,6,24,2,LAX,DEN,930,928,-2,1255,1234,-21,2025-06-24
87915,2025,6,24,2,LAX,DEN,1052,1045,-7,1419,1402,-17,2025-06-24
87916,2025,6,24,2,LAX,DEN,1255,1254,-1,1623,1740,77,2025-06-24
87922,2025,6,24,2,LAX,DEN,1611,1655,44,1940,2005,25,2025-06-24
87923,2025,6,24,2,LAX,DEN,1850,1909,19,2215,2216,1,2025-06-24
87924,2025,6,24,2,LAX,DEN,1918,1912,-6,2247,2227,-20,2025-06-24
87925,2025,6,24,2,LAX,DEN,1945,1937,-8,2309,2259,-10,2025-06-24
87926,2025,6,24,2,LAX,DEN,2025,2016,-9,2348,2321,-27,2025-06-24
87927,2025,6,24,2,LAX,DFW,40,47,7,545,533,-12,2025-06-24
87928,2025,6,24,2,LAX,DFW,47,39,-8,550,539,-11,2025-06-24
87929,2025,6,24,2,LAX,DFW,130,122,-8,633,617,-16,2025-06-24
87930,2025,6,24,2,LAX,DFW,600,551,-9,1120,1045,-35,2025-06-24
87931,2025,6,24,2,LAX,DFW,600,552,-8,1103,1044,-19,2025-06-24
87932,2025,6,24,2,LAX,DFW,700,654,-6,1209,1155,-14,2025-06-24
87933,2025,6,24,2,LAX,DFW,826,836,10,1339,1331,-8,2025-06-24
87934,2025,6,24,2,LAX,DFW,835,908,33,1343,1409,26,2025-06-24
87935,2025,6,24,2,LAX,DFW,930,929,-1,1443,1434,-9,2025-06-24
87937,2025,6,24,2,LAX,DFW,1230,1230,0,1737,1751,14,2025-06-24
87938,2025,6,24,2,LAX,DFW,1348,1410,22,1859,1929,30,2025-06-24
87941,2025,6,24,2,LAX,DFW,1636,1652,16,2147,2148,1,2025-06-24
87942,2025,6,24,2,LAX,DFW,1835,1830,-5,2347,2330,-17,2025-06-24
87943,2025,6,24,2,LAX,DFW,1855,1845,-10,2356,2354,-2,2025-06-24
87944,2025,6,24,2,LAX,DFW,1903,1903,0,26,10,-16,2025-06-24
87945,2025,6,24,2,LAX,DFW,2359,21,22,506,521,15,2025-06-24
87946,2025,6,24,2,LAX,DTW,20,54,34,752,815,23,2025-06-24
87947,2025,6,24,2,LAX,DTW,530,531,1,1257,1245,-12,2025-06-24
87948,2025,6,24,2,LAX,DTW,735,731,-4,1456,1447,-9,2025-06-24
87949,2025,6,24,2,LAX,DTW,925,924,-1,1652,1701,9,2025-06-24
87950,2025,6,24,2,LAX,DTW,1114,1109,-5,1837,1852,15,2025-06-24
87951,2025,6,24,2,LAX,DTW,1209,1209,0,1931,1915,-16,2025-06-24
87952,2025,6,24,2,LAX,DTW,1536,1530,-6,2304,2235,-29,2025-06-24
87953,2025,6,24,2,LAX,DTW,2130,2136,6,452,514,22,2025-06-24
87954,2025,6,24,2,LAX,DTW,2215,2212,-3,535,536,1,2025-06-24
87955,2025,6,24,2,LAX,ELP,940,944,4,1240,1235,-5,2025-06-24
87956,2025,6,24,2,LAX,ELP,1430,1427,-3,1731,1719,-12,2025-06-24
87957,2025,6,24,2,LAX,ELP,1947,1943,-4,2247,2304,17,2025-06-24
87958,2025,6,24,2,LAX,EUG,2144,2215,31,2358,33,35,2025-06-24
87959,2025,6,24,2,LAX,EWR,600,552,-8,1434,1354,-40,2025-06-24
87960,2025,6,24,2,LAX,EWR,700,657,-3,1534,1456,-38,2025-06-24
87961,2025,6,24,2,LAX,EWR,700,705,5,1534,1510,-24,2025-06-24
87962,2025,6,24,2,LAX,EWR,810,859,49,1640,1708,28,2025-06-24
87963,2025,6,24,2,LAX,EWR,820,816,-4,1645,1613,-32,2025-06-24
87964,2025,6,24,2,LAX,EWR,1015,1007,-8,1854,1820,-34,2025-06-24
87965,2025,6,24,2,LAX,EWR,1050,1046,-4,1920,1925,5,2025-06-24
87966,2025,6,24,2,LAX,EWR,1115,1109,-6,1954,1915,-39,2025-06-24
87967,2025,6,24,2,LAX,EWR,1215,1208,-7,2054,2029,-25,2025-06-24
87968,2025,6,24,2,LAX,EWR,1330,1355,25,2152,2158,6,2025-06-24
87969,2025,6,24,2,LAX,EWR,1434,1425,-9,2255,2230,-25,2025-06-24
87970,2025,6,24,2,LAX,EWR,1630,1626,-4,57,51,-6,2025-06-24
87971,2025,6,24,2,LAX,EWR,2055,2153,58,508,604,56,2025-06-24
87972,2025,6,24,2,LAX,EWR,2126,2122,-4,559,552,-7,2025-06-24
87973,2025,6,24,2,LAX,EWR,2135,2126,-9,555,604,9,2025-06-24
87974,2025,6,24,2,LAX,EWR,2359,2356,-3,812,820,8,2025-06-24
87975,2025,6,24,2,LAX,FAT,1030,1023,-7,1148,1133,-15,2025-06-24
87976,2025,6,24,2,LAX,FAT,1910,1909,-1,2024,2011,-13,2025-06-24
87977,2025,6,24,2,LAX,FAT,2238,2243,5,2352,2343,-9,2025-06-24
87978,2025,6,24,2,LAX,FCA,922,921,-1,1321,1308,-13,2025-06-24
87979,2025,6,24,2,LAX,FLL,800,810,10,1614,1628,14,2025-06-24
87980,2025,6,24,2,LAX,FLL,1112,1114,2,1926,1919,-7,2025-06-24
87981,2025,6,24,2,LAX,FLL,1345,1342,-3,2158,2141,-17,2025-06-24
87982,2025,6,24,2,LAX,FLL,2155,2145,-10,603,545,-18,2025-06-24
87983,2025,6,24,2,LAX,FLL,2309,2317,8,705,723,18,2025-06-24
87984,2025,6,24,2,LAX,GEG,1114,1105,-9,1352,1336,-16,2025-06-24
87985,2025,6,24,2,LAX,GEG,1516,1510,-6,1747,1747,0,2025-06-24
87986,2025,6,24,2,LAX,GEG,1859,1858,-1,2133,2132,-1,2025-06-24
87987,2025,6,24,2,LAX,HNL,705,702,-3,1010,951,-19,2025-06-24
87988,2025,6,24,2,LAX,HNL,825,819,-6,1107,1107,0,2025-06-24
87989,2025,6,24,2,LAX,HNL,830,922,52,1105,1206,61,2025-06-24
87990,2025,6,24,2,LAX,HNL,835,827,-8,1117,1110,-7,2025-06-24
87991,2025,6,24,2,LAX,HNL,849,845,-4,1137,1134,-3,2025-06-24
87992,2025,6,24,2,LAX,HNL,1010,1032,22,1240,1315,35,2025-06-24
87993,2025,6,24,2,LAX,HNL,1115,1112,-3,1404,1356,-8,2025-06-24
87994,2025,6,24,2,LAX,HNL,1315,1310,-5,1601,1545,-16,2025-06-24
87995,2025,6,24,2,LAX,HNL,1335,1331,-4,1618,1627,9,2025-06-24
87996,2025,6,24,2,LAX,HNL,1444,1445,1,1728,1726,-2,2025-06-24
87997,2025,6,24,2,LAX,HNL,1710,1726,16,1944,1955,11,2025-06-24
87998,2025,6,24,2,LAX,HNL,1745,1739,-6,2030,2029,-1,2025-06-24
87999,2025,6,24,2,LAX,HNL,1810,1803,-7,2052,2057,5,2025-06-24
88000,2025,6,24,2,LAX,HNL,1820,1818,-2,2057,2102,5,2025-06-24
88001,2025,6,24,2,LAX,HNL,1825,1854,29,2115,2151,36,2025-06-24
88002,2025,6,24,2,LAX,HNL,1845,1849,4,2128,2119,-9,2025-06-24
88003,2025,6,24,2,LAX,HNL,1913,1935,22,2155,2233,38,2025-06-24
88004,2025,6,24,2,LAX,HOU,505,501,-4,1030,1019,-11,2025-06-24
88005,2025,6,24,2,LAX,HOU,1235,1259,24,1755,1812,17,2025-06-24
88006,2025,6,24,2,LAX,HOU,1530,1538,8,2055,2050,-5,2025-06-24
88007,2025,6,24,2,LAX,HOU,2350,2348,-2,515,451,-24,2025-06-24
88008,2025,6,24,2,LAX,IAD,620,612,-8,1419,1404,-15,2025-06-24
88009,2025,6,24,2,LAX,IAD,815,811,-4,1626,1622,-4,2025-06-24
88010,2025,6,24,2,LAX,IAD,820,819,-1,1625,1610,-15,2025-06-24
88011,2025,6,24,2,LAX,IAD,1015,1014,-1,1820,1817,-3,2025-06-24
88012,2025,6,24,2,LAX,IAD,1315,1337,22,2120,2132,12,2025-06-24
88013,2025,6,24,2,LAX,IAD,1645,1643,-2,44,37,-7,2025-06-24
88014,2025,6,24,2,LAX,IAD,2135,2153,18,537,545,8,2025-06-24
88015,2025,6,24,2,LAX,IAD,2250,2330,40,639,653,14,2025-06-24
88016,2025,6,24,2,LAX,IAH,56,52,-4,618,602,-16,2025-06-24
88017,2025,6,24,2,LAX,IAH,515,506,-9,1042,1035,-7,2025-06-24
88018,2025,6,24,2,LAX,IAH,715,710,-5,1244,1230,-14,2025-06-24
88019,2025,6,24,2,LAX,IAH,840,839,-1,1409,1348,-21,2025-06-24
88020,2025,6,24,2,LAX,IAH,845,837,-8,1407,1343,-24,2025-06-24
88021,2025,6,24,2,LAX,IAH,1015,1011,-4,1540,1527,-13,2025-06-24
88022,2025,6,24,2,LAX,IAH,1128,1130,2,1648,1714,26,2025-06-24
88023,2025,6,24,2,LAX,IAH,1207,1212,5,1724,1738,14,2025-06-24
88024,2025,6,24,2,LAX,IAH,1310,1307,-3,1840,1834,-6,2025-06-24
88025,2025,6,24,2,LAX,IAH,1358,1352,-6,1925,1914,-11,2025-06-24
88026,2025,6,24,2,LAX,IAH,1423,1510,47,2001,2038,37,2025-06-24
88027,2025,6,24,2,LAX,IAH,1809,1805,-4,2328,2330,2,2025-06-24
88028,2025,6,24,2,LAX,IAH,1810,1815,5,2333,2326,-7,2025-06-24
88029,2025,6,24,2,LAX,IAH,2340,2340,0,500,444,-16,2025-06-24
88030,2025,6,24,2,LAX,IND,1036,1035,-1,1747,1732,-15,2025-06-24
88031,2025,6,24,2,LAX,IND,2314,2306,-8,614,602,-12,2025-06-24
88032,2025,6,24,2,LAX,JAC,900,848,-12,1218,1146,-32,2025-06-24
88033,2025,6,24,2,LAX,JAC,1030,1024,-6,1348,1329,-19,2025-06-24
88034,2025,6,24,2,LAX,JFK,600,555,-5,1430,1402,-28,2025-06-24
88035,2025,6,24,2,LAX,JFK,700,653,-7,1535,1440,-55,2025-06-24
88036,2025,6,24,2,LAX,JFK,700,659,-1,1535,1534,-1,2025-06-24
88037,2025,6,24,2,LAX,JFK,710,701,-9,1545,1521,-24,2025-06-24
88038,2025,6,24,2,LAX,JFK,819,813,-6,1658,1625,-33,2025-06-24
88039,2025,6,24,2,LAX,JFK,905,901,-4,1757,1728,-29,2025-06-24
88040,2025,6,24,2,LAX,JFK,930,936,6,1809,1759,-10,2025-06-24
88041,2025,6,24,2,LAX,JFK,1010,1005,-5,1910,1841,-29,2025-06-24
88042,2025,6,24,2,LAX,JFK,1021,1016,-5,1859,1839,-20,2025-06-24
88044,2025,6,24,2,LAX,JFK,1110,1104,-6,1950,2001,11,2025-06-24
88045,2025,6,24,2,LAX,JFK,1130,1122,-8,2006,1944,-22,2025-06-24
88046,2025,6,24,2,LAX,JFK,1221,1246,25,2100,2103,3,2025-06-24
88047,2025,6,24,2,LAX,JFK,1230,1307,37,2107,2138,31,2025-06-24
88048,2025,6,24,2,LAX,JFK,1300,1255,-5,2145,2107,-38,2025-06-24
88049,2025,6,24,2,LAX,JFK,1310,1311,1,2152,2129,-23,2025-06-24
88050,2025,6,24,2,LAX,JFK,1420,1414,-6,2252,2238,-14,2025-06-24
88051,2025,6,24,2,LAX,JFK,1515,1509,-6,2355,2322,-33,2025-06-24
88052,2025,6,24,2,LAX,JFK,1520,1511,-9,2357,2325,-32,2025-06-24
88053,2025,6,24,2,LAX,JFK,1520,1517,-3,2354,2331,-23,2025-06-24
88054,2025,6,24,2,LAX,JFK,1620,1604,-16,55,7,-48,2025-06-24
88055,2025,6,24,2,LAX,JFK,2036,2030,-6,503,442,-21,2025-06-24
88056,2025,6,24,2,LAX,JFK,2053,2137,44,530,559,29,2025-06-24
88057,2025,6,24,2,LAX,JFK,2140,2138,-2,607,553,-14,2025-06-24
88058,2025,6,24,2,LAX,JFK,2231,2239,8,700,710,10,2025-06-24
88059,2025,6,24,2,LAX,JFK,2252,2246,-6,732,702,-30,2025-06-24
88060,2025,6,24,2,LAX,JFK,2355,2349,-6,830,801,-29,2025-06-24
88061,2025,6,24,2,LAX,JFK,2358,2353,-5,830,816,-14,2025-06-24
88062,2025,6,24,2,LAX,KOA,830,824,-6,1110,1109,-1,2025-06-24
88063,2025,6,24,2,LAX,KOA,910,906,-4,1150,1138,-12,2025-06-24
88064,2025,6,24,2,LAX,KOA,1119,1121,2,1355,1348,-7,2025-06-24
88065,2025,6,24,2,LAX,KOA,1629,1629,0,1859,1859,0,2025-06-24
88066,2025,6,24,2,LAX,KOA,1725,1719,-6,2003,1953,-10,2025-06-24
88067,2025,6,24,2,LAX,LAS,530,520,-10,642,623,-19,2025-06-24
88068,2025,6,24,2,LAX,LAS,730,718,-12,840,818,-22,2025-06-24
88069,2025,6,24,2,LAX,LAS,755,752,-3,910,851,-19,2025-06-24
88070,2025,6,24,2,LAX,LAS,826,820,-6,951,937,-14,2025-06-24
88071,2025,6,24,2,LAX,LAS,930,954,24,1045,1104,19,2025-06-24
88072,2025,6,24,2,LAX,LAS,1019,1013,-6,1131,1121,-10,2025-06-24
88073,2025,6,24,2,LAX,LAS,1140,1134,-6,1254,1238,-16,2025-06-24
88074,2025,6,24,2,LAX,LAS,1235,1240,5,1350,1340,-10,2025-06-24
88075,2025,6,24,2,LAX,LAS,1445,1444,-1,1607,1552,-15,2025-06-24
88076,2025,6,24,2,LAX,LAS,1505,1602,57,1615,1701,46,2025-06-24
88078,2025,6,24,2,LAX,LAS,1605,1650,45,1720,1808,48,2025-06-24
88079,2025,6,24,2,LAX,LAS,1755,1754,-1,1918,1903,-15,2025-06-24
88080,2025,6,24,2,LAX,LAS,1805,1801,-4,1920,1917,-3,2025-06-24
88081,2025,6,24,2,LAX,LAS,1850,1851,1,2000,2003,3,2025-06-24
88082,2025,6,24,2,LAX,LAS,1852,1844,-8,2008,1949,-19,2025-06-24
88083,2025,6,24,2,LAX,LAS,1915,1945,30,2026,2050,24,2025-06-24
88084,2025,6,24,2,LAX,LAS,1930,2016,46,2052,2138,46,2025-06-24
88086,2025,6,24,2,LAX,LAS,2035,2044,9,2155,2158,3,2025-06-24
88087,2025,6,24,2,LAX,LAS,2215,2211,-4,2327,2318,-9,2025-06-24
88088,2025,6,24,2,LAX,LAS,2218,2214,-4,2335,2321,-14,2025-06-24
88089,2025,6,24,2,LAX,LAS,2305,2258,-7,27,15,-12,2025-06-24
88090,2025,6,24,2,LAX,LIH,842,841,-1,1138,1149,11,2025-06-24
88091,2025,6,24,2,LAX,LIH,903,900,-3,1204,1202,-2,2025-06-24
88092,2025,6,24,2,LAX,LIH,930,949,19,1225,1242,17,2025-06-24
88093,2025,6,24,2,LAX,LIH,1425,1416,-9,1708,1709,1,2025-06-24
88094,2025,6,24,2,LAX,MCI,625,710,45,1135,1208,33,2025-06-24
88095,2025,6,24,2,LAX,MCI,930,928,-2,1444,1440,-4,2025-06-24
88096,2025,6,24,2,LAX,MCI,1520,1508,-12,2029,2009,-20,2025-06-24
88097,2025,6,24,2,LAX,MCI,1815,1757,-18,2327,2303,-24,2025-06-24
88098,2025,6,24,2,LAX,MCO,700,653,-7,1458,1500,2,2025-06-24
88100,2025,6,24,2,LAX,MCO,1035,1027,-8,1838,1837,-1,2025-06-24
88101,2025,6,24,2,LAX,MCO,1120,1114,-6,1914,1917,3,2025-06-24
88102,2025,6,24,2,LAX,MCO,1357,1352,-5,2210,2145,-25,2025-06-24
88103,2025,6,24,2,LAX,MCO,1605,1602,-3,2359,4,5,2025-06-24
88104,2025,6,24,2,LAX,MCO,2135,2130,-5,536,529,-7,2025-06-24
88105,2025,6,24,2,LAX,MCO,2249,2242,-7,647,634,-13,2025-06-24
88106,2025,6,24,2,LAX,MDW,515,515,0,1120,1105,-15,2025-06-24
88107,2025,6,24,2,LAX,MDW,800,754,-6,1400,1404,4,2025-06-24
88108,2025,6,24,2,LAX,MDW,1200,1204,4,1805,1745,-20,2025-06-24
88109,2025,6,24,2,LAX,MDW,1550,1556,6,2150,2138,-12,2025-06-24
88111,2025,6,24,2,LAX,MFE,830,839,9,1339,1346,7,2025-06-24
88112,2025,6,24,2,LAX,MIA,600,554,-6,1413,1357,-16,2025-06-24
88113,2025,6,24,2,LAX,MIA,745,742,-3,1554,1613,19,2025-06-24
88114,2025,6,24,2,LAX,MIA,900,939,39,1719,1756,37,2025-06-24
88116,2025,6,24,2,LAX,MIA,1210,1208,-2,2020,2012,-8,2025-06-24
88118,2025,6,24,2,LAX,MIA,2140,2225,45,550,613,23,2025-06-24
88119,2025,6,24,2,LAX,MIA,2249,2329,40,701,729,28,2025-06-24
88120,2025,6,24,2,LAX,MIA,2343,33,50,750,910,80,2025-06-24
88121,2025,6,24,2,LAX,MRY,820,815,-5,942,934,-8,2025-06-24
88122,2025,6,24,2,LAX,MRY,1823,1818,-5,1937,1938,1,2025-06-24
88123,2025,6,24,2,LAX,MSO,1131,1123,-8,1510,1456,-14,2025-06-24
88124,2025,6,24,2,LAX,MSP,50,106,16,625,639,14,2025-06-24
88125,2025,6,24,2,LAX,MSP,617,609,-8,1148,1128,-20,2025-06-24
88126,2025,6,24,2,LAX,MSP,800,755,-5,1334,1312,-22,2025-06-24
88127,2025,6,24,2,LAX,MSP,1130,1127,-3,1702,1635,-27,2025-06-24
88128,2025,6,24,2,LAX,MSP,1325,1324,-1,1855,1900,5,2025-06-24
88129,2025,6,24,2,LAX,MSP,1520,1515,-5,2049,2026,-23,2025-06-24
88130,2025,6,24,2,LAX,MSP,1850,1840,-10,20,2352,-28,2025-06-24
88131,2025,6,24,2,LAX,MSP,2330,2324,-6,504,440,-24,2025-06-24
88132,2025,6,24,2,LAX,MSY,700,649,-11,1240,1238,-2,2025-06-24
88133,2025,6,24,2,LAX,MSY,1000,1048,48,1550,1635,45,2025-06-24
88134,2025,6,24,2,LAX,MSY,1210,1202,-8,1753,1759,6,2025-06-24
88135,2025,6,24,2,LAX,MSY,1747,1741,-6,2327,2316,-11,2025-06-24
88136,2025,6,24,2,LAX,MSY,1818,1808,-10,2358,2352,-6,2025-06-24
88137,2025,6,24,2,LAX,OAK,725,720,-5,850,829,-21,2025-06-24
88138,2025,6,24,2,LAX,OAK,1050,1045,-5,1215,1157,-18,2025-06-24
88139,2025,6,24,2,LAX,OAK,1500,1455,-5,1620,1610,-10,2025-06-24
88140,2025,6,24,2,LAX,OAK,1750,1750,0,1910,1857,-13,2025-06-24
88141,2025,6,24,2,LAX,OAK,1935,2009,34,2100,2115,15,2025-06-24
88142,2025,6,24,2,LAX,OGG,700,714,14,935,1000,25,2025-06-24
88143,2025,6,24,2,LAX,OGG,800,831,31,1031,1105,34,2025-06-24
88144,2025,6,24,2,LAX,OGG,815,806,-9,1055,1036,-19,2025-06-24
88145,2025,6,24,2,LAX,OGG,902,854,-8,1147,1127,-20,2025-06-24
88146,2025,6,24,2,LAX,OGG,1655,1645,-10,1934,1920,-14,2025-06-24
88147,2025,6,24,2,LAX,OGG,1656,1647,-9,1928,1923,-5,2025-06-24
88148,2025,6,24,2,LAX,OGG,1754,1813,19,2030,2059,29,2025-06-24
88149,2025,6,24,2,LAX,OKC,900,851,-9,1400,1340,-20,2025-06-24
88150,2025,6,24,2,LAX,OKC,1732,1721,-11,2230,2215,-15,2025-06-24
88151,2025,6,24,2,LAX,OMA,1236,1229,-7,1752,1732,-20,2025-06-24
88152,2025,6,24,2,LAX,ORD,30,30,0,642,625,-17,2025-06-24
88153,2025,6,24,2,LAX,ORD,32,32,0,638,629,-9,2025-06-24
88154,2025,6,24,2,LAX,ORD,44,45,1,651,636,-15,2025-06-24
88155,2025,6,24,2,LAX,ORD,605,603,-2,1221,1201,-20,2025-06-24
88156,2025,6,24,2,LAX,ORD,620,618,-2,1242,1209,-33,2025-06-24
88157,2025,6,24,2,LAX,ORD,630,617,-13,1238,1225,-13,2025-06-24
88158,2025,6,24,2,LAX,ORD,800,759,-1,1415,1415,0,2025-06-24
88159,2025,6,24,2,LAX,ORD,815,809,-6,1439,1425,-14,2025-06-24
88160,2025,6,24,2,LAX,ORD,936,933,-3,1544,1541,-3,2025-06-24
88161,2025,6,24,2,LAX,ORD,1040,1037,-3,1656,1638,-18,2025-06-24
88162,2025,6,24,2,LAX,ORD,1105,1058,-7,1717,1748,31,2025-06-24
88163,2025,6,24,2,LAX,ORD,1145,1144,-1,1753,1749,-4,2025-06-24
88164,2025,6,24,2,LAX,ORD,1237,1235,-2,1855,1848,-7,2025-06-24
88165,2025,6,24,2,LAX,ORD,1300,1257,-3,1929,1930,1,2025-06-24
88166,2025,6,24,2,LAX,ORD,1401,1359,-2,2025,2017,-8,2025-06-24
88168,2025,6,24,2,LAX,ORD,1640,1657,17,2304,2253,-11,2025-06-24
88169,2025,6,24,2,LAX,ORD,1729,1721,-8,2335,2307,-28,2025-06-24
88170,2025,6,24,2,LAX,ORD,1738,1733,-5,2359,2339,-20,2025-06-24
88171,2025,6,24,2,LAX,ORD,2240,2253,13,451,445,-6,2025-06-24
88172,2025,6,24,2,LAX,ORD,2300,2253,-7,513,438,-35,2025-06-24
88173,2025,6,24,2,LAX,ORD,2337,2341,4,545,525,-20,2025-06-24
88174,2025,6,24,2,LAX,PDX,700,648,-12,921,854,-27,2025-06-24
88175,2025,6,24,2,LAX,PDX,700,655,-5,923,925,2,2025-06-24
88176,2025,6,24,2,LAX,PDX,845,835,-10,1110,1048,-22,2025-06-24
88177,2025,6,24,2,LAX,PDX,905,900,-5,1131,1127,-4,2025-06-24
88178,2025,6,24,2,LAX,PDX,1102,1138,36,1325,1402,37,2025-06-24
88179,2025,6,24,2,LAX,PDX,1201,1152,-9,1425,1415,-10,2025-06-24
88180,2025,6,24,2,LAX,PDX,1340,1334,-6,1600,1546,-14,2025-06-24
88181,2025,6,24,2,LAX,PDX,1405,1358,-7,1625,1629,4,2025-06-24
88182,2025,6,24,2,LAX,PDX,1605,1558,-7,1826,1836,10,2025-06-24
88183,2025,6,24,2,LAX,PDX,1640,1629,-11,1859,1846,-13,2025-06-24
88185,2025,6,24,2,LAX,PDX,2025,2021,-4,2245,2230,-15,2025-06-24
88187,2025,6,24,2,LAX,PHL,645,639,-6,1454,1449,-5,2025-06-24
88188,2025,6,24,2,LAX,PHL,745,738,-7,1556,1537,-19,2025-06-24
88189,2025,6,24,2,LAX,PHL,900,855,-5,1718,1727,9,2025-06-24
88190,2025,6,24,2,LAX,PHL,1140,1227,47,1956,2029,33,2025-06-24
88191,2025,6,24,2,LAX,PHL,1442,1435,-7,2254,2233,-21,2025-06-24
88192,2025,6,24,2,LAX,PHL,1630,1630,0,43,17,-26,2025-06-24
88193,2025,6,24,2,LAX,PHL,2253,2346,53,705,755,50,2025-06-24
88194,2025,6,24,2,LAX,PHL,2256,2348,52,700,742,42,2025-06-24
88195,2025,6,24,2,LAX,PHX,610,604,-6,739,744,5,2025-06-24
88196,2025,6,24,2,LAX,PHX,700,657,-3,840,819,-21,2025-06-24
88197,2025,6,24,2,LAX,PHX,705,656,-9,830,811,-19,2025-06-24
88198,2025,6,24,2,LAX,PHX,815,810,-5,951,924,-27,2025-06-24
88199,2025,6,24,2,LAX,PHX,840,837,-3,1015,949,-26,2025-06-24
88200,2025,6,24,2,LAX,PHX,1000,956,-4,1130,1107,-23,2025-06-24
88201,2025,6,24,2,LAX,PHX,1015,1009,-6,1145,1126,-19,2025-06-24
88202,2025,6,24,2,LAX,PHX,1050,1107,17,1225,1215,-10,2025-06-24
88203,2025,6,24,2,LAX,PHX,1325,1319,-6,1503,1446,-17,2025-06-24
88204,2025,6,24,2,LAX,PHX,1325,1322,-3,1450,1447,-3,2025-06-24
88205,2025,6,24,2,LAX,PHX,1400,1422,22,1528,1542,14,2025-06-24
88206,2025,6,24,2,LAX,PHX,1632,1626,-6,1759,1747,-12,2025-06-24
88207,2025,6,24,2,LAX,PHX,1650,1654,4,1825,1816,-9,2025-06-24
88208,2025,6,24,2,LAX,PHX,1730,1746,16,1855,1921,26,2025-06-24
88209,2025,6,24,2,LAX,PHX,1825,1852,27,1955,2003,8,2025-06-24
88210,2025,6,24,2,LAX,PHX,1910,1905,-5,2039,2025,-14,2025-06-24
88211,2025,6,24,2,LAX,PHX,1935,1926,-9,2103,2055,-8,2025-06-24
88212,2025,6,24,2,LAX,PHX,2134,2122,-12,2305,2300,-5,2025-06-24
88213,2025,6,24,2,LAX,PHX,2235,2228,-7,13,2400,-13,2025-06-24
88214,2025,6,24,2,LAX,PIT,915,915,0,1700,1647,-13,2025-06-24
88216,2025,6,24,2,LAX,PSC,2125,2112,-13,2359,2346,-13,2025-06-24
88217,2025,6,24,2,LAX,RDD,1250,1246,-4,1439,1446,7,2025-06-24
88218,2025,6,24,2,LAX,RDM,1245,1237,-8,1503,1454,-9,2025-06-24
88219,2025,6,24,2,LAX,RDU,847,844,-3,1648,1626,-22,2025-06-24
88220,2025,6,24,2,LAX,RDU,1240,1233,-7,2029,2104,35,2025-06-24
88221,2025,6,24,2,LAX,RNO,959,956,-3,1131,1117,-14,2025-06-24
88222,2025,6,24,2,LAX,RNO,1019,1009,-10,1200,1155,-5,2025-06-24
88223,2025,6,24,2,LAX,RNO,1502,1453,-9,1630,1613,-17,2025-06-24
88224,2025,6,24,2,LAX,RNO,1710,1717,7,1844,1840,-4,2025-06-24
88225,2025,6,24,2,LAX,RNO,1730,1727,-3,1855,1841,-14,2025-06-24
88226,2025,6,24,2,LAX,RNO,2050,2041,-9,2217,2201,-16,2025-06-24
88227,2025,6,24,2,LAX,RNO,2216,2215,-1,2353,2340,-13,2025-06-24
88228,2025,6,24,2,LAX,SAN,820,811,-9,919,857,-22,2025-06-24
88229,2025,6,24,2,LAX,SAN,920,917,-3,1024,1010,-14,2025-06-24
88230,2025,6,24,2,LAX,SAN,1428,1425,-3,1522,1516,-6,2025-06-24
88231,2025,6,24,2,LAX,SAN,1800,1752,-8,1854,1842,-12,2025-06-24
88232,2025,6,24,2,LAX,SAN,1846,1840,-6,1947,1941,-6,2025-06-24
88233,2025,6,24,2,LAX,SAN,2159,2246,47,2253,2346,53,2025-06-24
88234,2025,6,24,2,LAX,SAN,2245,2248,3,2346,2343,-3,2025-06-24
88235,2025,6,24,2,LAX,SAT,912,907,-5,1419,1410,-9,2025-06-24
88236,2025,6,24,2,LAX,SAT,930,929,-1,1423,1421,-2,2025-06-24
88237,2025,6,24,2,LAX,SAT,1008,1005,-3,1502,1504,2,2025-06-24
88238,2025,6,24,2,LAX,SAT,1200,1157,-3,1700,1644,-16,2025-06-24
88239,2025,6,24,2,LAX,SAT,1700,1653,-7,2158,2154,-4,2025-06-24
88240,2025,6,24,2,LAX,SAT,1858,1927,29,2349,7,18,2025-06-24
88241,2025,6,24,2,LAX,SBA,1520,1509,-11,1612,1606,-6,2025-06-24
88242,2025,6,24,2,LAX,SBA,2300,2300,0,2358,2350,-8,2025-06-24
88243,2025,6,24,2,LAX,SBP,1500,1454,-6,1601,1544,-17,2025-06-24
88244,2025,6,24,2,LAX,SBP,2232,2240,8,2336,2331,-5,2025-06-24
88245,2025,6,24,2,LAX,SDF,1134,1133,-1,1835,1834,-1,2025-06-24
88246,2025,6,24,2,LAX,SEA,700,651,-9,954,928,-26,2025-06-24
88247,2025,6,24,2,LAX,SEA,700,700,0,947,947,0,2025-06-24
88248,2025,6,24,2,LAX,SEA,800,755,-5,1049,1055,6,2025-06-24
88249,2025,6,24,2,LAX,SEA,945,948,3,1242,1240,-2,2025-06-24
88250,2025,6,24,2,LAX,SEA,950,943,-7,1235,1230,-5,2025-06-24
88251,2025,6,24,2,LAX,SEA,1110,1120,10,1401,1416,15,2025-06-24
88252,2025,6,24,2,LAX,SEA,1115,1110,-5,1409,1405,-4,2025-06-24
88253,2025,6,24,2,LAX,SEA,1155,1228,33,1445,1459,14,2025-06-24
88255,2025,6,24,2,LAX,SEA,1410,1417,7,1654,1704,10,2025-06-24
88256,2025,6,24,2,LAX,SEA,1415,1409,-6,1700,1651,-9,2025-06-24
88257,2025,6,24,2,LAX,SEA,1510,1530,20,1754,1823,29,2025-06-24
88258,2025,6,24,2,LAX,SEA,1715,1737,22,2000,2028,28,2025-06-24
88259,2025,6,24,2,LAX,SEA,1743,1748,5,2035,2043,8,2025-06-24
88260,2025,6,24,2,LAX,SEA,1815,1829,14,2100,2117,17,2025-06-24
88261,2025,6,24,2,LAX,SEA,1839,1836,-3,2134,2124,-10,2025-06-24
88262,2025,6,24,2,LAX,SEA,1907,1908,1,2158,2202,4,2025-06-24
88263,2025,6,24,2,LAX,SEA,1925,1952,27,2210,2241,31,2025-06-24
88264,2025,6,24,2,LAX,SEA,1959,1959,0,2257,2243,-14,2025-06-24
88265,2025,6,24,2,LAX,SFO,600,554,-6,738,715,-23,2025-06-24
88266,2025,6,24,2,LAX,SFO,605,600,-5,730,720,-10,2025-06-24
88267,2025,6,24,2,LAX,SFO,630,626,-4,752,744,-8,2025-06-24
88268,2025,6,24,2,LAX,SFO,700,653,-7,836,808,-28,2025-06-24
88269,2025,6,24,2,LAX,SFO,700,710,10,829,833,4,2025-06-24
88270,2025,6,24,2,LAX,SFO,805,800,-5,945,1006,21,2025-06-24
88271,2025,6,24,2,LAX,SFO,835,827,-8,958,1005,7,2025-06-24
88272,2025,6,24,2,LAX,SFO,910,905,-5,1045,1037,-8,2025-06-24
88273,2025,6,24,2,LAX,SFO,1015,1013,-2,1140,1139,-1,2025-06-24
88274,2025,6,24,2,LAX,SFO,1026,1018,-8,1159,1150,-9,2025-06-24
88275,2025,6,24,2,LAX,SFO,1129,1119,-10,1256,1247,-9,2025-06-24
88276,2025,6,24,2,LAX,SFO,1220,1240,20,1343,1406,23,2025-06-24
88277,2025,6,24,2,LAX,SFO,1310,1356,46,1435,1504,29,2025-06-24
88278,2025,6,24,2,LAX,SFO,1330,1325,-5,1452,1443,-9,2025-06-24
88279,2025,6,24,2,LAX,SFO,1339,1439,60,1507,1549,42,2025-06-24
88280,2025,6,24,2,LAX,SFO,1422,1417,-5,1548,1537,-11,2025-06-24
88282,2025,6,24,2,LAX,SFO,1627,1623,-4,1745,1733,-12,2025-06-24
88283,2025,6,24,2,LAX,SFO,1710,1712,2,1840,1825,-15,2025-06-24
88284,2025,6,24,2,LAX,SFO,1808,1804,-4,1943,1927,-16,2025-06-24
88285,2025,6,24,2,LAX,SFO,1820,1818,-2,1943,1933,-10,2025-06-24
88286,2025,6,24,2,LAX,SFO,1840,1842,2,2009,2018,9,2025-06-24
88287,2025,6,24,2,LAX,SFO,1859,1857,-2,2028,2031,3,2025-06-24
88288,2025,6,24,2,LAX,SFO,1925,1920,-5,2057,2048,-9,2025-06-24
88289,2025,6,24,2,LAX,SFO,1935,1930,-5,2058,2146,48,2025-06-24
88291,2025,6,24,2,LAX,SFO,2149,2143,-6,2312,2250,-22,2025-06-24
88292,2025,6,24,2,LAX,SFO,2225,2217,-8,2352,2,10,2025-06-24
88293,2025,6,24,2,LAX,SFO,2235,2229,-6,2357,2349,-8,2025-06-24
88295,2025,6,24,2,LAX,SJC,640,636,-4,755,738,-17,2025-06-24
88296,2025,6,24,2,LAX,SJC,705,703,-2,820,815,-5,2025-06-24
88297,2025,6,24,2,LAX,SJC,915,910,-5,1030,1016,-14,2025-06-24
88298,2025,6,24,2,LAX,SJC,1000,957,-3,1115,1102,-13,2025-06-24
88299,2025,6,24,2,LAX,SJC,1135,1122,-13,1252,1229,-23,2025-06-24
88300,2025,6,24,2,LAX,SJC,1325,1317,-8,1440,1428,-12,2025-06-24
88301,2025,6,24,2,LAX,SJC,1420,1415,-5,1535,1517,-18,2025-06-24
88302,2025,6,24,2,LAX,SJC,1545,1537,-8,1700,1659,-1,2025-06-24
88303,2025,6,24,2,LAX,SJC,1730,1737,7,1845,1841,-4,2025-06-24
88304,2025,6,24,2,LAX,SJC,1800,1755,-5,1915,1913,-2,2025-06-24
88305,2025,6,24,2,LAX,SJC,1950,2013,23,2110,2119,9,2025-06-24
88306,2025,6,24,2,LAX,SJC,2128,2119,-9,2244,2222,-22,2025-06-24
88307,2025,6,24,2,LAX,SLC,600,555,-5,853,845,-8,2025-06-24
88308,2025,6,24,2,LAX,SLC,700,649,-11,955,932,-23,2025-06-24
88309,2025,6,24,2,LAX,SLC,805,759,-6,1100,1031,-29,2025-06-24
88310,2025,6,24,2,LAX,SLC,948,939,-9,1243,1212,-31,2025-06-24
88311,2025,6,24,2,LAX,SLC,1111,1105,-6,1403,1338,-25,2025-06-24
88312,2025,6,24,2,LAX,SLC,1311,1319,8,1604,1554,-10,2025-06-24
88313,2025,6,24,2,LAX,SLC,1710,1705,-5,2000,1942,-18,2025-06-24
88314,2025,6,24,2,LAX,SLC,1845,1846,1,2139,2129,-10,2025-06-24
88316,2025,6,24,2,LAX,SMF,615,609,-6,740,732,-8,2025-06-24
88317,2025,6,24,2,LAX,SMF,755,747,-8,924,904,-20,2025-06-24
88318,2025,6,24,2,LAX,SMF,815,811,-4,952,940,-12,2025-06-24
88319,2025,6,24,2,LAX,SMF,920,927,7,1045,1040,-5,2025-06-24
88320,2025,6,24,2,LAX,SMF,946,938,-8,1123,1059,-24,2025-06-24
88321,2025,6,24,2,LAX,SMF,1025,1021,-4,1159,1144,-15,2025-06-24
88322,2025,6,24,2,LAX,SMF,1225,1217,-8,1354,1346,-8,2025-06-24
88323,2025,6,24,2,LAX,SMF,1405,1403,-2,1530,1520,-10,2025-06-24
88324,2025,6,24,2,LAX,SMF,1630,1626,-4,1801,1758,-3,2025-06-24
88325,2025,6,24,2,LAX,SMF,1654,1642,-12,1823,1816,-7,2025-06-24
88326,2025,6,24,2,LAX,SMF,1705,1659,-6,1837,1823,-14,2025-06-24
88328,2025,6,24,2,LAX,SMF,1815,1810,-5,1945,1939,-6,2025-06-24
88329,2025,6,24,2,LAX,SMF,2025,2019,-6,2150,2136,-14,2025-06-24
88330,2025,6,24,2,LAX,SMF,2056,2048,-8,2228,2215,-13,2025-06-24
88331,2025,6,24,2,LAX,SMF,2155,2216,21,2320,2347,27,2025-06-24
88332,2025,6,24,2,LAX,STL,500,508,8,1040,1036,-4,2025-06-24
88333,2025,6,24,2,LAX,STL,1733,1733,0,2259,2314,15,2025-06-24
88334,2025,6,24,2,LAX,STL,1845,1844,-1,25,11,-14,2025-06-24
88335,2025,6,24,2,LAX,STS,925,918,-7,1106,1114,8,2025-06-24
88336,2025,6,24,2,LAX,STS,2206,2157,-9,2344,2319,-25,2025-06-24
88337,2025,6,24,2,LAX,TPA,1012,1021,9,1800,1828,28,2025-06-24
88338,2025,6,24,2,LAX,TPA,2210,2227,17,544,600,16,2025-06-24
88339,2025,6,24,2,LAX,TPA,2359,2350,-9,756,754,-2,2025-06-24
88340,2025,6,24,2,LAX,TUL,930,923,-7,1440,1420,-20,2025-06-24
88341,2025,6,24,2,LAX,TUS,822,810,-12,1003,935,-28,2025-06-24
88342,2025,6,24,2,LAX,TUS,935,927,-8,1110,1051,-19,2025-06-24
88343,2025,6,24,2,LAX,TUS,1250,1246,-4,1425,1416,-9,2025-06-24
88344,2025,6,24,2,LAX,TUS,1410,1408,-2,1544,1532,-12,2025-06-24
88345,2025,6,24,2,LAX,TUS,1458,1504,6,1627,1624,-3,2025-06-24
88346,2025,6,24,2,LAX,TUS,1818,1808,-10,1949,1933,-16,2025-06-24
88347,2025,6,24,2,LAX,TUS,1900,1912,12,2033,2039,6,2025-06-24
88348,2025,6,24,2,LAX,XNA,914,907,-7,1438,1439,1,2025-06-24
91460,2025,6,25,3,LAX,ABQ,800,752,-8,1108,1039,-29,2025-06-25
91461,2025,6,25,3,LAX,ABQ,855,914,19,1158,1200,2,2025-06-25
91462,2025,6,25,3,LAX,ABQ,1459,1457,-2,1802,1753,-9,2025-06-25
91463,2025,6,25,3,LAX,ABQ,1620,1711,51,1915,1947,32,2025-06-25
91464,2025,6,25,3,LAX,ABQ,1849,1837,-12,2152,2127,-25,2025-06-25
91465,2025,6,25,3,LAX,ABQ,1958,1944,-14,2258,2257,-1,2025-06-25
91466,2025,6,25,3,LAX,ACV,1315,1311,-4,1513,1506,-7,2025-06-25
91467,2025,6,25,3,LAX,ANC,1945,1945,0,8,19,11,2025-06-25
91468,2025,6,25,3,LAX,ASE,1040,1033,-7,1356,1336,-20,2025-06-25
91469,2025,6,25,3,LAX,ASE,1254,1245,-9,1605,1543,-22,2025-06-25
91470,2025,6,25,3,LAX,ASE,1445,1441,-4,1751,1744,-7,2025-06-25
91471,2025,6,25,3,LAX,ATL,55,54,-1,821,813,-8,2025-06-25
91472,2025,6,25,3,LAX,ATL,620,615,-5,1342,1334,-8,2025-06-25
91473,2025,6,25,3,LAX,ATL,735,802,27,1448,1541,53,2025-06-25
91475,2025,6,25,3,LAX,ATL,951,1011,20,1715,1736,21,2025-06-25
91476,2025,6,25,3,LAX,ATL,953,1003,10,1719,1722,3,2025-06-25
91477,2025,6,25,3,LAX,ATL,1115,1114,-1,1834,1830,-4,2025-06-25
91478,2025,6,25,3,LAX,ATL,1215,1206,-9,1930,1929,-1,2025-06-25
91479,2025,6,25,3,LAX,ATL,1249,1241,-8,2015,2003,-12,2025-06-25
91480,2025,6,25,3,LAX,ATL,1315,1322,7,2046,2058,12,2025-06-25
91481,2025,6,25,3,LAX,ATL,1430,1434,4,2150,2205,15,2025-06-25
91482,2025,6,25,3,LAX,ATL,1735,1728,-7,54,124,30,2025-06-25
91483,2025,6,25,3,LAX,ATL,2128,2220,52,507,607,60,2025-06-25
91484,2025,6,25,3,LAX,ATL,2145,2139,-6,500,459,-1,2025-06-25
91485,2025,6,25,3,LAX,ATL,2245,2242,-3,600,557,-3,2025-06-25
91486,2025,6,25,3,LAX,ATL,2345,2356,11,712,714,2,2025-06-25
91487,2025,6,25,3,LAX,AUS,615,604,-11,1117,1058,-19,2025-06-25
91488,2025,6,25,3,LAX,AUS,635,636,1,1135,1127,-8,2025-06-25
91490,2025,6,25,3,LAX,AUS,925,925,0,1451,1432,-19,2025-06-25
91491,2025,6,25,3,LAX,AUS,1035,1025,-10,1545,1537,-8,2025-06-25
91492,2025,6,25,3,LAX,AUS,1205,1207,2,1710,1755,45,2025-06-25
91494,2025,6,25,3,LAX,AUS,1620,1614,-6,2121,2104,-17,2025-06-25
91495,2025,6,25,3,LAX,AUS,1835,1919,44,2338,8,30,2025-06-25
91496,2025,6,25,3,LAX,AUS,1840,1839,-1,2358,2343,-15,2025-06-25
91497,2025,6,25,3,LAX,AUS,1850,1944,54,2350,50,60,2025-06-25
91498,2025,6,25,3,LAX,AUS,1935,1938,3,40,28,-12,2025-06-25
91499,2025,6,25,3,LAX,BNA,700,657,-3,1257,1304,7,2025-06-25
91500,2025,6,25,3,LAX,BNA,740,740,0,1345,1341,-4,2025-06-25
91501,2025,6,25,3,LAX,BNA,929,920,-9,1532,1530,-2,2025-06-25
91502,2025,6,25,3,LAX,BNA,1036,1030,-6,1645,1635,-10,2025-06-25
91503,2025,6,25,3,LAX,BNA,1239,1239,0,1844,1851,7,2025-06-25
91504,2025,6,25,3,LAX,BNA,1839,1829,-10,37,30,-7,2025-06-25
91505,2025,6,25,3,LAX,BNA,2250,2334,44,500,523,23,2025-06-25
91506,2025,6,25,3,LAX,BOI,1157,1152,-5,1503,1445,-18,2025-06-25
91507,2025,6,25,3,LAX,BOI,1245,1239,-6,1559,1536,-23,2025-06-25
91508,2025,6,25,3,LAX,BOI,1950,1944,-6,2254,2244,-10,2025-06-25
91509,2025,6,25,3,LAX,BOI,1959,2044,45,2301,2333,32,2025-06-25
91510,2025,6,25,3,LAX,BOS,600,555,-5,1440,1427,-13,2025-06-25
91511,2025,6,25,3,LAX,BOS,640,634,-6,1515,1515,0,2025-06-25
91512,2025,6,25,3,LAX,BOS,830,822,-8,1719,1723,4,2025-06-25
91513,2025,6,25,3,LAX,BOS,835,829,-6,1718,1710,-8,2025-06-25
91514,2025,6,25,3,LAX,BOS,840,837,-3,1716,1726,10,2025-06-25
91515,2025,6,25,3,LAX,BOS,1045,1038,-7,1924,1917,-7,2025-06-25
91516,2025,6,25,3,LAX,BOS,1145,1143,-2,2025,2024,-1,2025-06-25
91517,2025,6,25,3,LAX,BOS,1310,1302,-8,2151,2130,-21,2025-06-25
91518,2025,6,25,3,LAX,BOS,1525,1525,0,2355,10,15,2025-06-25
91519,2025,6,25,3,LAX,BOS,2024,2020,-4,500,457,-3,2025-06-25
91520,2025,6,25,3,LAX,BOS,2102,2103,1,532,524,-8,2025-06-25
91521,2025,6,25,3,LAX,BOS,2213,2258,45,644,726,42,2025-06-25
91522,2025,6,25,3,LAX,BOS,2235,2237,2,713,739,26,2025-06-25
91523,2025,6,25,3,LAX,BOS,2305,2302,-3,741,733,-8,2025-06-25
91525,2025,6,25,3,LAX,BWI,600,604,4,1405,1401,-4,2025-06-25
91526,2025,6,25,3,LAX,BWI,845,841,-4,1654,1647,-7,2025-06-25
91527,2025,6,25,3,LAX,BWI,1005,1006,1,1810,1805,-5,2025-06-25
91528,2025,6,25,3,LAX,BWI,1134,1126,-8,1929,1931,2,2025-06-25
91529,2025,6,25,3,LAX,BWI,2055,2107,12,500,501,1,2025-06-25
91530,2025,6,25,3,LAX,BWI,2359,19,20,807,821,14,2025-06-25
91531,2025,6,25,3,LAX,BZN,1121,1118,-3,1450,1448,-2,2025-06-25
91532,2025,6,25,3,LAX,BZN,1800,1756,-4,2139,2122,-17,2025-06-25
91533,2025,6,25,3,LAX,CID,1515,1535,20,2050,2057,7,2025-06-25
91534,2025,6,25,3,LAX,CLE,1138,1131,-7,1911,1848,-23,2025-06-25
91535,2025,6,25,3,LAX,CLE,2120,2120,0,453,450,-3,2025-06-25
91536,2025,6,25,3,LAX,CLT,605,557,-8,1354,1354,0,2025-06-25
91537,2025,6,25,3,LAX,CLT,759,751,-8,1545,1604,19,2025-06-25
91538,2025,6,25,3,LAX,CLT,911,909,-2,1700,1717,17,2025-06-25
91539,2025,6,25,3,LAX,CLT,1154,1151,-3,1945,2101,76,2025-06-25
91542,2025,6,25,3,LAX,CLT,2249,2252,3,635,628,-7,2025-06-25
91543,2025,6,25,3,LAX,CLT,2306,2303,-3,645,648,3,2025-06-25
91544,2025,6,25,3,LAX,CLT,2349,8,19,735,748,13,2025-06-25
91545,2025,6,25,3,LAX,CMH,925,918,-7,1701,1704,3,2025-06-25
91546,2025,6,25,3,LAX,CVG,2229,2233,4,538,533,-5,2025-06-25
91547,2025,6,25,3,LAX,DAL,520,519,-1,1025,1024,-1,2025-06-25
91548,2025,6,25,3,LAX,DAL,750,806,16,1255,1301,6,2025-06-25
91549,2025,6,25,3,LAX,DAL,950,950,0,1500,1518,18,2025-06-25
91550,2025,6,25,3,LAX,DAL,1605,1652,47,2110,2201,51,2025-06-25
91553,2025,6,25,3,LAX,DCA,819,815,-4,1622,1617,-5,2025-06-25
91554,2025,6,25,3,LAX,DCA,1228,1222,-6,2029,2030,1,2025-06-25
91555,2025,6,25,3,LAX,DCA,1331,1331,0,2142,2146,4,2025-06-25
91556,2025,6,25,3,LAX,DEN,505,458,-7,824,810,-14,2025-06-25
91557,2025,6,25,3,LAX,DEN,525,524,-1,850,837,-13,2025-06-25
91558,2025,6,25,3,LAX,DEN,615,618,3,948,1000,12,2025-06-25
91559,2025,6,25,3,LAX,DEN,706,701,-5,1031,1031,0,2025-06-25
91560,2025,6,25,3,LAX,DEN,746,737,-9,1110,1110,0,2025-06-25
91561,2025,6,25,3,LAX,DEN,750,805,15,1110,1113,3,2025-06-25
91562,2025,6,25,3,LAX,DEN,804,754,-10,1133,1110,-23,2025-06-25
91563,2025,6,25,3,LAX,DEN,900,900,0,1227,1231,4,2025-06-25
91564,2025,6,25,3,LAX,DEN,930,941,11,1255,1308,13,2025-06-25
91565,2025,6,25,3,LAX,DEN,1052,1046,-6,1419,1426,7,2025-06-25
91566,2025,6,25,3,LAX,DEN,1255,1251,-4,1623,1609,-14,2025-06-25
91567,2025,6,25,3,LAX,DEN,1300,1311,11,1625,1634,9,2025-06-25
91569,2025,6,25,3,LAX,DEN,1438,1430,-8,1808,1745,-23,2025-06-25
91570,2025,6,25,3,LAX,DEN,1459,1527,28,1819,1854,35,2025-06-25
91572,2025,6,25,3,LAX,DEN,1611,1605,-6,1940,2007,27,2025-06-25
91573,2025,6,25,3,LAX,DEN,1830,1826,-4,2200,2218,18,2025-06-25
91575,2025,6,25,3,LAX,DEN,1918,1911,-7,2247,2345,58,2025-06-25
91577,2025,6,25,3,LAX,DEN,2025,2042,17,2348,3,15,2025-06-25
91578,2025,6,25,3,LAX,DFW,47,49,2,550,550,0,2025-06-25
91579,2025,6,25,3,LAX,DFW,130,127,-3,633,624,-9,2025-06-25
91580,2025,6,25,3,LAX,DFW,600,554,-6,1103,1051,-12,2025-06-25
91581,2025,6,25,3,LAX,DFW,600,609,9,1120,1118,-2,2025-06-25
91582,2025,6,25,3,LAX,DFW,700,653,-7,1209,1142,-27,2025-06-25
91583,2025,6,25,3,LAX,DFW,826,820,-6,1339,1335,-4,2025-06-25
91584,2025,6,25,3,LAX,DFW,835,830,-5,1343,1343,0,2025-06-25
91588,2025,6,25,3,LAX,DFW,1348,1414,26,1859,2042,103,2025-06-25
91589,2025,6,25,3,LAX,DFW,1433,1427,-6,1943,2023,40,2025-06-25
91591,2025,6,25,3,LAX,DFW,1636,1632,-4,2147,2155,8,2025-06-25
91593,2025,6,25,3,LAX,DFW,1855,1850,-5,2356,4,8,2025-06-25
91595,2025,6,25,3,LAX,DFW,2359,2351,-8,506,444,-22,2025-06-25
91596,2025,6,25,3,LAX,DTW,530,529,-1,1257,1242,-15,2025-06-25
91597,2025,6,25,3,LAX,DTW,735,730,-5,1456,1441,-15,2025-06-25
91598,2025,6,25,3,LAX,DTW,925,1017,52,1652,1739,47,2025-06-25
91599,2025,6,25,3,LAX,DTW,1114,1114,0,1837,1834,-3,2025-06-25
91600,2025,6,25,3,LAX,DTW,1209,1250,41,1931,2009,38,2025-06-25
91601,2025,6,25,3,LAX,DTW,1536,1602,26,2304,2336,32,2025-06-25
91602,2025,6,25,3,LAX,DTW,2130,2128,-2,452,506,14,2025-06-25
91603,2025,6,25,3,LAX,DTW,2215,2222,7,535,548,13,2025-06-25
91604,2025,6,25,3,LAX,ELP,940,935,-5,1240,1224,-16,2025-06-25
91605,2025,6,25,3,LAX,ELP,1430,1425,-5,1731,1720,-11,2025-06-25
91606,2025,6,25,3,LAX,ELP,1947,1941,-6,2247,2238,-9,2025-06-25
91607,2025,6,25,3,LAX,EUG,2144,2149,5,2358,17,19,2025-06-25
91608,2025,6,25,3,LAX,EWR,600,553,-7,1434,1403,-31,2025-06-25
91609,2025,6,25,3,LAX,EWR,700,657,-3,1534,1517,-17,2025-06-25
91610,2025,6,25,3,LAX,EWR,700,707,7,1534,1543,9,2025-06-25
91612,2025,6,25,3,LAX,EWR,820,816,-4,1645,1714,29,2025-06-25
91613,2025,6,25,3,LAX,EWR,1015,1031,16,1854,1908,14,2025-06-25
91614,2025,6,25,3,LAX,EWR,1050,1047,-3,1920,1917,-3,2025-06-25
91615,2025,6,25,3,LAX,EWR,1115,1112,-3,1954,2012,18,2025-06-25
91616,2025,6,25,3,LAX,EWR,1215,1208,-7,2054,2104,10,2025-06-25
91617,2025,6,25,3,LAX,EWR,1330,1408,38,2152,2253,61,2025-06-25
91619,2025,6,25,3,LAX,EWR,1630,1626,-4,57,59,2,2025-06-25
91621,2025,6,25,3,LAX,EWR,2126,2119,-7,559,545,-14,2025-06-25
91622,2025,6,25,3,LAX,EWR,2135,2131,-4,555,559,4,2025-06-25
91623,2025,6,25,3,LAX,EWR,2359,2355,-4,812,807,-5,2025-06-25
91624,2025,6,25,3,LAX,FAT,1030,1025,-5,1148,1139,-9,2025-06-25
91625,2025,6,25,3,LAX,FAT,1910,1858,-12,2024,2014,-10,2025-06-25
91626,2025,6,25,3,LAX,FAT,2238,2235,-3,2352,2340,-12,2025-06-25
91627,2025,6,25,3,LAX,FCA,922,916,-6,1321,1314,-7,2025-06-25
91628,2025,6,25,3,LAX,FLL,800,753,-7,1614,1625,11,2025-06-25
91629,2025,6,25,3,LAX,FLL,1112,1108,-4,1926,1911,-15,2025-06-25
91630,2025,6,25,3,LAX,FLL,1345,1405,20,2158,2204,6,2025-06-25
91632,2025,6,25,3,LAX,FLL,2309,2309,0,705,710,5,2025-06-25
91633,2025,6,25,3,LAX,GEG,1114,1109,-5,1352,1334,-18,2025-06-25
91634,2025,6,25,3,LAX,GEG,1516,1515,-1,1747,1734,-13,2025-06-25
91635,2025,6,25,3,LAX,GEG,1859,1852,-7,2133,2126,-7,2025-06-25
91636,2025,6,25,3,LAX,GRR,931,929,-2,1637,1658,21,2025-06-25
91637,2025,6,25,3,LAX,HNL,705,705,0,1010,1000,-10,2025-06-25
91638,2025,6,25,3,LAX,HNL,825,854,29,1107,1135,28,2025-06-25
91639,2025,6,25,3,LAX,HNL,830,846,16,1105,1133,28,2025-06-25
91640,2025,6,25,3,LAX,HNL,835,831,-4,1117,1116,-1,2025-06-25
91641,2025,6,25,3,LAX,HNL,849,844,-5,1137,1130,-7,2025-06-25
91642,2025,6,25,3,LAX,HNL,1010,1026,16,1240,1303,23,2025-06-25
91643,2025,6,25,3,LAX,HNL,1115,1111,-4,1404,1418,14,2025-06-25
91644,2025,6,25,3,LAX,HNL,1315,1305,-10,1601,1543,-18,2025-06-25
91645,2025,6,25,3,LAX,HNL,1335,1330,-5,1618,1625,7,2025-06-25
91646,2025,6,25,3,LAX,HNL,1444,1437,-7,1728,1725,-3,2025-06-25
91647,2025,6,25,3,LAX,HNL,1710,1702,-8,1944,1935,-9,2025-06-25
91649,2025,6,25,3,LAX,HNL,1810,1907,57,2052,2149,57,2025-06-25
91650,2025,6,25,3,LAX,HNL,1820,1839,19,2057,2124,27,2025-06-25
91651,2025,6,25,3,LAX,HNL,1825,1835,10,2115,2126,11,2025-06-25
91652,2025,6,25,3,LAX,HNL,1845,1845,0,2128,2122,-6,2025-06-25
91653,2025,6,25,3,LAX,HNL,1913,1909,-4,2155,2210,15,2025-06-25
91654,2025,6,25,3,LAX,HOU,505,504,-1,1030,1012,-18,2025-06-25
91655,2025,6,25,3,LAX,HOU,1235,1309,34,1755,1833,38,2025-06-25
91656,2025,6,25,3,LAX,HOU,1530,1535,5,2055,2054,-1,2025-06-25
91657,2025,6,25,3,LAX,HOU,2350,21,31,515,530,15,2025-06-25
91658,2025,6,25,3,LAX,IAD,620,611,-9,1423,1404,-19,2025-06-25
91661,2025,6,25,3,LAX,IAD,1015,1010,-5,1820,1838,18,2025-06-25
91662,2025,6,25,3,LAX,IAD,1315,1312,-3,2120,2127,7,2025-06-25
91663,2025,6,25,3,LAX,IAD,1645,1637,-8,44,35,-9,2025-06-25
91664,2025,6,25,3,LAX,IAD,2135,2142,7,537,537,0,2025-06-25
91665,2025,6,25,3,LAX,IAD,2250,2246,-4,639,627,-12,2025-06-25
91666,2025,6,25,3,LAX,IAH,56,47,-9,618,557,-21,2025-06-25
91667,2025,6,25,3,LAX,IAH,515,507,-8,1042,1017,-25,2025-06-25
91668,2025,6,25,3,LAX,IAH,715,713,-2,1244,1230,-14,2025-06-25
91669,2025,6,25,3,LAX,IAH,840,843,3,1409,1408,-1,2025-06-25
91670,2025,6,25,3,LAX,IAH,845,844,-1,1407,1354,-13,2025-06-25
91671,2025,6,25,3,LAX,IAH,1015,1013,-2,1540,1545,5,2025-06-25
91672,2025,6,25,3,LAX,IAH,1128,1139,11,1648,1715,27,2025-06-25
91673,2025,6,25,3,LAX,IAH,1207,1204,-3,1724,1714,-10,2025-06-25
91674,2025,6,25,3,LAX,IAH,1310,1303,-7,1840,1838,-2,2025-06-25
91675,2025,6,25,3,LAX,IAH,1358,1349,-9,1925,1915,-10,2025-06-25
91676,2025,6,25,3,LAX,IAH,1423,1436,13,2001,2006,5,2025-06-25
91677,2025,6,25,3,LAX,IAH,1809,1803,-6,2328,2308,-20,2025-06-25
91678,2025,6,25,3,LAX,IAH,1810,1803,-7,2333,2313,-20,2025-06-25
91680,2025,6,25,3,LAX,IAH,2340,2337,-3,500,436,-24,2025-06-25
91681,2025,6,25,3,LAX,IND,1036,1058,22,1747,1808,21,2025-06-25
91682,2025,6,25,3,LAX,IND,2314,2327,13,614,620,6,2025-06-25
91683,2025,6,25,3,LAX,JAC,900,852,-8,1218,1212,-6,2025-06-25
91684,2025,6,25,3,LAX,JAC,1030,1027,-3,1348,1341,-7,2025-06-25
91685,2025,6,25,3,LAX,JFK,600,555,-5,1430,1413,-17,2025-06-25
91686,2025,6,25,3,LAX,JFK,600,556,-4,1434,1422,-12,2025-06-25
91687,2025,6,25,3,LAX,JFK,700,652,-8,1535,1514,-21,2025-06-25
91688,2025,6,25,3,LAX,JFK,700,659,-1,1535,1525,-10,2025-06-25
91689,2025,6,25,3,LAX,JFK,710,708,-2,1545,1522,-23,2025-06-25
91690,2025,6,25,3,LAX,JFK,819,828,9,1658,1733,35,2025-06-25
91691,2025,6,25,3,LAX,JFK,905,919,14,1757,1817,20,2025-06-25
91692,2025,6,25,3,LAX,JFK,930,928,-2,1809,1829,20,2025-06-25
91693,2025,6,25,3,LAX,JFK,1010,1004,-6,1910,2006,56,2025-06-25
91694,2025,6,25,3,LAX,JFK,1021,1011,-10,1859,1924,25,2025-06-25
91695,2025,6,25,3,LAX,JFK,1030,1028,-2,1911,1944,33,2025-06-25
91696,2025,6,25,3,LAX,JFK,1110,1102,-8,1950,2010,20,2025-06-25
91697,2025,6,25,3,LAX,JFK,1130,1210,40,2006,2109,63,2025-06-25
91698,2025,6,25,3,LAX,JFK,1221,1220,-1,2100,2118,18,2025-06-25
91699,2025,6,25,3,LAX,JFK,1230,1229,-1,2107,2122,15,2025-06-25
91700,2025,6,25,3,LAX,JFK,1300,1252,-8,2145,2154,9,2025-06-25
91702,2025,6,25,3,LAX,JFK,1420,1453,33,2252,2344,52,2025-06-25
91703,2025,6,25,3,LAX,JFK,1515,1509,-6,2355,2346,-9,2025-06-25
91704,2025,6,25,3,LAX,JFK,1520,1512,-8,2354,1,7,2025-06-25
91705,2025,6,25,3,LAX,JFK,1520,1532,12,2357,28,31,2025-06-25
91706,2025,6,25,3,LAX,JFK,1620,1615,-5,55,39,-16,2025-06-25
91707,2025,6,25,3,LAX,JFK,2036,2030,-6,503,504,1,2025-06-25
91708,2025,6,25,3,LAX,JFK,2053,2106,13,530,527,-3,2025-06-25
91709,2025,6,25,3,LAX,JFK,2121,2116,-5,555,532,-23,2025-06-25
91710,2025,6,25,3,LAX,JFK,2140,2140,0,607,551,-16,2025-06-25
91711,2025,6,25,3,LAX,JFK,2231,2323,52,700,804,64,2025-06-25
91712,2025,6,25,3,LAX,JFK,2252,2251,-1,732,709,-23,2025-06-25
91715,2025,6,25,3,LAX,KOA,830,823,-7,1110,1114,4,2025-06-25
91716,2025,6,25,3,LAX,KOA,910,907,-3,1150,1146,-4,2025-06-25
91717,2025,6,25,3,LAX,KOA,1119,1117,-2,1355,1354,-1,2025-06-25
91718,2025,6,25,3,LAX,KOA,1629,1625,-4,1859,1858,-1,2025-06-25
91719,2025,6,25,3,LAX,KOA,1725,1723,-2,2003,1957,-6,2025-06-25
91720,2025,6,25,3,LAX,LAS,530,524,-6,642,629,-13,2025-06-25
91721,2025,6,25,3,LAX,LAS,730,722,-8,840,825,-15,2025-06-25
91722,2025,6,25,3,LAX,LAS,755,748,-7,910,848,-22,2025-06-25
91723,2025,6,25,3,LAX,LAS,826,818,-8,951,953,2,2025-06-25
91724,2025,6,25,3,LAX,LAS,930,927,-3,1045,1028,-17,2025-06-25
91725,2025,6,25,3,LAX,LAS,1019,1013,-6,1131,1118,-13,2025-06-25
91726,2025,6,25,3,LAX,LAS,1140,1211,31,1254,1314,20,2025-06-25
91727,2025,6,25,3,LAX,LAS,1235,1249,14,1350,1346,-4,2025-06-25
91728,2025,6,25,3,LAX,LAS,1445,1431,-14,1607,1543,-24,2025-06-25
91730,2025,6,25,3,LAX,LAS,1548,1604,16,1713,1709,-4,2025-06-25
91732,2025,6,25,3,LAX,LAS,1755,1747,-8,1918,1858,-20,2025-06-25
91733,2025,6,25,3,LAX,LAS,1805,1815,10,1920,1914,-6,2025-06-25
91734,2025,6,25,3,LAX,LAS,1850,1843,-7,2000,1943,-17,2025-06-25
91735,2025,6,25,3,LAX,LAS,1852,1901,9,2008,1955,-13,2025-06-25
91736,2025,6,25,3,LAX,LAS,1930,1954,24,2052,2107,15,2025-06-25
91737,2025,6,25,3,LAX,LAS,1948,2015,27,2100,2121,21,2025-06-25
91738,2025,6,25,3,LAX,LAS,2035,2030,-5,2155,2132,-23,2025-06-25
91739,2025,6,25,3,LAX,LAS,2059,2049,-10,2215,2200,-15,2025-06-25
91740,2025,6,25,3,LAX,LAS,2215,2207,-8,2327,2313,-14,2025-06-25
91741,2025,6,25,3,LAX,LAS,2218,2212,-6,2335,2316,-19,2025-06-25
91742,2025,6,25,3,LAX,LAS,2305,2254,-11,27,19,-8,2025-06-25
91743,2025,6,25,3,LAX,LIH,842,839,-3,1138,1145,7,2025-06-25
91744,2025,6,25,3,LAX,LIH,903,857,-6,1204,1204,0,2025-06-25
91745,2025,6,25,3,LAX,LIH,930,933,3,1225,1228,3,2025-06-25
91746,2025,6,25,3,LAX,LIH,1425,1420,-5,1708,1715,7,2025-06-25
91747,2025,6,25,3,LAX,LIT,630,624,-6,1154,1137,-17,2025-06-25
91748,2025,6,25,3,LAX,MCI,625,627,2,1135,1142,7,2025-06-25
91749,2025,6,25,3,LAX,MCI,930,922,-8,1444,1428,-16,2025-06-25
91750,2025,6,25,3,LAX,MCI,1520,1513,-7,2029,2019,-10,2025-06-25
91751,2025,6,25,3,LAX,MCI,1815,1808,-7,2327,2333,6,2025-06-25
91752,2025,6,25,3,LAX,MCO,700,656,-4,1458,1502,4,2025-06-25
91753,2025,6,25,3,LAX,MCO,1002,958,-4,1804,1757,-7,2025-06-25
91754,2025,6,25,3,LAX,MCO,1035,1029,-6,1838,1840,2,2025-06-25
91755,2025,6,25,3,LAX,MCO,1120,1115,-5,1914,1922,8,2025-06-25
91756,2025,6,25,3,LAX,MCO,1357,1353,-4,2210,2150,-20,2025-06-25
91757,2025,6,25,3,LAX,MCO,1605,1558,-7,2359,2355,-4,2025-06-25
91758,2025,6,25,3,LAX,MCO,2135,2140,5,536,532,-4,2025-06-25
91759,2025,6,25,3,LAX,MCO,2145,2142,-3,532,537,5,2025-06-25
91760,2025,6,25,3,LAX,MCO,2249,2247,-2,647,639,-8,2025-06-25
91761,2025,6,25,3,LAX,MDW,515,515,0,1120,1103,-17,2025-06-25
91762,2025,6,25,3,LAX,MDW,800,807,7,1400,1354,-6,2025-06-25
91763,2025,6,25,3,LAX,MDW,1200,1257,57,1805,1850,45,2025-06-25
91764,2025,6,25,3,LAX,MDW,1550,1639,49,2150,2225,35,2025-06-25
91765,2025,6,25,3,LAX,MDW,2255,2315,20,500,507,7,2025-06-25
91766,2025,6,25,3,LAX,MEM,1820,1817,-3,2358,2352,-6,2025-06-25
91767,2025,6,25,3,LAX,MIA,600,558,-2,1413,1357,-16,2025-06-25
91768,2025,6,25,3,LAX,MIA,745,740,-5,1554,1556,2,2025-06-25
91769,2025,6,25,3,LAX,MIA,900,900,0,1719,1731,12,2025-06-25
91770,2025,6,25,3,LAX,MIA,1005,1004,-1,1816,1803,-13,2025-06-25
91771,2025,6,25,3,LAX,MIA,1210,1254,44,2020,2059,39,2025-06-25
91772,2025,6,25,3,LAX,MIA,1500,1510,10,2310,2316,6,2025-06-25
91774,2025,6,25,3,LAX,MIA,2249,2249,0,701,652,-9,2025-06-25
91775,2025,6,25,3,LAX,MIA,2343,2356,13,750,754,4,2025-06-25
91776,2025,6,25,3,LAX,MRY,820,815,-5,942,947,5,2025-06-25
91778,2025,6,25,3,LAX,MSO,1131,1129,-2,1510,1457,-13,2025-06-25
91779,2025,6,25,3,LAX,MSP,617,632,15,1148,1204,16,2025-06-25
91780,2025,6,25,3,LAX,MSP,800,756,-4,1334,1311,-23,2025-06-25
91781,2025,6,25,3,LAX,MSP,1130,1127,-3,1702,1649,-13,2025-06-25
91782,2025,6,25,3,LAX,MSP,1325,1413,48,1855,1936,41,2025-06-25
91783,2025,6,25,3,LAX,MSP,1520,1511,-9,2049,2039,-10,2025-06-25
91784,2025,6,25,3,LAX,MSP,1850,1911,21,20,34,14,2025-06-25
91785,2025,6,25,3,LAX,MSP,2330,2327,-3,504,453,-11,2025-06-25
91786,2025,6,25,3,LAX,MSY,700,648,-12,1240,1232,-8,2025-06-25
91787,2025,6,25,3,LAX,MSY,1000,1012,12,1550,1551,1,2025-06-25
91788,2025,6,25,3,LAX,MSY,1210,1202,-8,1753,1752,-1,2025-06-25
91789,2025,6,25,3,LAX,MSY,1747,1754,7,2327,2333,6,2025-06-25
91790,2025,6,25,3,LAX,MSY,1818,1822,4,2358,2352,-6,2025-06-25
91791,2025,6,25,3,LAX,OAK,725,743,18,850,849,-1,2025-06-25
91792,2025,6,25,3,LAX,OAK,1050,1050,0,1215,1157,-18,2025-06-25
91793,2025,6,25,3,LAX,OAK,1500,1508,8,1620,1629,9,2025-06-25
91795,2025,6,25,3,LAX,OAK,1935,1949,14,2100,2056,-4,2025-06-25
91796,2025,6,25,3,LAX,OGG,700,700,0,935,941,6,2025-06-25
91797,2025,6,25,3,LAX,OGG,800,749,-11,1031,1038,7,2025-06-25
91798,2025,6,25,3,LAX,OGG,815,811,-4,1055,1045,-10,2025-06-25
91800,2025,6,25,3,LAX,OGG,1655,1706,11,1934,1947,13,2025-06-25
91801,2025,6,25,3,LAX,OGG,1656,1655,-1,1928,1933,5,2025-06-25
91802,2025,6,25,3,LAX,OGG,1754,1758,4,2030,2033,3,2025-06-25
91803,2025,6,25,3,LAX,OKC,900,855,-5,1400,1357,-3,2025-06-25
91804,2025,6,25,3,LAX,OKC,1732,1730,-2,2230,2239,9,2025-06-25
91805,2025,6,25,3,LAX,OMA,730,724,-6,1242,1236,-6,2025-06-25
91806,2025,6,25,3,LAX,OMA,1236,1228,-8,1752,1737,-15,2025-06-25
91807,2025,6,25,3,LAX,ORD,32,31,-1,638,623,-15,2025-06-25
91808,2025,6,25,3,LAX,ORD,44,45,1,651,628,-23,2025-06-25
91809,2025,6,25,3,LAX,ORD,545,542,-3,1157,1137,-20,2025-06-25
91810,2025,6,25,3,LAX,ORD,605,602,-3,1221,1158,-23,2025-06-25
91811,2025,6,25,3,LAX,ORD,620,614,-6,1242,1210,-32,2025-06-25
91812,2025,6,25,3,LAX,ORD,630,621,-9,1238,1221,-17,2025-06-25
91813,2025,6,25,3,LAX,ORD,800,751,-9,1415,1340,-35,2025-06-25
91814,2025,6,25,3,LAX,ORD,815,812,-3,1439,1430,-9,2025-06-25
91815,2025,6,25,3,LAX,ORD,936,937,1,1544,1542,-2,2025-06-25
91816,2025,6,25,3,LAX,ORD,1040,1037,-3,1656,1654,-2,2025-06-25
91818,2025,6,25,3,LAX,ORD,1145,1137,-8,1753,1835,42,2025-06-25
91819,2025,6,25,3,LAX,ORD,1237,1231,-6,1855,1931,36,2025-06-25
91820,2025,6,25,3,LAX,ORD,1300,1255,-5,1929,1932,3,2025-06-25
91821,2025,6,25,3,LAX,ORD,1401,1355,-6,2025,1958,-27,2025-06-25
91822,2025,6,25,3,LAX,ORD,1502,1500,-2,2108,2114,6,2025-06-25
91823,2025,6,25,3,LAX,ORD,1640,1645,5,2304,2241,-23,2025-06-25
91824,2025,6,25,3,LAX,ORD,1729,1722,-7,2335,8,33,2025-06-25
91825,2025,6,25,3,LAX,ORD,1738,1732,-6,2359,2337,-22,2025-06-25
91826,2025,6,25,3,LAX,ORD,2240,2256,16,451,449,-2,2025-06-25
91827,2025,6,25,3,LAX,ORD,2300,2259,-1,513,514,1,2025-06-25
91828,2025,6,25,3,LAX,ORD,2337,4,27,545,609,24,2025-06-25
91829,2025,6,25,3,LAX,PDX,700,650,-10,921,908,-13,2025-06-25
91830,2025,6,25,3,LAX,PDX,700,651,-9,923,920,-3,2025-06-25
91831,2025,6,25,3,LAX,PDX,845,837,-8,1110,1048,-22,2025-06-25
91832,2025,6,25,3,LAX,PDX,905,859,-6,1131,1145,14,2025-06-25
91833,2025,6,25,3,LAX,PDX,1102,1058,-4,1325,1319,-6,2025-06-25
91834,2025,6,25,3,LAX,PDX,1201,1158,-3,1425,1433,8,2025-06-25
91835,2025,6,25,3,LAX,PDX,1340,1328,-12,1600,1538,-22,2025-06-25
91836,2025,6,25,3,LAX,PDX,1405,1410,5,1625,1627,2,2025-06-25
91837,2025,6,25,3,LAX,PDX,1605,1606,1,1826,1825,-1,2025-06-25
91838,2025,6,25,3,LAX,PDX,1640,1629,-11,1859,1835,-24,2025-06-25
91839,2025,6,25,3,LAX,PDX,1807,1759,-8,2030,2016,-14,2025-06-25
91840,2025,6,25,3,LAX,PDX,2006,1958,-8,2230,2217,-13,2025-06-25
91841,2025,6,25,3,LAX,PDX,2025,2020,-5,2245,2229,-16,2025-06-25
91842,2025,6,25,3,LAX,PHL,108,106,-2,916,909,-7,2025-06-25
91843,2025,6,25,3,LAX,PHL,645,641,-4,1454,1446,-8,2025-06-25
91844,2025,6,25,3,LAX,PHL,745,743,-2,1556,1545,-11,2025-06-25
91845,2025,6,25,3,LAX,PHL,900,907,7,1718,1720,2,2025-06-25
91846,2025,6,25,3,LAX,PHL,1140,1140,0,1956,1953,-3,2025-06-25
91847,2025,6,25,3,LAX,PHL,1442,1439,-3,2254,2248,-6,2025-06-25
91849,2025,6,25,3,LAX,PHL,2235,2307,32,658,737,39,2025-06-25
91850,2025,6,25,3,LAX,PHL,2253,2251,-2,705,649,-16,2025-06-25
91851,2025,6,25,3,LAX,PHX,610,601,-9,739,718,-21,2025-06-25
91852,2025,6,25,3,LAX,PHX,700,657,-3,840,817,-23,2025-06-25
91853,2025,6,25,3,LAX,PHX,705,656,-9,830,809,-21,2025-06-25
91854,2025,6,25,3,LAX,PHX,815,813,-2,951,939,-12,2025-06-25
91855,2025,6,25,3,LAX,PHX,840,856,16,1015,1011,-4,2025-06-25
91856,2025,6,25,3,LAX,PHX,1000,1011,11,1130,1126,-4,2025-06-25
91857,2025,6,25,3,LAX,PHX,1015,1012,-3,1145,1129,-16,2025-06-25
91858,2025,6,25,3,LAX,PHX,1050,1050,0,1225,1158,-27,2025-06-25
91859,2025,6,25,3,LAX,PHX,1325,1316,-9,1503,1441,-22,2025-06-25
91860,2025,6,25,3,LAX,PHX,1325,1319,-6,1450,1439,-11,2025-06-25
91861,2025,6,25,3,LAX,PHX,1400,1352,-8,1528,1512,-16,2025-06-25
91862,2025,6,25,3,LAX,PHX,1632,1629,-3,1759,1750,-9,2025-06-25
91863,2025,6,25,3,LAX,PHX,1650,1657,7,1825,1817,-8,2025-06-25
91864,2025,6,25,3,LAX,PHX,1730,1720,-10,1855,1852,-3,2025-06-25
91865,2025,6,25,3,LAX,PHX,1825,1827,2,1955,1943,-12,2025-06-25
91866,2025,6,25,3,LAX,PHX,1910,1906,-4,2039,2026,-13,2025-06-25
91867,2025,6,25,3,LAX,PHX,1935,2025,50,2103,2155,52,2025-06-25
91868,2025,6,25,3,LAX,PHX,2134,2131,-3,2305,2250,-15,2025-06-25
91869,2025,6,25,3,LAX,PHX,2235,2229,-6,13,2355,-18,2025-06-25
91870,2025,6,25,3,LAX,PIT,915,908,-7,1700,1709,9,2025-06-25
91871,2025,6,25,3,LAX,PRC,1945,1945,0,2111,2125,14,2025-06-25
91872,2025,6,25,3,LAX,PSC,2125,2120,-5,2359,3,4,2025-06-25
91873,2025,6,25,3,LAX,RDD,1250,1240,-10,1439,1418,-21,2025-06-25
91875,2025,6,25,3,LAX,RDU,857,854,-3,1654,1737,43,2025-06-25
91876,2025,6,25,3,LAX,RDU,1240,1231,-9,2029,2032,3,2025-06-25
91877,2025,6,25,3,LAX,RNO,959,949,-10,1131,1117,-14,2025-06-25
91878,2025,6,25,3,LAX,RNO,1019,1015,-4,1200,1148,-12,2025-06-25
91879,2025,6,25,3,LAX,RNO,1502,1456,-6,1630,1607,-23,2025-06-25
91880,2025,6,25,3,LAX,RNO,1710,1704,-6,1844,1827,-17,2025-06-25
91881,2025,6,25,3,LAX,RNO,1730,1810,40,1855,1918,23,2025-06-25
91882,2025,6,25,3,LAX,RNO,2050,2043,-7,2217,2204,-13,2025-06-25
91883,2025,6,25,3,LAX,RNO,2216,2206,-10,2353,2340,-13,2025-06-25
91884,2025,6,25,3,LAX,SAN,820,810,-10,919,904,-15,2025-06-25
91885,2025,6,25,3,LAX,SAN,920,918,-2,1024,1021,-3,2025-06-25
91886,2025,6,25,3,LAX,SAN,1428,1441,13,1522,1545,23,2025-06-25
91887,2025,6,25,3,LAX,SAN,1800,1753,-7,1854,1938,44,2025-06-25
91888,2025,6,25,3,LAX,SAN,1846,1843,-3,1947,1946,-1,2025-06-25
91889,2025,6,25,3,LAX,SAN,2159,2151,-8,2253,2303,10,2025-06-25
91890,2025,6,25,3,LAX,SAN,2245,2242,-3,2346,2339,-7,2025-06-25
91891,2025,6,25,3,LAX,SAT,912,903,-9,1419,1419,0,2025-06-25
91892,2025,6,25,3,LAX,SAT,930,923,-7,1423,1411,-12,2025-06-25
91893,2025,6,25,3,LAX,SAT,1008,959,-9,1502,1443,-19,2025-06-25
91894,2025,6,25,3,LAX,SAT,1200,1208,8,1700,1700,0,2025-06-25
91895,2025,6,25,3,LAX,SAT,1700,1652,-8,2158,2150,-8,2025-06-25
91896,2025,6,25,3,LAX,SAT,1858,1842,-16,2349,2328,-21,2025-06-25
91897,2025,6,25,3,LAX,SBA,1520,1510,-10,1612,1559,-13,2025-06-25
91899,2025,6,25,3,LAX,SBP,1500,1452,-8,1601,1538,-23,2025-06-25
91900,2025,6,25,3,LAX,SBP,2232,2232,0,2336,2329,-7,2025-06-25
91901,2025,6,25,3,LAX,SEA,700,655,-5,947,950,3,2025-06-25
91902,2025,6,25,3,LAX,SEA,700,741,41,954,1023,29,2025-06-25
91903,2025,6,25,3,LAX,SEA,800,756,-4,1049,1102,13,2025-06-25
91904,2025,6,25,3,LAX,SEA,945,944,-1,1242,1220,-22,2025-06-25
91905,2025,6,25,3,LAX,SEA,950,947,-3,1235,1229,-6,2025-06-25
91906,2025,6,25,3,LAX,SEA,1110,1103,-7,1401,1355,-6,2025-06-25
91907,2025,6,25,3,LAX,SEA,1115,1106,-9,1409,1404,-5,2025-06-25
91908,2025,6,25,3,LAX,SEA,1155,1151,-4,1445,1424,-21,2025-06-25
91909,2025,6,25,3,LAX,SEA,1155,1155,0,1439,1439,0,2025-06-25
91910,2025,6,25,3,LAX,SEA,1410,1448,38,1654,1735,41,2025-06-25
91911,2025,6,25,3,LAX,SEA,1415,1411,-4,1700,1642,-18,2025-06-25
91912,2025,6,25,3,LAX,SEA,1715,1759,44,2000,2038,38,2025-06-25
91913,2025,6,25,3,LAX,SEA,1743,1744,1,2035,2015,-20,2025-06-25
91914,2025,6,25,3,LAX,SEA,1815,1808,-7,2100,2050,-10,2025-06-25
91915,2025,6,25,3,LAX,SEA,1839,1837,-2,2134,2126,-8,2025-06-25
91916,2025,6,25,3,LAX,SEA,1907,1902,-5,2158,2151,-7,2025-06-25
91917,2025,6,25,3,LAX,SEA,1925,1919,-6,2210,2212,2,2025-06-25
91918,2025,6,25,3,LAX,SEA,1959,1950,-9,2257,2231,-26,2025-06-25
91919,2025,6,25,3,LAX,SEA,2115,2115,0,2359,2351,-8,2025-06-25
91920,2025,6,25,3,LAX,SFO,600,553,-7,738,710,-28,2025-06-25
91921,2025,6,25,3,LAX,SFO,605,559,-6,730,716,-14,2025-06-25
91923,2025,6,25,3,LAX,SFO,700,652,-8,836,845,9,2025-06-25
91924,2025,6,25,3,LAX,SFO,805,800,-5,945,922,-23,2025-06-25
91925,2025,6,25,3,LAX,SFO,835,826,-9,958,957,-1,2025-06-25
91926,2025,6,25,3,LAX,SFO,910,902,-8,1045,1047,2,2025-06-25
91927,2025,6,25,3,LAX,SFO,1015,1107,52,1140,1236,56,2025-06-25
91928,2025,6,25,3,LAX,SFO,1026,1017,-9,1159,1148,-11,2025-06-25
91929,2025,6,25,3,LAX,SFO,1129,1140,11,1256,1256,0,2025-06-25
91930,2025,6,25,3,LAX,SFO,1220,1213,-7,1343,1330,-13,2025-06-25
91931,2025,6,25,3,LAX,SFO,1310,1330,20,1435,1437,2,2025-06-25
91932,2025,6,25,3,LAX,SFO,1330,1323,-7,1452,1449,-3,2025-06-25
91933,2025,6,25,3,LAX,SFO,1339,1337,-2,1507,1511,4,2025-06-25
91934,2025,6,25,3,LAX,SFO,1422,1420,-2,1548,1538,-10,2025-06-25
91935,2025,6,25,3,LAX,SFO,1610,1604,-6,1739,1712,-27,2025-06-25
91936,2025,6,25,3,LAX,SFO,1627,1621,-6,1745,1725,-20,2025-06-25
91937,2025,6,25,3,LAX,SFO,1710,1704,-6,1840,1824,-16,2025-06-25
91938,2025,6,25,3,LAX,SFO,1808,1815,7,1943,1948,5,2025-06-25
91939,2025,6,25,3,LAX,SFO,1820,1815,-5,1943,1933,-10,2025-06-25
91940,2025,6,25,3,LAX,SFO,1840,1851,11,2009,2007,-2,2025-06-25
91942,2025,6,25,3,LAX,SFO,1925,2023,58,2057,2142,45,2025-06-25
91943,2025,6,25,3,LAX,SFO,1935,1950,15,2058,2123,25,2025-06-25
91945,2025,6,25,3,LAX,SFO,2130,2129,-1,2302,2301,-1,2025-06-25
91946,2025,6,25,3,LAX,SFO,2149,2217,28,2312,2331,19,2025-06-25
91947,2025,6,25,3,LAX,SFO,2225,2233,8,2352,2347,-5,2025-06-25
91949,2025,6,25,3,LAX,SJC,640,634,-6,755,732,-23,2025-06-25
91950,2025,6,25,3,LAX,SJC,705,701,-4,820,823,3,2025-06-25
91951,2025,6,25,3,LAX,SJC,915,910,-5,1030,1011,-19,2025-06-25
91952,2025,6,25,3,LAX,SJC,1000,1027,27,1115,1137,22,2025-06-25
91953,2025,6,25,3,LAX,SJC,1135,1132,-3,1252,1236,-16,2025-06-25
91954,2025,6,25,3,LAX,SJC,1325,1317,-8,1440,1432,-8,2025-06-25
91955,2025,6,25,3,LAX,SJC,1420,1421,1,1535,1528,-7,2025-06-25
91956,2025,6,25,3,LAX,SJC,1545,1535,-10,1700,1637,-23,2025-06-25
91957,2025,6,25,3,LAX,SJC,1730,1747,17,1845,1851,6,2025-06-25
91958,2025,6,25,3,LAX,SJC,1800,1751,-9,1915,1858,-17,2025-06-25
91959,2025,6,25,3,LAX,SJC,1950,1945,-5,2110,2047,-23,2025-06-25
91961,2025,6,25,3,LAX,SLC,600,554,-6,853,836,-17,2025-06-25
91962,2025,6,25,3,LAX,SLC,700,653,-7,955,1001,6,2025-06-25
91963,2025,6,25,3,LAX,SLC,805,800,-5,1100,1045,-15,2025-06-25
91964,2025,6,25,3,LAX,SLC,948,949,1,1243,1230,-13,2025-06-25
91965,2025,6,25,3,LAX,SLC,1111,1106,-5,1403,1342,-21,2025-06-25
91966,2025,6,25,3,LAX,SLC,1311,1307,-4,1604,1549,-15,2025-06-25
91967,2025,6,25,3,LAX,SLC,1710,1701,-9,2000,2006,6,2025-06-25
91968,2025,6,25,3,LAX,SLC,1845,1839,-6,2139,2127,-12,2025-06-25
91969,2025,6,25,3,LAX,SLC,1919,1916,-3,2206,2159,-7,2025-06-25
91970,2025,6,25,3,LAX,SMF,615,610,-5,740,725,-15,2025-06-25
91971,2025,6,25,3,LAX,SMF,755,744,-11,924,903,-21,2025-06-25
91972,2025,6,25,3,LAX,SMF,815,812,-3,952,946,-6,2025-06-25
91973,2025,6,25,3,LAX,SMF,920,912,-8,1045,1028,-17,2025-06-25
91974,2025,6,25,3,LAX,SMF,946,937,-9,1123,1058,-25,2025-06-25
91975,2025,6,25,3,LAX,SMF,1025,1018,-7,1159,1151,-8,2025-06-25
91976,2025,6,25,3,LAX,SMF,1225,1216,-9,1354,1338,-16,2025-06-25
91977,2025,6,25,3,LAX,SMF,1405,1417,12,1530,1533,3,2025-06-25
91978,2025,6,25,3,LAX,SMF,1630,1626,-4,1801,1754,-7,2025-06-25
91979,2025,6,25,3,LAX,SMF,1654,1648,-6,1823,1810,-13,2025-06-25
91980,2025,6,25,3,LAX,SMF,1705,1659,-6,1837,1825,-12,2025-06-25
91981,2025,6,25,3,LAX,SMF,1725,1744,19,1850,1903,13,2025-06-25
91982,2025,6,25,3,LAX,SMF,1815,1806,-9,1945,1929,-16,2025-06-25
91983,2025,6,25,3,LAX,SMF,1922,1937,15,2101,2121,20,2025-06-25
91984,2025,6,25,3,LAX,SMF,2025,2051,26,2150,2216,26,2025-06-25
91985,2025,6,25,3,LAX,SMF,2056,2050,-6,2228,2218,-10,2025-06-25
91986,2025,6,25,3,LAX,SMF,2155,2218,23,2320,2337,17,2025-06-25
91987,2025,6,25,3,LAX,STL,500,459,-1,1040,1027,-13,2025-06-25
91988,2025,6,25,3,LAX,STL,1733,1725,-8,2259,2304,5,2025-06-25
91990,2025,6,25,3,LAX,STS,925,918,-7,1106,1112,6,2025-06-25
91991,2025,6,25,3,LAX,STS,2206,2200,-6,2344,2324,-20,2025-06-25
91992,2025,6,25,3,LAX,SUN,830,830,0,1143,1157,14,2025-06-25
91993,2025,6,25,3,LAX,TPA,1012,1009,-3,1800,1804,4,2025-06-25
91994,2025,6,25,3,LAX,TPA,2210,2200,-10,544,535,-9,2025-06-25
91995,2025,6,25,3,LAX,TPA,2359,2349,-10,756,738,-18,2025-06-25
91996,2025,6,25,3,LAX,TUL,930,919,-11,1440,1417,-23,2025-06-25
91997,2025,6,25,3,LAX,TUS,822,812,-10,1003,938,-25,2025-06-25
91998,2025,6,25,3,LAX,TUS,935,923,-12,1110,1051,-19,2025-06-25
91999,2025,6,25,3,LAX,TUS,1250,1244,-6,1425,1400,-25,2025-06-25
92000,2025,6,25,3,LAX,TUS,1410,1406,-4,1544,1541,-3,2025-06-25
92001,2025,6,25,3,LAX,TUS,1458,1448,-10,1627,1621,-6,2025-06-25
92002,2025,6,25,3,LAX,TUS,1818,1813,-5,1949,1947,-2,2025-06-25
92003,2025,6,25,3,LAX,TUS,1900,1852,-8,2033,2014,-19,2025-06-25
92004,2025,6,25,3,LAX,XNA,914,906,-8,1438,1449,11,2025-06-25
92005,2025,6,25,3,LAX,XNA,1545,1626,41,2055,2138,43,2025-06-25
95230,2025,6,26,4,LAX,ABQ,800,805,5,1108,1055,-13,2025-06-26
95231,2025,6,26,4,LAX,ABQ,855,845,-10,1158,1139,-19,2025-06-26
95232,2025,6,26,4,LAX,ABQ,1120,1124,4,1415,1420,5,2025-06-26
95233,2025,6,26,4,LAX,ABQ,1459,1456,-3,1802,1748,-14,2025-06-26
95234,2025,6,26,4,LAX,ABQ,1849,1841,-8,2152,2135,-17,2025-06-26
95235,2025,6,26,4,LAX,ABQ,1958,1944,-14,2258,2257,-1,2025-06-26
95236,2025,6,26,4,LAX,ACV,1310,1327,17,1508,1512,4,2025-06-26
95237,2025,6,26,4,LAX,ANC,1945,1944,-1,8,3,-5,2025-06-26
95238,2025,6,26,4,LAX,ASE,1040,1038,-2,1356,1355,-1,2025-06-26
95239,2025,6,26,4,LAX,ASE,1254,1300,6,1605,1627,22,2025-06-26
95240,2025,6,26,4,LAX,ASE,1445,1525,40,1751,1832,41,2025-06-26
95241,2025,6,26,4,LAX,ASE,1655,1659,4,2006,2007,1,2025-06-26
95242,2025,6,26,4,LAX,ATL,55,121,26,821,842,21,2025-06-26
95243,2025,6,26,4,LAX,ATL,620,613,-7,1342,1326,-16,2025-06-26
95244,2025,6,26,4,LAX,ATL,735,729,-6,1448,1452,4,2025-06-26
95245,2025,6,26,4,LAX,ATL,845,837,-8,1607,1555,-12,2025-06-26
95246,2025,6,26,4,LAX,ATL,951,955,4,1715,1725,10,2025-06-26
95247,2025,6,26,4,LAX,ATL,953,951,-2,1719,1708,-11,2025-06-26
95248,2025,6,26,4,LAX,ATL,1115,1113,-2,1834,1929,55,2025-06-26
95249,2025,6,26,4,LAX,ATL,1215,1250,35,1930,2029,59,2025-06-26
95250,2025,6,26,4,LAX,ATL,1249,1252,3,2015,2020,5,2025-06-26
95252,2025,6,26,4,LAX,ATL,1315,1311,-4,2046,2108,22,2025-06-26
95253,2025,6,26,4,LAX,ATL,1430,1426,-4,2150,2153,3,2025-06-26
95254,2025,6,26,4,LAX,ATL,1735,1725,-10,54,47,-7,2025-06-26
95256,2025,6,26,4,LAX,ATL,2145,2139,-6,500,454,-6,2025-06-26
95258,2025,6,26,4,LAX,ATL,2345,16,31,712,731,19,2025-06-26
95260,2025,6,26,4,LAX,AUS,500,456,-4,1000,943,-17,2025-06-26
95261,2025,6,26,4,LAX,AUS,615,607,-8,1117,1102,-15,2025-06-26
95262,2025,6,26,4,LAX,AUS,745,745,0,1246,1239,-7,2025-06-26
95263,2025,6,26,4,LAX,AUS,835,828,-7,1324,1349,25,2025-06-26
95264,2025,6,26,4,LAX,AUS,922,919,-3,1449,1436,-13,2025-06-26
95265,2025,6,26,4,LAX,AUS,1035,1034,-1,1545,1614,29,2025-06-26
95266,2025,6,26,4,LAX,AUS,1115,1123,8,1620,1646,26,2025-06-26
95268,2025,6,26,4,LAX,AUS,1620,1720,60,2121,2343,142,2025-06-26
95269,2025,6,26,4,LAX,AUS,1835,1837,2,2338,2336,-2,2025-06-26
95270,2025,6,26,4,LAX,AUS,1850,1843,-7,2350,38,48,2025-06-26
95271,2025,6,26,4,LAX,AUS,1851,1851,0,2359,2354,-5,2025-06-26
95272,2025,6,26,4,LAX,AUS,1855,1852,-3,2355,2344,-11,2025-06-26
95273,2025,6,26,4,LAX,BLI,1850,1903,13,2132,2157,25,2025-06-26
95274,2025,6,26,4,LAX,BNA,700,652,-8,1257,1251,-6,2025-06-26
95275,2025,6,26,4,LAX,BNA,710,755,45,1325,1351,26,2025-06-26
95277,2025,6,26,4,LAX,BNA,1239,1245,6,1844,1902,18,2025-06-26
95278,2025,6,26,4,LAX,BNA,1839,1834,-5,37,22,-15,2025-06-26
95279,2025,6,26,4,LAX,BNA,2250,2250,0,500,429,-31,2025-06-26
95280,2025,6,26,4,LAX,BOI,1157,1203,6,1503,1503,0,2025-06-26
95281,2025,6,26,4,LAX,BOI,1242,1243,1,1557,1547,-10,2025-06-26
95282,2025,6,26,4,LAX,BOI,1950,1947,-3,2254,2250,-4,2025-06-26
95283,2025,6,26,4,LAX,BOI,1959,1949,-10,2301,2239,-22,2025-06-26
95284,2025,6,26,4,LAX,BOS,600,551,-9,1440,1428,-12,2025-06-26
95285,2025,6,26,4,LAX,BOS,640,632,-8,1515,1506,-9,2025-06-26
95286,2025,6,26,4,LAX,BOS,830,847,17,1719,1722,3,2025-06-26
95287,2025,6,26,4,LAX,BOS,835,833,-2,1718,1725,7,2025-06-26
95288,2025,6,26,4,LAX,BOS,840,841,1,1716,1719,3,2025-06-26
95289,2025,6,26,4,LAX,BOS,1045,1122,37,1924,2009,45,2025-06-26
95290,2025,6,26,4,LAX,BOS,1145,1146,1,2025,2131,66,2025-06-26
95291,2025,6,26,4,LAX,BOS,1310,1306,-4,2151,2147,-4,2025-06-26
95292,2025,6,26,4,LAX,BOS,1525,1519,-6,2355,2354,-1,2025-06-26
95293,2025,6,26,4,LAX,BOS,2024,2013,-11,500,438,-22,2025-06-26
95294,2025,6,26,4,LAX,BOS,2102,2057,-5,532,542,10,2025-06-26
95295,2025,6,26,4,LAX,BOS,2213,2216,3,644,641,-3,2025-06-26
95296,2025,6,26,4,LAX,BOS,2255,2301,6,733,746,13,2025-06-26
95297,2025,6,26,4,LAX,BOS,2305,2346,41,741,821,40,2025-06-26
95298,2025,6,26,4,LAX,BUF,2209,2204,-5,600,545,-15,2025-06-26
95299,2025,6,26,4,LAX,BWI,530,538,8,1335,1331,-4,2025-06-26
95300,2025,6,26,4,LAX,BWI,845,837,-8,1654,1635,-19,2025-06-26
95301,2025,6,26,4,LAX,BWI,1005,1021,16,1810,1823,13,2025-06-26
95302,2025,6,26,4,LAX,BWI,1134,1135,1,1929,1930,1,2025-06-26
95303,2025,6,26,4,LAX,BWI,2055,2109,14,500,453,-7,2025-06-26
95304,2025,6,26,4,LAX,BWI,2359,2353,-6,807,753,-14,2025-06-26
95306,2025,6,26,4,LAX,BZN,1918,1909,-9,2259,2236,-23,2025-06-26
95307,2025,6,26,4,LAX,CLE,1055,1051,-4,1828,1834,6,2025-06-26
95308,2025,6,26,4,LAX,CLE,2120,2118,-2,453,443,-10,2025-06-26
95309,2025,6,26,4,LAX,CLT,605,603,-2,1354,1353,-1,2025-06-26
95310,2025,6,26,4,LAX,CLT,759,756,-3,1545,1542,-3,2025-06-26
95313,2025,6,26,4,LAX,CLT,1402,1402,0,2155,2153,-2,2025-06-26
95314,2025,6,26,4,LAX,CLT,2148,2146,-2,529,518,-11,2025-06-26
95315,2025,6,26,4,LAX,CLT,2249,2335,46,635,715,40,2025-06-26
95316,2025,6,26,4,LAX,CLT,2349,2351,2,735,729,-6,2025-06-26
95317,2025,6,26,4,LAX,CMH,925,923,-2,1701,1652,-9,2025-06-26
95318,2025,6,26,4,LAX,CVG,1350,1404,14,2104,2127,23,2025-06-26
95319,2025,6,26,4,LAX,CVG,2229,2242,13,538,548,10,2025-06-26
95320,2025,6,26,4,LAX,DAL,505,501,-4,1010,951,-19,2025-06-26
95321,2025,6,26,4,LAX,DAL,645,644,-1,1150,1136,-14,2025-06-26
95323,2025,6,26,4,LAX,DAL,1630,1715,45,2145,2228,43,2025-06-26
95324,2025,6,26,4,LAX,DAL,1810,1807,-3,2320,2311,-9,2025-06-26
95325,2025,6,26,4,LAX,DCA,759,754,-5,1600,1552,-8,2025-06-26
95326,2025,6,26,4,LAX,DCA,819,814,-5,1622,1645,23,2025-06-26
95327,2025,6,26,4,LAX,DCA,1228,1221,-7,2029,2039,10,2025-06-26
95328,2025,6,26,4,LAX,DCA,1331,1354,23,2142,27,165,2025-06-26
95329,2025,6,26,4,LAX,DEN,505,500,-5,824,812,-12,2025-06-26
95330,2025,6,26,4,LAX,DEN,545,637,52,910,943,33,2025-06-26
95331,2025,6,26,4,LAX,DEN,615,615,0,948,938,-10,2025-06-26
95332,2025,6,26,4,LAX,DEN,711,704,-7,1035,1023,-12,2025-06-26
95333,2025,6,26,4,LAX,DEN,746,744,-2,1110,1108,-2,2025-06-26
95334,2025,6,26,4,LAX,DEN,804,756,-8,1133,1110,-23,2025-06-26
95335,2025,6,26,4,LAX,DEN,805,807,2,1130,1117,-13,2025-06-26
95336,2025,6,26,4,LAX,DEN,900,854,-6,1227,1213,-14,2025-06-26
95337,2025,6,26,4,LAX,DEN,1030,1037,7,1355,1348,-7,2025-06-26
95338,2025,6,26,4,LAX,DEN,1055,1048,-7,1430,1408,-22,2025-06-26
95339,2025,6,26,4,LAX,DEN,1100,1057,-3,1427,1424,-3,2025-06-26
95340,2025,6,26,4,LAX,DEN,1257,1302,5,1625,1634,9,2025-06-26
95341,2025,6,26,4,LAX,DEN,1338,1329,-9,1701,1649,-12,2025-06-26
95342,2025,6,26,4,LAX,DEN,1340,1348,8,1710,1706,-4,2025-06-26
95343,2025,6,26,4,LAX,DEN,1435,1433,-2,1805,1802,-3,2025-06-26
95344,2025,6,26,4,LAX,DEN,1459,1542,43,1819,1857,38,2025-06-26
95346,2025,6,26,4,LAX,DEN,1613,1609,-4,1940,1939,-1,2025-06-26
95347,2025,6,26,4,LAX,DEN,1820,1840,20,2150,2155,5,2025-06-26
95348,2025,6,26,4,LAX,DEN,1918,1911,-7,2247,2224,-23,2025-06-26
95349,2025,6,26,4,LAX,DEN,1945,1935,-10,2309,2256,-13,2025-06-26
95350,2025,6,26,4,LAX,DEN,2020,2018,-2,2350,2335,-15,2025-06-26
95351,2025,6,26,4,LAX,DEN,2025,2017,-8,2348,2333,-15,2025-06-26
95352,2025,6,26,4,LAX,DFW,47,39,-8,550,552,2,2025-06-26
95353,2025,6,26,4,LAX,DFW,130,146,16,633,629,-4,2025-06-26
95354,2025,6,26,4,LAX,DFW,600,559,-1,1103,1108,5,2025-06-26
95355,2025,6,26,4,LAX,DFW,600,608,8,1120,1123,3,2025-06-26
95356,2025,6,26,4,LAX,DFW,700,652,-8,1209,1144,-25,2025-06-26
95357,2025,6,26,4,LAX,DFW,826,818,-8,1339,1318,-21,2025-06-26
95358,2025,6,26,4,LAX,DFW,835,830,-5,1343,1335,-8,2025-06-26
95361,2025,6,26,4,LAX,DFW,1230,1254,24,1737,1817,40,2025-06-26
95362,2025,6,26,4,LAX,DFW,1348,1343,-5,1859,1858,-1,2025-06-26
95363,2025,6,26,4,LAX,DFW,1433,1519,46,1943,2022,39,2025-06-26
95364,2025,6,26,4,LAX,DFW,1548,1611,23,2059,2147,48,2025-06-26
95365,2025,6,26,4,LAX,DFW,1636,1730,54,2147,2237,50,2025-06-26
95366,2025,6,26,4,LAX,DFW,1835,1858,23,2347,2350,3,2025-06-26
95368,2025,6,26,4,LAX,DFW,1903,1903,0,26,1,-25,2025-06-26
95369,2025,6,26,4,LAX,DFW,2359,2354,-5,509,450,-19,2025-06-26
95370,2025,6,26,4,LAX,DTW,530,529,-1,1257,1306,9,2025-06-26
95371,2025,6,26,4,LAX,DTW,735,753,18,1456,1531,35,2025-06-26
95372,2025,6,26,4,LAX,DTW,925,925,0,1652,1653,1,2025-06-26
95373,2025,6,26,4,LAX,DTW,1114,1105,-9,1837,1847,10,2025-06-26
95374,2025,6,26,4,LAX,DTW,1209,1204,-5,1931,2004,33,2025-06-26
95375,2025,6,26,4,LAX,DTW,1536,1533,-3,2304,2331,27,2025-06-26
95376,2025,6,26,4,LAX,DTW,2130,2132,2,452,452,0,2025-06-26
95377,2025,6,26,4,LAX,DTW,2215,2210,-5,535,529,-6,2025-06-26
95378,2025,6,26,4,LAX,ELP,1245,1319,34,1545,1614,29,2025-06-26
95379,2025,6,26,4,LAX,ELP,1430,1421,-9,1731,1721,-10,2025-06-26
95380,2025,6,26,4,LAX,ELP,1947,1938,-9,2247,2247,0,2025-06-26
95381,2025,6,26,4,LAX,EUG,2144,2138,-6,2358,2352,-6,2025-06-26
95382,2025,6,26,4,LAX,EWR,600,551,-9,1437,1412,-25,2025-06-26
95383,2025,6,26,4,LAX,EWR,700,654,-6,1537,1512,-25,2025-06-26
95384,2025,6,26,4,LAX,EWR,700,656,-4,1534,1517,-17,2025-06-26
95385,2025,6,26,4,LAX,EWR,810,805,-5,1640,1626,-14,2025-06-26
95386,2025,6,26,4,LAX,EWR,820,820,0,1645,1634,-11,2025-06-26
95387,2025,6,26,4,LAX,EWR,1015,1019,4,1854,1924,30,2025-06-26
95388,2025,6,26,4,LAX,EWR,1050,1049,-1,1920,1942,22,2025-06-26
95389,2025,6,26,4,LAX,EWR,1115,1114,-1,1955,2022,27,2025-06-26
95390,2025,6,26,4,LAX,EWR,1215,1237,22,2057,2135,38,2025-06-26
95393,2025,6,26,4,LAX,EWR,1630,1635,5,100,142,42,2025-06-26
95394,2025,6,26,4,LAX,EWR,2055,2050,-5,509,501,-8,2025-06-26
95395,2025,6,26,4,LAX,EWR,2126,2132,6,559,555,-4,2025-06-26
95396,2025,6,26,4,LAX,EWR,2135,2127,-8,555,558,3,2025-06-26
95397,2025,6,26,4,LAX,EWR,2359,10,11,813,812,-1,2025-06-26
95398,2025,6,26,4,LAX,FAT,1030,1023,-7,1148,1138,-10,2025-06-26
95399,2025,6,26,4,LAX,FAT,1857,1855,-2,2011,2004,-7,2025-06-26
95400,2025,6,26,4,LAX,FAT,2116,2115,-1,2230,2237,7,2025-06-26
95401,2025,6,26,4,LAX,FCA,922,914,-8,1321,1322,1,2025-06-26
95402,2025,6,26,4,LAX,FLL,800,749,-11,1614,1558,-16,2025-06-26
95403,2025,6,26,4,LAX,FLL,1112,1102,-10,1926,1919,-7,2025-06-26
95404,2025,6,26,4,LAX,FLL,1345,1329,-16,2158,2222,24,2025-06-26
95405,2025,6,26,4,LAX,FLL,1642,1728,46,48,130,42,2025-06-26
95406,2025,6,26,4,LAX,FLL,2155,2201,6,603,607,4,2025-06-26
95408,2025,6,26,4,LAX,GEG,1114,1108,-6,1352,1350,-2,2025-06-26
95410,2025,6,26,4,LAX,GEG,1859,1849,-10,2133,2108,-25,2025-06-26
95411,2025,6,26,4,LAX,HNL,705,702,-3,1010,947,-23,2025-06-26
95412,2025,6,26,4,LAX,HNL,825,819,-6,1107,1102,-5,2025-06-26
95413,2025,6,26,4,LAX,HNL,830,850,20,1105,1136,31,2025-06-26
95414,2025,6,26,4,LAX,HNL,835,926,51,1117,1216,59,2025-06-26
95415,2025,6,26,4,LAX,HNL,849,922,33,1137,1159,22,2025-06-26
95417,2025,6,26,4,LAX,HNL,1115,1124,9,1404,1358,-6,2025-06-26
95418,2025,6,26,4,LAX,HNL,1315,1318,3,1601,1613,12,2025-06-26
95419,2025,6,26,4,LAX,HNL,1335,1329,-6,1618,1618,0,2025-06-26
95421,2025,6,26,4,LAX,HNL,1710,1710,0,1944,1938,-6,2025-06-26
95422,2025,6,26,4,LAX,HNL,1745,1743,-2,2030,2013,-17,2025-06-26
95423,2025,6,26,4,LAX,HNL,1810,1807,-3,2052,2044,-8,2025-06-26
95424,2025,6,26,4,LAX,HNL,1820,1814,-6,2057,2053,-4,2025-06-26
95425,2025,6,26,4,LAX,HNL,1825,1839,14,2115,2119,4,2025-06-26
95426,2025,6,26,4,LAX,HNL,1845,1930,45,2128,2202,34,2025-06-26
95427,2025,6,26,4,LAX,HNL,1913,2011,58,2155,2303,68,2025-06-26
95428,2025,6,26,4,LAX,HNL,2040,2117,37,2329,3,34,2025-06-26
95429,2025,6,26,4,LAX,HOU,505,506,1,1030,1021,-9,2025-06-26
95430,2025,6,26,4,LAX,HOU,1335,1410,35,1900,1926,26,2025-06-26
95431,2025,6,26,4,LAX,HOU,1745,1757,12,2305,2306,1,2025-06-26
95432,2025,6,26,4,LAX,HOU,2350,2359,9,515,516,1,2025-06-26
95433,2025,6,26,4,LAX,IAD,615,610,-5,1418,1405,-13,2025-06-26
95434,2025,6,26,4,LAX,IAD,815,814,-1,1621,1633,12,2025-06-26
95435,2025,6,26,4,LAX,IAD,820,815,-5,1625,1632,7,2025-06-26
95436,2025,6,26,4,LAX,IAD,1050,1058,8,1855,1939,44,2025-06-26
95437,2025,6,26,4,LAX,IAD,1250,1247,-3,2055,2328,153,2025-06-26
95439,2025,6,26,4,LAX,IAD,2301,2309,8,653,647,-6,2025-06-26
95440,2025,6,26,4,LAX,IAD,2359,1,2,805,750,-15,2025-06-26
95441,2025,6,26,4,LAX,IAH,56,50,-6,618,554,-24,2025-06-26
95442,2025,6,26,4,LAX,IAH,521,516,-5,1048,1024,-24,2025-06-26
95443,2025,6,26,4,LAX,IAH,730,728,-2,1259,1246,-13,2025-06-26
95452,2025,6,26,4,LAX,IAH,1610,1627,17,2135,2244,69,2025-06-26
95453,2025,6,26,4,LAX,IAH,1809,1807,-2,2328,2329,1,2025-06-26
95454,2025,6,26,4,LAX,IAH,1910,2010,60,33,141,68,2025-06-26
95456,2025,6,26,4,LAX,ICT,620,651,31,1114,1137,23,2025-06-26
95457,2025,6,26,4,LAX,IND,1036,1025,-11,1747,1724,-23,2025-06-26
95458,2025,6,26,4,LAX,IND,1412,1407,-5,2114,2115,1,2025-06-26
95459,2025,6,26,4,LAX,IND,2314,2305,-9,614,611,-3,2025-06-26
95460,2025,6,26,4,LAX,JAC,900,850,-10,1218,1203,-15,2025-06-26
95461,2025,6,26,4,LAX,JAC,1030,1025,-5,1348,1355,7,2025-06-26
95462,2025,6,26,4,LAX,JFK,600,559,-1,1430,1419,-11,2025-06-26
95463,2025,6,26,4,LAX,JFK,700,655,-5,1535,1542,7,2025-06-26
95464,2025,6,26,4,LAX,JFK,700,656,-4,1535,1552,17,2025-06-26
95465,2025,6,26,4,LAX,JFK,710,700,-10,1545,1535,-10,2025-06-26
95466,2025,6,26,4,LAX,JFK,819,812,-7,1658,1658,0,2025-06-26
95467,2025,6,26,4,LAX,JFK,905,904,-1,1757,1751,-6,2025-06-26
95468,2025,6,26,4,LAX,JFK,930,924,-6,1809,1751,-18,2025-06-26
95469,2025,6,26,4,LAX,JFK,1010,1000,-10,1910,1915,5,2025-06-26
95471,2025,6,26,4,LAX,JFK,1030,1052,22,1911,1939,28,2025-06-26
95473,2025,6,26,4,LAX,JFK,1130,1128,-2,2006,2142,96,2025-06-26
95474,2025,6,26,4,LAX,JFK,1221,1316,55,2100,2155,55,2025-06-26
95476,2025,6,26,4,LAX,JFK,1300,1332,32,2145,2212,27,2025-06-26
95479,2025,6,26,4,LAX,JFK,1515,1557,42,2355,51,56,2025-06-26
95480,2025,6,26,4,LAX,JFK,1520,1513,-7,2354,2346,-8,2025-06-26
95482,2025,6,26,4,LAX,JFK,1620,1648,28,55,114,19,2025-06-26
95483,2025,6,26,4,LAX,JFK,2036,2040,4,503,520,17,2025-06-26
95484,2025,6,26,4,LAX,JFK,2053,2108,15,530,534,4,2025-06-26
95485,2025,6,26,4,LAX,JFK,2140,2212,32,607,648,41,2025-06-26
95486,2025,6,26,4,LAX,JFK,2231,2257,26,700,719,19,2025-06-26
95487,2025,6,26,4,LAX,JFK,2250,2249,-1,723,704,-19,2025-06-26
95488,2025,6,26,4,LAX,JFK,2252,2249,-3,732,716,-16,2025-06-26
95489,2025,6,26,4,LAX,JFK,2355,2358,3,830,843,13,2025-06-26
95490,2025,6,26,4,LAX,JFK,2358,12,14,830,838,8,2025-06-26
95491,2025,6,26,4,LAX,KOA,830,828,-2,1110,1116,6,2025-06-26
95492,2025,6,26,4,LAX,KOA,920,918,-2,1200,1151,-9,2025-06-26
95493,2025,6,26,4,LAX,KOA,1119,1119,0,1355,1359,4,2025-06-26
95494,2025,6,26,4,LAX,KOA,1629,1621,-8,1859,1844,-15,2025-06-26
95496,2025,6,26,4,LAX,LAS,520,518,-2,635,624,-11,2025-06-26
95497,2025,6,26,4,LAX,LAS,530,534,4,642,640,-2,2025-06-26
95498,2025,6,26,4,LAX,LAS,725,721,-4,845,834,-11,2025-06-26
95499,2025,6,26,4,LAX,LAS,730,720,-10,840,831,-9,2025-06-26
95500,2025,6,26,4,LAX,LAS,819,812,-7,941,924,-17,2025-06-26
95501,2025,6,26,4,LAX,LAS,845,842,-3,1005,948,-17,2025-06-26
95502,2025,6,26,4,LAX,LAS,1019,1033,14,1131,1139,8,2025-06-26
95503,2025,6,26,4,LAX,LAS,1125,1130,5,1245,1236,-9,2025-06-26
95504,2025,6,26,4,LAX,LAS,1140,1135,-5,1254,1244,-10,2025-06-26
95505,2025,6,26,4,LAX,LAS,1449,1440,-9,1611,1606,-5,2025-06-26
95506,2025,6,26,4,LAX,LAS,1505,1528,23,1615,1630,15,2025-06-26
95508,2025,6,26,4,LAX,LAS,1548,1548,0,1713,1704,-9,2025-06-26
95509,2025,6,26,4,LAX,LAS,1740,1736,-4,1855,1839,-16,2025-06-26
95510,2025,6,26,4,LAX,LAS,1755,1759,4,1918,1910,-8,2025-06-26
95511,2025,6,26,4,LAX,LAS,1850,1856,6,2000,2006,6,2025-06-26
95512,2025,6,26,4,LAX,LAS,1852,1851,-1,2008,2000,-8,2025-06-26
95513,2025,6,26,4,LAX,LAS,1855,1851,-4,2017,2010,-7,2025-06-26
95514,2025,6,26,4,LAX,LAS,1940,2020,40,2100,2136,36,2025-06-26
95517,2025,6,26,4,LAX,LAS,1959,1951,-8,2110,2112,2,2025-06-26
95519,2025,6,26,4,LAX,LAS,2215,2208,-7,2327,2322,-5,2025-06-26
95520,2025,6,26,4,LAX,LAS,2218,2212,-6,2335,2313,-22,2025-06-26
95521,2025,6,26,4,LAX,LAS,2235,2237,2,2357,2348,-9,2025-06-26
95522,2025,6,26,4,LAX,LIH,842,840,-2,1140,1135,-5,2025-06-26
95523,2025,6,26,4,LAX,LIH,903,902,-1,1204,1141,-23,2025-06-26
95524,2025,6,26,4,LAX,LIH,930,941,11,1225,1225,0,2025-06-26
95525,2025,6,26,4,LAX,LIH,1425,1419,-6,1708,1704,-4,2025-06-26
95526,2025,6,26,4,LAX,LIH,1730,1732,2,2025,2024,-1,2025-06-26
95527,2025,6,26,4,LAX,MCI,800,800,0,1315,1308,-7,2025-06-26
95528,2025,6,26,4,LAX,MCI,930,923,-7,1444,1438,-6,2025-06-26
95529,2025,6,26,4,LAX,MCI,1815,1807,-8,2327,2328,1,2025-06-26
95530,2025,6,26,4,LAX,MCO,700,704,4,1458,1510,12,2025-06-26
95531,2025,6,26,4,LAX,MCO,1007,1022,15,1809,1826,17,2025-06-26
95532,2025,6,26,4,LAX,MCO,1035,1032,-3,1838,1858,20,2025-06-26
95533,2025,6,26,4,LAX,MCO,1120,1115,-5,1914,1927,13,2025-06-26
95534,2025,6,26,4,LAX,MCO,1357,1421,24,2210,2242,32,2025-06-26
95535,2025,6,26,4,LAX,MCO,1605,1600,-5,2359,2348,-11,2025-06-26
95537,2025,6,26,4,LAX,MCO,2145,2154,9,532,545,13,2025-06-26
95538,2025,6,26,4,LAX,MCO,2249,2245,-4,647,623,-24,2025-06-26
95539,2025,6,26,4,LAX,MDW,620,620,0,1225,1212,-13,2025-06-26
95540,2025,6,26,4,LAX,MDW,840,841,1,1445,1426,-19,2025-06-26
95541,2025,6,26,4,LAX,MDW,1315,1316,1,1920,1931,11,2025-06-26
95542,2025,6,26,4,LAX,MDW,1610,1633,23,2210,2242,32,2025-06-26
95543,2025,6,26,4,LAX,MDW,2255,2308,13,500,504,4,2025-06-26
95544,2025,6,26,4,LAX,MEM,1820,1810,-10,2358,2352,-6,2025-06-26
95545,2025,6,26,4,LAX,MFE,600,553,-7,1109,1058,-11,2025-06-26
95546,2025,6,26,4,LAX,MIA,600,558,-2,1413,1400,-13,2025-06-26
95547,2025,6,26,4,LAX,MIA,745,751,6,1554,1600,6,2025-06-26
95548,2025,6,26,4,LAX,MIA,900,901,1,1719,1716,-3,2025-06-26
95549,2025,6,26,4,LAX,MIA,1005,1001,-4,1816,1801,-15,2025-06-26
95550,2025,6,26,4,LAX,MIA,1210,1208,-2,2020,2048,28,2025-06-26
95551,2025,6,26,4,LAX,MIA,1500,1457,-3,2310,2259,-11,2025-06-26
95552,2025,6,26,4,LAX,MIA,2140,2138,-2,550,537,-13,2025-06-26
95553,2025,6,26,4,LAX,MIA,2249,2252,3,701,652,-9,2025-06-26
95554,2025,6,26,4,LAX,MIA,2343,2352,9,750,759,9,2025-06-26
95555,2025,6,26,4,LAX,MKE,817,813,-4,1410,1355,-15,2025-06-26
95556,2025,6,26,4,LAX,MRY,815,809,-6,937,930,-7,2025-06-26
95558,2025,6,26,4,LAX,MSO,1131,1125,-6,1510,1514,4,2025-06-26
95559,2025,6,26,4,LAX,MSP,617,615,-2,1148,1137,-11,2025-06-26
95560,2025,6,26,4,LAX,MSP,800,755,-5,1334,1316,-18,2025-06-26
95561,2025,6,26,4,LAX,MSP,1130,1130,0,1702,1658,-4,2025-06-26
95562,2025,6,26,4,LAX,MSP,1325,1325,0,1855,1907,12,2025-06-26
95563,2025,6,26,4,LAX,MSP,1520,1514,-6,2049,2042,-7,2025-06-26
95564,2025,6,26,4,LAX,MSP,1850,1841,-9,20,9,-11,2025-06-26
95565,2025,6,26,4,LAX,MSP,2330,2325,-5,504,459,-5,2025-06-26
95566,2025,6,26,4,LAX,MSY,700,656,-4,1240,1230,-10,2025-06-26
95567,2025,6,26,4,LAX,MSY,1210,1201,-9,1753,1832,39,2025-06-26
95568,2025,6,26,4,LAX,MSY,1225,1220,-5,1810,1814,4,2025-06-26
95569,2025,6,26,4,LAX,MSY,1747,1813,26,2327,2354,27,2025-06-26
95570,2025,6,26,4,LAX,MSY,1818,1833,15,2358,12,14,2025-06-26
95571,2025,6,26,4,LAX,OAK,610,606,-4,735,710,-25,2025-06-26
95572,2025,6,26,4,LAX,OAK,805,756,-9,930,913,-17,2025-06-26
95573,2025,6,26,4,LAX,OAK,925,922,-3,1050,1028,-22,2025-06-26
95574,2025,6,26,4,LAX,OAK,1150,1146,-4,1315,1308,-7,2025-06-26
95575,2025,6,26,4,LAX,OAK,1505,1509,4,1625,1617,-8,2025-06-26
95576,2025,6,26,4,LAX,OAK,1845,1932,47,2010,2038,28,2025-06-26
95577,2025,6,26,4,LAX,OAK,2030,2025,-5,2155,2133,-22,2025-06-26
95578,2025,6,26,4,LAX,OGG,700,659,-1,935,934,-1,2025-06-26
95579,2025,6,26,4,LAX,OGG,800,759,-1,1031,1122,51,2025-06-26
95580,2025,6,26,4,LAX,OGG,815,812,-3,1055,1039,-16,2025-06-26
95581,2025,6,26,4,LAX,OGG,902,858,-4,1147,1137,-10,2025-06-26
95582,2025,6,26,4,LAX,OGG,1040,1038,-2,1319,1311,-8,2025-06-26
95583,2025,6,26,4,LAX,OGG,1653,1651,-2,1932,1928,-4,2025-06-26
95584,2025,6,26,4,LAX,OGG,1656,1649,-7,1928,1913,-15,2025-06-26
95585,2025,6,26,4,LAX,OGG,1754,1751,-3,2030,2019,-11,2025-06-26
95586,2025,6,26,4,LAX,OKC,900,853,-7,1400,1348,-12,2025-06-26
95587,2025,6,26,4,LAX,OKC,1732,1746,14,2230,2239,9,2025-06-26
95588,2025,6,26,4,LAX,OMA,1236,1229,-7,1752,1743,-9,2025-06-26
95589,2025,6,26,4,LAX,ORD,8,30,22,620,628,8,2025-06-26
95591,2025,6,26,4,LAX,ORD,44,41,-3,651,636,-15,2025-06-26
95592,2025,6,26,4,LAX,ORD,540,536,-4,1152,1146,-6,2025-06-26
95593,2025,6,26,4,LAX,ORD,605,559,-6,1221,1152,-29,2025-06-26
95594,2025,6,26,4,LAX,ORD,620,614,-6,1242,1213,-29,2025-06-26
95595,2025,6,26,4,LAX,ORD,630,635,5,1238,1234,-4,2025-06-26
95596,2025,6,26,4,LAX,ORD,800,758,-2,1415,1410,-5,2025-06-26
95597,2025,6,26,4,LAX,ORD,818,809,-9,1439,1426,-13,2025-06-26
95598,2025,6,26,4,LAX,ORD,936,1032,56,1544,1636,52,2025-06-26
95599,2025,6,26,4,LAX,ORD,1025,1120,55,1641,1742,61,2025-06-26
95601,2025,6,26,4,LAX,ORD,1145,1219,34,1753,1936,103,2025-06-26
95602,2025,6,26,4,LAX,ORD,1237,1236,-1,1855,1931,36,2025-06-26
95603,2025,6,26,4,LAX,ORD,1300,1256,-4,1929,2051,82,2025-06-26
95604,2025,6,26,4,LAX,ORD,1401,1431,30,2025,2137,72,2025-06-26
95606,2025,6,26,4,LAX,ORD,1635,1626,-9,2259,2259,0,2025-06-26
95607,2025,6,26,4,LAX,ORD,1646,1714,28,2305,2345,40,2025-06-26
95608,2025,6,26,4,LAX,ORD,1729,1723,-6,2335,151,136,2025-06-26
95609,2025,6,26,4,LAX,ORD,1738,1745,7,2359,22,23,2025-06-26
95610,2025,6,26,4,LAX,ORD,2240,2236,-4,451,442,-9,2025-06-26
95612,2025,6,26,4,LAX,ORD,2337,2339,2,549,532,-17,2025-06-26
95613,2025,6,26,4,LAX,PDX,700,656,-4,923,933,10,2025-06-26
95614,2025,6,26,4,LAX,PDX,700,658,-2,921,915,-6,2025-06-26
95615,2025,6,26,4,LAX,PDX,845,843,-2,1110,1053,-17,2025-06-26
95616,2025,6,26,4,LAX,PDX,905,859,-6,1131,1124,-7,2025-06-26
95617,2025,6,26,4,LAX,PDX,943,940,-3,1214,1154,-20,2025-06-26
95618,2025,6,26,4,LAX,PDX,1102,1056,-6,1325,1314,-11,2025-06-26
95619,2025,6,26,4,LAX,PDX,1201,1156,-5,1425,1415,-10,2025-06-26
95620,2025,6,26,4,LAX,PDX,1340,1330,-10,1600,1540,-20,2025-06-26
95621,2025,6,26,4,LAX,PDX,1405,1410,5,1626,1625,-1,2025-06-26
95622,2025,6,26,4,LAX,PDX,1605,1558,-7,1826,1810,-16,2025-06-26
95623,2025,6,26,4,LAX,PDX,1640,1631,-9,1859,1837,-22,2025-06-26
95624,2025,6,26,4,LAX,PDX,1807,1757,-10,2030,2014,-16,2025-06-26
95625,2025,6,26,4,LAX,PDX,2006,1954,-12,2230,2208,-22,2025-06-26
95626,2025,6,26,4,LAX,PDX,2025,2022,-3,2245,2233,-12,2025-06-26
95627,2025,6,26,4,LAX,PDX,2151,2232,41,14,53,39,2025-06-26
95628,2025,6,26,4,LAX,PHL,108,106,-2,916,902,-14,2025-06-26
95629,2025,6,26,4,LAX,PHL,645,718,33,1454,1530,36,2025-06-26
95630,2025,6,26,4,LAX,PHL,745,813,28,1556,1630,34,2025-06-26
95631,2025,6,26,4,LAX,PHL,900,905,5,1718,1726,8,2025-06-26
95632,2025,6,26,4,LAX,PHL,1140,1145,5,1956,2043,47,2025-06-26
95633,2025,6,26,4,LAX,PHL,1442,1521,39,2254,2339,45,2025-06-26
95634,2025,6,26,4,LAX,PHL,1630,1622,-8,43,34,-9,2025-06-26
95637,2025,6,26,4,LAX,PHL,2256,2253,-3,700,702,2,2025-06-26
95638,2025,6,26,4,LAX,PHX,525,521,-4,655,635,-20,2025-06-26
95639,2025,6,26,4,LAX,PHX,610,602,-8,739,724,-15,2025-06-26
95640,2025,6,26,4,LAX,PHX,705,657,-8,830,837,7,2025-06-26
95641,2025,6,26,4,LAX,PHX,750,746,-4,915,909,-6,2025-06-26
95642,2025,6,26,4,LAX,PHX,815,808,-7,951,951,0,2025-06-26
95643,2025,6,26,4,LAX,PHX,1000,952,-8,1130,1117,-13,2025-06-26
95644,2025,6,26,4,LAX,PHX,1015,1008,-7,1145,1124,-21,2025-06-26
95645,2025,6,26,4,LAX,PHX,1105,1054,-11,1235,1210,-25,2025-06-26
95646,2025,6,26,4,LAX,PHX,1325,1334,9,1450,1458,8,2025-06-26
95647,2025,6,26,4,LAX,PHX,1335,1329,-6,1509,1444,-25,2025-06-26
95648,2025,6,26,4,LAX,PHX,1400,1414,14,1528,1543,15,2025-06-26
95649,2025,6,26,4,LAX,PHX,1423,1430,7,1602,1604,2,2025-06-26
95650,2025,6,26,4,LAX,PHX,1440,1506,26,1610,1631,21,2025-06-26
95651,2025,6,26,4,LAX,PHX,1632,1629,-3,1759,1754,-5,2025-06-26
95652,2025,6,26,4,LAX,PHX,1730,1725,-5,1855,1856,1,2025-06-26
95653,2025,6,26,4,LAX,PHX,1930,1957,27,2059,2126,27,2025-06-26
95655,2025,6,26,4,LAX,PHX,1955,2016,21,2130,2126,-4,2025-06-26
95656,2025,6,26,4,LAX,PHX,2134,2126,-8,2305,2245,-20,2025-06-26
95657,2025,6,26,4,LAX,PHX,2135,2140,5,2315,2254,-21,2025-06-26
95658,2025,6,26,4,LAX,PHX,2258,2302,4,27,39,12,2025-06-26
95659,2025,6,26,4,LAX,PIT,915,910,-5,1700,1650,-10,2025-06-26
95660,2025,6,26,4,LAX,PRC,1945,1941,-4,2111,2058,-13,2025-06-26
95661,2025,6,26,4,LAX,PSC,2125,2120,-5,2359,2359,0,2025-06-26
95662,2025,6,26,4,LAX,RDD,1310,1302,-8,1459,1457,-2,2025-06-26
95663,2025,6,26,4,LAX,RDM,1252,1248,-4,1509,1513,4,2025-06-26
95664,2025,6,26,4,LAX,RDU,857,953,56,1654,1741,47,2025-06-26
95665,2025,6,26,4,LAX,RDU,1037,1031,-6,1831,1830,-1,2025-06-26
95666,2025,6,26,4,LAX,RDU,2220,2304,44,618,703,45,2025-06-26
95667,2025,6,26,4,LAX,RDU,2243,2250,7,630,655,25,2025-06-26
95668,2025,6,26,4,LAX,RNO,959,1018,19,1131,1145,14,2025-06-26
95669,2025,6,26,4,LAX,RNO,1015,1007,-8,1157,1131,-26,2025-06-26
95670,2025,6,26,4,LAX,RNO,1425,1436,11,1550,1608,18,2025-06-26
95671,2025,6,26,4,LAX,RNO,1502,1454,-8,1630,1618,-12,2025-06-26
95672,2025,6,26,4,LAX,RNO,1750,1749,-1,1924,1913,-11,2025-06-26
95673,2025,6,26,4,LAX,RNO,2050,2041,-9,2217,2152,-25,2025-06-26
95674,2025,6,26,4,LAX,RNO,2126,2121,-5,2300,2255,-5,2025-06-26
95675,2025,6,26,4,LAX,RNO,2216,2216,0,2353,2344,-9,2025-06-26
95676,2025,6,26,4,LAX,SAN,820,818,-2,919,901,-18,2025-06-26
95677,2025,6,26,4,LAX,SAN,907,906,-1,1012,954,-18,2025-06-26
95678,2025,6,26,4,LAX,SAN,1428,1424,-4,1522,1524,2,2025-06-26
95679,2025,6,26,4,LAX,SAN,1800,1752,-8,1854,1846,-8,2025-06-26
95681,2025,6,26,4,LAX,SAN,2159,2153,-6,2253,2252,-1,2025-06-26
95682,2025,6,26,4,LAX,SAN,2245,2246,1,2346,2333,-13,2025-06-26
95683,2025,6,26,4,LAX,SAT,710,707,-3,1202,1153,-9,2025-06-26
95684,2025,6,26,4,LAX,SAT,912,903,-9,1419,1409,-10,2025-06-26
95685,2025,6,26,4,LAX,SAT,930,918,-12,1423,1403,-20,2025-06-26
95686,2025,6,26,4,LAX,SAT,1410,1425,15,1910,1909,-1,2025-06-26
95687,2025,6,26,4,LAX,SAT,1519,1511,-8,2013,1955,-18,2025-06-26
95688,2025,6,26,4,LAX,SAT,1700,1650,-10,2158,2157,-1,2025-06-26
95690,2025,6,26,4,LAX,SBA,1520,1517,-3,1612,1555,-17,2025-06-26
95691,2025,6,26,4,LAX,SBA,2300,2258,-2,2358,30,32,2025-06-26
95692,2025,6,26,4,LAX,SBP,1450,1540,50,1551,1635,44,2025-06-26
95693,2025,6,26,4,LAX,SBP,2255,2257,2,2359,21,22,2025-06-26
95694,2025,6,26,4,LAX,SDF,1134,1129,-5,1835,1834,-1,2025-06-26
95695,2025,6,26,4,LAX,SEA,600,611,11,850,857,7,2025-06-26
95696,2025,6,26,4,LAX,SEA,700,656,-4,954,939,-15,2025-06-26
95697,2025,6,26,4,LAX,SEA,700,659,-1,947,1001,14,2025-06-26
95698,2025,6,26,4,LAX,SEA,800,755,-5,1049,1114,25,2025-06-26
95699,2025,6,26,4,LAX,SEA,945,940,-5,1242,1218,-24,2025-06-26
95700,2025,6,26,4,LAX,SEA,950,953,3,1235,1256,21,2025-06-26
95701,2025,6,26,4,LAX,SEA,1054,1115,21,1346,1413,27,2025-06-26
95702,2025,6,26,4,LAX,SEA,1115,1106,-9,1409,1359,-10,2025-06-26
95703,2025,6,26,4,LAX,SEA,1155,1200,5,1445,1433,-12,2025-06-26
95704,2025,6,26,4,LAX,SEA,1155,1226,31,1439,1522,43,2025-06-26
95705,2025,6,26,4,LAX,SEA,1410,1401,-9,1654,1651,-3,2025-06-26
95706,2025,6,26,4,LAX,SEA,1415,1414,-1,1700,1647,-13,2025-06-26
95707,2025,6,26,4,LAX,SEA,1510,1522,12,1754,1805,11,2025-06-26
95708,2025,6,26,4,LAX,SEA,1715,1708,-7,2000,2009,9,2025-06-26
95709,2025,6,26,4,LAX,SEA,1743,1740,-3,2035,2035,0,2025-06-26
95710,2025,6,26,4,LAX,SEA,1815,1808,-7,2100,2056,-4,2025-06-26
95711,2025,6,26,4,LAX,SEA,1839,1829,-10,2134,2105,-29,2025-06-26
95712,2025,6,26,4,LAX,SEA,1925,1921,-4,2210,2204,-6,2025-06-26
95713,2025,6,26,4,LAX,SEA,1925,1923,-2,2216,2224,8,2025-06-26
95714,2025,6,26,4,LAX,SEA,1959,2053,54,2257,2341,44,2025-06-26
95715,2025,6,26,4,LAX,SEA,2010,2007,-3,2259,2321,22,2025-06-26
95716,2025,6,26,4,LAX,SEA,2115,2113,-2,2359,2355,-4,2025-06-26
95719,2025,6,26,4,LAX,SFO,630,623,-7,750,732,-18,2025-06-26
95720,2025,6,26,4,LAX,SFO,630,624,-6,752,738,-14,2025-06-26
95721,2025,6,26,4,LAX,SFO,700,650,-10,836,817,-19,2025-06-26
95722,2025,6,26,4,LAX,SFO,700,700,0,829,829,0,2025-06-26
95723,2025,6,26,4,LAX,SFO,800,755,-5,941,1006,25,2025-06-26
95724,2025,6,26,4,LAX,SFO,835,829,-6,958,1036,38,2025-06-26
95725,2025,6,26,4,LAX,SFO,910,904,-6,1045,1041,-4,2025-06-26
95726,2025,6,26,4,LAX,SFO,1000,1007,7,1120,1116,-4,2025-06-26
95727,2025,6,26,4,LAX,SFO,1015,1007,-8,1140,1213,33,2025-06-26
95728,2025,6,26,4,LAX,SFO,1032,1023,-9,1205,1139,-26,2025-06-26
95729,2025,6,26,4,LAX,SFO,1129,1121,-8,1256,1239,-17,2025-06-26
95730,2025,6,26,4,LAX,SFO,1330,1357,27,1452,1509,17,2025-06-26
95731,2025,6,26,4,LAX,SFO,1350,1343,-7,1518,1502,-16,2025-06-26
95732,2025,6,26,4,LAX,SFO,1422,1431,9,1548,1544,-4,2025-06-26
95733,2025,6,26,4,LAX,SFO,1544,1603,19,1711,1719,8,2025-06-26
95734,2025,6,26,4,LAX,SFO,1615,1615,0,1744,1723,-21,2025-06-26
95735,2025,6,26,4,LAX,SFO,1627,1618,-9,1745,1728,-17,2025-06-26
95736,2025,6,26,4,LAX,SFO,1630,1713,43,1755,1816,21,2025-06-26
95737,2025,6,26,4,LAX,SFO,1740,1812,32,1902,1929,27,2025-06-26
95738,2025,6,26,4,LAX,SFO,1755,1751,-4,1924,1912,-12,2025-06-26
95739,2025,6,26,4,LAX,SFO,1808,1838,30,1943,1953,10,2025-06-26
95740,2025,6,26,4,LAX,SFO,1820,1819,-1,1943,1927,-16,2025-06-26
95742,2025,6,26,4,LAX,SFO,1859,1858,-1,2028,2022,-6,2025-06-26
95743,2025,6,26,4,LAX,SFO,1935,1925,-10,2058,2035,-23,2025-06-26
95745,2025,6,26,4,LAX,SFO,1955,2012,17,2125,2114,-11,2025-06-26
95746,2025,6,26,4,LAX,SFO,2130,2121,-9,2302,2244,-18,2025-06-26
95747,2025,6,26,4,LAX,SFO,2149,2145,-4,2312,2305,-7,2025-06-26
95748,2025,6,26,4,LAX,SFO,2225,2224,-1,2352,2348,-4,2025-06-26
95749,2025,6,26,4,LAX,SGU,1325,1344,19,1557,1613,16,2025-06-26
95750,2025,6,26,4,LAX,SJC,605,559,-6,725,710,-15,2025-06-26
95751,2025,6,26,4,LAX,SJC,705,654,-11,820,823,3,2025-06-26
95752,2025,6,26,4,LAX,SJC,900,858,-2,1020,959,-21,2025-06-26
95753,2025,6,26,4,LAX,SJC,915,908,-7,1030,1018,-12,2025-06-26
95754,2025,6,26,4,LAX,SJC,1025,1033,8,1140,1138,-2,2025-06-26
95755,2025,6,26,4,LAX,SJC,1135,1134,-1,1252,1254,2,2025-06-26
95756,2025,6,26,4,LAX,SJC,1325,1315,-10,1440,1423,-17,2025-06-26
95757,2025,6,26,4,LAX,SJC,1405,1419,14,1520,1524,4,2025-06-26
95758,2025,6,26,4,LAX,SJC,1545,1545,0,1700,1651,-9,2025-06-26
95759,2025,6,26,4,LAX,SJC,1635,1633,-2,1750,1735,-15,2025-06-26
95760,2025,6,26,4,LAX,SJC,1800,1757,-3,1915,1904,-11,2025-06-26
95761,2025,6,26,4,LAX,SJC,2120,2114,-6,2245,2216,-29,2025-06-26
95762,2025,6,26,4,LAX,SJC,2128,2120,-8,2244,2228,-16,2025-06-26
95763,2025,6,26,4,LAX,SLC,600,553,-7,853,836,-17,2025-06-26
95764,2025,6,26,4,LAX,SLC,700,701,1,955,959,4,2025-06-26
95765,2025,6,26,4,LAX,SLC,833,828,-5,1132,1123,-9,2025-06-26
95766,2025,6,26,4,LAX,SLC,948,947,-1,1243,1229,-14,2025-06-26
95767,2025,6,26,4,LAX,SLC,1005,1013,8,1255,1250,-5,2025-06-26
95768,2025,6,26,4,LAX,SLC,1111,1105,-6,1403,1346,-17,2025-06-26
95769,2025,6,26,4,LAX,SLC,1311,1258,-13,1604,1549,-15,2025-06-26
95770,2025,6,26,4,LAX,SLC,1710,1724,14,2000,2004,4,2025-06-26
95771,2025,6,26,4,LAX,SLC,1845,1840,-5,2139,2124,-15,2025-06-26
95772,2025,6,26,4,LAX,SLC,1919,1910,-9,2206,2202,-4,2025-06-26
95773,2025,6,26,4,LAX,SMF,600,554,-6,725,712,-13,2025-06-26
95774,2025,6,26,4,LAX,SMF,755,753,-2,924,920,-4,2025-06-26
95775,2025,6,26,4,LAX,SMF,810,806,-4,940,937,-3,2025-06-26
95776,2025,6,26,4,LAX,SMF,815,811,-4,952,936,-16,2025-06-26
95777,2025,6,26,4,LAX,SMF,946,943,-3,1123,1109,-14,2025-06-26
95778,2025,6,26,4,LAX,SMF,1025,1018,-7,1159,1140,-19,2025-06-26
95779,2025,6,26,4,LAX,SMF,1140,1139,-1,1305,1317,12,2025-06-26
95780,2025,6,26,4,LAX,SMF,1225,1218,-7,1354,1334,-20,2025-06-26
95781,2025,6,26,4,LAX,SMF,1309,1312,3,1444,1437,-7,2025-06-26
95782,2025,6,26,4,LAX,SMF,1620,1634,14,1745,1747,2,2025-06-26
95783,2025,6,26,4,LAX,SMF,1626,1620,-6,1758,1759,1,2025-06-26
95784,2025,6,26,4,LAX,SMF,1630,1638,8,1801,1800,-1,2025-06-26
95785,2025,6,26,4,LAX,SMF,1654,1643,-11,1823,1817,-6,2025-06-26
95786,2025,6,26,4,LAX,SMF,1815,1811,-4,1945,1929,-16,2025-06-26
95787,2025,6,26,4,LAX,SMF,2016,2011,-5,2155,2131,-24,2025-06-26
95789,2025,6,26,4,LAX,SMF,2056,2049,-7,2228,2208,-20,2025-06-26
95790,2025,6,26,4,LAX,SMF,2155,2204,9,2320,2322,2,2025-06-26
95791,2025,6,26,4,LAX,STL,510,509,-1,1050,1037,-13,2025-06-26
95792,2025,6,26,4,LAX,STL,1733,1727,-6,2259,2310,11,2025-06-26
95793,2025,6,26,4,LAX,STL,1905,1956,51,40,119,39,2025-06-26
95794,2025,6,26,4,LAX,STS,925,922,-3,1106,1110,4,2025-06-26
95795,2025,6,26,4,LAX,STS,2206,2201,-5,2344,2326,-18,2025-06-26
95797,2025,6,26,4,LAX,SUN,1907,1901,-6,2215,2202,-13,2025-06-26
95798,2025,6,26,4,LAX,TPA,1012,1037,25,1800,1850,50,2025-06-26
95799,2025,6,26,4,LAX,TPA,2140,2133,-7,539,513,-26,2025-06-26
95800,2025,6,26,4,LAX,TPA,2210,2159,-11,544,539,-5,2025-06-26
95801,2025,6,26,4,LAX,TUL,930,922,-8,1440,1422,-18,2025-06-26
95803,2025,6,26,4,LAX,TUS,935,927,-8,1110,1056,-14,2025-06-26
95804,2025,6,26,4,LAX,TUS,1240,1313,33,1410,1448,38,2025-06-26
95805,2025,6,26,4,LAX,TUS,1410,1443,33,1544,1605,21,2025-06-26
95806,2025,6,26,4,LAX,TUS,1458,1448,-10,1627,1626,-1,2025-06-26
95807,2025,6,26,4,LAX,TUS,1818,1810,-8,1949,1951,2,2025-06-26
95808,2025,6,26,4,LAX,TUS,1900,1907,7,2033,2039,6,2025-06-26
95809,2025,6,26,4,LAX,XNA,914,908,-6,1438,1452,14,2025-06-26
99201,2025,6,27,5,LAX,ABQ,800,759,-1,1108,1058,-10,2025-06-27
99202,2025,6,27,5,LAX,ABQ,855,911,16,1158,1211,13,2025-06-27
99203,2025,6,27,5,LAX,ABQ,1120,1116,-4,1415,1359,-16,2025-06-27
99204,2025,6,27,5,LAX,ABQ,1459,1451,-8,1802,1745,-17,2025-06-27
99205,2025,6,27,5,LAX,ABQ,1849,1839,-10,2152,2131,-21,2025-06-27
99206,2025,6,27,5,LAX,ABQ,1958,1949,-9,2258,2236,-22,2025-06-27
99207,2025,6,27,5,LAX,ACV,1310,1301,-9,1508,1448,-20,2025-06-27
99208,2025,6,27,5,LAX,ANC,1945,1956,11,8,22,14,2025-06-27
99209,2025,6,27,5,LAX,ASE,1040,1043,3,1356,1410,14,2025-06-27
99210,2025,6,27,5,LAX,ASE,1254,1245,-9,1605,1558,-7,2025-06-27
99211,2025,6,27,5,LAX,ASE,1445,1533,48,1751,1859,68,2025-06-27
99212,2025,6,27,5,LAX,ASE,1655,1649,-6,2006,1953,-13,2025-06-27
99214,2025,6,27,5,LAX,ATL,620,615,-5,1342,1340,-2,2025-06-27
99215,2025,6,27,5,LAX,ATL,735,733,-2,1448,1451,3,2025-06-27
99216,2025,6,27,5,LAX,ATL,845,844,-1,1607,1633,26,2025-06-27
99217,2025,6,27,5,LAX,ATL,951,1020,29,1715,1744,29,2025-06-27
99218,2025,6,27,5,LAX,ATL,953,947,-6,1719,1722,3,2025-06-27
99219,2025,6,27,5,LAX,ATL,1115,1141,26,1834,2026,112,2025-06-27
99224,2025,6,27,5,LAX,ATL,1430,1423,-7,2150,2252,62,2025-06-27
99227,2025,6,27,5,LAX,ATL,2145,2242,57,500,557,57,2025-06-27
99231,2025,6,27,5,LAX,AUS,500,457,-3,1000,944,-16,2025-06-27
99233,2025,6,27,5,LAX,AUS,745,736,-9,1246,1224,-22,2025-06-27
99234,2025,6,27,5,LAX,AUS,920,922,2,1447,1435,-12,2025-06-27
99235,2025,6,27,5,LAX,AUS,1035,1031,-4,1545,1541,-4,2025-06-27
99236,2025,6,27,5,LAX,AUS,1115,1209,54,1620,1657,37,2025-06-27
99237,2025,6,27,5,LAX,AUS,1614,1608,-6,2114,2102,-12,2025-06-27
99238,2025,6,27,5,LAX,AUS,1620,1613,-7,2121,2117,-4,2025-06-27
99239,2025,6,27,5,LAX,AUS,1835,1842,7,2338,2344,6,2025-06-27
99240,2025,6,27,5,LAX,AUS,1850,1842,-8,2350,2329,-21,2025-06-27
99241,2025,6,27,5,LAX,AUS,1851,1844,-7,2359,2336,-23,2025-06-27
99242,2025,6,27,5,LAX,AUS,1855,1934,39,2355,27,32,2025-06-27
99243,2025,6,27,5,LAX,BNA,700,653,-7,1257,1237,-20,2025-06-27
99244,2025,6,27,5,LAX,BNA,710,709,-1,1325,1305,-20,2025-06-27
99245,2025,6,27,5,LAX,BNA,929,929,0,1532,1541,9,2025-06-27
99246,2025,6,27,5,LAX,BNA,1036,1045,9,1645,1656,11,2025-06-27
99247,2025,6,27,5,LAX,BNA,1239,1237,-2,1844,1859,15,2025-06-27
99249,2025,6,27,5,LAX,BNA,2250,2245,-5,500,436,-24,2025-06-27
99250,2025,6,27,5,LAX,BOI,1157,1147,-10,1503,1452,-11,2025-06-27
99251,2025,6,27,5,LAX,BOI,1242,1239,-3,1557,1543,-14,2025-06-27
99252,2025,6,27,5,LAX,BOI,1950,1944,-6,2254,2242,-12,2025-06-27
99253,2025,6,27,5,LAX,BOI,1959,1956,-3,2301,2245,-16,2025-06-27
99254,2025,6,27,5,LAX,BOS,600,548,-12,1440,1417,-23,2025-06-27
99255,2025,6,27,5,LAX,BOS,640,636,-4,1515,1459,-16,2025-06-27
99256,2025,6,27,5,LAX,BOS,830,827,-3,1719,1658,-21,2025-06-27
99258,2025,6,27,5,LAX,BOS,840,901,21,1716,1742,26,2025-06-27
99259,2025,6,27,5,LAX,BOS,1045,1039,-6,1924,1912,-12,2025-06-27
99260,2025,6,27,5,LAX,BOS,1145,1220,35,2025,2052,27,2025-06-27
99261,2025,6,27,5,LAX,BOS,1310,1310,0,2151,2143,-8,2025-06-27
99262,2025,6,27,5,LAX,BOS,1525,1518,-7,2355,2337,-18,2025-06-27
99264,2025,6,27,5,LAX,BOS,2102,2154,52,532,611,39,2025-06-27
99265,2025,6,27,5,LAX,BOS,2213,2310,57,644,735,51,2025-06-27
99266,2025,6,27,5,LAX,BOS,2255,2341,46,733,803,30,2025-06-27
99267,2025,6,27,5,LAX,BOS,2305,2257,-8,741,725,-16,2025-06-27
99269,2025,6,27,5,LAX,BWI,530,530,0,1335,1324,-11,2025-06-27
99270,2025,6,27,5,LAX,BWI,845,841,-4,1654,1646,-8,2025-06-27
99271,2025,6,27,5,LAX,BWI,1005,1013,8,1810,1807,-3,2025-06-27
99272,2025,6,27,5,LAX,BWI,1134,1132,-2,1929,1946,17,2025-06-27
99273,2025,6,27,5,LAX,BWI,2055,2131,36,500,522,22,2025-06-27
99275,2025,6,27,5,LAX,BZN,1129,1135,6,1458,1500,2,2025-06-27
99276,2025,6,27,5,LAX,BZN,1918,1914,-4,2259,2250,-9,2025-06-27
99277,2025,6,27,5,LAX,CLE,1055,1051,-4,1828,1817,-11,2025-06-27
99278,2025,6,27,5,LAX,CLE,2120,2116,-4,453,434,-19,2025-06-27
99279,2025,6,27,5,LAX,CLT,605,556,-9,1354,1406,12,2025-06-27
99280,2025,6,27,5,LAX,CLT,759,750,-9,1545,1549,4,2025-06-27
99281,2025,6,27,5,LAX,CLT,911,917,6,1700,1729,29,2025-06-27
99282,2025,6,27,5,LAX,CLT,1154,1159,5,1945,2030,45,2025-06-27
99283,2025,6,27,5,LAX,CLT,1402,1437,35,2155,2301,66,2025-06-27
99285,2025,6,27,5,LAX,CLT,2249,2328,39,635,700,25,2025-06-27
99287,2025,6,27,5,LAX,CLT,2349,2343,-6,735,736,1,2025-06-27
99288,2025,6,27,5,LAX,CMH,925,919,-6,1701,1652,-9,2025-06-27
99289,2025,6,27,5,LAX,CVG,2229,2246,17,538,545,7,2025-06-27
99290,2025,6,27,5,LAX,DAL,505,501,-4,1010,955,-15,2025-06-27
99291,2025,6,27,5,LAX,DAL,645,644,-1,1150,1134,-16,2025-06-27
99292,2025,6,27,5,LAX,DAL,1120,1130,10,1630,1637,7,2025-06-27
99293,2025,6,27,5,LAX,DAL,1630,1642,12,2145,2151,6,2025-06-27
99294,2025,6,27,5,LAX,DAL,1810,1806,-4,2320,2255,-25,2025-06-27
99295,2025,6,27,5,LAX,DCA,759,810,11,1600,1710,70,2025-06-27
99296,2025,6,27,5,LAX,DCA,819,810,-9,1622,1718,56,2025-06-27
99300,2025,6,27,5,LAX,DEN,545,549,4,910,858,-12,2025-06-27
99301,2025,6,27,5,LAX,DEN,615,613,-2,948,949,1,2025-06-27
99302,2025,6,27,5,LAX,DEN,711,740,29,1035,1050,15,2025-06-27
99303,2025,6,27,5,LAX,DEN,746,737,-9,1110,1106,-4,2025-06-27
99304,2025,6,27,5,LAX,DEN,804,814,10,1133,1140,7,2025-06-27
99305,2025,6,27,5,LAX,DEN,805,804,-1,1130,1118,-12,2025-06-27
99306,2025,6,27,5,LAX,DEN,900,857,-3,1227,1216,-11,2025-06-27
99307,2025,6,27,5,LAX,DEN,1030,1047,17,1355,1355,0,2025-06-27
99308,2025,6,27,5,LAX,DEN,1055,1045,-10,1430,1410,-20,2025-06-27
99309,2025,6,27,5,LAX,DEN,1100,1059,-1,1427,1429,2,2025-06-27
99310,2025,6,27,5,LAX,DEN,1257,1254,-3,1625,1610,-15,2025-06-27
99311,2025,6,27,5,LAX,DEN,1338,1325,-13,1701,1704,3,2025-06-27
99312,2025,6,27,5,LAX,DEN,1340,1345,5,1710,1700,-10,2025-06-27
99313,2025,6,27,5,LAX,DEN,1435,1438,3,1805,1808,3,2025-06-27
99314,2025,6,27,5,LAX,DEN,1459,1452,-7,1819,1808,-11,2025-06-27
99315,2025,6,27,5,LAX,DEN,1605,1615,10,1930,1936,6,2025-06-27
99317,2025,6,27,5,LAX,DEN,1820,1811,-9,2150,2128,-22,2025-06-27
99318,2025,6,27,5,LAX,DEN,1918,1921,3,2247,2234,-13,2025-06-27
99319,2025,6,27,5,LAX,DEN,1945,1938,-7,2309,2318,9,2025-06-27
99320,2025,6,27,5,LAX,DEN,2020,2042,22,2350,2351,1,2025-06-27
99321,2025,6,27,5,LAX,DEN,2025,2016,-9,2348,2329,-19,2025-06-27
99322,2025,6,27,5,LAX,DFW,40,32,-8,545,525,-20,2025-06-27
99324,2025,6,27,5,LAX,DFW,130,210,40,633,704,31,2025-06-27
99325,2025,6,27,5,LAX,DFW,600,554,-6,1103,1107,4,2025-06-27
99326,2025,6,27,5,LAX,DFW,600,604,4,1120,1133,13,2025-06-27
99327,2025,6,27,5,LAX,DFW,700,656,-4,1209,1208,-1,2025-06-27
99328,2025,6,27,5,LAX,DFW,826,818,-8,1339,1324,-15,2025-06-27
99329,2025,6,27,5,LAX,DFW,835,833,-2,1343,1338,-5,2025-06-27
99330,2025,6,27,5,LAX,DFW,930,927,-3,1443,1437,-6,2025-06-27
99331,2025,6,27,5,LAX,DFW,1037,1102,25,1545,1727,102,2025-06-27
99334,2025,6,27,5,LAX,DFW,1433,1455,22,1943,2017,34,2025-06-27
99335,2025,6,27,5,LAX,DFW,1548,1600,12,2059,2116,17,2025-06-27
99336,2025,6,27,5,LAX,DFW,1636,1639,3,2147,2204,17,2025-06-27
99337,2025,6,27,5,LAX,DFW,1835,1832,-3,2347,2350,3,2025-06-27
99338,2025,6,27,5,LAX,DFW,1855,1848,-7,2356,2349,-7,2025-06-27
99339,2025,6,27,5,LAX,DFW,1903,1950,47,26,103,37,2025-06-27
99340,2025,6,27,5,LAX,DFW,2359,36,37,509,528,19,2025-06-27
99341,2025,6,27,5,LAX,DTW,20,104,44,752,817,25,2025-06-27
99342,2025,6,27,5,LAX,DTW,530,556,26,1257,1315,18,2025-06-27
99343,2025,6,27,5,LAX,DTW,735,731,-4,1456,1437,-19,2025-06-27
99344,2025,6,27,5,LAX,DTW,925,920,-5,1652,1654,2,2025-06-27
99345,2025,6,27,5,LAX,DTW,1114,1116,2,1837,1835,-2,2025-06-27
99346,2025,6,27,5,LAX,DTW,1209,1204,-5,1931,1943,12,2025-06-27
99347,2025,6,27,5,LAX,DTW,1536,1529,-7,2304,2242,-22,2025-06-27
99349,2025,6,27,5,LAX,DTW,2215,2209,-6,535,515,-20,2025-06-27
99350,2025,6,27,5,LAX,ELP,1245,1245,0,1545,1536,-9,2025-06-27
99351,2025,6,27,5,LAX,ELP,1430,1422,-8,1731,1731,0,2025-06-27
99352,2025,6,27,5,LAX,ELP,1947,1939,-8,2247,2242,-5,2025-06-27
99353,2025,6,27,5,LAX,EUG,2144,2244,60,2358,53,55,2025-06-27
99354,2025,6,27,5,LAX,EWR,600,555,-5,1437,1441,4,2025-06-27
99355,2025,6,27,5,LAX,EWR,700,653,-7,1537,1510,-27,2025-06-27
99356,2025,6,27,5,LAX,EWR,700,658,-2,1534,1513,-21,2025-06-27
99357,2025,6,27,5,LAX,EWR,810,759,-11,1640,1628,-12,2025-06-27
99358,2025,6,27,5,LAX,EWR,820,818,-2,1645,1642,-3,2025-06-27
99360,2025,6,27,5,LAX,EWR,1050,1126,36,1920,1952,32,2025-06-27
99361,2025,6,27,5,LAX,EWR,1115,1113,-2,1955,1923,-32,2025-06-27
99362,2025,6,27,5,LAX,EWR,1215,1214,-1,2057,2124,27,2025-06-27
99366,2025,6,27,5,LAX,EWR,2055,2052,-3,509,448,-21,2025-06-27
99367,2025,6,27,5,LAX,EWR,2126,2127,1,559,543,-16,2025-06-27
99369,2025,6,27,5,LAX,EWR,2359,8,9,813,809,-4,2025-06-27
99370,2025,6,27,5,LAX,FAT,1030,1028,-2,1148,1144,-4,2025-06-27
99371,2025,6,27,5,LAX,FAT,1857,1852,-5,2011,1948,-23,2025-06-27
99372,2025,6,27,5,LAX,FAT,2116,2110,-6,2230,2217,-13,2025-06-27
99373,2025,6,27,5,LAX,FCA,922,929,7,1321,1322,1,2025-06-27
99374,2025,6,27,5,LAX,FLL,800,752,-8,1614,1616,2,2025-06-27
99375,2025,6,27,5,LAX,FLL,1112,1201,49,1926,2011,45,2025-06-27
99376,2025,6,27,5,LAX,FLL,1345,1340,-5,2158,2146,-12,2025-06-27
99377,2025,6,27,5,LAX,FLL,2155,2154,-1,603,548,-15,2025-06-27
99379,2025,6,27,5,LAX,FSD,1605,1609,4,2119,2116,-3,2025-06-27
99380,2025,6,27,5,LAX,GEG,1114,1108,-6,1352,1327,-25,2025-06-27
99381,2025,6,27,5,LAX,GEG,1432,1430,-2,1707,1646,-21,2025-06-27
99382,2025,6,27,5,LAX,GEG,1516,1512,-4,1747,1735,-12,2025-06-27
99383,2025,6,27,5,LAX,GEG,1859,1850,-9,2133,2113,-20,2025-06-27
99384,2025,6,27,5,LAX,HNL,705,714,9,1010,953,-17,2025-06-27
99386,2025,6,27,5,LAX,HNL,830,838,8,1105,1114,9,2025-06-27
99387,2025,6,27,5,LAX,HNL,835,837,2,1117,1126,9,2025-06-27
99388,2025,6,27,5,LAX,HNL,849,849,0,1137,1119,-18,2025-06-27
99389,2025,6,27,5,LAX,HNL,1010,1032,22,1240,1317,37,2025-06-27
99390,2025,6,27,5,LAX,HNL,1115,1111,-4,1404,1354,-10,2025-06-27
99391,2025,6,27,5,LAX,HNL,1315,1320,5,1601,1601,0,2025-06-27
99392,2025,6,27,5,LAX,HNL,1335,1335,0,1618,1609,-9,2025-06-27
99394,2025,6,27,5,LAX,HNL,1710,1722,12,1944,1946,2,2025-06-27
99395,2025,6,27,5,LAX,HNL,1745,1833,48,2030,2100,30,2025-06-27
99396,2025,6,27,5,LAX,HNL,1810,1855,45,2052,2135,43,2025-06-27
99397,2025,6,27,5,LAX,HNL,1820,1819,-1,2057,2053,-4,2025-06-27
99398,2025,6,27,5,LAX,HNL,1825,1823,-2,2115,2101,-14,2025-06-27
99399,2025,6,27,5,LAX,HNL,1845,1856,11,2128,2129,1,2025-06-27
99400,2025,6,27,5,LAX,HNL,1913,1958,45,2155,2224,29,2025-06-27
99402,2025,6,27,5,LAX,HOU,505,503,-2,1030,1013,-17,2025-06-27
99403,2025,6,27,5,LAX,HOU,1335,1349,14,1900,1909,9,2025-06-27
99404,2025,6,27,5,LAX,HOU,1745,1821,36,2305,2338,33,2025-06-27
99405,2025,6,27,5,LAX,HOU,2350,33,43,515,543,28,2025-06-27
99406,2025,6,27,5,LAX,IAD,615,616,1,1418,1408,-10,2025-06-27
99407,2025,6,27,5,LAX,IAD,815,812,-3,1621,1618,-3,2025-06-27
99408,2025,6,27,5,LAX,IAD,820,831,11,1625,1638,13,2025-06-27
99409,2025,6,27,5,LAX,IAD,1050,1047,-3,1855,1849,-6,2025-06-27
99410,2025,6,27,5,LAX,IAD,1250,1244,-6,2055,2046,-9,2025-06-27
99411,2025,6,27,5,LAX,IAD,1703,1702,-1,100,52,-8,2025-06-27
99412,2025,6,27,5,LAX,IAD,2250,2245,-5,640,612,-28,2025-06-27
99414,2025,6,27,5,LAX,IAH,521,522,1,1048,1052,4,2025-06-27
99415,2025,6,27,5,LAX,IAH,730,730,0,1259,1235,-24,2025-06-27
99416,2025,6,27,5,LAX,IAH,845,839,-6,1407,1350,-17,2025-06-27
99417,2025,6,27,5,LAX,IAH,850,848,-2,1419,1358,-21,2025-06-27
99418,2025,6,27,5,LAX,IAH,1015,1008,-7,1540,1546,6,2025-06-27
99419,2025,6,27,5,LAX,IAH,1128,1126,-2,1648,1648,0,2025-06-27
99420,2025,6,27,5,LAX,IAH,1155,1150,-5,1720,1717,-3,2025-06-27
99421,2025,6,27,5,LAX,IAH,1320,1327,7,1841,1844,3,2025-06-27
99422,2025,6,27,5,LAX,IAH,1358,1353,-5,1925,1931,6,2025-06-27
99424,2025,6,27,5,LAX,IAH,1610,1612,2,2135,2130,-5,2025-06-27
99425,2025,6,27,5,LAX,IAH,1809,1811,2,2328,2330,2,2025-06-27
99426,2025,6,27,5,LAX,IAH,1910,1907,-3,33,23,-10,2025-06-27
99428,2025,6,27,5,LAX,IND,1036,1136,60,1747,1845,58,2025-06-27
99429,2025,6,27,5,LAX,IND,1134,1219,45,1838,1908,30,2025-06-27
99430,2025,6,27,5,LAX,IND,2314,2308,-6,614,558,-16,2025-06-27
99431,2025,6,27,5,LAX,JAC,900,854,-6,1218,1213,-5,2025-06-27
99432,2025,6,27,5,LAX,JAC,1030,1027,-3,1348,1341,-7,2025-06-27
99433,2025,6,27,5,LAX,JAC,1235,1246,11,1552,1559,7,2025-06-27
99434,2025,6,27,5,LAX,JFK,600,555,-5,1434,1431,-3,2025-06-27
99435,2025,6,27,5,LAX,JFK,600,558,-2,1430,1426,-4,2025-06-27
99436,2025,6,27,5,LAX,JFK,700,702,2,1535,1521,-14,2025-06-27
99437,2025,6,27,5,LAX,JFK,700,704,4,1535,1525,-10,2025-06-27
99438,2025,6,27,5,LAX,JFK,710,659,-11,1545,1533,-12,2025-06-27
99439,2025,6,27,5,LAX,JFK,819,812,-7,1658,1641,-17,2025-06-27
99451,2025,6,27,5,LAX,JFK,1420,1506,46,2252,2341,49,2025-06-27
99452,2025,6,27,5,LAX,JFK,1515,1512,-3,2355,2334,-21,2025-06-27
99453,2025,6,27,5,LAX,JFK,1520,1536,16,2354,2350,-4,2025-06-27
99456,2025,6,27,5,LAX,JFK,2036,2040,4,503,447,-16,2025-06-27
99457,2025,6,27,5,LAX,JFK,2053,2058,5,530,502,-28,2025-06-27
99458,2025,6,27,5,LAX,JFK,2125,2126,1,559,548,-11,2025-06-27
99461,2025,6,27,5,LAX,JFK,2250,2322,32,723,736,13,2025-06-27
99462,2025,6,27,5,LAX,JFK,2252,2244,-8,732,701,-31,2025-06-27
99463,2025,6,27,5,LAX,JFK,2355,2,7,830,827,-3,2025-06-27
99464,2025,6,27,5,LAX,JFK,2358,2358,0,830,811,-19,2025-06-27
99465,2025,6,27,5,LAX,KOA,830,821,-9,1110,1110,0,2025-06-27
99466,2025,6,27,5,LAX,KOA,920,916,-4,1200,1145,-15,2025-06-27
99468,2025,6,27,5,LAX,KOA,1629,1627,-2,1859,1849,-10,2025-06-27
99469,2025,6,27,5,LAX,KOA,1750,1743,-7,2028,2024,-4,2025-06-27
99470,2025,6,27,5,LAX,LAS,520,518,-2,635,627,-8,2025-06-27
99472,2025,6,27,5,LAX,LAS,725,733,8,845,835,-10,2025-06-27
99473,2025,6,27,5,LAX,LAS,730,726,-4,840,830,-10,2025-06-27
99474,2025,6,27,5,LAX,LAS,819,814,-5,941,925,-16,2025-06-27
99475,2025,6,27,5,LAX,LAS,845,845,0,1005,945,-20,2025-06-27
99477,2025,6,27,5,LAX,LAS,1125,1126,1,1245,1236,-9,2025-06-27
99478,2025,6,27,5,LAX,LAS,1140,1133,-7,1254,1246,-8,2025-06-27
99479,2025,6,27,5,LAX,LAS,1449,1443,-6,1611,1554,-17,2025-06-27
99480,2025,6,27,5,LAX,LAS,1505,1459,-6,1615,1609,-6,2025-06-27
99481,2025,6,27,5,LAX,LAS,1535,1611,36,1655,1712,17,2025-06-27
99482,2025,6,27,5,LAX,LAS,1548,1548,0,1713,1659,-14,2025-06-27
99483,2025,6,27,5,LAX,LAS,1740,1744,4,1855,1844,-11,2025-06-27
99484,2025,6,27,5,LAX,LAS,1755,1753,-2,1918,1902,-16,2025-06-27
99485,2025,6,27,5,LAX,LAS,1850,1904,14,2000,2015,15,2025-06-27
99487,2025,6,27,5,LAX,LAS,1855,1853,-2,2017,1959,-18,2025-06-27
99488,2025,6,27,5,LAX,LAS,1940,1940,0,2100,2044,-16,2025-06-27
99489,2025,6,27,5,LAX,LAS,1945,1959,14,2108,2124,16,2025-06-27
99492,2025,6,27,5,LAX,LAS,2205,2204,-1,2320,2300,-20,2025-06-27
99493,2025,6,27,5,LAX,LAS,2215,2210,-5,2327,2314,-13,2025-06-27
99495,2025,6,27,5,LAX,LAS,2235,2232,-3,2357,2355,-2,2025-06-27
99496,2025,6,27,5,LAX,LIH,842,838,-4,1140,1135,-5,2025-06-27
99497,2025,6,27,5,LAX,LIH,903,901,-2,1204,1147,-17,2025-06-27
99498,2025,6,27,5,LAX,LIH,930,936,6,1225,1221,-4,2025-06-27
99499,2025,6,27,5,LAX,LIH,1425,1421,-4,1708,1730,22,2025-06-27
99500,2025,6,27,5,LAX,LIH,1730,1723,-7,2025,2007,-18,2025-06-27
99501,2025,6,27,5,LAX,MCI,800,759,-1,1315,1304,-11,2025-06-27
99502,2025,6,27,5,LAX,MCI,930,921,-9,1444,1440,-4,2025-06-27
99503,2025,6,27,5,LAX,MCI,1520,1511,-9,2029,2020,-9,2025-06-27
99504,2025,6,27,5,LAX,MCI,1815,1807,-8,2327,2309,-18,2025-06-27
99505,2025,6,27,5,LAX,MCO,700,650,-10,1458,1445,-13,2025-06-27
99506,2025,6,27,5,LAX,MCO,1007,1022,15,1809,1837,28,2025-06-27
99507,2025,6,27,5,LAX,MCO,1035,1029,-6,1838,1909,31,2025-06-27
99508,2025,6,27,5,LAX,MCO,1120,1131,11,1914,1938,24,2025-06-27
99510,2025,6,27,5,LAX,MCO,1605,1558,-7,2359,8,9,2025-06-27
99511,2025,6,27,5,LAX,MCO,2135,2142,7,536,529,-7,2025-06-27
99512,2025,6,27,5,LAX,MCO,2145,2141,-4,532,524,-8,2025-06-27
99513,2025,6,27,5,LAX,MCO,2249,2246,-3,647,645,-2,2025-06-27
99514,2025,6,27,5,LAX,MDW,620,618,-2,1225,1207,-18,2025-06-27
99515,2025,6,27,5,LAX,MDW,840,846,6,1445,1432,-13,2025-06-27
99516,2025,6,27,5,LAX,MDW,1315,1326,11,1920,1912,-8,2025-06-27
99517,2025,6,27,5,LAX,MDW,1610,1633,23,2210,2225,15,2025-06-27
99518,2025,6,27,5,LAX,MDW,2255,2254,-1,500,440,-20,2025-06-27
99520,2025,6,27,5,LAX,MIA,600,608,8,1413,1404,-9,2025-06-27
99521,2025,6,27,5,LAX,MIA,745,745,0,1554,1549,-5,2025-06-27
99522,2025,6,27,5,LAX,MIA,900,851,-9,1719,1711,-8,2025-06-27
99523,2025,6,27,5,LAX,MIA,1005,1028,23,1816,1828,12,2025-06-27
99524,2025,6,27,5,LAX,MIA,1210,1231,21,2020,2056,36,2025-06-27
99526,2025,6,27,5,LAX,MIA,2140,2212,32,550,613,23,2025-06-27
99527,2025,6,27,5,LAX,MIA,2249,2246,-3,701,649,-12,2025-06-27
99528,2025,6,27,5,LAX,MIA,2343,2343,0,750,750,0,2025-06-27
99529,2025,6,27,5,LAX,MRY,815,808,-7,937,923,-14,2025-06-27
99530,2025,6,27,5,LAX,MRY,1821,1815,-6,1935,1944,9,2025-06-27
99531,2025,6,27,5,LAX,MSO,1131,1124,-7,1510,1456,-14,2025-06-27
99532,2025,6,27,5,LAX,MSP,50,48,-2,625,608,-17,2025-06-27
99533,2025,6,27,5,LAX,MSP,617,612,-5,1148,1148,0,2025-06-27
99534,2025,6,27,5,LAX,MSP,800,754,-6,1334,1340,6,2025-06-27
99535,2025,6,27,5,LAX,MSP,1130,1120,-10,1702,1652,-10,2025-06-27
99536,2025,6,27,5,LAX,MSP,1325,1329,4,1855,1853,-2,2025-06-27
99537,2025,6,27,5,LAX,MSP,1520,1517,-3,2049,2050,1,2025-06-27
99538,2025,6,27,5,LAX,MSP,1850,1918,28,20,59,39,2025-06-27
99539,2025,6,27,5,LAX,MSP,2330,2347,17,504,516,12,2025-06-27
99540,2025,6,27,5,LAX,MSY,700,658,-2,1240,1242,2,2025-06-27
99541,2025,6,27,5,LAX,MSY,1210,1158,-12,1753,1746,-7,2025-06-27
99542,2025,6,27,5,LAX,MSY,1225,1244,19,1810,1903,53,2025-06-27
99543,2025,6,27,5,LAX,MSY,1747,1810,23,2327,2342,15,2025-06-27
99544,2025,6,27,5,LAX,MSY,1818,1820,2,2358,2357,-1,2025-06-27
99545,2025,6,27,5,LAX,OAK,610,606,-4,735,728,-7,2025-06-27
99546,2025,6,27,5,LAX,OAK,805,800,-5,930,911,-19,2025-06-27
99547,2025,6,27,5,LAX,OAK,925,924,-1,1050,1031,-19,2025-06-27
99548,2025,6,27,5,LAX,OAK,1150,1148,-2,1315,1309,-6,2025-06-27
99549,2025,6,27,5,LAX,OAK,1505,1538,33,1625,1640,15,2025-06-27
99550,2025,6,27,5,LAX,OAK,1845,1845,0,2010,2002,-8,2025-06-27
99552,2025,6,27,5,LAX,OGG,700,708,8,935,936,1,2025-06-27
99553,2025,6,27,5,LAX,OGG,800,758,-2,1031,1026,-5,2025-06-27
99554,2025,6,27,5,LAX,OGG,815,820,5,1055,1049,-6,2025-06-27
99555,2025,6,27,5,LAX,OGG,902,901,-1,1147,1138,-9,2025-06-27
99556,2025,6,27,5,LAX,OGG,1040,1108,28,1319,1358,39,2025-06-27
99557,2025,6,27,5,LAX,OGG,1653,1655,2,1932,1923,-9,2025-06-27
99558,2025,6,27,5,LAX,OGG,1656,1649,-7,1928,1914,-14,2025-06-27
99559,2025,6,27,5,LAX,OGG,1754,1824,30,2030,2043,13,2025-06-27
99560,2025,6,27,5,LAX,OKC,900,854,-6,1400,1350,-10,2025-06-27
99561,2025,6,27,5,LAX,OKC,1732,1800,28,2230,2246,16,2025-06-27
99562,2025,6,27,5,LAX,OMA,1236,1229,-7,1752,1752,0,2025-06-27
99563,2025,6,27,5,LAX,ORD,8,44,36,620,637,17,2025-06-27
99565,2025,6,27,5,LAX,ORD,44,38,-6,651,632,-19,2025-06-27
99566,2025,6,27,5,LAX,ORD,540,538,-2,1152,1131,-21,2025-06-27
99567,2025,6,27,5,LAX,ORD,605,610,5,1221,1228,7,2025-06-27
99568,2025,6,27,5,LAX,ORD,620,614,-6,1242,1220,-22,2025-06-27
99569,2025,6,27,5,LAX,ORD,630,626,-4,1238,1229,-9,2025-06-27
99570,2025,6,27,5,LAX,ORD,800,751,-9,1415,1353,-22,2025-06-27
99571,2025,6,27,5,LAX,ORD,818,830,12,1442,1439,-3,2025-06-27
99576,2025,6,27,5,LAX,ORD,1237,1232,-5,1855,1857,2,2025-06-27
99577,2025,6,27,5,LAX,ORD,1300,1309,9,1929,1931,2,2025-06-27
99578,2025,6,27,5,LAX,ORD,1401,1354,-7,2025,2019,-6,2025-06-27
99579,2025,6,27,5,LAX,ORD,1502,1500,-2,2108,2105,-3,2025-06-27
99580,2025,6,27,5,LAX,ORD,1635,1626,-9,2259,2230,-29,2025-06-27
99581,2025,6,27,5,LAX,ORD,1646,1649,3,2305,2243,-22,2025-06-27
99583,2025,6,27,5,LAX,ORD,1738,1731,-7,2359,2338,-21,2025-06-27
99584,2025,6,27,5,LAX,ORD,2240,2235,-5,451,427,-24,2025-06-27
99585,2025,6,27,5,LAX,ORD,2300,2333,33,513,519,6,2025-06-27
99587,2025,6,27,5,LAX,PDX,700,656,-4,921,904,-17,2025-06-27
99588,2025,6,27,5,LAX,PDX,700,707,7,923,929,6,2025-06-27
99589,2025,6,27,5,LAX,PDX,845,840,-5,1110,1052,-18,2025-06-27
99590,2025,6,27,5,LAX,PDX,905,900,-5,1131,1121,-10,2025-06-27
99591,2025,6,27,5,LAX,PDX,943,940,-3,1214,1154,-20,2025-06-27
99592,2025,6,27,5,LAX,PDX,1102,1058,-4,1325,1323,-2,2025-06-27
99593,2025,6,27,5,LAX,PDX,1340,1332,-8,1600,1556,-4,2025-06-27
99594,2025,6,27,5,LAX,PDX,1405,1354,-11,1626,1607,-19,2025-06-27
99595,2025,6,27,5,LAX,PDX,1605,1600,-5,1826,1816,-10,2025-06-27
99596,2025,6,27,5,LAX,PDX,1640,1627,-13,1859,1834,-25,2025-06-27
99597,2025,6,27,5,LAX,PDX,1807,1858,51,2030,2116,46,2025-06-27
99598,2025,6,27,5,LAX,PDX,2006,1954,-12,2230,2219,-11,2025-06-27
99599,2025,6,27,5,LAX,PDX,2025,2050,25,2245,2254,9,2025-06-27
99600,2025,6,27,5,LAX,PDX,2136,2127,-9,2359,2351,-8,2025-06-27
99601,2025,6,27,5,LAX,PHL,108,106,-2,916,927,11,2025-06-27
99602,2025,6,27,5,LAX,PHL,645,637,-8,1454,1458,4,2025-06-27
99604,2025,6,27,5,LAX,PHL,900,853,-7,1718,1707,-11,2025-06-27
99605,2025,6,27,5,LAX,PHL,1140,1141,1,1956,2004,8,2025-06-27
99606,2025,6,27,5,LAX,PHL,1442,1436,-6,2254,2249,-5,2025-06-27
99609,2025,6,27,5,LAX,PHL,2253,2253,0,705,645,-20,2025-06-27
99610,2025,6,27,5,LAX,PHX,525,524,-1,655,637,-18,2025-06-27
99611,2025,6,27,5,LAX,PHX,610,606,-4,739,726,-13,2025-06-27
99612,2025,6,27,5,LAX,PHX,705,655,-10,830,820,-10,2025-06-27
99613,2025,6,27,5,LAX,PHX,750,757,7,915,915,0,2025-06-27
99614,2025,6,27,5,LAX,PHX,815,809,-6,951,955,4,2025-06-27
99615,2025,6,27,5,LAX,PHX,1000,953,-7,1130,1114,-16,2025-06-27
99616,2025,6,27,5,LAX,PHX,1015,1107,52,1145,1223,38,2025-06-27
99617,2025,6,27,5,LAX,PHX,1105,1100,-5,1235,1213,-22,2025-06-27
99619,2025,6,27,5,LAX,PHX,1335,1331,-4,1509,1452,-17,2025-06-27
99620,2025,6,27,5,LAX,PHX,1400,1355,-5,1528,1528,0,2025-06-27
99621,2025,6,27,5,LAX,PHX,1423,1427,4,1602,1639,37,2025-06-27
99622,2025,6,27,5,LAX,PHX,1440,1436,-4,1610,1553,-17,2025-06-27
99624,2025,6,27,5,LAX,PHX,1730,1722,-8,1855,1846,-9,2025-06-27
99625,2025,6,27,5,LAX,PHX,1930,2016,46,2059,2149,50,2025-06-27
99627,2025,6,27,5,LAX,PHX,1955,2013,18,2130,2142,12,2025-06-27
99628,2025,6,27,5,LAX,PHX,2134,2127,-7,2305,2243,-22,2025-06-27
99630,2025,6,27,5,LAX,PHX,2258,2252,-6,27,8,-19,2025-06-27
99632,2025,6,27,5,LAX,PRC,1945,1935,-10,2111,2101,-10,2025-06-27
99633,2025,6,27,5,LAX,PSC,2125,2121,-4,2359,2350,-9,2025-06-27
99634,2025,6,27,5,LAX,RDD,1310,1302,-8,1459,1451,-8,2025-06-27
99635,2025,6,27,5,LAX,RDM,1252,1249,-3,1509,1459,-10,2025-06-27
99636,2025,6,27,5,LAX,RDU,857,852,-5,1654,1714,20,2025-06-27
99637,2025,6,27,5,LAX,RDU,1037,1032,-5,1831,1841,10,2025-06-27
99638,2025,6,27,5,LAX,RDU,2220,2222,2,618,607,-11,2025-06-27
99639,2025,6,27,5,LAX,RDU,2243,2312,29,630,718,48,2025-06-27
99640,2025,6,27,5,LAX,RNO,959,1002,3,1131,1124,-7,2025-06-27
99641,2025,6,27,5,LAX,RNO,1015,1012,-3,1157,1139,-18,2025-06-27
99642,2025,6,27,5,LAX,RNO,1425,1446,21,1550,1550,0,2025-06-27
99643,2025,6,27,5,LAX,RNO,1502,1454,-8,1630,1631,1,2025-06-27
99644,2025,6,27,5,LAX,RNO,1750,1755,5,1924,1909,-15,2025-06-27
99645,2025,6,27,5,LAX,RNO,2050,2038,-12,2217,2151,-26,2025-06-27
99646,2025,6,27,5,LAX,RNO,2126,2123,-3,2300,2249,-11,2025-06-27
99647,2025,6,27,5,LAX,RNO,2216,2222,6,2353,2345,-8,2025-06-27
99648,2025,6,27,5,LAX,SAN,820,813,-7,919,858,-21,2025-06-27
99649,2025,6,27,5,LAX,SAN,907,905,-2,1012,1008,-4,2025-06-27
99650,2025,6,27,5,LAX,SAN,1428,1423,-5,1522,1520,-2,2025-06-27
99651,2025,6,27,5,LAX,SAN,1800,1753,-7,1854,1842,-12,2025-06-27
99652,2025,6,27,5,LAX,SAN,1850,1849,-1,1951,1945,-6,2025-06-27
99653,2025,6,27,5,LAX,SAN,2159,2159,0,2253,2308,15,2025-06-27
99654,2025,6,27,5,LAX,SAN,2245,2301,16,2346,2353,7,2025-06-27
99655,2025,6,27,5,LAX,SAT,825,821,-4,1321,1326,5,2025-06-27
99656,2025,6,27,5,LAX,SAT,912,911,-1,1419,1418,-1,2025-06-27
99657,2025,6,27,5,LAX,SAT,930,926,-4,1423,1409,-14,2025-06-27
99658,2025,6,27,5,LAX,SAT,1410,1451,41,1910,1935,25,2025-06-27
99659,2025,6,27,5,LAX,SAT,1700,1653,-7,2158,2149,-9,2025-06-27
99660,2025,6,27,5,LAX,SAT,1858,1849,-9,2349,2332,-17,2025-06-27
99661,2025,6,27,5,LAX,SBA,1520,1519,-1,1612,1601,-11,2025-06-27
99663,2025,6,27,5,LAX,SBP,1450,1447,-3,1551,1548,-3,2025-06-27
99664,2025,6,27,5,LAX,SBP,2255,2259,4,2359,2355,-4,2025-06-27
99665,2025,6,27,5,LAX,SDF,821,822,1,1522,1744,142,2025-06-27
99666,2025,6,27,5,LAX,SEA,600,554,-6,850,850,0,2025-06-27
99667,2025,6,27,5,LAX,SEA,700,708,8,954,1014,20,2025-06-27
99668,2025,6,27,5,LAX,SEA,700,734,34,947,1035,48,2025-06-27
99669,2025,6,27,5,LAX,SEA,800,820,20,1053,1121,28,2025-06-27
99670,2025,6,27,5,LAX,SEA,833,902,29,1128,1222,54,2025-06-27
99671,2025,6,27,5,LAX,SEA,945,1016,31,1242,1304,22,2025-06-27
99672,2025,6,27,5,LAX,SEA,1054,1103,9,1346,1352,6,2025-06-27
99673,2025,6,27,5,LAX,SEA,1115,1126,11,1409,1416,7,2025-06-27
99674,2025,6,27,5,LAX,SEA,1155,1234,39,1439,1521,42,2025-06-27
99676,2025,6,27,5,LAX,SEA,1410,1411,1,1654,1656,2,2025-06-27
99677,2025,6,27,5,LAX,SEA,1415,1409,-6,1700,1636,-24,2025-06-27
99679,2025,6,27,5,LAX,SEA,1743,1741,-2,2035,2015,-20,2025-06-27
99680,2025,6,27,5,LAX,SEA,1815,1817,2,2100,2104,4,2025-06-27
99681,2025,6,27,5,LAX,SEA,1850,1839,-11,2145,2121,-24,2025-06-27
99682,2025,6,27,5,LAX,SEA,1925,1921,-4,2216,2219,3,2025-06-27
99683,2025,6,27,5,LAX,SEA,1925,1924,-1,2217,2214,-3,2025-06-27
99685,2025,6,27,5,LAX,SEA,2010,2018,8,2306,2357,51,2025-06-27
99686,2025,6,27,5,LAX,SEA,2115,2125,10,6,28,22,2025-06-27
99687,2025,6,27,5,LAX,SEA,2129,2124,-5,25,6,-19,2025-06-27
99688,2025,6,27,5,LAX,SFO,600,553,-7,741,708,-33,2025-06-27
99689,2025,6,27,5,LAX,SFO,630,625,-5,752,734,-18,2025-06-27
99690,2025,6,27,5,LAX,SFO,630,629,-1,750,737,-13,2025-06-27
99691,2025,6,27,5,LAX,SFO,700,654,-6,836,806,-30,2025-06-27
99692,2025,6,27,5,LAX,SFO,700,706,6,829,821,-8,2025-06-27
99693,2025,6,27,5,LAX,SFO,800,824,24,941,947,6,2025-06-27
99694,2025,6,27,5,LAX,SFO,835,846,11,958,952,-6,2025-06-27
99695,2025,6,27,5,LAX,SFO,910,905,-5,1045,1027,-18,2025-06-27
99696,2025,6,27,5,LAX,SFO,1000,1000,0,1120,1108,-12,2025-06-27
99697,2025,6,27,5,LAX,SFO,1015,1008,-7,1140,1115,-25,2025-06-27
99698,2025,6,27,5,LAX,SFO,1032,1032,0,1205,1149,-16,2025-06-27
99699,2025,6,27,5,LAX,SFO,1129,1131,2,1256,1252,-4,2025-06-27
99700,2025,6,27,5,LAX,SFO,1330,1322,-8,1452,1430,-22,2025-06-27
99701,2025,6,27,5,LAX,SFO,1350,1351,1,1518,1512,-6,2025-06-27
99702,2025,6,27,5,LAX,SFO,1422,1413,-9,1548,1534,-14,2025-06-27
99703,2025,6,27,5,LAX,SFO,1544,1542,-2,1711,1701,-10,2025-06-27
99704,2025,6,27,5,LAX,SFO,1615,1616,1,1744,1746,2,2025-06-27
99705,2025,6,27,5,LAX,SFO,1627,1621,-6,1745,1727,-18,2025-06-27
99706,2025,6,27,5,LAX,SFO,1630,1653,23,1755,1756,1,2025-06-27
99707,2025,6,27,5,LAX,SFO,1740,1738,-2,1902,1848,-14,2025-06-27
99708,2025,6,27,5,LAX,SFO,1755,1748,-7,1924,1859,-25,2025-06-27
99709,2025,6,27,5,LAX,SFO,1808,1827,19,1943,1947,4,2025-06-27
99710,2025,6,27,5,LAX,SFO,1820,1809,-11,1943,1920,-23,2025-06-27
99711,2025,6,27,5,LAX,SFO,1850,1945,55,2019,2055,36,2025-06-27
99712,2025,6,27,5,LAX,SFO,1859,1853,-6,2028,2015,-13,2025-06-27
99713,2025,6,27,5,LAX,SFO,1935,1931,-4,2058,2046,-12,2025-06-27
99714,2025,6,27,5,LAX,SFO,1950,2032,42,2122,2202,40,2025-06-27
99715,2025,6,27,5,LAX,SFO,1955,2014,19,2125,2125,0,2025-06-27
99716,2025,6,27,5,LAX,SFO,2130,2120,-10,2302,2344,42,2025-06-27
99718,2025,6,27,5,LAX,SFO,2225,2221,-4,2352,2336,-16,2025-06-27
99719,2025,6,27,5,LAX,SGF,600,601,1,1117,1119,2,2025-06-27
99720,2025,6,27,5,LAX,SGU,1325,1318,-7,1557,1553,-4,2025-06-27
99721,2025,6,27,5,LAX,SJC,605,608,3,725,717,-8,2025-06-27
99722,2025,6,27,5,LAX,SJC,705,701,-4,820,808,-12,2025-06-27
99723,2025,6,27,5,LAX,SJC,900,857,-3,1020,955,-25,2025-06-27
99724,2025,6,27,5,LAX,SJC,915,905,-10,1030,1010,-20,2025-06-27
99725,2025,6,27,5,LAX,SJC,1025,1020,-5,1140,1121,-19,2025-06-27
99726,2025,6,27,5,LAX,SJC,1135,1129,-6,1252,1239,-13,2025-06-27
99727,2025,6,27,5,LAX,SJC,1325,1321,-4,1440,1429,-11,2025-06-27
99728,2025,6,27,5,LAX,SJC,1405,1425,20,1520,1531,11,2025-06-27
99729,2025,6,27,5,LAX,SJC,1545,1539,-6,1700,1640,-20,2025-06-27
99730,2025,6,27,5,LAX,SJC,1635,1646,11,1750,1744,-6,2025-06-27
99731,2025,6,27,5,LAX,SJC,1800,1753,-7,1915,1901,-14,2025-06-27
99733,2025,6,27,5,LAX,SJC,2128,2121,-7,2244,2232,-12,2025-06-27
99734,2025,6,27,5,LAX,SLC,600,558,-2,853,852,-1,2025-06-27
99735,2025,6,27,5,LAX,SLC,700,655,-5,955,946,-9,2025-06-27
99736,2025,6,27,5,LAX,SLC,948,947,-1,1243,1224,-19,2025-06-27
99737,2025,6,27,5,LAX,SLC,1005,1033,28,1255,1310,15,2025-06-27
99738,2025,6,27,5,LAX,SLC,1111,1113,2,1403,1352,-11,2025-06-27
99739,2025,6,27,5,LAX,SLC,1309,1314,5,1608,1619,11,2025-06-27
99740,2025,6,27,5,LAX,SLC,1311,1303,-8,1604,1546,-18,2025-06-27
99741,2025,6,27,5,LAX,SLC,1710,1710,0,2000,2000,0,2025-06-27
99742,2025,6,27,5,LAX,SLC,1845,1841,-4,2139,2127,-12,2025-06-27
99743,2025,6,27,5,LAX,SLC,1919,2006,47,2206,2251,45,2025-06-27
99744,2025,6,27,5,LAX,SMF,600,557,-3,725,711,-14,2025-06-27
99745,2025,6,27,5,LAX,SMF,755,759,4,924,920,-4,2025-06-27
99746,2025,6,27,5,LAX,SMF,810,806,-4,940,934,-6,2025-06-27
99747,2025,6,27,5,LAX,SMF,815,815,0,952,948,-4,2025-06-27
99748,2025,6,27,5,LAX,SMF,946,958,12,1123,1118,-5,2025-06-27
99749,2025,6,27,5,LAX,SMF,1025,1016,-9,1159,1146,-13,2025-06-27
99750,2025,6,27,5,LAX,SMF,1140,1146,6,1305,1302,-3,2025-06-27
99751,2025,6,27,5,LAX,SMF,1225,1224,-1,1354,1344,-10,2025-06-27
99752,2025,6,27,5,LAX,SMF,1620,1652,32,1745,1805,20,2025-06-27
99753,2025,6,27,5,LAX,SMF,1626,1625,-1,1758,1800,2,2025-06-27
99754,2025,6,27,5,LAX,SMF,1630,1626,-4,1801,1745,-16,2025-06-27
99755,2025,6,27,5,LAX,SMF,1654,1642,-12,1823,1817,-6,2025-06-27
99756,2025,6,27,5,LAX,SMF,1815,1811,-4,1945,1947,2,2025-06-27
99757,2025,6,27,5,LAX,SMF,2016,2013,-3,2155,2156,1,2025-06-27
99758,2025,6,27,5,LAX,SMF,2030,2031,1,2155,2153,-2,2025-06-27
99759,2025,6,27,5,LAX,SMF,2056,2052,-4,2228,2225,-3,2025-06-27
99760,2025,6,27,5,LAX,SMF,2155,2148,-7,2320,2307,-13,2025-06-27
99761,2025,6,27,5,LAX,STL,510,508,-2,1050,1038,-12,2025-06-27
99762,2025,6,27,5,LAX,STL,1733,1750,17,2259,2330,31,2025-06-27
99763,2025,6,27,5,LAX,STL,1905,1948,43,40,109,29,2025-06-27
99764,2025,6,27,5,LAX,STS,925,922,-3,1106,1107,1,2025-06-27
99765,2025,6,27,5,LAX,STS,2206,2200,-6,2344,2319,-25,2025-06-27
99766,2025,6,27,5,LAX,SUN,825,838,13,1138,1141,3,2025-06-27
99767,2025,6,27,5,LAX,SUN,1907,1904,-3,2215,2203,-12,2025-06-27
99768,2025,6,27,5,LAX,TPA,1012,1033,21,1800,1832,32,2025-06-27
99769,2025,6,27,5,LAX,TPA,2140,2150,10,539,519,-20,2025-06-27
99770,2025,6,27,5,LAX,TPA,2210,2202,-8,544,543,-1,2025-06-27
99771,2025,6,27,5,LAX,TUL,745,742,-3,1243,1244,1,2025-06-27
99772,2025,6,27,5,LAX,TUL,930,937,7,1440,1443,3,2025-06-27
99773,2025,6,27,5,LAX,TUS,822,813,-9,1003,937,-26,2025-06-27
99774,2025,6,27,5,LAX,TUS,935,940,5,1110,1105,-5,2025-06-27
99775,2025,6,27,5,LAX,TUS,1240,1238,-2,1410,1359,-11,2025-06-27
99776,2025,6,27,5,LAX,TUS,1410,1402,-8,1544,1529,-15,2025-06-27
99777,2025,6,27,5,LAX,TUS,1458,1455,-3,1627,1633,6,2025-06-27
99778,2025,6,27,5,LAX,TUS,1818,1807,-11,1949,1944,-5,2025-06-27
99779,2025,6,27,5,LAX,TUS,1900,1853,-7,2033,2022,-11,2025-06-27
99780,2025,6,27,5,LAX,XNA,914,908,-6,1438,1503,25,2025-06-27
103024,2025,6,28,6,LAX,ABQ,725,724,-1,1025,1016,-9,2025-06-28
103025,2025,6,28,6,LAX,ABQ,800,750,-10,1108,1052,-16,2025-06-28
103026,2025,6,28,6,LAX,ABQ,855,845,-10,1158,1149,-9,2025-06-28
103027,2025,6,28,6,LAX,ABQ,1800,1754,-6,2101,2053,-8,2025-06-28
103028,2025,6,28,6,LAX,ABQ,1849,1857,8,2152,2145,-7,2025-06-28
103029,2025,6,28,6,LAX,ACV,1310,1302,-8,1508,1500,-8,2025-06-28
103030,2025,6,28,6,LAX,ANC,700,655,-5,1124,1126,2,2025-06-28
103031,2025,6,28,6,LAX,ANC,1037,1031,-6,1450,1436,-14,2025-06-28
103032,2025,6,28,6,LAX,ANC,1945,1947,2,8,12,4,2025-06-28
103033,2025,6,28,6,LAX,ASE,1040,1037,-3,1356,1405,9,2025-06-28
103036,2025,6,28,6,LAX,ASE,1718,1721,3,2029,2019,-10,2025-06-28
103038,2025,6,28,6,LAX,ATL,620,627,7,1342,1344,2,2025-06-28
103042,2025,6,28,6,LAX,ATL,953,1012,19,1719,1744,25,2025-06-28
103043,2025,6,28,6,LAX,ATL,1115,1119,4,1834,1849,15,2025-06-28
103044,2025,6,28,6,LAX,ATL,1215,1213,-2,1930,2102,92,2025-06-28
103045,2025,6,28,6,LAX,ATL,1249,1258,9,2015,2029,14,2025-06-28
103047,2025,6,28,6,LAX,ATL,1430,1512,42,2150,2235,45,2025-06-28
103050,2025,6,28,6,LAX,ATL,2145,2158,13,500,506,6,2025-06-28
103051,2025,6,28,6,LAX,ATL,2245,2238,-7,600,539,-21,2025-06-28
103052,2025,6,28,6,LAX,ATL,2345,2348,3,712,703,-9,2025-06-28
103053,2025,6,28,6,LAX,AUS,600,602,2,1105,1100,-5,2025-06-28
103054,2025,6,28,6,LAX,AUS,615,610,-5,1117,1130,13,2025-06-28
103055,2025,6,28,6,LAX,AUS,745,735,-10,1246,1254,8,2025-06-28
103056,2025,6,28,6,LAX,AUS,1000,959,-1,1510,1509,-1,2025-06-28
103058,2025,6,28,6,LAX,AUS,1620,1614,-6,2121,2121,0,2025-06-28
103059,2025,6,28,6,LAX,AUS,1745,1812,27,2245,2257,12,2025-06-28
103061,2025,6,28,6,LAX,AUS,1851,1855,4,2359,2349,-10,2025-06-28
103062,2025,6,28,6,LAX,BNA,645,645,0,1250,1334,44,2025-06-28
103064,2025,6,28,6,LAX,BNA,1036,1024,-12,1645,1635,-10,2025-06-28
103067,2025,6,28,6,LAX,BNA,2250,2252,2,500,450,-10,2025-06-28
103068,2025,6,28,6,LAX,BOI,825,818,-7,1134,1131,-3,2025-06-28
103069,2025,6,28,6,LAX,BOI,1247,1244,-3,1559,1544,-15,2025-06-28
103070,2025,6,28,6,LAX,BOI,1950,1949,-1,2254,2248,-6,2025-06-28
103071,2025,6,28,6,LAX,BOI,1959,1942,-17,2301,2238,-23,2025-06-28
103072,2025,6,28,6,LAX,BOS,600,600,0,1440,1431,-9,2025-06-28
103073,2025,6,28,6,LAX,BOS,700,653,-7,1537,1531,-6,2025-06-28
103074,2025,6,28,6,LAX,BOS,830,820,-10,1719,1648,-31,2025-06-28
103075,2025,6,28,6,LAX,BOS,835,829,-6,1718,1649,-29,2025-06-28
103076,2025,6,28,6,LAX,BOS,840,903,23,1716,1725,9,2025-06-28
103077,2025,6,28,6,LAX,BOS,1130,1139,9,2003,2041,38,2025-06-28
103078,2025,6,28,6,LAX,BOS,1145,1145,0,2025,2025,0,2025-06-28
103079,2025,6,28,6,LAX,BOS,1525,1527,2,2355,2351,-4,2025-06-28
103080,2025,6,28,6,LAX,BOS,2213,2249,36,644,717,33,2025-06-28
103081,2025,6,28,6,LAX,BOS,2255,2254,-1,733,722,-11,2025-06-28
103083,2025,6,28,6,LAX,BUF,2209,2219,10,600,601,1,2025-06-28
103085,2025,6,28,6,LAX,BWI,1134,1136,2,1929,1954,25,2025-06-28
103086,2025,6,28,6,LAX,BWI,1315,1358,43,2120,2201,41,2025-06-28
103087,2025,6,28,6,LAX,BWI,2055,2054,-1,500,446,-14,2025-06-28
103088,2025,6,28,6,LAX,BWI,2359,2358,-1,807,756,-11,2025-06-28
103089,2025,6,28,6,LAX,BZN,1135,1137,2,1504,1455,-9,2025-06-28
103090,2025,6,28,6,LAX,BZN,1918,1919,1,2259,2252,-7,2025-06-28
103091,2025,6,28,6,LAX,CID,630,621,-9,1205,1153,-12,2025-06-28
103092,2025,6,28,6,LAX,CLE,1224,1220,-4,1957,1935,-22,2025-06-28
103093,2025,6,28,6,LAX,CLE,2120,2112,-8,453,442,-11,2025-06-28
103095,2025,6,28,6,LAX,CLT,759,755,-4,1545,1550,5,2025-06-28
103096,2025,6,28,6,LAX,CLT,830,826,-4,1616,1612,-4,2025-06-28
103097,2025,6,28,6,LAX,CLT,911,907,-4,1700,1744,44,2025-06-28
103099,2025,6,28,6,LAX,CLT,1413,1407,-6,2202,2205,3,2025-06-28
103100,2025,6,28,6,LAX,CLT,2148,2147,-1,529,520,-9,2025-06-28
103103,2025,6,28,6,LAX,CMH,902,908,6,1641,1632,-9,2025-06-28
103104,2025,6,28,6,LAX,DAL,500,500,0,1005,1000,-5,2025-06-28
103105,2025,6,28,6,LAX,DAL,815,832,17,1330,1331,1,2025-06-28
103106,2025,6,28,6,LAX,DAL,1320,1329,9,1830,1829,-1,2025-06-28
103107,2025,6,28,6,LAX,DAL,1810,1810,0,2320,2256,-24,2025-06-28
103108,2025,6,28,6,LAX,DCA,759,749,-10,1600,1555,-5,2025-06-28
103109,2025,6,28,6,LAX,DCA,819,814,-5,1622,1609,-13,2025-06-28
103111,2025,6,28,6,LAX,DCA,1331,1349,18,2142,2138,-4,2025-06-28
103112,2025,6,28,6,LAX,DEN,505,500,-5,824,814,-10,2025-06-28
103113,2025,6,28,6,LAX,DEN,515,516,1,840,832,-8,2025-06-28
103114,2025,6,28,6,LAX,DEN,615,614,-1,948,942,-6,2025-06-28
103115,2025,6,28,6,LAX,DEN,706,658,-8,1030,1021,-9,2025-06-28
103116,2025,6,28,6,LAX,DEN,740,743,3,1100,1058,-2,2025-06-28
103117,2025,6,28,6,LAX,DEN,746,739,-7,1110,1059,-11,2025-06-28
103118,2025,6,28,6,LAX,DEN,804,757,-7,1133,1133,0,2025-06-28
103119,2025,6,28,6,LAX,DEN,900,912,12,1227,1231,4,2025-06-28
103120,2025,6,28,6,LAX,DEN,1020,1024,4,1345,1328,-17,2025-06-28
103121,2025,6,28,6,LAX,DEN,1100,1117,17,1427,1438,11,2025-06-28
103123,2025,6,28,6,LAX,DEN,1257,1256,-1,1625,1624,-1,2025-06-28
103124,2025,6,28,6,LAX,DEN,1338,1353,15,1701,1706,5,2025-06-28
103125,2025,6,28,6,LAX,DEN,1435,1431,-4,1805,1800,-5,2025-06-28
103127,2025,6,28,6,LAX,DEN,1520,1536,16,1845,1851,6,2025-06-28
103128,2025,6,28,6,LAX,DEN,1613,1611,-2,1940,1930,-10,2025-06-28
103129,2025,6,28,6,LAX,DEN,1918,1914,-4,2247,2225,-22,2025-06-28
103130,2025,6,28,6,LAX,DEN,1920,1942,22,2245,2246,1,2025-06-28
103131,2025,6,28,6,LAX,DEN,1945,1936,-9,2309,2253,-16,2025-06-28
103133,2025,6,28,6,LAX,DFW,40,118,38,545,610,25,2025-06-28
103134,2025,6,28,6,LAX,DFW,47,105,18,550,607,17,2025-06-28
103135,2025,6,28,6,LAX,DFW,130,129,-1,633,621,-12,2025-06-28
103136,2025,6,28,6,LAX,DFW,600,554,-6,1103,1043,-20,2025-06-28
103138,2025,6,28,6,LAX,DFW,700,656,-4,1209,1220,11,2025-06-28
103140,2025,6,28,6,LAX,DFW,835,827,-8,1343,1342,-1,2025-06-28
103142,2025,6,28,6,LAX,DFW,1037,1032,-5,1545,1549,4,2025-06-28
103143,2025,6,28,6,LAX,DFW,1230,1245,15,1737,1808,31,2025-06-28
103144,2025,6,28,6,LAX,DFW,1433,1431,-2,1943,1934,-9,2025-06-28
103145,2025,6,28,6,LAX,DFW,1545,1629,44,2056,2135,39,2025-06-28
103146,2025,6,28,6,LAX,DFW,1636,1639,3,2147,2142,-5,2025-06-28
103147,2025,6,28,6,LAX,DFW,1835,1911,36,2347,2,15,2025-06-28
103148,2025,6,28,6,LAX,DFW,1855,1848,-7,2356,2340,-16,2025-06-28
103149,2025,6,28,6,LAX,DFW,1903,1901,-2,26,2359,-27,2025-06-28
103150,2025,6,28,6,LAX,DFW,2359,55,56,506,549,43,2025-06-28
103151,2025,6,28,6,LAX,DTW,20,49,29,752,806,14,2025-06-28
103152,2025,6,28,6,LAX,DTW,530,530,0,1257,1249,-8,2025-06-28
103153,2025,6,28,6,LAX,DTW,735,728,-7,1456,1506,10,2025-06-28
103154,2025,6,28,6,LAX,DTW,925,923,-2,1652,1635,-17,2025-06-28
103155,2025,6,28,6,LAX,DTW,1114,1113,-1,1837,1825,-12,2025-06-28
103158,2025,6,28,6,LAX,DTW,2130,2208,38,452,518,26,2025-06-28
103160,2025,6,28,6,LAX,ELP,1120,1155,35,1420,1438,18,2025-06-28
103161,2025,6,28,6,LAX,ELP,1430,1423,-7,1731,1712,-19,2025-06-28
103162,2025,6,28,6,LAX,ELP,1947,1939,-8,2247,2246,-1,2025-06-28
103163,2025,6,28,6,LAX,EUG,2144,2141,-3,2358,2357,-1,2025-06-28
103164,2025,6,28,6,LAX,EWR,600,557,-3,1437,1405,-32,2025-06-28
103165,2025,6,28,6,LAX,EWR,700,656,-4,1537,1507,-30,2025-06-28
103166,2025,6,28,6,LAX,EWR,700,700,0,1534,1526,-8,2025-06-28
103167,2025,6,28,6,LAX,EWR,730,722,-8,1600,1545,-15,2025-06-28
103168,2025,6,28,6,LAX,EWR,820,818,-2,1645,1621,-24,2025-06-28
103169,2025,6,28,6,LAX,EWR,1015,1023,8,1854,1919,25,2025-06-28
103170,2025,6,28,6,LAX,EWR,1100,1137,37,1940,2033,53,2025-06-28
103173,2025,6,28,6,LAX,EWR,1434,1427,-7,2255,2238,-17,2025-06-28
103174,2025,6,28,6,LAX,EWR,2055,2047,-8,509,439,-30,2025-06-28
103175,2025,6,28,6,LAX,EWR,2126,2215,49,559,614,15,2025-06-28
103176,2025,6,28,6,LAX,EWR,2135,2146,11,555,557,2,2025-06-28
103177,2025,6,28,6,LAX,EWR,2359,8,9,813,814,1,2025-06-28
103178,2025,6,28,6,LAX,FAT,1030,1025,-5,1148,1151,3,2025-06-28
103179,2025,6,28,6,LAX,FAT,2116,2116,0,2230,2219,-11,2025-06-28
103180,2025,6,28,6,LAX,FCA,946,1031,45,1345,1420,35,2025-06-28
103182,2025,6,28,6,LAX,FLL,1112,1109,-3,1926,1919,-7,2025-06-28
103185,2025,6,28,6,LAX,FLL,2309,2306,-3,705,700,-5,2025-06-28
103186,2025,6,28,6,LAX,GEG,1025,1020,-5,1311,1247,-24,2025-06-28
103187,2025,6,28,6,LAX,GEG,1516,1520,4,1747,1753,6,2025-06-28
103188,2025,6,28,6,LAX,GEG,1859,1855,-4,2133,2129,-4,2025-06-28
103189,2025,6,28,6,LAX,GRR,1621,1621,0,2327,2311,-16,2025-06-28
103190,2025,6,28,6,LAX,HDN,1240,1230,-10,1559,1550,-9,2025-06-28
103191,2025,6,28,6,LAX,HNL,705,704,-1,1010,939,-31,2025-06-28
103192,2025,6,28,6,LAX,HNL,825,824,-1,1107,1124,17,2025-06-28
103193,2025,6,28,6,LAX,HNL,830,838,8,1105,1130,25,2025-06-28
103194,2025,6,28,6,LAX,HNL,835,839,4,1117,1106,-11,2025-06-28
103195,2025,6,28,6,LAX,HNL,849,844,-5,1137,1131,-6,2025-06-28
103196,2025,6,28,6,LAX,HNL,1010,1012,2,1240,1245,5,2025-06-28
103198,2025,6,28,6,LAX,HNL,1315,1312,-3,1601,1558,-3,2025-06-28
103199,2025,6,28,6,LAX,HNL,1335,1425,50,1618,1653,35,2025-06-28
103200,2025,6,28,6,LAX,HNL,1444,1459,15,1728,1731,3,2025-06-28
103201,2025,6,28,6,LAX,HNL,1710,1705,-5,1944,1933,-11,2025-06-28
103202,2025,6,28,6,LAX,HNL,1745,1747,2,2030,2043,13,2025-06-28
103203,2025,6,28,6,LAX,HNL,1810,1808,-2,2052,2041,-11,2025-06-28
103204,2025,6,28,6,LAX,HNL,1820,1845,25,2057,2114,17,2025-06-28
103205,2025,6,28,6,LAX,HNL,1825,1907,42,2115,2136,21,2025-06-28
103206,2025,6,28,6,LAX,HNL,1845,1856,11,2128,2124,-4,2025-06-28
103207,2025,6,28,6,LAX,HNL,1913,1930,17,2155,2152,-3,2025-06-28
103208,2025,6,28,6,LAX,HNL,2040,2103,23,2329,2347,18,2025-06-28
103209,2025,6,28,6,LAX,HOU,505,512,7,1030,1033,3,2025-06-28
103210,2025,6,28,6,LAX,HOU,1320,1321,1,1845,1853,8,2025-06-28
103211,2025,6,28,6,LAX,HOU,2350,3,13,515,512,-3,2025-06-28
103212,2025,6,28,6,LAX,IAD,615,614,-1,1414,1356,-18,2025-06-28
103213,2025,6,28,6,LAX,IAD,819,811,-8,1630,1614,-16,2025-06-28
103214,2025,6,28,6,LAX,IAD,820,814,-6,1625,1620,-5,2025-06-28
103216,2025,6,28,6,LAX,IAD,1250,1305,15,2055,2054,-1,2025-06-28
103217,2025,6,28,6,LAX,IAD,2301,2330,29,653,712,19,2025-06-28
103218,2025,6,28,6,LAX,IAH,56,48,-8,618,600,-18,2025-06-28
103219,2025,6,28,6,LAX,IAH,521,517,-4,1048,1038,-10,2025-06-28
103220,2025,6,28,6,LAX,IAH,730,724,-6,1259,1241,-18,2025-06-28
103221,2025,6,28,6,LAX,IAH,845,838,-7,1407,1357,-10,2025-06-28
103222,2025,6,28,6,LAX,IAH,850,850,0,1419,1400,-19,2025-06-28
103223,2025,6,28,6,LAX,IAH,1015,1011,-4,1540,1535,-5,2025-06-28
103224,2025,6,28,6,LAX,IAH,1128,1122,-6,1648,1639,-9,2025-06-28
103225,2025,6,28,6,LAX,IAH,1210,1228,18,1725,1733,8,2025-06-28
103226,2025,6,28,6,LAX,IAH,1320,1317,-3,1851,1841,-10,2025-06-28
103227,2025,6,28,6,LAX,IAH,1358,1352,-6,1925,1924,-1,2025-06-28
103228,2025,6,28,6,LAX,IAH,1423,1500,37,2001,2046,45,2025-06-28
103229,2025,6,28,6,LAX,IAH,1910,1914,4,33,17,-16,2025-06-28
103230,2025,6,28,6,LAX,IAH,2345,2343,-2,505,504,-1,2025-06-28
103231,2025,6,28,6,LAX,IND,1036,1035,-1,1747,1731,-16,2025-06-28
103233,2025,6,28,6,LAX,JAC,1030,1103,33,1348,1419,31,2025-06-28
103234,2025,6,28,6,LAX,JAC,1235,1237,2,1552,1632,40,2025-06-28
103235,2025,6,28,6,LAX,JFK,600,555,-5,1434,1414,-20,2025-06-28
103236,2025,6,28,6,LAX,JFK,600,600,0,1430,1431,1,2025-06-28
103237,2025,6,28,6,LAX,JFK,630,616,-14,1505,1433,-32,2025-06-28
103238,2025,6,28,6,LAX,JFK,700,656,-4,1535,1513,-22,2025-06-28
103239,2025,6,28,6,LAX,JFK,700,659,-1,1535,1541,6,2025-06-28
103240,2025,6,28,6,LAX,JFK,819,813,-6,1658,1656,-2,2025-06-28
103242,2025,6,28,6,LAX,JFK,1021,1016,-5,1859,1845,-14,2025-06-28
103244,2025,6,28,6,LAX,JFK,1130,1127,-3,2006,2042,36,2025-06-28
103247,2025,6,28,6,LAX,JFK,1515,1602,47,2355,17,22,2025-06-28
103248,2025,6,28,6,LAX,JFK,1520,1523,3,2354,32,38,2025-06-28
103249,2025,6,28,6,LAX,JFK,1520,1549,29,2357,54,57,2025-06-28
103250,2025,6,28,6,LAX,JFK,1620,1611,-9,55,108,13,2025-06-28
103252,2025,6,28,6,LAX,JFK,2053,2050,-3,530,508,-22,2025-06-28
103253,2025,6,28,6,LAX,JFK,2121,2143,22,555,601,6,2025-06-28
103255,2025,6,28,6,LAX,JFK,2231,2234,3,700,649,-11,2025-06-28
103256,2025,6,28,6,LAX,JFK,2252,2244,-8,732,650,-42,2025-06-28
103257,2025,6,28,6,LAX,JFK,2355,2345,-10,830,801,-29,2025-06-28
103259,2025,6,28,6,LAX,KOA,725,728,3,1005,1003,-2,2025-06-28
103260,2025,6,28,6,LAX,KOA,830,818,-12,1110,1114,4,2025-06-28
103261,2025,6,28,6,LAX,KOA,920,914,-6,1200,1133,-27,2025-06-28
103262,2025,6,28,6,LAX,KOA,1035,1032,-3,1313,1321,8,2025-06-28
103263,2025,6,28,6,LAX,KOA,1119,1111,-8,1355,1338,-17,2025-06-28
103264,2025,6,28,6,LAX,KOA,1629,1622,-7,1859,1842,-17,2025-06-28
103265,2025,6,28,6,LAX,KOA,1750,1752,2,2028,2020,-8,2025-06-28
103266,2025,6,28,6,LAX,LAS,525,528,3,640,644,4,2025-06-28
103267,2025,6,28,6,LAX,LAS,530,522,-8,642,622,-20,2025-06-28
103268,2025,6,28,6,LAX,LAS,730,725,-5,840,837,-3,2025-06-28
103269,2025,6,28,6,LAX,LAS,819,814,-5,941,925,-16,2025-06-28
103270,2025,6,28,6,LAX,LAS,820,818,-2,945,921,-24,2025-06-28
103271,2025,6,28,6,LAX,LAS,1019,1011,-8,1131,1115,-16,2025-06-28
103272,2025,6,28,6,LAX,LAS,1140,1133,-7,1254,1235,-19,2025-06-28
103274,2025,6,28,6,LAX,LAS,1449,1439,-10,1611,1550,-21,2025-06-28
103275,2025,6,28,6,LAX,LAS,1505,1459,-6,1615,1557,-18,2025-06-28
103276,2025,6,28,6,LAX,LAS,1548,1540,-8,1713,1656,-17,2025-06-28
103277,2025,6,28,6,LAX,LAS,1610,1630,20,1725,1741,16,2025-06-28
103278,2025,6,28,6,LAX,LAS,1755,1747,-8,1918,1904,-14,2025-06-28
103279,2025,6,28,6,LAX,LAS,1850,1856,6,2000,2003,3,2025-06-28
103281,2025,6,28,6,LAX,LAS,1915,1910,-5,2037,2014,-23,2025-06-28
103282,2025,6,28,6,LAX,LAS,1948,1944,-4,2100,2048,-12,2025-06-28
103283,2025,6,28,6,LAX,LAS,2040,2058,18,2200,2206,6,2025-06-28
103285,2025,6,28,6,LAX,LAS,2218,2231,13,2335,2337,2,2025-06-28
103286,2025,6,28,6,LAX,LAS,2235,2234,-1,2357,7,10,2025-06-28
103287,2025,6,28,6,LAX,LIH,720,715,-5,1020,956,-24,2025-06-28
103288,2025,6,28,6,LAX,LIH,842,838,-4,1140,1114,-26,2025-06-28
103289,2025,6,28,6,LAX,LIH,903,901,-2,1204,1201,-3,2025-06-28
103290,2025,6,28,6,LAX,LIH,930,951,21,1225,1233,8,2025-06-28
103291,2025,6,28,6,LAX,LIH,1425,1455,30,1708,1739,31,2025-06-28
103292,2025,6,28,6,LAX,LIH,1730,1722,-8,2025,2006,-19,2025-06-28
103293,2025,6,28,6,LAX,LIT,1533,1527,-6,2057,2045,-12,2025-06-28
103294,2025,6,28,6,LAX,MCI,730,739,9,1245,1241,-4,2025-06-28
103295,2025,6,28,6,LAX,MCI,1520,1516,-4,2029,2021,-8,2025-06-28
103296,2025,6,28,6,LAX,MCI,1815,1808,-7,2327,2317,-10,2025-06-28
103297,2025,6,28,6,LAX,MCI,1825,1842,17,2340,2341,1,2025-06-28
103299,2025,6,28,6,LAX,MCO,1007,1003,-4,1809,1758,-11,2025-06-28
103300,2025,6,28,6,LAX,MCO,1035,1107,32,1838,1916,38,2025-06-28
103301,2025,6,28,6,LAX,MCO,1120,1133,13,1914,1925,11,2025-06-28
103302,2025,6,28,6,LAX,MCO,1357,1411,14,2210,2212,2,2025-06-28
103303,2025,6,28,6,LAX,MCO,1605,1611,6,2359,17,18,2025-06-28
103304,2025,6,28,6,LAX,MCO,2130,2126,-4,531,521,-10,2025-06-28
103305,2025,6,28,6,LAX,MCO,2145,2138,-7,532,519,-13,2025-06-28
103306,2025,6,28,6,LAX,MCO,2249,2338,49,647,726,39,2025-06-28
103307,2025,6,28,6,LAX,MDW,540,540,0,1145,1131,-14,2025-06-28
103308,2025,6,28,6,LAX,MDW,1155,1229,34,1755,1807,12,2025-06-28
103309,2025,6,28,6,LAX,MDW,1640,1651,11,2245,2234,-11,2025-06-28
103310,2025,6,28,6,LAX,MDW,2255,2300,5,500,446,-14,2025-06-28
103311,2025,6,28,6,LAX,MIA,600,557,-3,1413,1409,-4,2025-06-28
103312,2025,6,28,6,LAX,MIA,745,745,0,1554,1626,32,2025-06-28
103313,2025,6,28,6,LAX,MIA,900,951,51,1719,1806,47,2025-06-28
103314,2025,6,28,6,LAX,MIA,1005,1008,3,1816,1758,-18,2025-06-28
103315,2025,6,28,6,LAX,MIA,1210,1210,0,2020,2020,0,2025-06-28
103316,2025,6,28,6,LAX,MIA,1500,1457,-3,2310,2312,2,2025-06-28
103317,2025,6,28,6,LAX,MIA,2140,2141,1,550,534,-16,2025-06-28
103318,2025,6,28,6,LAX,MIA,2249,2308,19,701,702,1,2025-06-28
103319,2025,6,28,6,LAX,MIA,2343,31,48,750,829,39,2025-06-28
103320,2025,6,28,6,LAX,MRY,815,808,-7,937,913,-24,2025-06-28
103321,2025,6,28,6,LAX,MRY,1821,1847,26,1935,1947,12,2025-06-28
103322,2025,6,28,6,LAX,MSO,1131,1124,-7,1510,1500,-10,2025-06-28
103323,2025,6,28,6,LAX,MSP,50,59,9,625,625,0,2025-06-28
103324,2025,6,28,6,LAX,MSP,617,619,2,1148,1215,27,2025-06-28
103325,2025,6,28,6,LAX,MSP,800,825,25,1334,1425,51,2025-06-28
103326,2025,6,28,6,LAX,MSP,1130,1126,-4,1702,1703,1,2025-06-28
103328,2025,6,28,6,LAX,MSP,1520,1517,-3,2049,2044,-5,2025-06-28
103330,2025,6,28,6,LAX,MSP,2330,2343,13,504,508,4,2025-06-28
103331,2025,6,28,6,LAX,MSY,1050,1054,4,1640,1640,0,2025-06-28
103332,2025,6,28,6,LAX,MSY,1100,1057,-3,1644,1643,-1,2025-06-28
103335,2025,6,28,6,LAX,OAK,535,530,-5,655,648,-7,2025-06-28
103336,2025,6,28,6,LAX,OAK,850,841,-9,1015,955,-20,2025-06-28
103337,2025,6,28,6,LAX,OAK,1245,1300,15,1405,1411,6,2025-06-28
103338,2025,6,28,6,LAX,OAK,1720,1801,41,1845,1908,23,2025-06-28
103339,2025,6,28,6,LAX,OAK,2040,2038,-2,2205,2142,-23,2025-06-28
103340,2025,6,28,6,LAX,OGG,700,717,17,935,934,-1,2025-06-28
103341,2025,6,28,6,LAX,OGG,800,753,-7,1031,1023,-8,2025-06-28
103342,2025,6,28,6,LAX,OGG,815,815,0,1055,1055,0,2025-06-28
103343,2025,6,28,6,LAX,OGG,902,920,18,1147,1152,5,2025-06-28
103344,2025,6,28,6,LAX,OGG,1040,1037,-3,1319,1315,-4,2025-06-28
103345,2025,6,28,6,LAX,OGG,1653,1646,-7,1932,1916,-16,2025-06-28
103346,2025,6,28,6,LAX,OGG,1656,1706,10,1928,1921,-7,2025-06-28
103347,2025,6,28,6,LAX,OGG,1754,1841,47,2030,2100,30,2025-06-28
103348,2025,6,28,6,LAX,OKC,900,854,-6,1400,1401,1,2025-06-28
103349,2025,6,28,6,LAX,OKC,1732,1758,26,2230,2244,14,2025-06-28
103350,2025,6,28,6,LAX,OMA,600,557,-3,1112,1101,-11,2025-06-28
103351,2025,6,28,6,LAX,OMA,1236,1228,-8,1752,1736,-16,2025-06-28
103352,2025,6,28,6,LAX,ORD,8,23,15,620,625,5,2025-06-28
103353,2025,6,28,6,LAX,ORD,32,48,16,638,635,-3,2025-06-28
103354,2025,6,28,6,LAX,ORD,44,44,0,651,625,-26,2025-06-28
103355,2025,6,28,6,LAX,ORD,540,540,0,1152,1135,-17,2025-06-28
103356,2025,6,28,6,LAX,ORD,605,602,-3,1221,1152,-29,2025-06-28
103358,2025,6,28,6,LAX,ORD,800,758,-2,1415,1357,-18,2025-06-28
103359,2025,6,28,6,LAX,ORD,818,811,-7,1442,1412,-30,2025-06-28
103361,2025,6,28,6,LAX,ORD,1025,1019,-6,1641,1614,-27,2025-06-28
103363,2025,6,28,6,LAX,ORD,1237,1231,-6,1855,1850,-5,2025-06-28
103364,2025,6,28,6,LAX,ORD,1300,1250,-10,1929,1900,-29,2025-06-28
103365,2025,6,28,6,LAX,ORD,1401,1420,19,2025,2131,66,2025-06-28
103366,2025,6,28,6,LAX,ORD,1502,1502,0,2108,2126,18,2025-06-28
103367,2025,6,28,6,LAX,ORD,1635,1635,0,2259,2233,-26,2025-06-28
103369,2025,6,28,6,LAX,ORD,1729,1722,-7,2335,2312,-23,2025-06-28
103370,2025,6,28,6,LAX,ORD,2240,2235,-5,451,427,-24,2025-06-28
103371,2025,6,28,6,LAX,ORD,2300,2348,48,513,536,23,2025-06-28
103372,2025,6,28,6,LAX,ORD,2337,2332,-5,545,515,-30,2025-06-28
103373,2025,6,28,6,LAX,PDX,700,656,-4,921,905,-16,2025-06-28
103374,2025,6,28,6,LAX,PDX,700,749,49,923,1006,43,2025-06-28
103379,2025,6,28,6,LAX,PDX,1807,1804,-3,2030,2012,-18,2025-06-28
103380,2025,6,28,6,LAX,PDX,2006,2033,27,2230,2257,27,2025-06-28
103382,2025,6,28,6,LAX,PDX,2136,2136,0,2359,2354,-5,2025-06-28
103383,2025,6,28,6,LAX,PHL,108,103,-5,916,901,-15,2025-06-28
103384,2025,6,28,6,LAX,PHL,645,641,-4,1454,1447,-7,2025-06-28
103385,2025,6,28,6,LAX,PHL,745,740,-5,1556,1605,9,2025-06-28
103386,2025,6,28,6,LAX,PHL,900,857,-3,1718,1714,-4,2025-06-28
103387,2025,6,28,6,LAX,PHL,1442,1440,-2,2254,2254,0,2025-06-28
103388,2025,6,28,6,LAX,PHL,1630,1628,-2,43,24,-19,2025-06-28
103390,2025,6,28,6,LAX,PHL,2253,2246,-7,705,639,-26,2025-06-28
103391,2025,6,28,6,LAX,PHL,2256,2252,-4,700,648,-12,2025-06-28
103392,2025,6,28,6,LAX,PHX,500,457,-3,630,617,-13,2025-06-28
103393,2025,6,28,6,LAX,PHX,610,621,11,739,741,2,2025-06-28
103394,2025,6,28,6,LAX,PHX,705,658,-7,830,838,8,2025-06-28
103395,2025,6,28,6,LAX,PHX,815,812,-3,951,955,4,2025-06-28
103396,2025,6,28,6,LAX,PHX,940,940,0,1110,1057,-13,2025-06-28
103397,2025,6,28,6,LAX,PHX,1000,949,-11,1130,1118,-12,2025-06-28
103398,2025,6,28,6,LAX,PHX,1015,1007,-8,1145,1140,-5,2025-06-28
103399,2025,6,28,6,LAX,PHX,1230,1248,18,1355,1412,17,2025-06-28
103400,2025,6,28,6,LAX,PHX,1325,1328,3,1450,1454,4,2025-06-28
103401,2025,6,28,6,LAX,PHX,1400,1421,21,1528,1549,21,2025-06-28
103402,2025,6,28,6,LAX,PHX,1423,1418,-5,1602,1547,-15,2025-06-28
103403,2025,6,28,6,LAX,PHX,1632,1633,1,1759,1801,2,2025-06-28
103404,2025,6,28,6,LAX,PHX,1920,1917,-3,2050,2034,-16,2025-06-28
103405,2025,6,28,6,LAX,PHX,1930,1936,6,2059,2056,-3,2025-06-28
103406,2025,6,28,6,LAX,PHX,1935,1943,8,2103,2115,12,2025-06-28
103407,2025,6,28,6,LAX,PHX,1955,1948,-7,2122,2118,-4,2025-06-28
103408,2025,6,28,6,LAX,PHX,2055,2049,-6,2225,2208,-17,2025-06-28
103409,2025,6,28,6,LAX,PHX,2258,2349,51,27,115,48,2025-06-28
103410,2025,6,28,6,LAX,PIT,915,919,4,1700,1723,23,2025-06-28
103411,2025,6,28,6,LAX,PRC,1945,1938,-7,2111,2103,-8,2025-06-28
103412,2025,6,28,6,LAX,PSC,2125,2121,-4,2359,2357,-2,2025-06-28
103413,2025,6,28,6,LAX,RDD,1310,1301,-9,1459,1447,-12,2025-06-28
103414,2025,6,28,6,LAX,RDM,1254,1250,-4,1509,1500,-9,2025-06-28
103415,2025,6,28,6,LAX,RDU,1240,1239,-1,2029,2053,24,2025-06-28
103416,2025,6,28,6,LAX,RDU,2220,2216,-4,618,558,-20,2025-06-28
103417,2025,6,28,6,LAX,RNO,959,953,-6,1131,1126,-5,2025-06-28
103418,2025,6,28,6,LAX,RNO,1502,1501,-1,1630,1617,-13,2025-06-28
103419,2025,6,28,6,LAX,RNO,1750,1747,-3,1924,1903,-21,2025-06-28
103420,2025,6,28,6,LAX,RNO,1930,1922,-8,2059,2043,-16,2025-06-28
103421,2025,6,28,6,LAX,RNO,2110,2137,27,2240,2249,9,2025-06-28
103422,2025,6,28,6,LAX,RNO,2126,2120,-6,2300,2259,-1,2025-06-28
103423,2025,6,28,6,LAX,RNO,2216,2214,-2,2353,2345,-8,2025-06-28
103424,2025,6,28,6,LAX,SAN,820,814,-6,919,924,5,2025-06-28
103425,2025,6,28,6,LAX,SAN,905,858,-7,1009,949,-20,2025-06-28
103426,2025,6,28,6,LAX,SAN,1525,1523,-2,1619,1644,25,2025-06-28
103427,2025,6,28,6,LAX,SAN,1905,1902,-3,2004,1947,-17,2025-06-28
103428,2025,6,28,6,LAX,SAN,2159,2156,-3,2253,2307,14,2025-06-28
103429,2025,6,28,6,LAX,SAN,2245,2319,34,2346,6,20,2025-06-28
103430,2025,6,28,6,LAX,SAT,912,911,-1,1419,1407,-12,2025-06-28
103431,2025,6,28,6,LAX,SAT,930,922,-8,1423,1411,-12,2025-06-28
103432,2025,6,28,6,LAX,SAT,1008,1000,-8,1502,1439,-23,2025-06-28
103433,2025,6,28,6,LAX,SAT,1700,1656,-4,2158,2154,-4,2025-06-28
103434,2025,6,28,6,LAX,SAT,1810,1818,8,2305,2253,-12,2025-06-28
103435,2025,6,28,6,LAX,SAT,1858,1946,48,2349,27,38,2025-06-28
103436,2025,6,28,6,LAX,SBA,1520,1516,-4,1612,1551,-21,2025-06-28
103437,2025,6,28,6,LAX,SBA,2300,2328,28,2358,10,12,2025-06-28
103438,2025,6,28,6,LAX,SBP,1450,1444,-6,1551,1538,-13,2025-06-28
103439,2025,6,28,6,LAX,SBP,2255,2254,-1,2359,3,4,2025-06-28
103440,2025,6,28,6,LAX,SDF,821,808,-13,1522,1522,0,2025-06-28
103441,2025,6,28,6,LAX,SEA,700,651,-9,954,928,-26,2025-06-28
103442,2025,6,28,6,LAX,SEA,700,653,-7,947,949,2,2025-06-28
103443,2025,6,28,6,LAX,SEA,833,826,-7,1128,1123,-5,2025-06-28
103444,2025,6,28,6,LAX,SEA,945,947,2,1242,1223,-19,2025-06-28
103445,2025,6,28,6,LAX,SEA,1054,1101,7,1346,1353,7,2025-06-28
103446,2025,6,28,6,LAX,SEA,1115,1118,3,1409,1407,-2,2025-06-28
103447,2025,6,28,6,LAX,SEA,1155,1241,46,1445,1507,22,2025-06-28
103448,2025,6,28,6,LAX,SEA,1410,1414,4,1654,1652,-2,2025-06-28
103449,2025,6,28,6,LAX,SEA,1415,1422,7,1700,1650,-10,2025-06-28
103450,2025,6,28,6,LAX,SEA,1510,1503,-7,1754,1733,-21,2025-06-28
103451,2025,6,28,6,LAX,SEA,1715,1709,-6,2000,1946,-14,2025-06-28
103452,2025,6,28,6,LAX,SEA,1743,1820,37,2035,2049,14,2025-06-28
103453,2025,6,28,6,LAX,SEA,1820,1849,29,2105,2122,17,2025-06-28
103454,2025,6,28,6,LAX,SEA,1850,1844,-6,2145,2230,45,2025-06-28
103455,2025,6,28,6,LAX,SEA,1925,1913,-12,2217,2159,-18,2025-06-28
103456,2025,6,28,6,LAX,SEA,1925,1920,-5,2216,2214,-2,2025-06-28
103457,2025,6,28,6,LAX,SEA,2040,2048,8,2338,2313,-25,2025-06-28
103458,2025,6,28,6,LAX,SEA,2115,2109,-6,6,2351,-15,2025-06-28
103459,2025,6,28,6,LAX,SFO,520,516,-4,640,628,-12,2025-06-28
103460,2025,6,28,6,LAX,SFO,600,558,-2,741,711,-30,2025-06-28
103461,2025,6,28,6,LAX,SFO,605,556,-9,728,711,-17,2025-06-28
103462,2025,6,28,6,LAX,SFO,700,654,-6,829,830,1,2025-06-28
103463,2025,6,28,6,LAX,SFO,700,655,-5,836,828,-8,2025-06-28
103464,2025,6,28,6,LAX,SFO,800,751,-9,945,905,-40,2025-06-28
103465,2025,6,28,6,LAX,SFO,835,840,5,958,941,-17,2025-06-28
103466,2025,6,28,6,LAX,SFO,910,904,-6,1045,1026,-19,2025-06-28
103467,2025,6,28,6,LAX,SFO,945,943,-2,1110,1052,-18,2025-06-28
103468,2025,6,28,6,LAX,SFO,1015,1011,-4,1140,1129,-11,2025-06-28
103469,2025,6,28,6,LAX,SFO,1032,1040,8,1209,1211,2,2025-06-28
103470,2025,6,28,6,LAX,SFO,1129,1124,-5,1256,1250,-6,2025-06-28
103472,2025,6,28,6,LAX,SFO,1350,1342,-8,1518,1451,-27,2025-06-28
103473,2025,6,28,6,LAX,SFO,1422,1415,-7,1548,1548,0,2025-06-28
103474,2025,6,28,6,LAX,SFO,1613,1645,32,1742,1802,20,2025-06-28
103475,2025,6,28,6,LAX,SFO,1627,1638,11,1745,1746,1,2025-06-28
103476,2025,6,28,6,LAX,SFO,1640,1654,14,1800,1758,-2,2025-06-28
103477,2025,6,28,6,LAX,SFO,1755,1751,-4,1924,1857,-27,2025-06-28
103478,2025,6,28,6,LAX,SFO,1808,1902,54,1943,2026,43,2025-06-28
103479,2025,6,28,6,LAX,SFO,1849,1850,1,2018,2000,-18,2025-06-28
103480,2025,6,28,6,LAX,SFO,1859,1856,-3,2028,2015,-13,2025-06-28
103481,2025,6,28,6,LAX,SFO,1935,1950,15,2058,2103,5,2025-06-28
103482,2025,6,28,6,LAX,SFO,1950,1946,-4,2122,2057,-25,2025-06-28
103483,2025,6,28,6,LAX,SFO,1955,1949,-6,2125,2112,-13,2025-06-28
103484,2025,6,28,6,LAX,SFO,2051,2044,-7,2217,2151,-26,2025-06-28
103485,2025,6,28,6,LAX,SFO,2225,2217,-8,2352,2337,-15,2025-06-28
103486,2025,6,28,6,LAX,SGU,1325,1319,-6,1557,1536,-21,2025-06-28
103487,2025,6,28,6,LAX,SJC,555,551,-4,710,704,-6,2025-06-28
103488,2025,6,28,6,LAX,SJC,915,906,-9,1030,1015,-15,2025-06-28
103489,2025,6,28,6,LAX,SJC,1135,1133,-2,1252,1248,-4,2025-06-28
103490,2025,6,28,6,LAX,SJC,1145,1155,10,1300,1300,0,2025-06-28
103491,2025,6,28,6,LAX,SJC,1325,1314,-11,1443,1442,-1,2025-06-28
103492,2025,6,28,6,LAX,SJC,1405,1410,5,1520,1506,-14,2025-06-28
103493,2025,6,28,6,LAX,SJC,1505,1458,-7,1619,1600,-19,2025-06-28
103494,2025,6,28,6,LAX,SJC,1700,1651,-9,1815,1757,-18,2025-06-28
103495,2025,6,28,6,LAX,SJC,1930,1926,-4,2045,2021,-24,2025-06-28
103496,2025,6,28,6,LAX,SJC,2128,2118,-10,2244,2228,-16,2025-06-28
103497,2025,6,28,6,LAX,SLC,600,554,-6,853,848,-5,2025-06-28
103498,2025,6,28,6,LAX,SLC,700,654,-6,955,1003,8,2025-06-28
103499,2025,6,28,6,LAX,SLC,948,945,-3,1243,1222,-21,2025-06-28
103500,2025,6,28,6,LAX,SLC,1020,1030,10,1310,1306,-4,2025-06-28
103501,2025,6,28,6,LAX,SLC,1111,1111,0,1403,1349,-14,2025-06-28
103502,2025,6,28,6,LAX,SLC,1311,1319,8,1604,1610,6,2025-06-28
103503,2025,6,28,6,LAX,SLC,1710,1703,-7,2000,1946,-14,2025-06-28
103504,2025,6,28,6,LAX,SLC,1845,1839,-6,2139,2121,-18,2025-06-28
103505,2025,6,28,6,LAX,SMF,530,528,-2,655,652,-3,2025-06-28
103506,2025,6,28,6,LAX,SMF,815,808,-7,952,946,-6,2025-06-28
103507,2025,6,28,6,LAX,SMF,830,824,-6,1000,948,-12,2025-06-28
103508,2025,6,28,6,LAX,SMF,946,943,-3,1123,1100,-23,2025-06-28
103509,2025,6,28,6,LAX,SMF,1150,1203,13,1315,1324,9,2025-06-28
103510,2025,6,28,6,LAX,SMF,1200,1153,-7,1329,1315,-14,2025-06-28
103511,2025,6,28,6,LAX,SMF,1510,1504,-6,1638,1628,-10,2025-06-28
103512,2025,6,28,6,LAX,SMF,1630,1623,-7,1801,1748,-13,2025-06-28
103513,2025,6,28,6,LAX,SMF,1700,1652,-8,1828,1815,-13,2025-06-28
103514,2025,6,28,6,LAX,SMF,2016,2010,-6,2155,2141,-14,2025-06-28
103515,2025,6,28,6,LAX,SMF,2035,2032,-3,2200,2146,-14,2025-06-28
103516,2025,6,28,6,LAX,SMF,2056,2045,-11,2228,2215,-13,2025-06-28
103517,2025,6,28,6,LAX,SMF,2155,2141,-14,2320,2311,-9,2025-06-28
103518,2025,6,28,6,LAX,STL,840,847,7,1425,1422,-3,2025-06-28
103519,2025,6,28,6,LAX,STL,1733,1729,-4,2259,2307,8,2025-06-28
103520,2025,6,28,6,LAX,STL,1805,1816,11,2345,2340,-5,2025-06-28
103521,2025,6,28,6,LAX,STS,925,918,-7,1106,1134,28,2025-06-28
103522,2025,6,28,6,LAX,STS,2206,2203,-3,2344,2318,-26,2025-06-28
103523,2025,6,28,6,LAX,SUN,833,825,-8,1146,1143,-3,2025-06-28
103524,2025,6,28,6,LAX,SUN,1907,1904,-3,2215,2207,-8,2025-06-28
103526,2025,6,28,6,LAX,TPA,2140,2135,-5,539,516,-23,2025-06-28
103527,2025,6,28,6,LAX,TUL,930,932,2,1440,1432,-8,2025-06-28
103528,2025,6,28,6,LAX,TUS,822,813,-9,1003,943,-20,2025-06-28
103529,2025,6,28,6,LAX,TUS,935,930,-5,1110,1104,-6,2025-06-28
103531,2025,6,28,6,LAX,TUS,1500,1451,-9,1633,1618,-15,2025-06-28
103532,2025,6,28,6,LAX,TUS,1818,1815,-3,1949,1945,-4,2025-06-28
103533,2025,6,28,6,LAX,TUS,1955,2005,10,2135,2123,-12,2025-06-28
103534,2025,6,28,6,LAX,XNA,914,951,37,1438,1504,26,2025-06-28
103535,2025,6,28,6,LAX,XNA,1412,1451,39,1922,2003,41,2025-06-28
106501,2025,6,29,7,LAX,ABQ,800,823,23,1108,1120,12,2025-06-29
106502,2025,6,29,7,LAX,ABQ,855,849,-6,1158,1140,-18,2025-06-29
106503,2025,6,29,7,LAX,ABQ,1440,1445,5,1735,1727,-8,2025-06-29
106504,2025,6,29,7,LAX,ABQ,1800,1750,-10,2101,2059,-2,2025-06-29
106506,2025,6,29,7,LAX,ACV,1310,1306,-4,1508,1453,-15,2025-06-29
106507,2025,6,29,7,LAX,ANC,1945,1939,-6,8,2342,-26,2025-06-29
106508,2025,6,29,7,LAX,ASE,1040,1032,-8,1356,1355,-1,2025-06-29
106512,2025,6,29,7,LAX,ATL,620,614,-6,1342,1333,-9,2025-06-29
106513,2025,6,29,7,LAX,ATL,735,741,6,1448,1508,20,2025-06-29
106514,2025,6,29,7,LAX,ATL,845,842,-3,1607,1620,13,2025-06-29
106515,2025,6,29,7,LAX,ATL,951,948,-3,1715,1721,6,2025-06-29
106516,2025,6,29,7,LAX,ATL,953,954,1,1719,1726,7,2025-06-29
106517,2025,6,29,7,LAX,ATL,1115,1115,0,1834,1836,2,2025-06-29
106518,2025,6,29,7,LAX,ATL,1215,1217,2,1930,1946,16,2025-06-29
106519,2025,6,29,7,LAX,ATL,1249,1243,-6,2015,2016,1,2025-06-29
106520,2025,6,29,7,LAX,ATL,1306,1319,13,2049,2101,12,2025-06-29
106521,2025,6,29,7,LAX,ATL,1315,1311,-4,2046,2023,-23,2025-06-29
106523,2025,6,29,7,LAX,ATL,1735,1758,23,54,109,15,2025-06-29
106525,2025,6,29,7,LAX,ATL,2145,2148,3,500,457,-3,2025-06-29
106526,2025,6,29,7,LAX,ATL,2245,2244,-1,600,556,-4,2025-06-29
106527,2025,6,29,7,LAX,ATL,2345,20,35,712,757,45,2025-06-29
106528,2025,6,29,7,LAX,AUS,510,510,0,1010,1001,-9,2025-06-29
106529,2025,6,29,7,LAX,AUS,615,609,-6,1117,1058,-19,2025-06-29
106530,2025,6,29,7,LAX,AUS,745,741,-4,1246,1233,-13,2025-06-29
106531,2025,6,29,7,LAX,AUS,835,836,1,1324,1341,17,2025-06-29
106532,2025,6,29,7,LAX,AUS,920,913,-7,1447,1456,9,2025-06-29
106533,2025,6,29,7,LAX,AUS,1000,956,-4,1510,1532,22,2025-06-29
106534,2025,6,29,7,LAX,AUS,1040,1046,6,1545,1554,9,2025-06-29
106535,2025,6,29,7,LAX,AUS,1614,1610,-4,2114,2107,-7,2025-06-29
106537,2025,6,29,7,LAX,AUS,1835,1829,-6,2338,2322,-16,2025-06-29
106538,2025,6,29,7,LAX,AUS,1851,1927,36,2359,15,16,2025-06-29
106539,2025,6,29,7,LAX,AUS,1930,2028,58,35,113,38,2025-06-29
106540,2025,6,29,7,LAX,BLI,1850,1848,-2,2132,2121,-11,2025-06-29
106541,2025,6,29,7,LAX,BNA,700,658,-2,1257,1259,2,2025-06-29
106542,2025,6,29,7,LAX,BNA,750,806,16,1355,1404,9,2025-06-29
106543,2025,6,29,7,LAX,BNA,1036,1110,34,1645,1701,16,2025-06-29
106544,2025,6,29,7,LAX,BNA,1120,1201,41,1730,1804,34,2025-06-29
106545,2025,6,29,7,LAX,BNA,1733,1728,-5,2333,2340,7,2025-06-29
106546,2025,6,29,7,LAX,BNA,2250,2253,3,500,440,-20,2025-06-29
106547,2025,6,29,7,LAX,BOI,820,812,-8,1129,1106,-23,2025-06-29
106548,2025,6,29,7,LAX,BOI,1242,1237,-5,1557,1540,-17,2025-06-29
106549,2025,6,29,7,LAX,BOI,1800,1813,13,2101,2100,-1,2025-06-29
106550,2025,6,29,7,LAX,BOI,1950,1948,-2,2254,2246,-8,2025-06-29
106551,2025,6,29,7,LAX,BOS,600,555,-5,1440,1451,11,2025-06-29
106552,2025,6,29,7,LAX,BOS,640,631,-9,1515,1508,-7,2025-06-29
106553,2025,6,29,7,LAX,BOS,830,823,-7,1719,1705,-14,2025-06-29
106554,2025,6,29,7,LAX,BOS,835,832,-3,1718,1727,9,2025-06-29
106555,2025,6,29,7,LAX,BOS,840,834,-6,1716,1716,0,2025-06-29
106556,2025,6,29,7,LAX,BOS,1045,1045,0,1924,1920,-4,2025-06-29
106557,2025,6,29,7,LAX,BOS,1145,1135,-10,2025,2009,-16,2025-06-29
106558,2025,6,29,7,LAX,BOS,1310,1302,-8,2151,2141,-10,2025-06-29
106559,2025,6,29,7,LAX,BOS,1525,1545,20,2355,5,10,2025-06-29
106561,2025,6,29,7,LAX,BOS,2213,2212,-1,644,730,46,2025-06-29
106562,2025,6,29,7,LAX,BOS,2255,2255,0,733,715,-18,2025-06-29
106563,2025,6,29,7,LAX,BOS,2305,2303,-2,741,749,8,2025-06-29
106565,2025,6,29,7,LAX,BWI,500,458,-2,1305,1249,-16,2025-06-29
106566,2025,6,29,7,LAX,BWI,1134,1135,1,1929,1931,2,2025-06-29
106567,2025,6,29,7,LAX,BWI,1345,1429,44,2150,2218,28,2025-06-29
106568,2025,6,29,7,LAX,BWI,2055,2053,-2,500,442,-18,2025-06-29
106569,2025,6,29,7,LAX,BWI,2359,2358,-1,807,807,0,2025-06-29
106570,2025,6,29,7,LAX,BZN,1129,1121,-8,1458,1442,-16,2025-06-29
106571,2025,6,29,7,LAX,BZN,1918,1913,-5,2259,2231,-28,2025-06-29
106572,2025,6,29,7,LAX,CLE,1224,1229,5,1957,1952,-5,2025-06-29
106573,2025,6,29,7,LAX,CLE,2120,2113,-7,453,451,-2,2025-06-29
106574,2025,6,29,7,LAX,CLT,605,559,-6,1354,1359,5,2025-06-29
106575,2025,6,29,7,LAX,CLT,759,758,-1,1545,1606,21,2025-06-29
106576,2025,6,29,7,LAX,CLT,911,916,5,1700,1704,4,2025-06-29
106577,2025,6,29,7,LAX,CLT,1154,1226,32,1945,2025,40,2025-06-29
106578,2025,6,29,7,LAX,CLT,1402,1400,-2,2155,2225,30,2025-06-29
106579,2025,6,29,7,LAX,CLT,2148,2146,-2,529,521,-8,2025-06-29
106580,2025,6,29,7,LAX,CLT,2249,2247,-2,635,632,-3,2025-06-29
106581,2025,6,29,7,LAX,CLT,2349,2350,1,735,731,-4,2025-06-29
106582,2025,6,29,7,LAX,CMH,925,921,-4,1701,1702,1,2025-06-29
106583,2025,6,29,7,LAX,CVG,1350,1421,31,2104,2137,33,2025-06-29
106584,2025,6,29,7,LAX,CVG,2229,2222,-7,538,537,-1,2025-06-29
106585,2025,6,29,7,LAX,DAL,520,520,0,1025,1019,-6,2025-06-29
106586,2025,6,29,7,LAX,DAL,745,739,-6,1245,1237,-8,2025-06-29
106587,2025,6,29,7,LAX,DAL,1445,1504,19,1955,2003,8,2025-06-29
106589,2025,6,29,7,LAX,DCA,759,752,-7,1600,1645,45,2025-06-29
106590,2025,6,29,7,LAX,DCA,819,815,-4,1622,1626,4,2025-06-29
106591,2025,6,29,7,LAX,DCA,1228,1231,3,2029,2038,9,2025-06-29
106592,2025,6,29,7,LAX,DCA,1331,1349,18,2142,2143,1,2025-06-29
106593,2025,6,29,7,LAX,DEN,505,457,-8,824,813,-11,2025-06-29
106594,2025,6,29,7,LAX,DEN,610,608,-2,935,920,-15,2025-06-29
106595,2025,6,29,7,LAX,DEN,615,615,0,948,931,-17,2025-06-29
106596,2025,6,29,7,LAX,DEN,711,704,-7,1035,1031,-4,2025-06-29
106597,2025,6,29,7,LAX,DEN,746,738,-8,1110,1100,-10,2025-06-29
106598,2025,6,29,7,LAX,DEN,800,800,0,1125,1130,5,2025-06-29
106599,2025,6,29,7,LAX,DEN,804,754,-10,1133,1115,-18,2025-06-29
106600,2025,6,29,7,LAX,DEN,900,857,-3,1227,1225,-2,2025-06-29
106602,2025,6,29,7,LAX,DEN,1155,1154,-1,1520,1505,-15,2025-06-29
106603,2025,6,29,7,LAX,DEN,1257,1257,0,1625,1628,3,2025-06-29
106604,2025,6,29,7,LAX,DEN,1338,1328,-10,1701,1701,0,2025-06-29
106605,2025,6,29,7,LAX,DEN,1435,1426,-9,1805,1740,-25,2025-06-29
106606,2025,6,29,7,LAX,DEN,1459,1449,-10,1819,1811,-8,2025-06-29
106607,2025,6,29,7,LAX,DEN,1505,1535,30,1830,1911,41,2025-06-29
106609,2025,6,29,7,LAX,DEN,1810,1819,9,2135,2138,3,2025-06-29
106610,2025,6,29,7,LAX,DEN,1820,1817,-3,2150,2134,-16,2025-06-29
106611,2025,6,29,7,LAX,DEN,1918,1925,7,2247,2251,4,2025-06-29
106612,2025,6,29,7,LAX,DEN,1945,2015,30,2309,2333,24,2025-06-29
106613,2025,6,29,7,LAX,DEN,2025,2016,-9,2348,2330,-18,2025-06-29
106614,2025,6,29,7,LAX,DEN,2100,2108,8,25,20,-5,2025-06-29
106615,2025,6,29,7,LAX,DFW,47,50,3,550,606,16,2025-06-29
106616,2025,6,29,7,LAX,DFW,130,119,-11,633,625,-8,2025-06-29
106617,2025,6,29,7,LAX,DFW,600,549,-11,1103,1042,-21,2025-06-29
106620,2025,6,29,7,LAX,DFW,826,837,11,1339,1401,22,2025-06-29
106621,2025,6,29,7,LAX,DFW,835,828,-7,1343,1404,21,2025-06-29
106622,2025,6,29,7,LAX,DFW,930,1018,48,1443,1530,47,2025-06-29
106623,2025,6,29,7,LAX,DFW,1037,1037,0,1545,1546,1,2025-06-29
106624,2025,6,29,7,LAX,DFW,1230,1229,-1,1737,1739,2,2025-06-29
106625,2025,6,29,7,LAX,DFW,1348,1348,0,1859,1856,-3,2025-06-29
106626,2025,6,29,7,LAX,DFW,1433,1437,4,1943,1928,-15,2025-06-29
106628,2025,6,29,7,LAX,DFW,1636,1644,8,2147,2201,14,2025-06-29
106629,2025,6,29,7,LAX,DFW,1835,1840,5,2347,2341,-6,2025-06-29
106630,2025,6,29,7,LAX,DFW,1855,1854,-1,2356,2355,-1,2025-06-29
106631,2025,6,29,7,LAX,DFW,1903,1910,7,26,10,-16,2025-06-29
106632,2025,6,29,7,LAX,DFW,2359,22,23,509,518,9,2025-06-29
106633,2025,6,29,7,LAX,DTW,530,529,-1,1257,1247,-10,2025-06-29
106634,2025,6,29,7,LAX,DTW,735,730,-5,1456,1450,-6,2025-06-29
106635,2025,6,29,7,LAX,DTW,925,915,-10,1652,1629,-23,2025-06-29
106637,2025,6,29,7,LAX,DTW,1209,1206,-3,1931,1926,-5,2025-06-29
106638,2025,6,29,7,LAX,DTW,1536,1534,-2,2304,2249,-15,2025-06-29
106639,2025,6,29,7,LAX,DTW,2130,2124,-6,452,437,-15,2025-06-29
106640,2025,6,29,7,LAX,DTW,2215,2208,-7,535,515,-20,2025-06-29
106641,2025,6,29,7,LAX,ELP,1125,1131,6,1425,1418,-7,2025-06-29
106642,2025,6,29,7,LAX,ELP,1430,1428,-2,1731,1732,1,2025-06-29
106643,2025,6,29,7,LAX,ELP,1947,1940,-7,2247,2232,-15,2025-06-29
106644,2025,6,29,7,LAX,EUG,2144,2138,-6,2358,2345,-13,2025-06-29
106645,2025,6,29,7,LAX,EWR,600,558,-2,1437,1426,-11,2025-06-29
106646,2025,6,29,7,LAX,EWR,700,655,-5,1534,1522,-12,2025-06-29
106647,2025,6,29,7,LAX,EWR,700,655,-5,1537,1522,-15,2025-06-29
106648,2025,6,29,7,LAX,EWR,810,807,-3,1640,1625,-15,2025-06-29
106650,2025,6,29,7,LAX,EWR,1015,1048,33,1854,1914,20,2025-06-29
106651,2025,6,29,7,LAX,EWR,1050,1136,46,1920,2015,55,2025-06-29
106652,2025,6,29,7,LAX,EWR,1100,1104,4,1940,1935,-5,2025-06-29
106654,2025,6,29,7,LAX,EWR,1330,1349,19,2152,2201,9,2025-06-29
106655,2025,6,29,7,LAX,EWR,1434,1428,-6,2255,2237,-18,2025-06-29
106656,2025,6,29,7,LAX,EWR,1630,1634,4,100,47,-13,2025-06-29
106657,2025,6,29,7,LAX,EWR,2055,2102,7,509,455,-14,2025-06-29
106658,2025,6,29,7,LAX,EWR,2126,2126,0,559,537,-22,2025-06-29
106660,2025,6,29,7,LAX,EWR,2359,4,5,813,805,-8,2025-06-29
106661,2025,6,29,7,LAX,FAT,1030,1025,-5,1148,1153,5,2025-06-29
106662,2025,6,29,7,LAX,FAT,1857,1850,-7,2011,1958,-13,2025-06-29
106664,2025,6,29,7,LAX,FCA,922,919,-3,1321,1304,-17,2025-06-29
106666,2025,6,29,7,LAX,FLL,1112,1212,60,1926,2037,71,2025-06-29
106667,2025,6,29,7,LAX,FLL,1345,1412,27,2158,2246,48,2025-06-29
106668,2025,6,29,7,LAX,FLL,1642,1657,15,48,55,7,2025-06-29
106669,2025,6,29,7,LAX,FLL,2155,2211,16,603,608,5,2025-06-29
106670,2025,6,29,7,LAX,FLL,2309,2342,33,705,730,25,2025-06-29
106671,2025,6,29,7,LAX,GEG,1025,1015,-10,1311,1309,-2,2025-06-29
106672,2025,6,29,7,LAX,GEG,1516,1517,1,1747,1746,-1,2025-06-29
106673,2025,6,29,7,LAX,GEG,1859,1855,-4,2133,2111,-22,2025-06-29
106674,2025,6,29,7,LAX,HNL,705,700,-5,1010,934,-36,2025-06-29
106675,2025,6,29,7,LAX,HNL,825,824,-1,1107,1110,3,2025-06-29
106676,2025,6,29,7,LAX,HNL,830,825,-5,1105,1106,1,2025-06-29
106677,2025,6,29,7,LAX,HNL,835,831,-4,1117,1116,-1,2025-06-29
106678,2025,6,29,7,LAX,HNL,849,845,-4,1137,1124,-13,2025-06-29
106679,2025,6,29,7,LAX,HNL,1010,1027,17,1240,1254,14,2025-06-29
106680,2025,6,29,7,LAX,HNL,1115,1116,1,1404,1348,-16,2025-06-29
106682,2025,6,29,7,LAX,HNL,1335,1331,-4,1618,1613,-5,2025-06-29
106683,2025,6,29,7,LAX,HNL,1444,1436,-8,1728,1701,-27,2025-06-29
106684,2025,6,29,7,LAX,HNL,1710,1710,0,1944,1932,-12,2025-06-29
106685,2025,6,29,7,LAX,HNL,1745,1743,-2,2030,2026,-4,2025-06-29
106686,2025,6,29,7,LAX,HNL,1810,1829,19,2052,2059,7,2025-06-29
106687,2025,6,29,7,LAX,HNL,1820,1813,-7,2057,2040,-17,2025-06-29
106688,2025,6,29,7,LAX,HNL,1825,1835,10,2115,2110,-5,2025-06-29
106689,2025,6,29,7,LAX,HNL,1845,1851,6,2128,2120,-8,2025-06-29
106692,2025,6,29,7,LAX,HOU,505,505,0,1030,1015,-15,2025-06-29
106693,2025,6,29,7,LAX,HOU,1405,1424,19,1930,1939,9,2025-06-29
106694,2025,6,29,7,LAX,HOU,2350,2348,-2,515,454,-21,2025-06-29
106695,2025,6,29,7,LAX,IAD,615,610,-5,1418,1402,-16,2025-06-29
106696,2025,6,29,7,LAX,IAD,815,812,-3,1621,1612,-9,2025-06-29
106697,2025,6,29,7,LAX,IAD,820,815,-5,1625,1629,4,2025-06-29
106699,2025,6,29,7,LAX,IAD,1250,1306,16,2055,2135,40,2025-06-29
106701,2025,6,29,7,LAX,IAD,2301,2348,47,653,726,33,2025-06-29
106702,2025,6,29,7,LAX,IAD,2359,2353,-6,805,752,-13,2025-06-29
106703,2025,6,29,7,LAX,IAH,56,50,-6,618,554,-24,2025-06-29
106704,2025,6,29,7,LAX,IAH,521,519,-2,1048,1035,-13,2025-06-29
106705,2025,6,29,7,LAX,IAH,730,724,-6,1259,1406,67,2025-06-29
106706,2025,6,29,7,LAX,IAH,845,838,-7,1407,1411,4,2025-06-29
106708,2025,6,29,7,LAX,IAH,1015,1011,-4,1540,1545,5,2025-06-29
106709,2025,6,29,7,LAX,IAH,1128,1119,-9,1648,1649,1,2025-06-29
106710,2025,6,29,7,LAX,IAH,1155,1151,-4,1718,1708,-10,2025-06-29
106711,2025,6,29,7,LAX,IAH,1320,1323,3,1841,1933,52,2025-06-29
106712,2025,6,29,7,LAX,IAH,1358,1350,-8,1925,1921,-4,2025-06-29
106715,2025,6,29,7,LAX,IAH,1910,1920,10,33,25,-8,2025-06-29
106716,2025,6,29,7,LAX,IAH,2345,13,28,505,519,14,2025-06-29
106717,2025,6,29,7,LAX,ICT,620,643,23,1114,1133,19,2025-06-29
106718,2025,6,29,7,LAX,IND,1036,1027,-9,1747,1738,-9,2025-06-29
106719,2025,6,29,7,LAX,IND,1412,1414,2,2114,2116,2,2025-06-29
106720,2025,6,29,7,LAX,IND,2314,2315,1,614,623,9,2025-06-29
106721,2025,6,29,7,LAX,JAC,900,850,-10,1218,1214,-4,2025-06-29
106722,2025,6,29,7,LAX,JAC,1030,1021,-9,1348,1337,-11,2025-06-29
106723,2025,6,29,7,LAX,JAC,1235,1228,-7,1552,1542,-10,2025-06-29
106724,2025,6,29,7,LAX,JFK,600,553,-7,1430,1431,1,2025-06-29
106725,2025,6,29,7,LAX,JFK,600,553,-7,1434,1427,-7,2025-06-29
106726,2025,6,29,7,LAX,JFK,700,658,-2,1535,1535,0,2025-06-29
106727,2025,6,29,7,LAX,JFK,700,700,0,1535,1603,28,2025-06-29
106728,2025,6,29,7,LAX,JFK,710,708,-2,1545,1548,3,2025-06-29
106729,2025,6,29,7,LAX,JFK,819,814,-5,1658,1701,3,2025-06-29
106730,2025,6,29,7,LAX,JFK,905,905,0,1757,1738,-19,2025-06-29
106731,2025,6,29,7,LAX,JFK,930,1002,32,1809,1831,22,2025-06-29
106732,2025,6,29,7,LAX,JFK,1010,1017,7,1910,1905,-5,2025-06-29
106733,2025,6,29,7,LAX,JFK,1021,1023,2,1859,1844,-15,2025-06-29
106736,2025,6,29,7,LAX,JFK,1130,1207,37,2006,2047,41,2025-06-29
106738,2025,6,29,7,LAX,JFK,1230,1234,4,2107,2124,17,2025-06-29
106739,2025,6,29,7,LAX,JFK,1300,1310,10,2145,2150,5,2025-06-29
106742,2025,6,29,7,LAX,JFK,1515,1524,9,2355,2340,-15,2025-06-29
106744,2025,6,29,7,LAX,JFK,1520,1516,-4,2354,2335,-19,2025-06-29
106746,2025,6,29,7,LAX,JFK,2036,2042,6,503,504,1,2025-06-29
106747,2025,6,29,7,LAX,JFK,2053,2136,43,530,613,43,2025-06-29
106748,2025,6,29,7,LAX,JFK,2121,2122,1,555,535,-20,2025-06-29
106749,2025,6,29,7,LAX,JFK,2140,2140,0,607,549,-18,2025-06-29
106750,2025,6,29,7,LAX,JFK,2231,2241,10,700,658,-2,2025-06-29
106751,2025,6,29,7,LAX,JFK,2250,2248,-2,723,715,-8,2025-06-29
106752,2025,6,29,7,LAX,JFK,2252,2310,18,732,724,-8,2025-06-29
106753,2025,6,29,7,LAX,JFK,2355,2352,-3,830,811,-19,2025-06-29
106754,2025,6,29,7,LAX,JFK,2358,1,3,830,814,-16,2025-06-29
106755,2025,6,29,7,LAX,KOA,725,721,-4,1005,949,-16,2025-06-29
106756,2025,6,29,7,LAX,KOA,830,835,5,1110,1140,30,2025-06-29
106757,2025,6,29,7,LAX,KOA,920,919,-1,1200,1149,-11,2025-06-29
106758,2025,6,29,7,LAX,KOA,1119,1114,-5,1355,1357,2,2025-06-29
106759,2025,6,29,7,LAX,KOA,1629,1624,-5,1859,1843,-16,2025-06-29
106760,2025,6,29,7,LAX,KOA,1750,1745,-5,2028,2014,-14,2025-06-29
106761,2025,6,29,7,LAX,LAS,530,523,-7,642,634,-8,2025-06-29
106762,2025,6,29,7,LAX,LAS,555,551,-4,715,654,-21,2025-06-29
106763,2025,6,29,7,LAX,LAS,730,724,-6,840,827,-13,2025-06-29
106764,2025,6,29,7,LAX,LAS,810,810,0,930,914,-16,2025-06-29
106765,2025,6,29,7,LAX,LAS,819,818,-1,941,930,-11,2025-06-29
106766,2025,6,29,7,LAX,LAS,935,944,9,1050,1102,12,2025-06-29
106767,2025,6,29,7,LAX,LAS,1019,1010,-9,1131,1118,-13,2025-06-29
106768,2025,6,29,7,LAX,LAS,1140,1139,-1,1254,1241,-13,2025-06-29
106769,2025,6,29,7,LAX,LAS,1305,1309,4,1425,1412,-13,2025-06-29
106771,2025,6,29,7,LAX,LAS,1505,1455,-10,1615,1604,-11,2025-06-29
106772,2025,6,29,7,LAX,LAS,1548,1639,51,1713,1755,42,2025-06-29
106773,2025,6,29,7,LAX,LAS,1705,1742,37,1825,1847,22,2025-06-29
106774,2025,6,29,7,LAX,LAS,1755,1748,-7,1918,1856,-22,2025-06-29
106775,2025,6,29,7,LAX,LAS,1850,1840,-10,2000,1954,-6,2025-06-29
106776,2025,6,29,7,LAX,LAS,1852,1845,-7,2008,2001,-7,2025-06-29
106777,2025,6,29,7,LAX,LAS,1855,1853,-2,2017,2014,-3,2025-06-29
106778,2025,6,29,7,LAX,LAS,1945,1945,0,2108,2055,-13,2025-06-29
106779,2025,6,29,7,LAX,LAS,1948,1944,-4,2100,2054,-6,2025-06-29
106780,2025,6,29,7,LAX,LAS,2000,2024,24,2125,2126,1,2025-06-29
106781,2025,6,29,7,LAX,LAS,2150,2150,0,2310,2308,-2,2025-06-29
106782,2025,6,29,7,LAX,LAS,2215,2205,-10,2327,2325,-2,2025-06-29
106783,2025,6,29,7,LAX,LAS,2218,2212,-6,2335,2320,-15,2025-06-29
106784,2025,6,29,7,LAX,LAS,2235,2229,-6,2357,2340,-17,2025-06-29
106785,2025,6,29,7,LAX,LIH,720,716,-4,1020,1009,-11,2025-06-29
106786,2025,6,29,7,LAX,LIH,842,835,-7,1140,1132,-8,2025-06-29
106787,2025,6,29,7,LAX,LIH,903,857,-6,1204,1210,6,2025-06-29
106788,2025,6,29,7,LAX,LIH,930,1003,33,1225,1238,13,2025-06-29
106789,2025,6,29,7,LAX,LIH,1425,1421,-4,1708,1657,-11,2025-06-29
106790,2025,6,29,7,LAX,LIH,1730,1736,6,2025,2026,1,2025-06-29
106791,2025,6,29,7,LAX,MCI,745,745,0,1255,1311,16,2025-06-29
106792,2025,6,29,7,LAX,MCI,930,937,7,1444,1441,-3,2025-06-29
106793,2025,6,29,7,LAX,MCI,1520,1513,-7,2029,2021,-8,2025-06-29
106794,2025,6,29,7,LAX,MCI,1815,1807,-8,2327,2317,-10,2025-06-29
106795,2025,6,29,7,LAX,MCO,700,657,-3,1458,1501,3,2025-06-29
106796,2025,6,29,7,LAX,MCO,1035,1030,-5,1838,1847,9,2025-06-29
106797,2025,6,29,7,LAX,MCO,1120,1140,20,1914,1959,45,2025-06-29
106798,2025,6,29,7,LAX,MCO,1357,1440,43,2210,2232,22,2025-06-29
106799,2025,6,29,7,LAX,MCO,1605,1627,22,2359,18,19,2025-06-29
106800,2025,6,29,7,LAX,MCO,2135,2137,2,536,522,-14,2025-06-29
106802,2025,6,29,7,LAX,MCO,2249,2254,5,647,640,-7,2025-06-29
106803,2025,6,29,7,LAX,MDW,630,634,4,1230,1226,-4,2025-06-29
106804,2025,6,29,7,LAX,MDW,1140,1151,11,1740,1750,10,2025-06-29
106805,2025,6,29,7,LAX,MDW,1550,1614,24,2150,2202,12,2025-06-29
106806,2025,6,29,7,LAX,MDW,2255,2248,-7,500,426,-34,2025-06-29
106807,2025,6,29,7,LAX,MEM,1820,1815,-5,2358,2351,-7,2025-06-29
106808,2025,6,29,7,LAX,MFE,600,546,-14,1109,1057,-12,2025-06-29
106809,2025,6,29,7,LAX,MIA,600,558,-2,1413,1441,28,2025-06-29
106810,2025,6,29,7,LAX,MIA,745,742,-3,1554,1545,-9,2025-06-29
106811,2025,6,29,7,LAX,MIA,845,850,5,1704,1655,-9,2025-06-29
106812,2025,6,29,7,LAX,MIA,1005,1002,-3,1816,1807,-9,2025-06-29
106813,2025,6,29,7,LAX,MIA,1210,1301,51,2020,2130,70,2025-06-29
106814,2025,6,29,7,LAX,MIA,1500,1459,-1,2310,2312,2,2025-06-29
106815,2025,6,29,7,LAX,MIA,2140,2134,-6,550,524,-26,2025-06-29
106818,2025,6,29,7,LAX,MKE,817,807,-10,1410,1403,-7,2025-06-29
106819,2025,6,29,7,LAX,MRY,815,809,-6,937,922,-15,2025-06-29
106820,2025,6,29,7,LAX,MRY,1821,1820,-1,1935,1927,-8,2025-06-29
106821,2025,6,29,7,LAX,MSO,1131,1122,-9,1510,1449,-21,2025-06-29
106822,2025,6,29,7,LAX,MSP,615,627,12,1146,1157,11,2025-06-29
106823,2025,6,29,7,LAX,MSP,800,755,-5,1334,1328,-6,2025-06-29
106824,2025,6,29,7,LAX,MSP,1130,1157,27,1702,1725,23,2025-06-29
106825,2025,6,29,7,LAX,MSP,1325,1321,-4,1855,1847,-8,2025-06-29
106827,2025,6,29,7,LAX,MSP,1850,1903,13,20,39,19,2025-06-29
106828,2025,6,29,7,LAX,MSP,2330,2326,-4,504,447,-17,2025-06-29
106829,2025,6,29,7,LAX,MSY,900,913,13,1455,1501,6,2025-06-29
106830,2025,6,29,7,LAX,MSY,1100,1057,-3,1644,1644,0,2025-06-29
106832,2025,6,29,7,LAX,MSY,1818,1816,-2,2358,2351,-7,2025-06-29
106833,2025,6,29,7,LAX,OAK,825,820,-5,955,927,-28,2025-06-29
106834,2025,6,29,7,LAX,OAK,1030,1029,-1,1155,1133,-22,2025-06-29
106835,2025,6,29,7,LAX,OAK,1420,1428,8,1545,1530,-15,2025-06-29
106837,2025,6,29,7,LAX,OAK,1945,1959,14,2110,2105,-5,2025-06-29
106838,2025,6,29,7,LAX,OAK,2105,2126,21,2230,2235,5,2025-06-29
106839,2025,6,29,7,LAX,OGG,700,652,-8,935,915,-20,2025-06-29
106840,2025,6,29,7,LAX,OGG,800,757,-3,1031,1016,-15,2025-06-29
106841,2025,6,29,7,LAX,OGG,815,810,-5,1055,1033,-22,2025-06-29
106843,2025,6,29,7,LAX,OGG,1040,1036,-4,1319,1307,-12,2025-06-29
106844,2025,6,29,7,LAX,OGG,1653,1650,-3,1932,1927,-5,2025-06-29
106845,2025,6,29,7,LAX,OGG,1656,1652,-4,1928,1910,-18,2025-06-29
106846,2025,6,29,7,LAX,OGG,1754,1748,-6,2030,2005,-25,2025-06-29
106847,2025,6,29,7,LAX,OKC,900,852,-8,1400,1347,-13,2025-06-29
106848,2025,6,29,7,LAX,OKC,1732,1743,11,2230,2243,13,2025-06-29
106849,2025,6,29,7,LAX,OMA,1236,1230,-6,1752,1747,-5,2025-06-29
106850,2025,6,29,7,LAX,ORD,8,8,0,620,613,-7,2025-06-29
106851,2025,6,29,7,LAX,ORD,32,48,16,638,647,9,2025-06-29
106852,2025,6,29,7,LAX,ORD,44,35,-9,651,624,-27,2025-06-29
106853,2025,6,29,7,LAX,ORD,540,538,-2,1152,1137,-15,2025-06-29
106854,2025,6,29,7,LAX,ORD,605,601,-4,1221,1215,-6,2025-06-29
106855,2025,6,29,7,LAX,ORD,620,618,-2,1242,1223,-19,2025-06-29
106856,2025,6,29,7,LAX,ORD,630,624,-6,1238,1237,-1,2025-06-29
106857,2025,6,29,7,LAX,ORD,800,821,21,1415,1427,12,2025-06-29
106858,2025,6,29,7,LAX,ORD,818,817,-1,1442,1433,-9,2025-06-29
106859,2025,6,29,7,LAX,ORD,936,930,-6,1544,1530,-14,2025-06-29
106862,2025,6,29,7,LAX,ORD,1300,1335,35,1929,1937,8,2025-06-29
106863,2025,6,29,7,LAX,ORD,1401,1408,7,2025,2138,73,2025-06-29
106865,2025,6,29,7,LAX,ORD,1635,1627,-8,2259,2228,-31,2025-06-29
106866,2025,6,29,7,LAX,ORD,1646,1710,24,2305,2318,13,2025-06-29
106867,2025,6,29,7,LAX,ORD,1729,1735,6,2335,2357,22,2025-06-29
106868,2025,6,29,7,LAX,ORD,1738,1737,-1,2359,2344,-15,2025-06-29
106869,2025,6,29,7,LAX,ORD,2240,2246,6,451,440,-11,2025-06-29
106870,2025,6,29,7,LAX,ORD,2300,2255,-5,513,457,-16,2025-06-29
106871,2025,6,29,7,LAX,ORD,2337,2334,-3,549,523,-26,2025-06-29
106872,2025,6,29,7,LAX,PDX,700,651,-9,923,902,-21,2025-06-29
106873,2025,6,29,7,LAX,PDX,700,701,1,920,913,-7,2025-06-29
106874,2025,6,29,7,LAX,PDX,845,835,-10,1110,1044,-26,2025-06-29
106875,2025,6,29,7,LAX,PDX,943,936,-7,1214,1142,-32,2025-06-29
106876,2025,6,29,7,LAX,PDX,1000,959,-1,1223,1209,-14,2025-06-29
106877,2025,6,29,7,LAX,PDX,1102,1052,-10,1325,1318,-7,2025-06-29
106878,2025,6,29,7,LAX,PDX,1340,1335,-5,1600,1546,-14,2025-06-29
106879,2025,6,29,7,LAX,PDX,1405,1401,-4,1625,1609,-16,2025-06-29
106880,2025,6,29,7,LAX,PDX,1651,1651,0,1912,1903,-9,2025-06-29
106881,2025,6,29,7,LAX,PDX,1807,1845,38,2030,2051,21,2025-06-29
106882,2025,6,29,7,LAX,PDX,2005,1958,-7,2229,2206,-23,2025-06-29
106883,2025,6,29,7,LAX,PDX,2025,2016,-9,2245,2231,-14,2025-06-29
106884,2025,6,29,7,LAX,PDX,2151,2148,-3,14,2359,-15,2025-06-29
106885,2025,6,29,7,LAX,PHL,645,640,-5,1454,1502,8,2025-06-29
106886,2025,6,29,7,LAX,PHL,745,816,31,1556,1630,34,2025-06-29
106887,2025,6,29,7,LAX,PHL,900,856,-4,1718,1704,-14,2025-06-29
106888,2025,6,29,7,LAX,PHL,1140,1146,6,1956,1949,-7,2025-06-29
106889,2025,6,29,7,LAX,PHL,1442,1446,4,2250,2241,-9,2025-06-29
106890,2025,6,29,7,LAX,PHL,1630,1641,11,43,36,-7,2025-06-29
106892,2025,6,29,7,LAX,PHL,2253,2251,-2,705,703,-2,2025-06-29
106893,2025,6,29,7,LAX,PHL,2256,2250,-6,700,702,2,2025-06-29
106894,2025,6,29,7,LAX,PHX,550,548,-2,720,706,-14,2025-06-29
106895,2025,6,29,7,LAX,PHX,610,615,5,739,740,1,2025-06-29
106897,2025,6,29,7,LAX,PHX,815,806,-9,951,936,-15,2025-06-29
106898,2025,6,29,7,LAX,PHX,940,940,0,1110,1100,-10,2025-06-29
106899,2025,6,29,7,LAX,PHX,1000,1019,19,1130,1143,13,2025-06-29
106900,2025,6,29,7,LAX,PHX,1015,1007,-8,1145,1135,-10,2025-06-29
106901,2025,6,29,7,LAX,PHX,1325,1324,-1,1450,1447,-3,2025-06-29
106902,2025,6,29,7,LAX,PHX,1335,1327,-8,1509,1456,-13,2025-06-29
106903,2025,6,29,7,LAX,PHX,1400,1358,-2,1528,1517,-11,2025-06-29
106904,2025,6,29,7,LAX,PHX,1423,1421,-2,1602,1547,-15,2025-06-29
106905,2025,6,29,7,LAX,PHX,1515,1527,12,1645,1642,-3,2025-06-29
106906,2025,6,29,7,LAX,PHX,1632,1629,-3,1759,1757,-2,2025-06-29
106907,2025,6,29,7,LAX,PHX,1800,1826,26,1930,1945,15,2025-06-29
106908,2025,6,29,7,LAX,PHX,1930,1923,-7,2059,2042,-17,2025-06-29
106910,2025,6,29,7,LAX,PHX,2134,2125,-9,2305,2253,-12,2025-06-29
106911,2025,6,29,7,LAX,PHX,2220,2317,57,2350,30,40,2025-06-29
106912,2025,6,29,7,LAX,PHX,2258,2259,1,27,23,-4,2025-06-29
106913,2025,6,29,7,LAX,PIT,915,1004,49,1700,1735,35,2025-06-29
106915,2025,6,29,7,LAX,PSC,2125,2117,-8,2359,2335,-24,2025-06-29
106916,2025,6,29,7,LAX,RDD,1310,1306,-4,1459,1438,-21,2025-06-29
106917,2025,6,29,7,LAX,RDM,1252,1246,-6,1509,1450,-19,2025-06-29
106918,2025,6,29,7,LAX,RDU,857,903,6,1654,1655,1,2025-06-29
106919,2025,6,29,7,LAX,RDU,1240,1235,-5,2029,2013,-16,2025-06-29
106920,2025,6,29,7,LAX,RDU,2220,2227,7,618,626,8,2025-06-29
106921,2025,6,29,7,LAX,RNO,935,931,-4,1100,1042,-18,2025-06-29
106922,2025,6,29,7,LAX,RNO,959,956,-3,1131,1117,-14,2025-06-29
106923,2025,6,29,7,LAX,RNO,1015,1009,-6,1157,1134,-23,2025-06-29
106924,2025,6,29,7,LAX,RNO,1502,1452,-10,1630,1606,-24,2025-06-29
106925,2025,6,29,7,LAX,RNO,1750,1742,-8,1924,1903,-21,2025-06-29
106927,2025,6,29,7,LAX,RNO,2050,2040,-10,2217,2203,-14,2025-06-29
106928,2025,6,29,7,LAX,RNO,2126,2118,-8,2300,2241,-19,2025-06-29
106929,2025,6,29,7,LAX,RNO,2216,2208,-8,2353,2330,-23,2025-06-29
106930,2025,6,29,7,LAX,SAN,820,812,-8,919,904,-15,2025-06-29
106931,2025,6,29,7,LAX,SAN,907,903,-4,1012,1001,-11,2025-06-29
106932,2025,6,29,7,LAX,SAN,1525,1531,6,1619,1617,-2,2025-06-29
106933,2025,6,29,7,LAX,SAN,1850,1847,-3,1951,1935,-16,2025-06-29
106934,2025,6,29,7,LAX,SAN,2159,2151,-8,2253,2259,6,2025-06-29
106935,2025,6,29,7,LAX,SAN,2245,2238,-7,2346,2328,-18,2025-06-29
106936,2025,6,29,7,LAX,SAT,710,710,0,1202,1154,-8,2025-06-29
106937,2025,6,29,7,LAX,SAT,912,902,-10,1419,1402,-17,2025-06-29
106938,2025,6,29,7,LAX,SAT,930,1012,42,1423,1452,29,2025-06-29
106939,2025,6,29,7,LAX,SAT,1519,1602,43,2013,2043,30,2025-06-29
106940,2025,6,29,7,LAX,SAT,1520,1523,3,2015,2006,-9,2025-06-29
106941,2025,6,29,7,LAX,SAT,1700,1651,-9,2158,2151,-7,2025-06-29
106942,2025,6,29,7,LAX,SAT,1858,1922,24,2349,17,28,2025-06-29
106943,2025,6,29,7,LAX,SBA,1520,1542,22,1612,1623,11,2025-06-29
106944,2025,6,29,7,LAX,SBA,2300,2259,-1,2358,2400,2,2025-06-29
106945,2025,6,29,7,LAX,SBP,1450,1449,-1,1551,1542,-9,2025-06-29
106946,2025,6,29,7,LAX,SBP,2255,2251,-4,2359,2352,-7,2025-06-29
106947,2025,6,29,7,LAX,SDF,1134,1129,-5,1835,1832,-3,2025-06-29
106948,2025,6,29,7,LAX,SEA,600,547,-13,850,830,-20,2025-06-29
106949,2025,6,29,7,LAX,SEA,700,657,-3,947,932,-15,2025-06-29
106951,2025,6,29,7,LAX,SEA,800,756,-4,1053,1043,-10,2025-06-29
106952,2025,6,29,7,LAX,SEA,945,944,-1,1242,1215,-27,2025-06-29
106953,2025,6,29,7,LAX,SEA,950,945,-5,1235,1223,-12,2025-06-29
106954,2025,6,29,7,LAX,SEA,1054,1109,15,1346,1405,19,2025-06-29
106955,2025,6,29,7,LAX,SEA,1115,1128,13,1409,1435,26,2025-06-29
106956,2025,6,29,7,LAX,SEA,1155,1206,11,1445,1442,-3,2025-06-29
106958,2025,6,29,7,LAX,SEA,1410,1422,12,1654,1700,6,2025-06-29
106959,2025,6,29,7,LAX,SEA,1415,1407,-8,1700,1639,-21,2025-06-29
106961,2025,6,29,7,LAX,SEA,1715,1712,-3,2000,1942,-18,2025-06-29
106962,2025,6,29,7,LAX,SEA,1743,1748,5,2035,2016,-19,2025-06-29
106963,2025,6,29,7,LAX,SEA,1815,1815,0,2100,2049,-11,2025-06-29
106964,2025,6,29,7,LAX,SEA,1850,1847,-3,2145,2120,-25,2025-06-29
106965,2025,6,29,7,LAX,SEA,1925,1929,4,2217,2201,-16,2025-06-29
106966,2025,6,29,7,LAX,SEA,1925,1942,17,2216,2214,-2,2025-06-29
106967,2025,6,29,7,LAX,SEA,1959,1954,-5,2257,2240,-17,2025-06-29
106969,2025,6,29,7,LAX,SEA,2115,2108,-7,6,2337,-29,2025-06-29
106970,2025,6,29,7,LAX,SFO,600,553,-7,741,716,-25,2025-06-29
106971,2025,6,29,7,LAX,SFO,600,558,-2,725,708,-17,2025-06-29
106972,2025,6,29,7,LAX,SFO,605,554,-11,728,705,-23,2025-06-29
106973,2025,6,29,7,LAX,SFO,700,657,-3,829,818,-11,2025-06-29
106974,2025,6,29,7,LAX,SFO,700,658,-2,836,808,-28,2025-06-29
106975,2025,6,29,7,LAX,SFO,800,753,-7,941,901,-40,2025-06-29
106976,2025,6,29,7,LAX,SFO,835,827,-8,958,951,-7,2025-06-29
106977,2025,6,29,7,LAX,SFO,910,922,12,1045,1055,10,2025-06-29
106978,2025,6,29,7,LAX,SFO,1015,1007,-8,1140,1113,-27,2025-06-29
106979,2025,6,29,7,LAX,SFO,1032,1039,7,1205,1218,13,2025-06-29
106980,2025,6,29,7,LAX,SFO,1129,1124,-5,1256,1251,-5,2025-06-29
106981,2025,6,29,7,LAX,SFO,1235,1231,-4,1355,1332,-23,2025-06-29
106982,2025,6,29,7,LAX,SFO,1330,1319,-11,1452,1427,-25,2025-06-29
106983,2025,6,29,7,LAX,SFO,1350,1344,-6,1518,1509,-9,2025-06-29
106984,2025,6,29,7,LAX,SFO,1422,1415,-7,1548,1533,-15,2025-06-29
106985,2025,6,29,7,LAX,SFO,1544,1538,-6,1711,1656,-15,2025-06-29
106987,2025,6,29,7,LAX,SFO,1627,1621,-6,1745,1728,-17,2025-06-29
106988,2025,6,29,7,LAX,SFO,1740,1738,-2,1902,1857,-5,2025-06-29
106989,2025,6,29,7,LAX,SFO,1758,1812,14,1927,1926,-1,2025-06-29
106991,2025,6,29,7,LAX,SFO,1850,1847,-3,2019,2024,5,2025-06-29
106992,2025,6,29,7,LAX,SFO,1859,1857,-2,2028,2029,1,2025-06-29
106993,2025,6,29,7,LAX,SFO,1935,1940,5,2058,2112,14,2025-06-29
106994,2025,6,29,7,LAX,SFO,1945,1953,8,2110,2116,6,2025-06-29
106995,2025,6,29,7,LAX,SFO,1950,2045,55,2122,2151,29,2025-06-29
106997,2025,6,29,7,LAX,SFO,2149,2143,-6,2312,2251,-21,2025-06-29
106998,2025,6,29,7,LAX,SFO,2225,2216,-9,2352,2347,-5,2025-06-29
106999,2025,6,29,7,LAX,SGU,1325,1320,-5,1557,1552,-5,2025-06-29
107000,2025,6,29,7,LAX,SJC,550,544,-6,705,644,-21,2025-06-29
107001,2025,6,29,7,LAX,SJC,910,906,-4,1030,1007,-23,2025-06-29
107002,2025,6,29,7,LAX,SJC,915,913,-2,1030,1020,-10,2025-06-29
107003,2025,6,29,7,LAX,SJC,1135,1223,48,1252,1328,36,2025-06-29
107004,2025,6,29,7,LAX,SJC,1325,1343,18,1443,1456,13,2025-06-29
107005,2025,6,29,7,LAX,SJC,1445,1545,60,1600,1643,43,2025-06-29
107006,2025,6,29,7,LAX,SJC,1505,1457,-8,1619,1605,-14,2025-06-29
107007,2025,6,29,7,LAX,SJC,1700,1652,-8,1815,1801,-14,2025-06-29
107008,2025,6,29,7,LAX,SJC,1835,1905,30,1950,1957,7,2025-06-29
107009,2025,6,29,7,LAX,SJC,2115,2154,39,2240,2258,18,2025-06-29
107010,2025,6,29,7,LAX,SJC,2128,2121,-7,2244,2225,-19,2025-06-29
107011,2025,6,29,7,LAX,SLC,600,557,-3,853,847,-6,2025-06-29
107012,2025,6,29,7,LAX,SLC,700,655,-5,955,941,-14,2025-06-29
107013,2025,6,29,7,LAX,SLC,833,824,-9,1132,1115,-17,2025-06-29
107016,2025,6,29,7,LAX,SLC,1111,1119,8,1403,1355,-8,2025-06-29
107017,2025,6,29,7,LAX,SLC,1311,1313,2,1604,1559,-5,2025-06-29
107018,2025,6,29,7,LAX,SLC,1705,1700,-5,1956,1951,-5,2025-06-29
107019,2025,6,29,7,LAX,SLC,1845,1844,-1,2139,2130,-9,2025-06-29
107020,2025,6,29,7,LAX,SLC,1919,1942,23,2206,2222,16,2025-06-29
107021,2025,6,29,7,LAX,SMF,540,533,-7,705,645,-20,2025-06-29
107022,2025,6,29,7,LAX,SMF,810,804,-6,940,912,-28,2025-06-29
107023,2025,6,29,7,LAX,SMF,815,813,-2,952,958,6,2025-06-29
107024,2025,6,29,7,LAX,SMF,820,812,-8,953,929,-24,2025-06-29
107025,2025,6,29,7,LAX,SMF,946,936,-10,1123,1058,-25,2025-06-29
107026,2025,6,29,7,LAX,SMF,1200,1156,-4,1329,1312,-17,2025-06-29
107027,2025,6,29,7,LAX,SMF,1230,1235,5,1345,1346,1,2025-06-29
107028,2025,6,29,7,LAX,SMF,1309,1303,-6,1444,1428,-16,2025-06-29
107029,2025,6,29,7,LAX,SMF,1510,1501,-9,1638,1617,-21,2025-06-29
107030,2025,6,29,7,LAX,SMF,1626,1622,-4,1758,1758,0,2025-06-29
107031,2025,6,29,7,LAX,SMF,1630,1620,-10,1801,1740,-21,2025-06-29
107032,2025,6,29,7,LAX,SMF,1700,1651,-9,1828,1815,-13,2025-06-29
107033,2025,6,29,7,LAX,SMF,1710,1706,-4,1840,1816,-24,2025-06-29
107034,2025,6,29,7,LAX,SMF,2016,2031,15,2155,2150,-5,2025-06-29
107035,2025,6,29,7,LAX,SMF,2035,2036,1,2200,2151,-9,2025-06-29
107036,2025,6,29,7,LAX,SMF,2056,2048,-8,2228,2224,-4,2025-06-29
107037,2025,6,29,7,LAX,SMF,2155,2150,-5,2320,2321,1,2025-06-29
107038,2025,6,29,7,LAX,STL,515,515,0,1055,1103,8,2025-06-29
107039,2025,6,29,7,LAX,STL,1325,1335,10,1905,1904,-1,2025-06-29
107040,2025,6,29,7,LAX,STL,1733,1724,-9,2259,2307,8,2025-06-29
107041,2025,6,29,7,LAX,STS,925,922,-3,1106,1054,-12,2025-06-29
107043,2025,6,29,7,LAX,SUN,825,821,-4,1138,1147,9,2025-06-29
107044,2025,6,29,7,LAX,SUN,1907,1856,-11,2215,2202,-13,2025-06-29
107045,2025,6,29,7,LAX,TPA,1012,1008,-4,1800,1807,7,2025-06-29
107046,2025,6,29,7,LAX,TPA,2140,2133,-7,539,509,-30,2025-06-29
107047,2025,6,29,7,LAX,TPA,2210,2209,-1,544,544,0,2025-06-29
107048,2025,6,29,7,LAX,TUL,930,923,-7,1440,1425,-15,2025-06-29
107049,2025,6,29,7,LAX,TUS,822,827,5,1003,1023,20,2025-06-29
107050,2025,6,29,7,LAX,TUS,935,926,-9,1110,1053,-17,2025-06-29
107051,2025,6,29,7,LAX,TUS,1005,1015,10,1135,1133,-2,2025-06-29
107052,2025,6,29,7,LAX,TUS,1458,1454,-4,1627,1623,-4,2025-06-29
107053,2025,6,29,7,LAX,TUS,1500,1454,-6,1633,1621,-12,2025-06-29
107054,2025,6,29,7,LAX,TUS,1818,1810,-8,1949,1933,-16,2025-06-29
107055,2025,6,29,7,LAX,XNA,914,923,9,1438,1459,21,2025-06-29
110330,2025,6,30,1,LAX,ABQ,800,753,-7,1108,1041,-27,2025-06-30
110331,2025,6,30,1,LAX,ABQ,855,855,0,1158,1154,-4,2025-06-30
110332,2025,6,30,1,LAX,ABQ,1120,1119,-1,1415,1400,-15,2025-06-30
110333,2025,6,30,1,LAX,ABQ,1800,1757,-3,2101,2056,-5,2025-06-30
110334,2025,6,30,1,LAX,ABQ,1849,1842,-7,2152,2131,-21,2025-06-30
110335,2025,6,30,1,LAX,ACV,1310,1311,1,1508,1455,-13,2025-06-30
110336,2025,6,30,1,LAX,ANC,1945,1943,-2,8,2352,-16,2025-06-30
110337,2025,6,30,1,LAX,ASE,1040,1037,-3,1356,1350,-6,2025-06-30
110338,2025,6,30,1,LAX,ASE,1254,1244,-10,1605,1641,36,2025-06-30
110339,2025,6,30,1,LAX,ASE,1445,1440,-5,1751,1806,15,2025-06-30
110340,2025,6,30,1,LAX,ASE,1655,1647,-8,2006,1944,-22,2025-06-30
110341,2025,6,30,1,LAX,ATL,55,52,-3,821,812,-9,2025-06-30
110342,2025,6,30,1,LAX,ATL,620,614,-6,1342,1330,-12,2025-06-30
110343,2025,6,30,1,LAX,ATL,735,730,-5,1448,1455,7,2025-06-30
110344,2025,6,30,1,LAX,ATL,845,838,-7,1607,1559,-8,2025-06-30
110345,2025,6,30,1,LAX,ATL,951,948,-3,1715,1708,-7,2025-06-30
110346,2025,6,30,1,LAX,ATL,953,945,-8,1719,1703,-16,2025-06-30
110347,2025,6,30,1,LAX,ATL,1115,1110,-5,1834,1835,1,2025-06-30
110348,2025,6,30,1,LAX,ATL,1215,1238,23,1930,2002,32,2025-06-30
110349,2025,6,30,1,LAX,ATL,1249,1255,6,2015,2041,26,2025-06-30
110350,2025,6,30,1,LAX,ATL,1306,1343,37,2049,2136,47,2025-06-30
110351,2025,6,30,1,LAX,ATL,1315,1319,4,2046,2059,13,2025-06-30
110352,2025,6,30,1,LAX,ATL,1430,1423,-7,2150,2156,6,2025-06-30
110354,2025,6,30,1,LAX,ATL,2145,2156,11,500,506,6,2025-06-30
110356,2025,6,30,1,LAX,ATL,2245,2249,4,600,557,-3,2025-06-30
110357,2025,6,30,1,LAX,ATL,2345,11,26,712,722,10,2025-06-30
110358,2025,6,30,1,LAX,AUS,500,455,-5,1000,949,-11,2025-06-30
110359,2025,6,30,1,LAX,AUS,615,608,-7,1117,1111,-6,2025-06-30
110360,2025,6,30,1,LAX,AUS,745,742,-3,1246,1233,-13,2025-06-30
110361,2025,6,30,1,LAX,AUS,920,916,-4,1447,1432,-15,2025-06-30
110362,2025,6,30,1,LAX,AUS,1000,955,-5,1510,1458,-12,2025-06-30
110363,2025,6,30,1,LAX,AUS,1115,1146,31,1620,1641,21,2025-06-30
110364,2025,6,30,1,LAX,AUS,1614,1606,-8,2114,2100,-14,2025-06-30
110365,2025,6,30,1,LAX,AUS,1620,1635,15,2121,2131,10,2025-06-30
110366,2025,6,30,1,LAX,AUS,1835,1913,38,2338,9,31,2025-06-30
110367,2025,6,30,1,LAX,AUS,1845,1843,-2,2359,7,8,2025-06-30
110368,2025,6,30,1,LAX,AUS,1855,1854,-1,2355,2346,-9,2025-06-30
110369,2025,6,30,1,LAX,BNA,700,649,-11,1257,1244,-13,2025-06-30
110370,2025,6,30,1,LAX,BNA,710,707,-3,1325,1305,-20,2025-06-30
110371,2025,6,30,1,LAX,BNA,929,926,-3,1532,1528,-4,2025-06-30
110372,2025,6,30,1,LAX,BNA,1036,1037,1,1645,1655,10,2025-06-30
110373,2025,6,30,1,LAX,BNA,1733,1719,-14,2333,2323,-10,2025-06-30
110374,2025,6,30,1,LAX,BNA,2250,2250,0,500,438,-22,2025-06-30
110375,2025,6,30,1,LAX,BOI,907,908,1,1216,1153,-23,2025-06-30
110376,2025,6,30,1,LAX,BOI,1242,1237,-5,1557,1525,-32,2025-06-30
110377,2025,6,30,1,LAX,BOI,1800,1759,-1,2101,2048,-13,2025-06-30
110379,2025,6,30,1,LAX,BOS,600,556,-4,1440,1449,9,2025-06-30
110380,2025,6,30,1,LAX,BOS,640,633,-7,1515,1519,4,2025-06-30
110381,2025,6,30,1,LAX,BOS,830,825,-5,1719,1654,-25,2025-06-30
110382,2025,6,30,1,LAX,BOS,835,833,-2,1718,1720,2,2025-06-30
110384,2025,6,30,1,LAX,BOS,1045,1044,-1,1924,1928,4,2025-06-30
110385,2025,6,30,1,LAX,BOS,1145,1220,35,2025,2105,40,2025-06-30
110386,2025,6,30,1,LAX,BOS,1310,1313,3,2151,2132,-19,2025-06-30
110387,2025,6,30,1,LAX,BOS,1525,1515,-10,2355,2328,-27,2025-06-30
110388,2025,6,30,1,LAX,BOS,2024,2059,35,500,520,20,2025-06-30
110389,2025,6,30,1,LAX,BOS,2213,2206,-7,644,635,-9,2025-06-30
110390,2025,6,30,1,LAX,BOS,2255,2332,37,733,742,9,2025-06-30
110391,2025,6,30,1,LAX,BOS,2305,2336,31,741,806,25,2025-06-30
110392,2025,6,30,1,LAX,BUF,2209,2210,1,600,548,-12,2025-06-30
110393,2025,6,30,1,LAX,BWI,530,531,1,1335,1335,0,2025-06-30
110394,2025,6,30,1,LAX,BWI,845,837,-8,1654,1653,-1,2025-06-30
110395,2025,6,30,1,LAX,BWI,1005,1001,-4,1810,1754,-16,2025-06-30
110396,2025,6,30,1,LAX,BWI,1134,1135,1,1929,2004,35,2025-06-30
110397,2025,6,30,1,LAX,BWI,2055,2127,32,500,515,15,2025-06-30
110398,2025,6,30,1,LAX,BWI,2359,18,19,807,805,-2,2025-06-30
110400,2025,6,30,1,LAX,CLE,1055,1047,-8,1828,1809,-19,2025-06-30
110401,2025,6,30,1,LAX,CLE,2120,2117,-3,453,441,-12,2025-06-30
110402,2025,6,30,1,LAX,CLT,605,558,-7,1354,1350,-4,2025-06-30
110403,2025,6,30,1,LAX,CLT,759,827,28,1545,1622,37,2025-06-30
110404,2025,6,30,1,LAX,CLT,911,927,16,1700,1722,22,2025-06-30
110405,2025,6,30,1,LAX,CLT,1154,1149,-5,1945,1950,5,2025-06-30
110406,2025,6,30,1,LAX,CLT,1402,1447,45,2155,2233,38,2025-06-30
110409,2025,6,30,1,LAX,CLT,2306,2314,8,645,648,3,2025-06-30
110410,2025,6,30,1,LAX,CLT,2349,2339,-10,735,709,-26,2025-06-30
110411,2025,6,30,1,LAX,CMH,925,1017,52,1701,1801,60,2025-06-30
110412,2025,6,30,1,LAX,CVG,2229,2225,-4,538,544,6,2025-06-30
110413,2025,6,30,1,LAX,DAL,505,505,0,1010,958,-12,2025-06-30
110414,2025,6,30,1,LAX,DAL,645,644,-1,1150,1136,-14,2025-06-30
110415,2025,6,30,1,LAX,DAL,1120,1122,2,1630,1615,-15,2025-06-30
110416,2025,6,30,1,LAX,DAL,1630,1630,0,2145,2136,-9,2025-06-30
110417,2025,6,30,1,LAX,DAL,1810,1808,-2,2320,2322,2,2025-06-30
110418,2025,6,30,1,LAX,DCA,759,757,-2,1600,1551,-9,2025-06-30
110419,2025,6,30,1,LAX,DCA,819,810,-9,1622,1615,-7,2025-06-30
110420,2025,6,30,1,LAX,DCA,1228,1220,-8,2029,2046,17,2025-06-30
110421,2025,6,30,1,LAX,DCA,1331,1328,-3,2142,2154,12,2025-06-30
110422,2025,6,30,1,LAX,DEN,505,457,-8,824,814,-10,2025-06-30
110423,2025,6,30,1,LAX,DEN,545,547,2,910,908,-2,2025-06-30
110424,2025,6,30,1,LAX,DEN,615,612,-3,948,940,-8,2025-06-30
110425,2025,6,30,1,LAX,DEN,711,705,-6,1035,1022,-13,2025-06-30
110426,2025,6,30,1,LAX,DEN,746,740,-6,1110,1101,-9,2025-06-30
110427,2025,6,30,1,LAX,DEN,804,758,-6,1133,1113,-20,2025-06-30
110428,2025,6,30,1,LAX,DEN,805,824,19,1130,1140,10,2025-06-30
110429,2025,6,30,1,LAX,DEN,900,853,-7,1227,1213,-14,2025-06-30
110430,2025,6,30,1,LAX,DEN,1030,1029,-1,1355,1343,-12,2025-06-30
110431,2025,6,30,1,LAX,DEN,1055,1053,-2,1430,1423,-7,2025-06-30
110432,2025,6,30,1,LAX,DEN,1100,1053,-7,1427,1424,-3,2025-06-30
110433,2025,6,30,1,LAX,DEN,1257,1248,-9,1625,1627,2,2025-06-30
110434,2025,6,30,1,LAX,DEN,1338,1329,-9,1701,1709,8,2025-06-30
110435,2025,6,30,1,LAX,DEN,1340,1354,14,1710,1709,-1,2025-06-30
110436,2025,6,30,1,LAX,DEN,1435,1426,-9,1805,1756,-9,2025-06-30
110437,2025,6,30,1,LAX,DEN,1459,1450,-9,1819,1807,-12,2025-06-30
110438,2025,6,30,1,LAX,DEN,1605,1605,0,1930,1921,-9,2025-06-30
110439,2025,6,30,1,LAX,DEN,1613,1607,-6,1940,1927,-13,2025-06-30
110441,2025,6,30,1,LAX,DEN,1945,1932,-13,2309,2252,-17,2025-06-30
110443,2025,6,30,1,LAX,DEN,2025,2027,2,2348,2339,-9,2025-06-30
110444,2025,6,30,1,LAX,DFW,40,53,13,545,541,-4,2025-06-30
110445,2025,6,30,1,LAX,DFW,47,42,-5,550,554,4,2025-06-30
110446,2025,6,30,1,LAX,DFW,130,135,5,633,638,5,2025-06-30
110447,2025,6,30,1,LAX,DFW,600,551,-9,1120,1110,-10,2025-06-30
110448,2025,6,30,1,LAX,DFW,600,553,-7,1103,1050,-13,2025-06-30
110449,2025,6,30,1,LAX,DFW,700,651,-9,1209,1156,-13,2025-06-30
110451,2025,6,30,1,LAX,DFW,835,900,25,1343,1403,20,2025-06-30
110452,2025,6,30,1,LAX,DFW,930,928,-2,1443,1430,-13,2025-06-30
110453,2025,6,30,1,LAX,DFW,1037,1036,-1,1545,1557,12,2025-06-30
110454,2025,6,30,1,LAX,DFW,1230,1231,1,1737,1736,-1,2025-06-30
110455,2025,6,30,1,LAX,DFW,1348,1345,-3,1859,1904,5,2025-06-30
110456,2025,6,30,1,LAX,DFW,1433,1439,6,1943,2031,48,2025-06-30
110457,2025,6,30,1,LAX,DFW,1548,1638,50,2059,2147,48,2025-06-30
110458,2025,6,30,1,LAX,DFW,1636,1631,-5,2147,2147,0,2025-06-30
110459,2025,6,30,1,LAX,DFW,1835,1935,60,2347,53,66,2025-06-30
110460,2025,6,30,1,LAX,DFW,1855,1901,6,2356,27,31,2025-06-30
110461,2025,6,30,1,LAX,DFW,1903,1951,48,26,104,38,2025-06-30
110462,2025,6,30,1,LAX,DFW,2359,31,32,509,531,22,2025-06-30
110463,2025,6,30,1,LAX,DTW,530,525,-5,1257,1238,-19,2025-06-30
110464,2025,6,30,1,LAX,DTW,735,728,-7,1456,1442,-14,2025-06-30
110465,2025,6,30,1,LAX,DTW,925,1019,54,1652,1724,32,2025-06-30
110466,2025,6,30,1,LAX,DTW,1114,1139,25,1837,1854,17,2025-06-30
110467,2025,6,30,1,LAX,DTW,1209,1205,-4,1931,1912,-19,2025-06-30
110468,2025,6,30,1,LAX,DTW,1536,1531,-5,2304,2234,-30,2025-06-30
110469,2025,6,30,1,LAX,DTW,2130,2146,16,452,502,10,2025-06-30
110470,2025,6,30,1,LAX,DTW,2215,2254,39,535,601,26,2025-06-30
110472,2025,6,30,1,LAX,ELP,1430,1426,-4,1731,1722,-9,2025-06-30
110473,2025,6,30,1,LAX,ELP,1947,2030,43,2247,2323,36,2025-06-30
110474,2025,6,30,1,LAX,EUG,2144,2135,-9,2358,2336,-22,2025-06-30
110476,2025,6,30,1,LAX,EWR,700,655,-5,1537,1529,-8,2025-06-30
110477,2025,6,30,1,LAX,EWR,700,705,5,1534,1520,-14,2025-06-30
110478,2025,6,30,1,LAX,EWR,810,805,-5,1640,1655,15,2025-06-30
110479,2025,6,30,1,LAX,EWR,820,816,-4,1645,1653,8,2025-06-30
110482,2025,6,30,1,LAX,EWR,1115,1155,40,1955,2022,27,2025-06-30
110483,2025,6,30,1,LAX,EWR,1215,1224,9,2057,2059,2,2025-06-30
110484,2025,6,30,1,LAX,EWR,1330,1354,24,2152,2240,48,2025-06-30
110487,2025,6,30,1,LAX,EWR,2055,2053,-2,509,503,-6,2025-06-30
110488,2025,6,30,1,LAX,EWR,2126,2116,-10,559,525,-34,2025-06-30
110489,2025,6,30,1,LAX,EWR,2135,2158,23,555,558,3,2025-06-30
110490,2025,6,30,1,LAX,EWR,2359,2358,-1,813,809,-4,2025-06-30
110491,2025,6,30,1,LAX,FAT,1030,1025,-5,1148,1148,0,2025-06-30
110492,2025,6,30,1,LAX,FAT,1857,1857,0,2011,1957,-14,2025-06-30
110494,2025,6,30,1,LAX,FCA,922,919,-3,1321,1257,-24,2025-06-30
110495,2025,6,30,1,LAX,FLL,800,756,-4,1614,1607,-7,2025-06-30
110496,2025,6,30,1,LAX,FLL,1112,1124,12,1926,1954,28,2025-06-30
110497,2025,6,30,1,LAX,FLL,1345,1338,-7,2158,2221,23,2025-06-30
110499,2025,6,30,1,LAX,FLL,2309,2305,-4,705,712,7,2025-06-30
110500,2025,6,30,1,LAX,FSD,1605,1600,-5,2119,2101,-18,2025-06-30
110501,2025,6,30,1,LAX,GEG,1025,1021,-4,1311,1240,-31,2025-06-30
110502,2025,6,30,1,LAX,GEG,1432,1522,50,1707,1736,29,2025-06-30
110503,2025,6,30,1,LAX,GEG,1516,1515,-1,1747,1730,-17,2025-06-30
110504,2025,6,30,1,LAX,GEG,1859,1849,-10,2133,2105,-28,2025-06-30
110505,2025,6,30,1,LAX,HNL,705,702,-3,1010,936,-34,2025-06-30
110506,2025,6,30,1,LAX,HNL,825,853,28,1107,1119,12,2025-06-30
110507,2025,6,30,1,LAX,HNL,830,835,5,1105,1114,9,2025-06-30
110508,2025,6,30,1,LAX,HNL,835,834,-1,1117,1110,-7,2025-06-30
110510,2025,6,30,1,LAX,HNL,1010,1026,16,1240,1247,7,2025-06-30
110511,2025,6,30,1,LAX,HNL,1115,1111,-4,1404,1342,-22,2025-06-30
110512,2025,6,30,1,LAX,HNL,1315,1307,-8,1601,1543,-18,2025-06-30
110513,2025,6,30,1,LAX,HNL,1335,1326,-9,1618,1557,-21,2025-06-30
110514,2025,6,30,1,LAX,HNL,1444,1540,56,1728,1806,38,2025-06-30
110515,2025,6,30,1,LAX,HNL,1710,1705,-5,1944,1925,-19,2025-06-30
110517,2025,6,30,1,LAX,HNL,1810,1831,21,2052,2101,9,2025-06-30
110518,2025,6,30,1,LAX,HNL,1820,1815,-5,2057,2038,-19,2025-06-30
110519,2025,6,30,1,LAX,HNL,1825,1823,-2,2115,2100,-15,2025-06-30
110520,2025,6,30,1,LAX,HNL,1845,1906,21,2128,2136,8,2025-06-30
110522,2025,6,30,1,LAX,HNL,2040,2101,21,2329,2349,20,2025-06-30
110523,2025,6,30,1,LAX,HOU,505,505,0,1030,1019,-11,2025-06-30
110524,2025,6,30,1,LAX,HOU,1335,1340,5,1900,1855,-5,2025-06-30
110525,2025,6,30,1,LAX,HOU,1745,1756,11,2305,2316,11,2025-06-30
110526,2025,6,30,1,LAX,HOU,2350,2357,7,515,516,1,2025-06-30
110527,2025,6,30,1,LAX,IAD,615,611,-4,1418,1411,-7,2025-06-30
110529,2025,6,30,1,LAX,IAD,820,817,-3,1625,1634,9,2025-06-30
110531,2025,6,30,1,LAX,IAD,1250,1249,-1,2055,2108,13,2025-06-30
110533,2025,6,30,1,LAX,IAD,2301,2355,54,653,730,37,2025-06-30
110534,2025,6,30,1,LAX,IAD,2359,2355,-4,805,744,-21,2025-06-30
110535,2025,6,30,1,LAX,IAH,56,113,17,618,616,-2,2025-06-30
110536,2025,6,30,1,LAX,IAH,521,516,-5,1048,1044,-4,2025-06-30
110537,2025,6,30,1,LAX,IAH,730,823,53,1259,1401,62,2025-06-30
110538,2025,6,30,1,LAX,IAH,845,838,-7,1407,1359,-8,2025-06-30
110539,2025,6,30,1,LAX,IAH,850,845,-5,1419,1424,5,2025-06-30
110540,2025,6,30,1,LAX,IAH,1015,1010,-5,1540,1609,29,2025-06-30
110541,2025,6,30,1,LAX,IAH,1128,1118,-10,1648,1719,31,2025-06-30
110542,2025,6,30,1,LAX,IAH,1155,1148,-7,1720,1804,44,2025-06-30
110543,2025,6,30,1,LAX,IAH,1320,1328,8,1841,1918,37,2025-06-30
110544,2025,6,30,1,LAX,IAH,1358,1401,3,1925,1925,0,2025-06-30
110546,2025,6,30,1,LAX,IAH,1610,1605,-5,2135,2133,-2,2025-06-30
110547,2025,6,30,1,LAX,IAH,1910,1959,49,33,106,33,2025-06-30
110549,2025,6,30,1,LAX,IND,1036,1033,-3,1747,1731,-16,2025-06-30
110550,2025,6,30,1,LAX,IND,1134,1127,-7,1838,1826,-12,2025-06-30
110551,2025,6,30,1,LAX,IND,2314,2306,-8,614,607,-7,2025-06-30
110553,2025,6,30,1,LAX,JAC,1030,1025,-5,1348,1334,-14,2025-06-30
110554,2025,6,30,1,LAX,JFK,600,555,-5,1430,1415,-15,2025-06-30
110556,2025,6,30,1,LAX,JFK,700,648,-12,1535,1524,-11,2025-06-30
110557,2025,6,30,1,LAX,JFK,700,652,-8,1535,1542,7,2025-06-30
110558,2025,6,30,1,LAX,JFK,710,704,-6,1545,1628,43,2025-06-30
110559,2025,6,30,1,LAX,JFK,819,815,-4,1658,1649,-9,2025-06-30
110561,2025,6,30,1,LAX,JFK,930,922,-8,1809,1809,0,2025-06-30
110562,2025,6,30,1,LAX,JFK,1010,1004,-6,1910,1932,22,2025-06-30
110565,2025,6,30,1,LAX,JFK,1110,1159,49,1950,2029,39,2025-06-30
110568,2025,6,30,1,LAX,JFK,1230,1329,59,2107,2349,162,2025-06-30
110573,2025,6,30,1,LAX,JFK,1520,1533,13,2354,11,17,2025-06-30
110577,2025,6,30,1,LAX,JFK,2053,2104,11,530,527,-3,2025-06-30
110578,2025,6,30,1,LAX,JFK,2121,2117,-4,555,526,-29,2025-06-30
110580,2025,6,30,1,LAX,JFK,2231,2233,2,700,651,-9,2025-06-30
110581,2025,6,30,1,LAX,JFK,2250,2251,1,723,710,-13,2025-06-30
110582,2025,6,30,1,LAX,JFK,2252,2251,-1,732,731,-1,2025-06-30
110583,2025,6,30,1,LAX,JFK,2355,2347,-8,830,815,-15,2025-06-30
110585,2025,6,30,1,LAX,KOA,830,824,-6,1110,1103,-7,2025-06-30
110586,2025,6,30,1,LAX,KOA,920,919,-1,1200,1150,-10,2025-06-30
110588,2025,6,30,1,LAX,KOA,1629,1629,0,1859,1841,-18,2025-06-30
110589,2025,6,30,1,LAX,KOA,1750,1750,0,2028,2025,-3,2025-06-30
110590,2025,6,30,1,LAX,LAS,520,519,-1,635,636,1,2025-06-30
110591,2025,6,30,1,LAX,LAS,530,520,-10,642,612,-30,2025-06-30
110592,2025,6,30,1,LAX,LAS,725,722,-3,845,831,-14,2025-06-30
110593,2025,6,30,1,LAX,LAS,730,750,20,840,854,14,2025-06-30
110594,2025,6,30,1,LAX,LAS,819,810,-9,941,937,-4,2025-06-30
110595,2025,6,30,1,LAX,LAS,845,840,-5,1005,943,-22,2025-06-30
110596,2025,6,30,1,LAX,LAS,1019,1010,-9,1131,1134,3,2025-06-30
110597,2025,6,30,1,LAX,LAS,1125,1125,0,1245,1227,-18,2025-06-30
110598,2025,6,30,1,LAX,LAS,1140,1129,-11,1254,1230,-24,2025-06-30
110599,2025,6,30,1,LAX,LAS,1449,1442,-7,1611,1546,-25,2025-06-30
110600,2025,6,30,1,LAX,LAS,1505,1546,41,1615,1647,32,2025-06-30
110601,2025,6,30,1,LAX,LAS,1535,1545,10,1655,1656,1,2025-06-30
110602,2025,6,30,1,LAX,LAS,1548,1543,-5,1713,1711,-2,2025-06-30
110603,2025,6,30,1,LAX,LAS,1740,1740,0,1855,1850,-5,2025-06-30
110604,2025,6,30,1,LAX,LAS,1755,1752,-3,1918,1857,-21,2025-06-30
110605,2025,6,30,1,LAX,LAS,1850,1928,38,2000,2057,57,2025-06-30
110606,2025,6,30,1,LAX,LAS,1852,1846,-6,2008,1956,-12,2025-06-30
110607,2025,6,30,1,LAX,LAS,1855,1846,-9,2017,2004,-13,2025-06-30
110608,2025,6,30,1,LAX,LAS,1940,1937,-3,2100,2036,-24,2025-06-30
110609,2025,6,30,1,LAX,LAS,1945,1942,-3,2108,2051,-17,2025-06-30
110611,2025,6,30,1,LAX,LAS,2205,2157,-8,2320,2303,-17,2025-06-30
110612,2025,6,30,1,LAX,LAS,2215,2207,-8,2327,2307,-20,2025-06-30
110613,2025,6,30,1,LAX,LAS,2218,2256,38,2335,3,28,2025-06-30
110614,2025,6,30,1,LAX,LAS,2235,2223,-12,2357,2337,-20,2025-06-30
110615,2025,6,30,1,LAX,LIH,842,835,-7,1140,1139,-1,2025-06-30
110616,2025,6,30,1,LAX,LIH,903,907,4,1204,1153,-11,2025-06-30
110617,2025,6,30,1,LAX,LIH,930,953,23,1225,1226,1,2025-06-30
110618,2025,6,30,1,LAX,LIH,1425,1418,-7,1708,1648,-20,2025-06-30
110619,2025,6,30,1,LAX,LIH,1730,1749,19,2025,2026,1,2025-06-30
110620,2025,6,30,1,LAX,MCI,800,808,8,1315,1313,-2,2025-06-30
110621,2025,6,30,1,LAX,MCI,930,954,24,1444,1520,36,2025-06-30
110622,2025,6,30,1,LAX,MCI,1520,1515,-5,2029,2027,-2,2025-06-30
110623,2025,6,30,1,LAX,MCI,1815,1820,5,2327,2328,1,2025-06-30
110624,2025,6,30,1,LAX,MCO,700,655,-5,1458,1458,0,2025-06-30
110625,2025,6,30,1,LAX,MCO,1007,1014,7,1809,1804,-5,2025-06-30
110626,2025,6,30,1,LAX,MCO,1035,1037,2,1838,1847,9,2025-06-30
110627,2025,6,30,1,LAX,MCO,1120,1116,-4,1914,1935,21,2025-06-30
110628,2025,6,30,1,LAX,MCO,1357,1405,8,2210,2223,13,2025-06-30
110629,2025,6,30,1,LAX,MCO,1605,1659,54,2359,115,76,2025-06-30
110630,2025,6,30,1,LAX,MCO,2135,2132,-3,536,519,-17,2025-06-30
110631,2025,6,30,1,LAX,MCO,2145,2136,-9,532,528,-4,2025-06-30
110632,2025,6,30,1,LAX,MCO,2249,2302,13,647,653,6,2025-06-30
110633,2025,6,30,1,LAX,MDW,620,620,0,1225,1208,-17,2025-06-30
110634,2025,6,30,1,LAX,MDW,840,840,0,1445,1430,-15,2025-06-30
110635,2025,6,30,1,LAX,MDW,1315,1319,4,1920,1911,-9,2025-06-30
110636,2025,6,30,1,LAX,MDW,1610,1645,35,2210,2224,14,2025-06-30
110637,2025,6,30,1,LAX,MDW,2255,2258,3,500,449,-11,2025-06-30
110638,2025,6,30,1,LAX,MEM,1820,1814,-6,2358,2348,-10,2025-06-30
110639,2025,6,30,1,LAX,MIA,600,552,-8,1413,1427,14,2025-06-30
110640,2025,6,30,1,LAX,MIA,745,742,-3,1554,1556,2,2025-06-30
110641,2025,6,30,1,LAX,MIA,900,858,-2,1719,1724,5,2025-06-30
110642,2025,6,30,1,LAX,MIA,1005,1004,-1,1816,1849,33,2025-06-30
110643,2025,6,30,1,LAX,MIA,1210,1210,0,2020,2048,28,2025-06-30
110644,2025,6,30,1,LAX,MIA,1500,1503,3,2310,2310,0,2025-06-30
110647,2025,6,30,1,LAX,MIA,2343,2352,9,750,744,-6,2025-06-30
110648,2025,6,30,1,LAX,MRY,815,806,-9,937,920,-17,2025-06-30
110649,2025,6,30,1,LAX,MRY,1821,1819,-2,1935,1931,-4,2025-06-30
110650,2025,6,30,1,LAX,MSO,1131,1124,-7,1510,1453,-17,2025-06-30
110652,2025,6,30,1,LAX,MSP,800,756,-4,1334,1335,1,2025-06-30
110653,2025,6,30,1,LAX,MSP,1130,1124,-6,1702,1653,-9,2025-06-30
110654,2025,6,30,1,LAX,MSP,1325,1326,1,1855,1913,18,2025-06-30
110655,2025,6,30,1,LAX,MSP,1520,1516,-4,2049,2041,-8,2025-06-30
110656,2025,6,30,1,LAX,MSP,1850,1845,-5,20,13,-7,2025-06-30
110657,2025,6,30,1,LAX,MSP,2330,2321,-9,504,458,-6,2025-06-30
110659,2025,6,30,1,LAX,MSY,1225,1245,20,1810,1816,6,2025-06-30
110660,2025,6,30,1,LAX,MSY,1747,1741,-6,2327,2318,-9,2025-06-30
110662,2025,6,30,1,LAX,OAK,610,604,-6,735,708,-27,2025-06-30
110663,2025,6,30,1,LAX,OAK,805,803,-2,930,907,-23,2025-06-30
110664,2025,6,30,1,LAX,OAK,925,921,-4,1050,1028,-22,2025-06-30
110665,2025,6,30,1,LAX,OAK,1150,1145,-5,1315,1255,-20,2025-06-30
110666,2025,6,30,1,LAX,OAK,1505,1500,-5,1625,1606,-19,2025-06-30
110667,2025,6,30,1,LAX,OAK,1845,1906,21,2010,2011,1,2025-06-30
110668,2025,6,30,1,LAX,OAK,2030,2038,8,2155,2140,-15,2025-06-30
110670,2025,6,30,1,LAX,OGG,800,814,14,1031,1030,-1,2025-06-30
110671,2025,6,30,1,LAX,OGG,815,814,-1,1055,1049,-6,2025-06-30
110672,2025,6,30,1,LAX,OGG,902,854,-8,1147,1119,-28,2025-06-30
110673,2025,6,30,1,LAX,OGG,1040,1032,-8,1319,1258,-21,2025-06-30
110674,2025,6,30,1,LAX,OGG,1653,1647,-6,1932,1918,-14,2025-06-30
110675,2025,6,30,1,LAX,OGG,1656,1650,-6,1928,1900,-28,2025-06-30
110676,2025,6,30,1,LAX,OGG,1754,1749,-5,2030,2014,-16,2025-06-30
110677,2025,6,30,1,LAX,OKC,900,852,-8,1400,1354,-6,2025-06-30
110678,2025,6,30,1,LAX,OKC,1732,1722,-10,2230,2215,-15,2025-06-30
110679,2025,6,30,1,LAX,OMA,1236,1237,1,1752,1750,-2,2025-06-30
110680,2025,6,30,1,LAX,ORD,8,4,-4,620,618,-2,2025-06-30
110682,2025,6,30,1,LAX,ORD,44,40,-4,651,633,-18,2025-06-30
110683,2025,6,30,1,LAX,ORD,540,536,-4,1152,1133,-19,2025-06-30
110684,2025,6,30,1,LAX,ORD,605,556,-9,1221,1206,-15,2025-06-30
110685,2025,6,30,1,LAX,ORD,620,612,-8,1242,1212,-30,2025-06-30
110686,2025,6,30,1,LAX,ORD,630,624,-6,1238,1220,-18,2025-06-30
110687,2025,6,30,1,LAX,ORD,800,820,20,1415,1451,36,2025-06-30
110688,2025,6,30,1,LAX,ORD,818,811,-7,1442,1422,-20,2025-06-30
110689,2025,6,30,1,LAX,ORD,936,932,-4,1544,1544,0,2025-06-30
110690,2025,6,30,1,LAX,ORD,1025,1056,31,1641,1703,22,2025-06-30
110692,2025,6,30,1,LAX,ORD,1145,1204,19,1753,1832,39,2025-06-30
110693,2025,6,30,1,LAX,ORD,1237,1232,-5,1855,1925,30,2025-06-30
110694,2025,6,30,1,LAX,ORD,1300,1255,-5,1929,1902,-27,2025-06-30
110695,2025,6,30,1,LAX,ORD,1401,1410,9,2025,2028,3,2025-06-30
110696,2025,6,30,1,LAX,ORD,1502,1509,7,2108,2120,12,2025-06-30
110698,2025,6,30,1,LAX,ORD,1646,1700,14,2305,2258,-7,2025-06-30
110699,2025,6,30,1,LAX,ORD,1729,1805,36,2335,2357,22,2025-06-30
110700,2025,6,30,1,LAX,ORD,1738,1730,-8,2359,2331,-28,2025-06-30
110701,2025,6,30,1,LAX,ORD,2240,2239,-1,451,434,-17,2025-06-30
110703,2025,6,30,1,LAX,ORD,2337,29,52,545,623,38,2025-06-30
110704,2025,6,30,1,LAX,PDX,700,651,-9,920,847,-33,2025-06-30
110705,2025,6,30,1,LAX,PDX,700,652,-8,923,902,-21,2025-06-30
110706,2025,6,30,1,LAX,PDX,840,830,-10,1105,1034,-31,2025-06-30
110707,2025,6,30,1,LAX,PDX,905,859,-6,1131,1112,-19,2025-06-30
110708,2025,6,30,1,LAX,PDX,943,937,-6,1214,1142,-32,2025-06-30
110709,2025,6,30,1,LAX,PDX,1102,1053,-9,1325,1303,-22,2025-06-30
110710,2025,6,30,1,LAX,PDX,1201,1152,-9,1425,1416,-9,2025-06-30
110711,2025,6,30,1,LAX,PDX,1340,1425,45,1600,1625,25,2025-06-30
110713,2025,6,30,1,LAX,PDX,1605,1612,7,1826,1822,-4,2025-06-30
110714,2025,6,30,1,LAX,PDX,1807,1837,30,2030,2047,17,2025-06-30
110715,2025,6,30,1,LAX,PDX,2006,1958,-8,2230,2205,-25,2025-06-30
110716,2025,6,30,1,LAX,PDX,2025,2020,-5,2245,2220,-25,2025-06-30
110717,2025,6,30,1,LAX,PDX,2136,2128,-8,2359,2345,-14,2025-06-30
110718,2025,6,30,1,LAX,PHL,108,104,-4,916,943,27,2025-06-30
110719,2025,6,30,1,LAX,PHL,645,638,-7,1454,1548,54,2025-06-30
110720,2025,6,30,1,LAX,PHL,745,743,-2,1556,1637,41,2025-06-30
110721,2025,6,30,1,LAX,PHL,900,854,-6,1718,1718,0,2025-06-30
110725,2025,6,30,1,LAX,PHL,2253,2303,10,705,709,4,2025-06-30
110726,2025,6,30,1,LAX,PHX,525,526,1,655,640,-15,2025-06-30
110727,2025,6,30,1,LAX,PHX,610,558,-12,739,714,-25,2025-06-30
110728,2025,6,30,1,LAX,PHX,705,658,-7,830,818,-12,2025-06-30
110729,2025,6,30,1,LAX,PHX,750,744,-6,915,906,-9,2025-06-30
110730,2025,6,30,1,LAX,PHX,815,806,-9,951,927,-24,2025-06-30
110731,2025,6,30,1,LAX,PHX,1000,958,-2,1130,1109,-21,2025-06-30
110732,2025,6,30,1,LAX,PHX,1015,1006,-9,1145,1125,-20,2025-06-30
110733,2025,6,30,1,LAX,PHX,1105,1059,-6,1235,1210,-25,2025-06-30
110735,2025,6,30,1,LAX,PHX,1335,1327,-8,1509,1459,-10,2025-06-30
110736,2025,6,30,1,LAX,PHX,1400,1359,-1,1528,1521,-7,2025-06-30
110737,2025,6,30,1,LAX,PHX,1423,1442,19,1602,1613,11,2025-06-30
110738,2025,6,30,1,LAX,PHX,1440,1447,7,1610,1603,-7,2025-06-30
110739,2025,6,30,1,LAX,PHX,1632,1623,-9,1759,1752,-7,2025-06-30
110740,2025,6,30,1,LAX,PHX,1930,2007,37,2059,2127,28,2025-06-30
110742,2025,6,30,1,LAX,PHX,1955,2038,43,2130,2159,29,2025-06-30
110743,2025,6,30,1,LAX,PHX,2134,2130,-4,2305,2300,-5,2025-06-30
110744,2025,6,30,1,LAX,PHX,2135,2127,-8,2315,2239,-36,2025-06-30
110745,2025,6,30,1,LAX,PHX,2258,2256,-2,27,19,-8,2025-06-30
110746,2025,6,30,1,LAX,PIT,915,914,-1,1700,1655,-5,2025-06-30
110747,2025,6,30,1,LAX,PRC,1945,2009,24,2111,2128,17,2025-06-30
110748,2025,6,30,1,LAX,PSC,2125,2224,59,2359,32,33,2025-06-30
110749,2025,6,30,1,LAX,RDD,1310,1304,-6,1459,1437,-22,2025-06-30
110750,2025,6,30,1,LAX,RDM,1252,1254,2,1509,1501,-8,2025-06-30
110751,2025,6,30,1,LAX,RDU,857,847,-10,1654,1645,-9,2025-06-30
110752,2025,6,30,1,LAX,RDU,1240,1236,-4,2029,2016,-13,2025-06-30
110753,2025,6,30,1,LAX,RDU,2220,2221,1,618,612,-6,2025-06-30
110754,2025,6,30,1,LAX,RNO,959,951,-8,1131,1104,-27,2025-06-30
110755,2025,6,30,1,LAX,RNO,1015,1009,-6,1157,1127,-30,2025-06-30
110756,2025,6,30,1,LAX,RNO,1425,1430,5,1550,1537,-13,2025-06-30
110757,2025,6,30,1,LAX,RNO,1502,1511,9,1630,1623,-7,2025-06-30
110758,2025,6,30,1,LAX,RNO,1750,1819,29,1924,1944,20,2025-06-30
110759,2025,6,30,1,LAX,RNO,2025,2019,-6,2153,2136,-17,2025-06-30
110760,2025,6,30,1,LAX,RNO,2126,2124,-2,2300,2242,-18,2025-06-30
110761,2025,6,30,1,LAX,RNO,2216,2215,-1,2353,2333,-20,2025-06-30
110762,2025,6,30,1,LAX,SAN,820,814,-6,919,903,-16,2025-06-30
110763,2025,6,30,1,LAX,SAN,907,902,-5,1012,1003,-9,2025-06-30
110764,2025,6,30,1,LAX,SAN,1525,1516,-9,1619,1613,-6,2025-06-30
110765,2025,6,30,1,LAX,SAN,1900,1855,-5,2001,2009,8,2025-06-30
110766,2025,6,30,1,LAX,SAN,2159,2149,-10,2253,2236,-17,2025-06-30
110767,2025,6,30,1,LAX,SAN,2245,2250,5,2346,2339,-7,2025-06-30
110768,2025,6,30,1,LAX,SAT,825,827,2,1321,1315,-6,2025-06-30
110769,2025,6,30,1,LAX,SAT,912,906,-6,1419,1404,-15,2025-06-30
110770,2025,6,30,1,LAX,SAT,930,922,-8,1423,1405,-18,2025-06-30
110771,2025,6,30,1,LAX,SAT,1410,1458,48,1910,1940,30,2025-06-30
110772,2025,6,30,1,LAX,SAT,1700,1653,-7,2158,2158,0,2025-06-30
110773,2025,6,30,1,LAX,SAT,1858,1848,-10,2349,2338,-11,2025-06-30
110774,2025,6,30,1,LAX,SBA,1520,1516,-4,1612,1556,-16,2025-06-30
110775,2025,6,30,1,LAX,SBA,2300,2252,-8,2358,2350,-8,2025-06-30
110776,2025,6,30,1,LAX,SBP,1450,1446,-4,1551,1538,-13,2025-06-30
110777,2025,6,30,1,LAX,SBP,2255,2313,18,2359,25,26,2025-06-30
110778,2025,6,30,1,LAX,SDF,821,819,-2,1522,1531,9,2025-06-30
110779,2025,6,30,1,LAX,SEA,600,602,2,850,835,-15,2025-06-30
110780,2025,6,30,1,LAX,SEA,700,656,-4,947,936,-11,2025-06-30
110782,2025,6,30,1,LAX,SEA,800,812,12,1053,1121,28,2025-06-30
110783,2025,6,30,1,LAX,SEA,833,822,-11,1128,1108,-20,2025-06-30
110784,2025,6,30,1,LAX,SEA,945,937,-8,1242,1201,-41,2025-06-30
110785,2025,6,30,1,LAX,SEA,950,943,-7,1235,1224,-11,2025-06-30
110786,2025,6,30,1,LAX,SEA,1054,1049,-5,1346,1318,-28,2025-06-30
110788,2025,6,30,1,LAX,SEA,1155,1149,-6,1439,1421,-18,2025-06-30
110789,2025,6,30,1,LAX,SEA,1155,1204,9,1445,1434,-11,2025-06-30
110790,2025,6,30,1,LAX,SEA,1410,1416,6,1654,1702,8,2025-06-30
110791,2025,6,30,1,LAX,SEA,1415,1417,2,1700,1654,-6,2025-06-30
110792,2025,6,30,1,LAX,SEA,1715,1713,-2,2000,1935,-25,2025-06-30
110793,2025,6,30,1,LAX,SEA,1743,1734,-9,2035,2028,-7,2025-06-30
110794,2025,6,30,1,LAX,SEA,1815,1815,0,2100,2041,-19,2025-06-30
110795,2025,6,30,1,LAX,SEA,1839,1836,-3,2134,2120,-14,2025-06-30
110796,2025,6,30,1,LAX,SEA,1925,1921,-4,2216,2156,-20,2025-06-30
110797,2025,6,30,1,LAX,SEA,1925,1922,-3,2217,2155,-22,2025-06-30
110798,2025,6,30,1,LAX,SEA,1959,1951,-8,2257,2228,-29,2025-06-30
110799,2025,6,30,1,LAX,SEA,2010,2012,2,2306,2240,-26,2025-06-30
110800,2025,6,30,1,LAX,SEA,2115,2123,8,6,4,-2,2025-06-30
110801,2025,6,30,1,LAX,SFO,600,553,-7,741,703,-38,2025-06-30
110802,2025,6,30,1,LAX,SFO,605,645,40,728,751,23,2025-06-30
110803,2025,6,30,1,LAX,SFO,630,624,-6,750,726,-24,2025-06-30
110804,2025,6,30,1,LAX,SFO,700,658,-2,836,814,-22,2025-06-30
110806,2025,6,30,1,LAX,SFO,800,755,-5,941,909,-32,2025-06-30
110808,2025,6,30,1,LAX,SFO,910,904,-6,1045,1038,-7,2025-06-30
110809,2025,6,30,1,LAX,SFO,1000,1003,3,1120,1108,-12,2025-06-30
110811,2025,6,30,1,LAX,SFO,1032,1023,-9,1205,1133,-32,2025-06-30
110813,2025,6,30,1,LAX,SFO,1330,1424,54,1452,1540,48,2025-06-30
110814,2025,6,30,1,LAX,SFO,1350,1343,-7,1518,1455,-23,2025-06-30
110815,2025,6,30,1,LAX,SFO,1422,1416,-6,1548,1535,-13,2025-06-30
110816,2025,6,30,1,LAX,SFO,1544,1537,-7,1711,1711,0,2025-06-30
110817,2025,6,30,1,LAX,SFO,1615,1625,10,1744,1739,-5,2025-06-30
110818,2025,6,30,1,LAX,SFO,1627,1618,-9,1745,1724,-21,2025-06-30
110819,2025,6,30,1,LAX,SFO,1630,1630,0,1755,1737,-18,2025-06-30
110820,2025,6,30,1,LAX,SFO,1740,1809,29,1902,1929,27,2025-06-30
110821,2025,6,30,1,LAX,SFO,1755,1813,18,1924,1920,-4,2025-06-30
110822,2025,6,30,1,LAX,SFO,1808,1805,-3,1943,1922,-21,2025-06-30
110823,2025,6,30,1,LAX,SFO,1850,1935,45,2019,2057,38,2025-06-30
110824,2025,6,30,1,LAX,SFO,1859,1854,-5,2028,2006,-22,2025-06-30
110826,2025,6,30,1,LAX,SFO,1950,1943,-7,2122,2104,-18,2025-06-30
110827,2025,6,30,1,LAX,SFO,1955,2005,10,2125,2112,-13,2025-06-30
110828,2025,6,30,1,LAX,SFO,2130,2126,-4,2302,2245,-17,2025-06-30
110829,2025,6,30,1,LAX,SFO,2149,2140,-9,2312,2245,-27,2025-06-30
110830,2025,6,30,1,LAX,SFO,2225,2216,-9,2352,2329,-23,2025-06-30
110831,2025,6,30,1,LAX,SGF,600,623,23,1117,1142,25,2025-06-30
110832,2025,6,30,1,LAX,SGU,1325,1318,-7,1557,1601,4,2025-06-30
110833,2025,6,30,1,LAX,SJC,605,559,-6,725,657,-28,2025-06-30
110834,2025,6,30,1,LAX,SJC,900,859,-1,1020,1001,-19,2025-06-30
110835,2025,6,30,1,LAX,SJC,915,910,-5,1030,1013,-17,2025-06-30
110836,2025,6,30,1,LAX,SJC,1025,1019,-6,1140,1127,-13,2025-06-30
110837,2025,6,30,1,LAX,SJC,1135,1133,-2,1252,1251,-1,2025-06-30
110838,2025,6,30,1,LAX,SJC,1325,1315,-10,1443,1426,-17,2025-06-30
110839,2025,6,30,1,LAX,SJC,1405,1405,0,1520,1505,-15,2025-06-30
110840,2025,6,30,1,LAX,SJC,1505,1500,-5,1619,1559,-20,2025-06-30
110842,2025,6,30,1,LAX,SJC,1700,1654,-6,1815,1812,-3,2025-06-30
110843,2025,6,30,1,LAX,SJC,2120,2153,33,2245,2256,11,2025-06-30
110844,2025,6,30,1,LAX,SJC,2128,2121,-7,2244,2244,0,2025-06-30
110845,2025,6,30,1,LAX,SLC,600,556,-4,853,834,-19,2025-06-30
110846,2025,6,30,1,LAX,SLC,700,651,-9,955,934,-21,2025-06-30
110847,2025,6,30,1,LAX,SLC,948,943,-5,1243,1221,-22,2025-06-30
110848,2025,6,30,1,LAX,SLC,1005,1002,-3,1255,1237,-18,2025-06-30
110849,2025,6,30,1,LAX,SLC,1111,1109,-2,1403,1348,-15,2025-06-30
110850,2025,6,30,1,LAX,SLC,1309,1333,24,1608,1626,18,2025-06-30
110851,2025,6,30,1,LAX,SLC,1311,1303,-8,1604,1555,-9,2025-06-30
110852,2025,6,30,1,LAX,SLC,1705,1703,-2,1956,1941,-15,2025-06-30
110853,2025,6,30,1,LAX,SLC,1845,1852,7,2139,2148,9,2025-06-30
110854,2025,6,30,1,LAX,SLC,1919,1914,-5,2206,2151,-15,2025-06-30
110855,2025,6,30,1,LAX,SMF,600,603,3,725,714,-11,2025-06-30
110856,2025,6,30,1,LAX,SMF,810,811,1,940,924,-16,2025-06-30
110857,2025,6,30,1,LAX,SMF,815,813,-2,952,951,-1,2025-06-30
110858,2025,6,30,1,LAX,SMF,820,816,-4,953,931,-22,2025-06-30
110859,2025,6,30,1,LAX,SMF,946,939,-7,1123,1107,-16,2025-06-30
110860,2025,6,30,1,LAX,SMF,1140,1140,0,1305,1248,-17,2025-06-30
110861,2025,6,30,1,LAX,SMF,1200,1154,-6,1329,1326,-3,2025-06-30
110862,2025,6,30,1,LAX,SMF,1510,1508,-2,1638,1636,-2,2025-06-30
110863,2025,6,30,1,LAX,SMF,1620,1648,28,1745,1758,13,2025-06-30
110864,2025,6,30,1,LAX,SMF,1626,1620,-6,1758,1742,-16,2025-06-30
110865,2025,6,30,1,LAX,SMF,1630,1620,-10,1801,1735,-26,2025-06-30
110866,2025,6,30,1,LAX,SMF,1700,1654,-6,1828,1812,-16,2025-06-30
110867,2025,6,30,1,LAX,SMF,2016,2013,-3,2155,2130,-25,2025-06-30
110868,2025,6,30,1,LAX,SMF,2030,2026,-4,2155,2133,-22,2025-06-30
110869,2025,6,30,1,LAX,SMF,2056,2048,-8,2228,2209,-19,2025-06-30
110870,2025,6,30,1,LAX,SMF,2155,2146,-9,2320,2340,20,2025-06-30
110871,2025,6,30,1,LAX,STL,510,512,2,1050,1042,-8,2025-06-30
110872,2025,6,30,1,LAX,STL,1733,1727,-6,2259,2314,15,2025-06-30
110874,2025,6,30,1,LAX,STS,925,924,-1,1106,1105,-1,2025-06-30
110875,2025,6,30,1,LAX,STS,2206,2222,16,2344,2341,-3,2025-06-30
110876,2025,6,30,1,LAX,SUN,825,820,-5,1138,1135,-3,2025-06-30
110877,2025,6,30,1,LAX,SUN,1907,1905,-2,2215,2201,-14,2025-06-30
110878,2025,6,30,1,LAX,TPA,1012,1018,6,1800,1807,7,2025-06-30
110879,2025,6,30,1,LAX,TPA,2140,2132,-8,539,521,-18,2025-06-30
110880,2025,6,30,1,LAX,TUL,745,737,-8,1243,1228,-15,2025-06-30
110881,2025,6,30,1,LAX,TUL,930,924,-6,1440,1429,-11,2025-06-30
110882,2025,6,30,1,LAX,TUS,822,813,-9,1003,939,-24,2025-06-30
110883,2025,6,30,1,LAX,TUS,935,930,-5,1110,1052,-18,2025-06-30
110884,2025,6,30,1,LAX,TUS,1240,1252,12,1410,1409,-1,2025-06-30
110885,2025,6,30,1,LAX,TUS,1458,1444,-14,1627,1607,-20,2025-06-30
110886,2025,6,30,1,LAX,TUS,1500,1455,-5,1633,1614,-19,2025-06-30
110887,2025,6,30,1,LAX,TUS,1818,1808,-10,1949,1938,-11,2025-06-30
110888,2025,6,30,1,LAX,XNA,914,910,-4,1438,1439,1,2025-06-30
