YEAR,MONTH,DAY,DAY_OF_WEEK,ORG_AIRPORT,DEST_AIRPORT,SCHEDULED_DEPARTURE,DEPARTURE_TIME,DEPARTURE_DELAY,SCHEDULED_ARRIVAL,ARRIVAL_TIME,ARRIVAL_DELAY,DATE,hour_depart,hour_arrive,weekday
2025,6,1,7,LAX,ABQ,2025-06-01 08:45:00,08:31:00,-14,11:50:00,12:08:00,18,2025-06-01,31500,42600,6
2025,6,1,7,LAX,ABQ,2025-06-01 09:00:00,08:59:00,-1,12:00:00,12:17:00,17,2025-06-01,32400,43200,6
2025,6,1,7,LAX,ABQ,2025-06-01 09:44:00,09:36:00,-8,12:44:00,12:50:00,6,2025-06-01,35040,45840,6
2025,6,1,7,LAX,ABQ,2025-06-01 14:40:00,15:06:00,26,17:33:00,18:04:00,31,2025-06-01,52800,63180,6
2025,6,1,7,LAX,ABQ,2025-06-01 14:59:00,15:37:00,38,17:58:00,18:29:00,31,2025-06-01,53940,64680,6
2025,6,1,7,LAX,ABQ,2025-06-01 20:10:00,20:09:00,-1,23:06:00,23:02:00,-4,2025-06-01,72600,83160,6
2025,6,1,7,LAX,ACV,2025-06-01 13:15:00,13:11:00,-4,15:13:00,15:17:00,4,2025-06-01,47700,54780,6
2025,6,1,7,LAX,ANC,2025-06-01 19:45:00,19:42:00,-3,00:20:00,00:25:00,5,2025-06-01,71100,1200,6
2025,6,1,7,LAX,ATL,2025-06-01 06:15:00,06:11:00,-4,13:38:00,13:24:00,-14,2025-06-01,22500,49080,6
2025,6,1,7,LAX,ATL,2025-06-01 07:30:00,07:30:00,0,14:47:00,14:34:00,-13,2025-06-01,27000,53220,6
2025,6,1,7,LAX,ATL,2025-06-01 08:35:00,08:35:00,0,16:04:00,15:48:00,-16,2025-06-01,30900,57840,6
2025,6,1,7,LAX,ATL,2025-06-01 09:40:00,09:32:00,-8,17:03:00,16:39:00,-24,2025-06-01,34800,61380,6
2025,6,1,7,LAX,ATL,2025-06-01 09:59:00,09:55:00,-4,17:22:00,17:03:00,-19,2025-06-01,35940,62520,6
2025,6,1,7,LAX,ATL,2025-06-01 11:10:00,11:05:00,-5,18:35:00,18:15:00,-20,2025-06-01,40200,66900,6
2025,6,1,7,LAX,ATL,2025-06-01 12:10:00,12:06:00,-4,19:29:00,19:08:00,-21,2025-06-01,43800,70140,6
2025,6,1,7,LAX,ATL,2025-06-01 12:37:00,12:48:00,11,19:59:00,20:00:00,1,2025-06-01,45420,71940,6
2025,6,1,7,LAX,ATL,2025-06-01 12:42:00,13:05:00,23,20:21:00,20:48:00,27,2025-06-01,45720,73260,6
2025,6,1,7,LAX,ATL,2025-06-01 13:10:00,13:14:00,4,20:40:00,20:30:00,-10,2025-06-01,47400,74400,6
2025,6,1,7,LAX,ATL,2025-06-01 14:23:00,14:22:00,-1,21:49:00,21:38:00,-11,2025-06-01,51780,78540,6
2025,6,1,7,LAX,ATL,2025-06-01 17:00:00,17:18:00,18,00:21:00,00:29:00,8,2025-06-01,61200,1260,6
2025,6,1,7,LAX,ATL,2025-06-01 21:45:00,21:41:00,-4,05:01:00,04:49:00,-12,2025-06-01,78300,18060,6
2025,6,1,7,LAX,ATL,2025-06-01 22:50:00,22:46:00,-4,06:10:00,05:56:00,-14,2025-06-01,82200,22200,6
2025,6,1,7,LAX,ATL,2025-06-01 23:10:00,23:12:00,2,06:33:00,06:45:00,12,2025-06-01,83400,23580,6
2025,6,1,7,LAX,ATL,2025-06-01 23:55:00,23:54:00,-1,07:20:00,07:21:00,1,2025-06-01,86100,26400,6
2025,6,1,7,LAX,AUS,2025-06-01 06:45:00,06:39:00,-6,11:40:00,11:25:00,-15,2025-06-01,24300,42000,6
2025,6,1,7,LAX,AUS,2025-06-01 07:05:00,07:02:00,-3,12:05:00,11:47:00,-18,2025-06-01,25500,43500,6
2025,6,1,7,LAX,AUS,2025-06-01 07:30:00,07:27:00,-3,12:27:00,12:15:00,-12,2025-06-01,27000,44820,6
2025,6,1,7,LAX,AUS,2025-06-01 07:46:00,07:39:00,-7,12:44:00,12:25:00,-19,2025-06-01,27960,45840,6
2025,6,1,7,LAX,AUS,2025-06-01 09:25:00,09:32:00,7,14:51:00,14:31:00,-20,2025-06-01,33900,53460,6
2025,6,1,7,LAX,AUS,2025-06-01 10:00:00,09:52:00,-8,15:06:00,14:53:00,-13,2025-06-01,36000,54360,6
2025,6,1,7,LAX,AUS,2025-06-01 14:25:00,15:03:00,38,19:20:00,19:51:00,31,2025-06-01,51900,69600,6
2025,6,1,7,LAX,AUS,2025-06-01 15:55:00,15:50:00,-5,20:54:00,20:37:00,-17,2025-06-01,57300,75240,6
2025,6,1,7,LAX,AUS,2025-06-01 18:52:00,19:19:00,27,00:10:00,00:20:00,10,2025-06-01,67920,600,6
2025,6,1,7,LAX,AUS,2025-06-01 18:59:00,18:47:00,-12,23:54:00,00:05:00,11,2025-06-01,68340,86040,6
2025,6,1,7,LAX,AUS,2025-06-01 19:19:00,19:10:00,-9,00:14:00,00:00,-14,2025-06-01,69540,840,6
2025,6,1,7,LAX,BLI,2025-06-01 18:46:00,18:59:00,13,21:32:00,21:36:00,4,2025-06-01,67560,77520,6
2025,6,1,7,LAX,BNA,2025-06-01 05:30:00,05:25:00,-5,11:35:00,11:14:00,-21,2025-06-01,19800,41700,6
2025,6,1,7,LAX,BNA,2025-06-01 06:55:00,06:48:00,-7,12:50:00,12:37:00,-13,2025-06-01,24900,46200,6
2025,6,1,7,LAX,BNA,2025-06-01 10:34:00,10:34:00,0,16:36:00,16:34:00,-2,2025-06-01,38040,59760,6
2025,6,1,7,LAX,BNA,2025-06-01 12:36:00,12:37:00,1,18:40:00,18:39:00,-1,2025-06-01,45360,67200,6
2025,6,1,7,LAX,BNA,2025-06-01 17:35:00,17:50:00,15,23:45:00,23:45:00,0,2025-06-01,63300,85500,6
2025,6,1,7,LAX,BNA,2025-06-01 18:45:00,19:13:00,28,00:41:00,01:10:00,29,2025-06-01,67500,2460,6
2025,6,1,7,LAX,BNA,2025-06-01 23:20:00,23:14:00,-6,05:30:00,05:06:00,-24,2025-06-01,84000,19800,6
2025,6,1,7,LAX,BOI,2025-06-01 11:55:00,12:09:00,14,14:59:00,14:58:00,-1,2025-06-01,42900,53940,6
2025,6,1,7,LAX,BOI,2025-06-01 12:45:00,12:36:00,-9,15:59:00,15:35:00,-24,2025-06-01,45900,57540,6
2025,6,1,7,LAX,BOI,2025-06-01 19:45:00,19:39:00,-6,22:52:00,22:34:00,-18,2025-06-01,71100,82320,6
2025,6,1,7,LAX,BOS,2025-06-01 06:00:00,05:48:00,-12,14:39:00,14:31:00,-8,2025-06-01,21600,52740,6
2025,6,1,7,LAX,BOS,2025-06-01 07:00:00,06:58:00,-2,15:35:00,15:57:00,22,2025-06-01,25200,56100,6
2025,6,1,7,LAX,BOS,2025-06-01 07:50:00,07:43:00,-7,16:32:00,16:22:00,-10,2025-06-01,28200,59520,6
2025,6,1,7,LAX,BOS,2025-06-01 08:25:00,08:17:00,-8,17:00:00,16:47:00,-13,2025-06-01,30300,61200,6
2025,6,1,7,LAX,BOS,2025-06-01 08:35:00,08:34:00,-1,17:18:00,17:14:00,-4,2025-06-01,30900,62280,6
2025,6,1,7,LAX,BOS,2025-06-01 10:50:00,10:45:00,-5,19:30:00,19:23:00,-7,2025-06-01,39000,70200,6
2025,6,1,7,LAX,BOS,2025-06-01 11:50:00,11:53:00,3,20:35:00,20:39:00,4,2025-06-01,42600,74100,6
2025,6,1,7,LAX,BOS,2025-06-01 12:50:00,12:41:00,-9,21:34:00,21:16:00,-18,2025-06-01,46200,77640,6
2025,6,1,7,LAX,BOS,2025-06-01 14:00:00,13:54:00,-6,22:34:00,22:18:00,-16,2025-06-01,50400,81240,6
2025,6,1,7,LAX,BOS,2025-06-01 15:20:00,15:15:00,-5,23:48:00,23:50:00,2,2025-06-01,55200,85680,6
2025,6,1,7,LAX,BOS,2025-06-01 21:05:00,21:14:00,9,05:40:00,05:38:00,-2,2025-06-01,75900,20400,6
2025,6,1,7,LAX,BOS,2025-06-01 22:27:00,22:26:00,-1,07:00:00,06:57:00,-3,2025-06-01,80820,25200,6
2025,6,1,7,LAX,BOS,2025-06-01 22:34:00,22:29:00,-5,07:15:00,07:06:00,-9,2025-06-01,81240,26100,6
2025,6,1,7,LAX,BOS,2025-06-01 22:35:00,22:35:00,0,07:13:00,07:05:00,-8,2025-06-01,81300,25980,6
2025,6,1,7,LAX,BUF,2025-06-01 14:10:00,14:19:00,9,22:00:00,22:03:00,3,2025-06-01,51000,79200,6
2025,6,1,7,LAX,BWI,2025-06-01 06:40:00,06:39:00,-1,14:40:00,14:27:00,-13,2025-06-01,24000,52800,6
2025,6,1,7,LAX,BWI,2025-06-01 11:36:00,11:29:00,-7,19:39:00,19:37:00,-2,2025-06-01,41760,70740,6
2025,6,1,7,LAX,BWI,2025-06-01 13:40:00,14:21:00,41,21:45:00,22:23:00,38,2025-06-01,49200,78300,6
2025,6,1,7,LAX,BWI,2025-06-01 22:15:00,22:15:00,0,06:20:00,06:18:00,-2,2025-06-01,80100,22800,6
2025,6,1,7,LAX,BWI,2025-06-01 23:59:00,23:59:00,0,08:07:00,08:09:00,2,2025-06-01,86340,29220,6
2025,6,1,7,LAX,BZN,2025-06-01 11:21:00,11:17:00,-4,14:50:00,14:36:00,-14,2025-06-01,40860,53400,6
2025,6,1,7,LAX,BZN,2025-06-01 18:00:00,17:51:00,-9,21:39:00,21:16:00,-23,2025-06-01,64800,77940,6
2025,6,1,7,LAX,CLE,2025-06-01 13:00:00,12:53:00,-7,20:33:00,20:22:00,-11,2025-06-01,46800,73980,6
2025,6,1,7,LAX,CLE,2025-06-01 21:20:00,21:11:00,-9,04:53:00,04:48:00,-5,2025-06-01,76800,17580,6
2025,6,1,7,LAX,CLT,2025-06-01 06:00:00,06:00:00,0,13:46:00,13:34:00,-12,2025-06-01,21600,49560,6
2025,6,1,7,LAX,CLT,2025-06-01 07:30:00,07:25:00,-5,15:15:00,15:04:00,-11,2025-06-01,27000,54900,6
2025,6,1,7,LAX,CLT,2025-06-01 09:30:00,09:30:00,0,17:15:00,17:32:00,17,2025-06-01,34200,62100,6
2025,6,1,7,LAX,CLT,2025-06-01 11:30:00,11:47:00,17,19:18:00,19:29:00,11,2025-06-01,41400,69480,6
2025,6,1,7,LAX,CLT,2025-06-01 14:07:00,14:05:00,-2,21:55:00,21:36:00,-19,2025-06-01,50820,78900,6
2025,6,1,7,LAX,CLT,2025-06-01 21:50:00,22:24:00,34,05:33:00,06:02:00,29,2025-06-01,78600,19980,6
2025,6,1,7,LAX,CLT,2025-06-01 22:39:00,22:39:00,0,06:22:00,06:20:00,-2,2025-06-01,81540,22920,6
2025,6,1,7,LAX,CVG,2025-06-01 13:50:00,13:48:00,-2,21:04:00,21:06:00,2,2025-06-01,49800,75840,6
2025,6,1,7,LAX,CVG,2025-06-01 22:45:00,22:44:00,-1,05:55:00,05:50:00,-5,2025-06-01,81900,21300,6
2025,6,1,7,LAX,DAL,2025-06-01 05:05:00,05:01:00,-4,10:10:00,09:57:00,-13,2025-06-01,18300,36600,6
2025,6,1,7,LAX,DAL,2025-06-01 09:20:00,09:24:00,4,14:30:00,14:13:00,-17,2025-06-01,33600,52200,6
2025,6,1,7,LAX,DAL,2025-06-01 15:55:00,16:27:00,32,21:00:00,21:26:00,26,2025-06-01,57300,75600,6
2025,6,1,7,LAX,DAL,2025-06-01 18:25:00,18:23:00,-2,23:30:00,23:07:00,-23,2025-06-01,66300,84600,6
2025,6,1,7,LAX,DCA,2025-06-01 07:45:00,07:36:00,-9,15:40:00,15:28:00,-12,2025-06-01,27900,56400,6
2025,6,1,7,LAX,DCA,2025-06-01 12:48:00,12:59:00,11,20:59:00,21:01:00,2,2025-06-01,46080,75540,6
2025,6,1,7,LAX,DCA,2025-06-01 12:55:00,13:09:00,14,20:52:00,21:24:00,32,2025-06-01,46500,75120,6
2025,6,1,7,LAX,DEN,2025-06-01 05:22:00,05:19:00,-3,08:41:00,08:35:00,-6,2025-06-01,19320,31260,6
2025,6,1,7,LAX,DEN,2025-06-01 06:05:00,05:58:00,-7,09:35:00,09:14:00,-21,2025-06-01,21900,34500,6
2025,6,1,7,LAX,DEN,2025-06-01 06:15:00,07:00:00,45,09:48:00,10:43:00,55,2025-06-01,22500,35280,6
2025,6,1,7,LAX,DEN,2025-06-01 07:06:00,07:01:00,-5,10:31:00,10:29:00,-2,2025-06-01,25560,37860,6
2025,6,1,7,LAX,DEN,2025-06-01 08:15:00,08:10:00,-5,11:39:00,11:27:00,-12,2025-06-01,29700,41940,6
2025,6,1,7,LAX,DEN,2025-06-01 08:50:00,08:43:00,-7,12:13:00,12:24:00,11,2025-06-01,31800,43980,6
2025,6,1,7,LAX,DEN,2025-06-01 09:00:00,08:57:00,-3,12:27:00,12:09:00,-18,2025-06-01,32400,44820,6
2025,6,1,7,LAX,DEN,2025-06-01 09:15:00,09:17:00,2,12:40:00,12:27:00,-13,2025-06-01,33300,45600,6
2025,6,1,7,LAX,DEN,2025-06-01 10:50:00,10:38:00,-12,14:25:00,14:10:00,-15,2025-06-01,39000,51900,6
2025,6,1,7,LAX,DEN,2025-06-01 10:52:00,10:52:00,0,14:19:00,14:20:00,1,2025-06-01,39120,51540,6
2025,6,1,7,LAX,DEN,2025-06-01 12:39:00,12:31:00,-8,16:00:00,15:58:00,-2,2025-06-01,45540,57600,6
2025,6,1,7,LAX,DEN,2025-06-01 12:55:00,12:58:00,3,16:25:00,16:32:00,7,2025-06-01,46500,59100,6
2025,6,1,7,LAX,DEN,2025-06-01 12:55:00,13:01:00,6,16:23:00,16:51:00,28,2025-06-01,46500,58980,6
2025,6,1,7,LAX,DEN,2025-06-01 14:35:00,14:32:00,-3,18:05:00,18:45:00,40,2025-06-01,52500,65100,6
2025,6,1,7,LAX,DEN,2025-06-01 14:45:00,15:08:00,23,18:10:00,18:22:00,12,2025-06-01,53100,65400,6
2025,6,1,7,LAX,DEN,2025-06-01 14:57:00,14:58:00,1,18:19:00,18:21:00,2,2025-06-01,53820,65940,6
2025,6,1,7,LAX,DEN,2025-06-01 16:27:00,16:17:00,-10,19:49:00,21:14:00,85,2025-06-01,59220,71340,6
2025,6,1,7,LAX,DEN,2025-06-01 18:30:00,18:42:00,12,22:00:00,22:08:00,8,2025-06-01,66600,79200,6
2025,6,1,7,LAX,DEN,2025-06-01 19:18:00,19:14:00,-4,22:47:00,22:27:00,-20,2025-06-01,69480,82020,6
2025,6,1,7,LAX,DEN,2025-06-01 19:35:00,19:53:00,18,23:00:00,23:02:00,2,2025-06-01,70500,82800,6
2025,6,1,7,LAX,DEN,2025-06-01 20:30:00,20:26:00,-4,23:54:00,23:43:00,-11,2025-06-01,73800,86040,6
2025,6,1,7,LAX,DFW,2025-06-01 00:35:00,00:33:00,-2,05:32:00,05:28:00,-4,2025-06-01,2100,19920,6
2025,6,1,7,LAX,DFW,2025-06-01 05:30:00,05:25:00,-5,10:38:00,10:25:00,-13,2025-06-01,19800,38280,6
2025,6,1,7,LAX,DFW,2025-06-01 06:00:00,06:00:00,0,11:06:00,11:01:00,-5,2025-06-01,21600,39960,6
2025,6,1,7,LAX,DFW,2025-06-01 07:00:00,06:56:00,-4,12:09:00,11:57:00,-12,2025-06-01,25200,43740,6
2025,6,1,7,LAX,DFW,2025-06-01 08:35:00,08:26:00,-9,13:43:00,13:23:00,-20,2025-06-01,30900,49380,6
2025,6,1,7,LAX,DFW,2025-06-01 09:04:00,09:04:00,0,14:14:00,13:58:00,-16,2025-06-01,32640,51240,6
2025,6,1,7,LAX,DFW,2025-06-01 11:10:00,11:07:00,-3,16:17:00,16:07:00,-10,2025-06-01,40200,58620,6
2025,6,1,7,LAX,DFW,2025-06-01 12:20:00,12:18:00,-2,17:26:00,17:26:00,0,2025-06-01,44400,62760,6
2025,6,1,7,LAX,DFW,2025-06-01 14:38:00,14:36:00,-2,19:44:00,19:33:00,-11,2025-06-01,52680,71040,6
2025,6,1,7,LAX,DFW,2025-06-01 15:35:00,16:06:00,31,20:44:00,21:05:00,21,2025-06-01,56100,74640,6
2025,6,1,7,LAX,DFW,2025-06-01 16:44:00,16:38:00,-6,21:50:00,22:03:00,13,2025-06-01,60240,78600,6
2025,6,1,7,LAX,DFW,2025-06-01 18:25:00,18:19:00,-6,23:31:00,23:17:00,-14,2025-06-01,66300,84660,6
2025,6,1,7,LAX,DFW,2025-06-01 18:59:00,18:58:00,-1,23:59:00,23:59:00,0,2025-06-01,68340,86340,6
2025,6,1,7,LAX,DFW,2025-06-01 19:03:00,18:54:00,-9,00:26:00,23:56:00,-30,2025-06-01,68580,1560,6
2025,6,1,7,LAX,DFW,2025-06-01 19:25:00,19:16:00,-9,00:31:00,00:13:00,-18,2025-06-01,69900,1860,6
2025,6,1,7,LAX,DFW,2025-06-01 23:55:00,00:17:00,22,05:00:00,05:06:00,6,2025-06-01,86100,18000,6
2025,6,1,7,LAX,DTW,2025-06-01 00:59:00,00:58:00,-1,08:25:00,08:22:00,-3,2025-06-01,3540,30300,6
2025,6,1,7,LAX,DTW,2025-06-01 05:35:00,05:30:00,-5,13:01:00,13:07:00,6,2025-06-01,20100,46860,6
2025,6,1,7,LAX,DTW,2025-06-01 09:35:00,09:31:00,-4,16:57:00,16:45:00,-12,2025-06-01,34500,61020,6
2025,6,1,7,LAX,DTW,2025-06-01 09:59:00,09:55:00,-4,17:23:00,17:18:00,-5,2025-06-01,35940,62580,6
2025,6,1,7,LAX,DTW,2025-06-01 11:47:00,11:44:00,-3,19:11:00,19:10:00,-1,2025-06-01,42420,69060,6
2025,6,1,7,LAX,DTW,2025-06-01 15:52:00,15:43:00,-9,23:18:00,23:37:00,19,2025-06-01,57120,83880,6
2025,6,1,7,LAX,DTW,2025-06-01 21:26:00,21:26:00,0,04:43:00,04:48:00,5,2025-06-01,77160,16980,6
2025,6,1,7,LAX,DTW,2025-06-01 22:35:00,22:39:00,4,06:00:00,05:54:00,-6,2025-06-01,81300,21600,6
2025,6,1,7,LAX,ELP,2025-06-01 09:00:00,08:55:00,-5,11:56:00,11:58:00,2,2025-06-01,32400,42960,6
2025,6,1,7,LAX,ELP,2025-06-01 10:15:00,10:14:00,-1,13:05:00,13:01:00,-4,2025-06-01,36900,47100,6
2025,6,1,7,LAX,ELP,2025-06-01 15:25:00,15:16:00,-9,18:19:00,18:17:00,-2,2025-06-01,55500,65940,6
2025,6,1,7,LAX,ELP,2025-06-01 18:32:00,18:24:00,-8,21:25:00,21:23:00,-2,2025-06-01,66720,77100,6
2025,6,1,7,LAX,EUG,2025-06-01 20:59:00,21:44:00,45,23:20:00,00:00,40,2025-06-01,75540,84000,6
2025,6,1,7,LAX,EWR,2025-06-01 06:00:00,05:58:00,-2,14:34:00,14:24:00,-10,2025-06-01,21600,52440,6
2025,6,1,7,LAX,EWR,2025-06-01 07:00:00,06:50:00,-10,15:40:00,15:15:00,-25,2025-06-01,25200,56400,6
2025,6,1,7,LAX,EWR,2025-06-01 07:00:00,07:01:00,1,15:34:00,15:33:00,-1,2025-06-01,25200,56040,6
2025,6,1,7,LAX,EWR,2025-06-01 07:54:00,07:53:00,-1,16:29:00,16:18:00,-11,2025-06-01,28440,59340,6
2025,6,1,7,LAX,EWR,2025-06-01 08:20:00,08:31:00,11,16:45:00,16:54:00,9,2025-06-01,30000,60300,6
2025,6,1,7,LAX,EWR,2025-06-01 10:15:00,10:15:00,0,18:54:00,18:44:00,-10,2025-06-01,36900,68040,6
2025,6,1,7,LAX,EWR,2025-06-01 10:21:00,10:20:00,-1,19:00:00,18:37:00,-23,2025-06-01,37260,68400,6
2025,6,1,7,LAX,EWR,2025-06-01 11:00:00,10:56:00,-4,19:39:00,19:26:00,-13,2025-06-01,39600,70740,6
2025,6,1,7,LAX,EWR,2025-06-01 13:30:00,13:24:00,-6,21:52:00,21:37:00,-15,2025-06-01,48600,78720,6
2025,6,1,7,LAX,EWR,2025-06-01 14:23:00,14:21:00,-2,22:49:00,22:41:00,-8,2025-06-01,51780,82140,6
2025,6,1,7,LAX,EWR,2025-06-01 20:55:00,20:49:00,-6,05:08:00,04:39:00,-29,2025-06-01,75300,18480,6
2025,6,1,7,LAX,EWR,2025-06-01 21:43:00,21:35:00,-8,05:59:00,05:59:00,0,2025-06-01,78180,21540,6
2025,6,1,7,LAX,EWR,2025-06-01 22:20:00,22:44:00,24,06:48:00,07:08:00,20,2025-06-01,80400,24480,6
2025,6,1,7,LAX,EWR,2025-06-01 23:59:00,23:55:00,-4,08:12:00,07:57:00,-15,2025-06-01,86340,29520,6
2025,6,1,7,LAX,FAT,2025-06-01 10:30:00,10:21:00,-9,11:48:00,11:46:00,-2,2025-06-01,37800,42480,6
2025,6,1,7,LAX,FAT,2025-06-01 19:10:00,19:04:00,-6,20:24:00,20:06:00,-18,2025-06-01,69000,73440,6
2025,6,1,7,LAX,FAT,2025-06-01 22:38:00,22:52:00,14,23:52:00,23:59:00,7,2025-06-01,81480,85920,6
2025,6,1,7,LAX,FCA,2025-06-01 09:22:00,09:12:00,-10,13:21:00,12:58:00,-23,2025-06-01,33720,48060,6
2025,6,1,7,LAX,FLL,2025-06-01 08:30:00,08:22:00,-8,16:37:00,16:18:00,-19,2025-06-01,30600,59820,6
2025,6,1,7,LAX,FLL,2025-06-01 10:47:00,10:39:00,-8,18:59:00,18:26:00,-33,2025-06-01,38820,68340,6
2025,6,1,7,LAX,FLL,2025-06-01 15:50:00,15:45:00,-5,23:41:00,23:28:00,-13,2025-06-01,57000,85260,6
2025,6,1,7,LAX,FLL,2025-06-01 21:00:00,20:53:00,-7,05:04:00,04:42:00,-22,2025-06-01,75600,18240,6
2025,6,1,7,LAX,FLL,2025-06-01 23:05:00,23:12:00,7,06:55:00,06:57:00,2,2025-06-01,83100,24900,6
2025,6,1,7,LAX,GEG,2025-06-01 19:05:00,18:54:00,-11,21:40:00,21:25:00,-15,2025-06-01,68700,78000,6
2025,6,1,7,LAX,GEG,2025-06-01 19:45:00,19:36:00,-9,22:22:00,22:01:00,-21,2025-06-01,71100,80520,6
2025,6,1,7,LAX,HNL,2025-06-01 07:00:00,06:52:00,-8,10:05:00,09:15:00,-50,2025-06-01,25200,36300,6
2025,6,1,7,LAX,HNL,2025-06-01 07:00:00,07:00:00,0,09:40:00,09:29:00,-11,2025-06-01,25200,34800,6
2025,6,1,7,LAX,HNL,2025-06-01 08:30:00,08:28:00,-2,11:21:00,11:01:00,-20,2025-06-01,30600,40860,6
2025,6,1,7,LAX,HNL,2025-06-01 08:35:00,08:31:00,-4,11:17:00,10:53:00,-24,2025-06-01,30900,40620,6
2025,6,1,7,LAX,HNL,2025-06-01 08:55:00,08:53:00,-2,11:47:00,11:24:00,-23,2025-06-01,32100,42420,6
2025,6,1,7,LAX,HNL,2025-06-01 10:00:00,10:00:00,0,12:40:00,12:22:00,-18,2025-06-01,36000,45600,6
2025,6,1,7,LAX,HNL,2025-06-01 11:15:00,11:17:00,2,14:04:00,13:56:00,-8,2025-06-01,40500,50640,6
2025,6,1,7,LAX,HNL,2025-06-01 13:15:00,13:16:00,1,16:01:00,15:49:00,-12,2025-06-01,47700,57660,6
2025,6,1,7,LAX,HNL,2025-06-01 16:46:00,16:40:00,-6,19:35:00,19:10:00,-25,2025-06-01,60360,70500,6
2025,6,1,7,LAX,HNL,2025-06-01 17:10:00,17:06:00,-4,19:44:00,19:26:00,-18,2025-06-01,61800,71040,6
2025,6,1,7,LAX,HNL,2025-06-01 17:55:00,17:46:00,-9,20:40:00,20:19:00,-21,2025-06-01,64500,74400,6
2025,6,1,7,LAX,HNL,2025-06-01 17:59:00,18:14:00,15,20:44:00,20:46:00,2,2025-06-01,64740,74640,6
2025,6,1,7,LAX,HNL,2025-06-01 18:25:00,18:16:00,-9,21:11:00,21:26:00,15,2025-06-01,66300,76260,6
2025,6,1,7,LAX,HNL,2025-06-01 18:45:00,18:44:00,-1,21:28:00,21:11:00,-17,2025-06-01,67500,77280,6
2025,6,1,7,LAX,HNL,2025-06-01 20:50:00,21:16:00,26,23:29:00,00:07:00,38,2025-06-01,75000,84540,6
2025,6,1,7,LAX,HOU,2025-06-01 05:20:00,05:20:00,0,10:35:00,10:22:00,-13,2025-06-01,19200,38100,6
2025,6,1,7,LAX,HOU,2025-06-01 14:35:00,14:37:00,2,19:55:00,19:49:00,-6,2025-06-01,52500,71700,6
2025,6,1,7,LAX,HOU,2025-06-01 23:40:00,23:40:00,0,05:00:00,04:34:00,-26,2025-06-01,85200,18000,6
2025,6,1,7,LAX,IAD,2025-06-01 06:20:00,06:20:00,0,14:23:00,14:23:00,0,2025-06-01,22800,51780,6
2025,6,1,7,LAX,IAD,2025-06-01 08:00:00,07:57:00,-3,16:14:00,16:03:00,-11,2025-06-01,28800,58440,6
2025,6,1,7,LAX,IAD,2025-06-01 08:15:00,08:10:00,-5,16:21:00,16:16:00,-5,2025-06-01,29700,58860,6
2025,6,1,7,LAX,IAD,2025-06-01 10:58:00,10:51:00,-7,19:03:00,18:59:00,-4,2025-06-01,39480,68580,6
2025,6,1,7,LAX,IAD,2025-06-01 13:15:00,13:12:00,-3,21:20:00,21:18:00,-2,2025-06-01,47700,76800,6
2025,6,1,7,LAX,IAD,2025-06-01 16:45:00,16:52:00,7,00:44:00,00:51:00,7,2025-06-01,60300,2640,6
2025,6,1,7,LAX,IAD,2025-06-01 21:35:00,21:27:00,-8,05:37:00,05:27:00,-10,2025-06-01,77700,20220,6
2025,6,1,7,LAX,IAD,2025-06-01 22:50:00,23:04:00,14,06:39:00,07:05:00,26,2025-06-01,82200,23940,6
2025,6,1,7,LAX,IAH,2025-06-01 00:56:00,00:54:00,-2,06:18:00,05:55:00,-23,2025-06-01,3360,22680,6
2025,6,1,7,LAX,IAH,2025-06-01 05:15:00,05:11:00,-4,10:42:00,10:30:00,-12,2025-06-01,18900,38520,6
2025,6,1,7,LAX,IAH,2025-06-01 07:15:00,07:11:00,-4,12:44:00,12:33:00,-11,2025-06-01,26100,45840,6
2025,6,1,7,LAX,IAH,2025-06-01 08:40:00,08:38:00,-2,14:09:00,13:54:00,-15,2025-06-01,31200,50940,6
2025,6,1,7,LAX,IAH,2025-06-01 08:50:00,08:41:00,-9,14:12:00,13:58:00,-14,2025-06-01,31800,51120,6
2025,6,1,7,LAX,IAH,2025-06-01 10:15:00,10:06:00,-9,15:40:00,15:20:00,-20,2025-06-01,36900,56400,6
2025,6,1,7,LAX,IAH,2025-06-01 11:33:00,11:24:00,-9,16:53:00,16:42:00,-11,2025-06-01,41580,60780,6
2025,6,1,7,LAX,IAH,2025-06-01 12:07:00,12:03:00,-4,17:24:00,17:16:00,-8,2025-06-01,43620,62640,6
2025,6,1,7,LAX,IAH,2025-06-01 13:10:00,13:04:00,-6,18:40:00,18:26:00,-14,2025-06-01,47400,67200,6
2025,6,1,7,LAX,IAH,2025-06-01 13:51:00,14:01:00,10,19:09:00,19:20:00,11,2025-06-01,49860,68940,6
2025,6,1,7,LAX,IAH,2025-06-01 18:10:00,18:03:00,-7,23:21:00,23:17:00,-4,2025-06-01,65400,84060,6
2025,6,1,7,LAX,IAH,2025-06-01 18:10:00,18:07:00,-3,23:33:00,23:19:00,-14,2025-06-01,65400,84780,6
2025,6,1,7,LAX,IAH,2025-06-01 19:20:00,19:13:00,-7,00:43:00,00:21:00,-22,2025-06-01,69600,2580,6
2025,6,1,7,LAX,IAH,2025-06-01 23:42:00,00:12:00,30,04:55:00,05:24:00,29,2025-06-01,85320,17700,6
2025,6,1,7,LAX,IND,2025-06-01 09:48:00,09:42:00,-6,16:53:00,16:39:00,-14,2025-06-01,35280,60780,6
2025,6,1,7,LAX,IND,2025-06-01 14:12:00,14:21:00,9,21:14:00,21:18:00,4,2025-06-01,51120,76440,6
2025,6,1,7,LAX,IND,2025-06-01 23:00:00,22:51:00,-9,06:00:00,05:47:00,-13,2025-06-01,82800,21600,6
2025,6,1,7,LAX,JAC,2025-06-01 10:30:00,10:22:00,-8,13:48:00,13:31:00,-17,2025-06-01,37800,49680,6
2025,6,1,7,LAX,JFK,2025-06-01 06:00:00,05:53:00,-7,14:30:00,14:26:00,-4,2025-06-01,21600,52200,6
2025,6,1,7,LAX,JFK,2025-06-01 06:00:00,06:03:00,3,14:30:00,14:33:00,3,2025-06-01,21600,52200,6
2025,6,1,7,LAX,JFK,2025-06-01 07:00:00,06:52:00,-8,15:28:00,15:37:00,9,2025-06-01,25200,55680,6
2025,6,1,7,LAX,JFK,2025-06-01 07:00:00,06:55:00,-5,15:25:00,15:55:00,30,2025-06-01,25200,55500,6
2025,6,1,7,LAX,JFK,2025-06-01 07:55:00,07:49:00,-6,16:32:00,16:29:00,-3,2025-06-01,28500,59520,6
2025,6,1,7,LAX,JFK,2025-06-01 08:00:00,07:53:00,-7,16:27:00,16:21:00,-6,2025-06-01,28800,59220,6
2025,6,1,7,LAX,JFK,2025-06-01 09:05:00,09:05:00,0,17:55:00,17:31:00,-24,2025-06-01,32700,64500,6
2025,6,1,7,LAX,JFK,2025-06-01 09:55:00,10:00:00,5,18:35:00,18:53:00,18,2025-06-01,35700,66900,6
2025,6,1,7,LAX,JFK,2025-06-01 10:20:00,10:12:00,-8,19:10:00,18:47:00,-23,2025-06-01,37200,69000,6
2025,6,1,7,LAX,JFK,2025-06-01 10:32:00,10:34:00,2,19:00:00,19:04:00,4,2025-06-01,37920,68400,6
2025,6,1,7,LAX,JFK,2025-06-01 11:15:00,11:03:00,-12,19:59:00,19:35:00,-24,2025-06-01,40500,71940,6
2025,6,1,7,LAX,JFK,2025-06-01 11:20:00,11:16:00,-4,19:50:00,19:44:00,-6,2025-06-01,40800,71400,6
2025,6,1,7,LAX,JFK,2025-06-01 12:00:00,11:53:00,-7,20:30:00,20:29:00,-1,2025-06-01,43200,73800,6
2025,6,1,7,LAX,JFK,2025-06-01 12:20:00,12:15:00,-5,21:02:00,21:11:00,9,2025-06-01,44400,75720,6
2025,6,1,7,LAX,JFK,2025-06-01 12:58:00,12:53:00,-5,21:26:00,21:29:00,3,2025-06-01,46680,77160,6
2025,6,1,7,LAX,JFK,2025-06-01 13:05:00,12:59:00,-6,21:44:00,21:25:00,-19,2025-06-01,47100,78240,6
2025,6,1,7,LAX,JFK,2025-06-01 14:20:00,14:19:00,-1,22:55:00,22:44:00,-11,2025-06-01,51600,82500,6
2025,6,1,7,LAX,JFK,2025-06-01 14:30:00,14:21:00,-9,23:10:00,23:02:00,-8,2025-06-01,52200,83400,6
2025,6,1,7,LAX,JFK,2025-06-01 15:20:00,15:15:00,-5,23:58:00,23:42:00,-16,2025-06-01,55200,86280,6
2025,6,1,7,LAX,JFK,2025-06-01 15:29:00,15:18:00,-11,23:57:00,23:50:00,-7,2025-06-01,55740,86220,6
2025,6,1,7,LAX,JFK,2025-06-01 16:20:00,16:14:00,-6,00:57:00,00:39:00,-18,2025-06-01,58800,3420,6
2025,6,1,7,LAX,JFK,2025-06-01 16:25:00,16:22:00,-3,00:55:00,00:35:00,-20,2025-06-01,59100,3300,6
2025,6,1,7,LAX,JFK,2025-06-01 20:53:00,21:10:00,17,05:30:00,05:40:00,10,2025-06-01,75180,19800,6
2025,6,1,7,LAX,JFK,2025-06-01 21:15:00,21:14:00,-1,05:42:00,05:26:00,-16,2025-06-01,76500,20520,6
2025,6,1,7,LAX,JFK,2025-06-01 21:25:00,21:24:00,-1,05:59:00,05:51:00,-8,2025-06-01,77100,21540,6
2025,6,1,7,LAX,JFK,2025-06-01 21:55:00,21:46:00,-9,06:21:00,06:00:00,-21,2025-06-01,78900,22860,6
2025,6,1,7,LAX,JFK,2025-06-01 22:55:00,22:48:00,-7,07:22:00,07:10:00,-12,2025-06-01,82500,26520,6
2025,6,1,7,LAX,JFK,2025-06-01 22:55:00,22:54:00,-1,07:25:00,07:20:00,-5,2025-06-01,82500,26700,6
2025,6,1,7,LAX,JFK,2025-06-01 23:55:00,23:50:00,-5,08:30:00,08:09:00,-21,2025-06-01,86100,30600,6
2025,6,1,7,LAX,JFK,2025-06-01 23:59:00,00:01:00,2,08:37:00,08:31:00,-6,2025-06-01,86340,31020,6
2025,6,1,7,LAX,KOA,2025-06-01 09:10:00,09:08:00,-2,11:50:00,11:34:00,-16,2025-06-01,33000,42600,6
2025,6,1,7,LAX,KOA,2025-06-01 09:33:00,10:04:00,31,12:17:00,12:18:00,1,2025-06-01,34380,44220,6
2025,6,1,7,LAX,KOA,2025-06-01 11:00:00,10:55:00,-5,13:35:00,13:11:00,-24,2025-06-01,39600,48900,6
2025,6,1,7,LAX,KOA,2025-06-01 16:29:00,16:22:00,-7,19:10:00,18:39:00,-31,2025-06-01,59340,69000,6
2025,6,1,7,LAX,KOA,2025-06-01 17:25:00,17:22:00,-3,20:03:00,19:43:00,-20,2025-06-01,62700,72180,6
2025,6,1,7,LAX,LAS,2025-06-01 05:35:00,05:30:00,-5,06:50:00,06:31:00,-19,2025-06-01,20100,24600,6
2025,6,1,7,LAX,LAS,2025-06-01 06:00:00,05:53:00,-7,07:19:00,07:06:00,-13,2025-06-01,21600,26340,6
2025,6,1,7,LAX,LAS,2025-06-01 07:30:00,07:21:00,-9,08:42:00,08:27:00,-15,2025-06-01,27000,31320,6
2025,6,1,7,LAX,LAS,2025-06-01 08:10:00,08:03:00,-7,09:30:00,09:25:00,-5,2025-06-01,29400,34200,6
2025,6,1,7,LAX,LAS,2025-06-01 08:26:00,08:23:00,-3,09:51:00,09:40:00,-11,2025-06-01,30360,35460,6
2025,6,1,7,LAX,LAS,2025-06-01 09:35:00,09:27:00,-8,10:47:00,10:45:00,-2,2025-06-01,34500,38820,6
2025,6,1,7,LAX,LAS,2025-06-01 09:50:00,09:49:00,-1,11:05:00,10:53:00,-12,2025-06-01,35400,39900,6
2025,6,1,7,LAX,LAS,2025-06-01 11:20:00,11:14:00,-6,12:35:00,12:42:00,7,2025-06-01,40800,45300,6
2025,6,1,7,LAX,LAS,2025-06-01 11:37:00,11:29:00,-8,12:52:00,13:02:00,10,2025-06-01,41820,46320,6
2025,6,1,7,LAX,LAS,2025-06-01 12:20:00,12:09:00,-11,13:31:00,13:42:00,11,2025-06-01,44400,48660,6
2025,6,1,7,LAX,LAS,2025-06-01 13:15:00,13:47:00,32,14:35:00,15:18:00,43,2025-06-01,47700,52500,6
2025,6,1,7,LAX,LAS,2025-06-01 14:45:00,14:39:00,-6,16:07:00,16:14:00,7,2025-06-01,53100,58020,6
2025,6,1,7,LAX,LAS,2025-06-01 15:13:00,15:05:00,-8,16:25:00,16:29:00,4,2025-06-01,54780,59100,6
2025,6,1,7,LAX,LAS,2025-06-01 15:48:00,15:55:00,7,17:13:00,17:21:00,8,2025-06-01,56880,61980,6
2025,6,1,7,LAX,LAS,2025-06-01 16:20:00,16:34:00,14,17:40:00,17:59:00,19,2025-06-01,58800,63600,6
2025,6,1,7,LAX,LAS,2025-06-01 17:03:00,17:32:00,29,18:14:00,19:04:00,50,2025-06-01,61380,65640,6
2025,6,1,7,LAX,LAS,2025-06-01 17:35:00,17:28:00,-7,18:49:00,18:41:00,-8,2025-06-01,63300,67740,6
2025,6,1,7,LAX,LAS,2025-06-01 17:53:00,17:44:00,-9,19:11:00,19:19:00,8,2025-06-01,64380,69060,6
2025,6,1,7,LAX,LAS,2025-06-01 18:50:00,19:48:00,58,20:10:00,20:52:00,42,2025-06-01,67800,72600,6
2025,6,1,7,LAX,LAS,2025-06-01 18:52:00,18:42:00,-10,20:10:00,19:51:00,-19,2025-06-01,67920,72600,6
2025,6,1,7,LAX,LAS,2025-06-01 19:45:00,19:36:00,-9,21:08:00,21:08:00,0,2025-06-01,71100,76080,6
2025,6,1,7,LAX,LAS,2025-06-01 20:40:00,20:43:00,3,21:55:00,22:17:00,22,2025-06-01,74400,78900,6
2025,6,1,7,LAX,LAS,2025-06-01 20:55:00,20:46:00,-9,22:05:00,22:51:00,46,2025-06-01,75300,79500,6
2025,6,1,7,LAX,LAS,2025-06-01 22:05:00,22:15:00,10,23:25:00,23:26:00,1,2025-06-01,79500,84300,6
2025,6,1,7,LAX,LAS,2025-06-01 22:10:00,22:53:00,43,23:28:00,00:06:00,38,2025-06-01,79800,84480,6
2025,6,1,7,LAX,LAS,2025-06-01 23:05:00,23:00:00,-5,00:27:00,00:27:00,0,2025-06-01,83100,1620,6
2025,6,1,7,LAX,LIH,2025-06-01 08:42:00,08:39:00,-3,11:38:00,11:19:00,-19,2025-06-01,31320,41880,6
2025,6,1,7,LAX,LIH,2025-06-01 09:00:00,09:09:00,9,11:45:00,11:34:00,-11,2025-06-01,32400,42300,6
2025,6,1,7,LAX,LIH,2025-06-01 09:30:00,09:20:00,-10,12:32:00,11:56:00,-36,2025-06-01,34200,45120,6
2025,6,1,7,LAX,LIH,2025-06-01 15:00:00,14:53:00,-7,17:49:00,17:23:00,-26,2025-06-01,54000,64140,6
2025,6,1,7,LAX,MCI,2025-06-01 06:50:00,06:53:00,3,12:05:00,11:53:00,-12,2025-06-01,24600,43500,6
2025,6,1,7,LAX,MCI,2025-06-01 09:15:00,09:03:00,-12,14:24:00,14:10:00,-14,2025-06-01,33300,51840,6
2025,6,1,7,LAX,MCI,2025-06-01 15:01:00,15:56:00,55,20:12:00,21:04:00,52,2025-06-01,54060,72720,6
2025,6,1,7,LAX,MCI,2025-06-01 18:15:00,18:30:00,15,23:24:00,23:58:00,34,2025-06-01,65700,84240,6
2025,6,1,7,LAX,MCO,2025-06-01 07:00:00,06:55:00,-5,14:49:00,14:32:00,-17,2025-06-01,25200,53340,6
2025,6,1,7,LAX,MCO,2025-06-01 09:00:00,08:53:00,-7,16:48:00,16:32:00,-16,2025-06-01,32400,60480,6
2025,6,1,7,LAX,MCO,2025-06-01 10:02:00,09:57:00,-5,18:04:00,17:30:00,-34,2025-06-01,36120,65040,6
2025,6,1,7,LAX,MCO,2025-06-01 11:15:00,11:10:00,-5,19:10:00,19:00:00,-10,2025-06-01,40500,69000,6
2025,6,1,7,LAX,MCO,2025-06-01 14:01:00,14:45:00,44,22:14:00,22:35:00,21,2025-06-01,50460,80040,6
2025,6,1,7,LAX,MCO,2025-06-01 16:11:00,16:06:00,-5,23:57:00,23:44:00,-13,2025-06-01,58260,86220,6
2025,6,1,7,LAX,MCO,2025-06-01 21:55:00,21:47:00,-8,05:40:00,05:34:00,-6,2025-06-01,78900,20400,6
2025,6,1,7,LAX,MCO,2025-06-01 22:00:00,22:53:00,53,05:42:00,06:24:00,42,2025-06-01,79200,20520,6
2025,6,1,7,LAX,MCO,2025-06-01 22:56:00,22:52:00,-4,06:57:00,06:37:00,-20,2025-06-01,82560,25020,6
2025,6,1,7,LAX,MDW,2025-06-01 05:15:00,05:12:00,-3,11:15:00,11:04:00,-11,2025-06-01,18900,40500,6
2025,6,1,7,LAX,MDW,2025-06-01 13:50:00,14:06:00,16,19:50:00,19:53:00,3,2025-06-01,49800,71400,6
2025,6,1,7,LAX,MDW,2025-06-01 23:10:00,23:07:00,-3,05:15:00,04:56:00,-19,2025-06-01,83400,18900,6
2025,6,1,7,LAX,MEM,2025-06-01 18:10:00,18:23:00,13,23:47:00,23:59:00,12,2025-06-01,65400,85620,6
2025,6,1,7,LAX,MFE,2025-06-01 06:00:00,06:00:00,0,11:09:00,11:14:00,5,2025-06-01,21600,40140,6
2025,6,1,7,LAX,MIA,2025-06-01 06:04:00,05:57:00,-7,14:03:00,13:37:00,-26,2025-06-01,21840,50580,6
2025,6,1,7,LAX,MIA,2025-06-01 08:00:00,07:59:00,-1,15:56:00,15:42:00,-14,2025-06-01,28800,57360,6
2025,6,1,7,LAX,MIA,2025-06-01 09:55:00,10:04:00,9,17:55:00,17:57:00,2,2025-06-01,35700,64500,6
2025,6,1,7,LAX,MIA,2025-06-01 10:45:00,11:07:00,22,18:45:00,19:04:00,19,2025-06-01,38700,67500,6
2025,6,1,7,LAX,MIA,2025-06-01 12:25:00,12:39:00,14,20:20:00,20:29:00,9,2025-06-01,44700,73200,6
2025,6,1,7,LAX,MIA,2025-06-01 13:58:00,14:46:00,48,21:54:00,22:28:00,34,2025-06-01,50280,78840,6
2025,6,1,7,LAX,MIA,2025-06-01 22:04:00,21:58:00,-6,06:00:00,06:04:00,4,2025-06-01,79440,21600,6
2025,6,1,7,LAX,MIA,2025-06-01 22:59:00,22:51:00,-8,06:57:00,07:02:00,5,2025-06-01,82740,25020,6
2025,6,1,7,LAX,MIA,2025-06-01 23:45:00,23:48:00,3,07:40:00,07:44:00,4,2025-06-01,85500,27600,6
2025,6,1,7,LAX,MKE,2025-06-01 08:00:00,07:53:00,-7,13:54:00,13:43:00,-11,2025-06-01,28800,50040,6
2025,6,1,7,LAX,MRY,2025-06-01 08:20:00,08:19:00,-1,09:42:00,09:37:00,-5,2025-06-01,30000,34920,6
2025,6,1,7,LAX,MRY,2025-06-01 18:23:00,18:15:00,-8,19:37:00,19:24:00,-13,2025-06-01,66180,70620,6
2025,6,1,7,LAX,MSP,2025-06-01 06:15:00,06:13:00,-2,11:53:00,12:06:00,13,2025-06-01,22500,42780,6
2025,6,1,7,LAX,MSP,2025-06-01 08:35:00,08:30:00,-5,14:17:00,14:03:00,-14,2025-06-01,30900,51420,6
2025,6,1,7,LAX,MSP,2025-06-01 23:59:00,23:50:00,-9,05:43:00,05:23:00,-20,2025-06-01,86340,20580,6
2025,6,1,7,LAX,MSY,2025-06-01 07:15:00,07:48:00,33,12:52:00,13:30:00,38,2025-06-01,26100,46320,6
2025,6,1,7,LAX,MSY,2025-06-01 07:45:00,07:43:00,-2,13:25:00,13:14:00,-11,2025-06-01,27900,48300,6
2025,6,1,7,LAX,MSY,2025-06-01 11:54:00,11:54:00,0,17:32:00,17:27:00,-5,2025-06-01,42840,63120,6
2025,6,1,7,LAX,MSY,2025-06-01 12:13:00,12:35:00,22,17:51:00,18:00:00,9,2025-06-01,43980,64260,6
2025,6,1,7,LAX,MSY,2025-06-01 18:00:00,17:54:00,-6,23:34:00,23:19:00,-15,2025-06-01,64800,84840,6
2025,6,1,7,LAX,OAK,2025-06-01 06:25:00,06:23:00,-2,07:50:00,07:31:00,-19,2025-06-01,23100,28200,6
2025,6,1,7,LAX,OAK,2025-06-01 08:20:00,08:13:00,-7,09:50:00,09:20:00,-30,2025-06-01,30000,35400,6
2025,6,1,7,LAX,OAK,2025-06-01 09:35:00,09:29:00,-6,11:00:00,10:38:00,-22,2025-06-01,34500,39600,6
2025,6,1,7,LAX,OAK,2025-06-01 12:35:00,12:44:00,9,14:00:00,13:53:00,-7,2025-06-01,45300,50400,6
2025,6,1,7,LAX,OAK,2025-06-01 14:20:00,14:35:00,15,15:45:00,15:38:00,-7,2025-06-01,51600,56700,6
2025,6,1,7,LAX,OAK,2025-06-01 16:30:00,16:30:00,0,17:55:00,17:40:00,-15,2025-06-01,59400,64500,6
2025,6,1,7,LAX,OAK,2025-06-01 18:50:00,18:48:00,-2,20:15:00,19:59:00,-16,2025-06-01,67800,72900,6
2025,6,1,7,LAX,OAK,2025-06-01 20:20:00,21:08:00,48,21:45:00,22:11:00,26,2025-06-01,73200,78300,6
2025,6,1,7,LAX,OGG,2025-06-01 07:45:00,07:55:00,10,10:25:00,10:06:00,-19,2025-06-01,27900,37500,6
2025,6,1,7,LAX,OGG,2025-06-01 08:00:00,07:55:00,-5,10:35:00,10:07:00,-28,2025-06-01,28800,38100,6
2025,6,1,7,LAX,OGG,2025-06-01 08:15:00,08:11:00,-4,10:55:00,10:40:00,-15,2025-06-01,29700,39300,6
2025,6,1,7,LAX,OGG,2025-06-01 09:39:00,09:38:00,-1,12:19:00,11:55:00,-24,2025-06-01,34740,44340,6
2025,6,1,7,LAX,OGG,2025-06-01 16:50:00,16:46:00,-4,19:25:00,19:09:00,-16,2025-06-01,60600,69900,6
2025,6,1,7,LAX,OGG,2025-06-01 16:55:00,16:50:00,-5,19:34:00,19:15:00,-19,2025-06-01,60900,70440,6
2025,6,1,7,LAX,OKC,2025-06-01 09:54:00,10:35:00,41,14:49:00,15:47:00,58,2025-06-01,35640,53340,6
2025,6,1,7,LAX,OKC,2025-06-01 17:41:00,18:18:00,37,22:32:00,23:11:00,39,2025-06-01,63660,81120,6
2025,6,1,7,LAX,OMA,2025-06-01 14:04:00,13:57:00,-7,19:15:00,19:15:00,0,2025-06-01,50640,69300,6
2025,6,1,7,LAX,ORD,2025-06-01 00:41:00,00:30:00,-11,06:42:00,06:19:00,-23,2025-06-01,2460,24120,6
2025,6,1,7,LAX,ORD,2025-06-01 05:45:00,05:41:00,-4,11:57:00,11:46:00,-11,2025-06-01,20700,43020,6
2025,6,1,7,LAX,ORD,2025-06-01 06:05:00,05:58:00,-7,12:20:00,12:01:00,-19,2025-06-01,21900,44400,6
2025,6,1,7,LAX,ORD,2025-06-01 06:20:00,06:13:00,-7,12:42:00,12:24:00,-18,2025-06-01,22800,45720,6
2025,6,1,7,LAX,ORD,2025-06-01 07:30:00,07:23:00,-7,13:35:00,13:32:00,-3,2025-06-01,27000,48900,6
2025,6,1,7,LAX,ORD,2025-06-01 07:45:00,07:38:00,-7,13:56:00,13:55:00,-1,2025-06-01,27900,50160,6
2025,6,1,7,LAX,ORD,2025-06-01 08:15:00,08:10:00,-5,14:39:00,14:22:00,-17,2025-06-01,29700,52740,6
2025,6,1,7,LAX,ORD,2025-06-01 09:43:00,09:38:00,-5,15:55:00,15:43:00,-12,2025-06-01,34980,57300,6
2025,6,1,7,LAX,ORD,2025-06-01 10:40:00,10:36:00,-4,16:56:00,16:36:00,-20,2025-06-01,38400,60960,6
2025,6,1,7,LAX,ORD,2025-06-01 11:16:00,11:06:00,-10,17:26:00,17:16:00,-10,2025-06-01,40560,62760,6
2025,6,1,7,LAX,ORD,2025-06-01 12:37:00,12:35:00,-2,18:55:00,18:55:00,0,2025-06-01,45420,68100,6
2025,6,1,7,LAX,ORD,2025-06-01 13:30:00,13:27:00,-3,19:38:00,19:37:00,-1,2025-06-01,48600,70680,6
2025,6,1,7,LAX,ORD,2025-06-01 14:01:00,13:59:00,-2,20:25:00,20:10:00,-15,2025-06-01,50460,73500,6
2025,6,1,7,LAX,ORD,2025-06-01 16:20:00,16:16:00,-4,22:32:00,22:12:00,-20,2025-06-01,58800,81120,6
2025,6,1,7,LAX,ORD,2025-06-01 16:40:00,16:32:00,-8,23:04:00,22:50:00,-14,2025-06-01,60000,83040,6
2025,6,1,7,LAX,ORD,2025-06-01 16:46:00,16:37:00,-9,23:05:00,22:42:00,-23,2025-06-01,60360,83100,6
2025,6,1,7,LAX,ORD,2025-06-01 17:38:00,17:28:00,-10,23:59:00,23:18:00,-41,2025-06-01,63480,86340,6
2025,6,1,7,LAX,ORD,2025-06-01 17:48:00,18:41:00,53,23:59:00,00:30:00,31,2025-06-01,64080,86340,6
2025,6,1,7,LAX,ORD,2025-06-01 22:40:00,22:45:00,5,04:51:00,04:49:00,-2,2025-06-01,81600,17460,6
2025,6,1,7,LAX,ORD,2025-06-01 22:59:00,23:10:00,11,05:10:00,05:12:00,2,2025-06-01,82740,18600,6
2025,6,1,7,LAX,ORD,2025-06-01 23:37:00,23:37:00,0,05:45:00,05:38:00,-7,2025-06-01,85020,20700,6
2025,6,1,7,LAX,ORD,2025-06-01 23:45:00,23:42:00,-3,05:53:00,05:40:00,-13,2025-06-01,85500,21180,6
2025,6,1,7,LAX,PDX,2025-06-01 07:00:00,06:51:00,-9,09:24:00,09:01:00,-23,2025-06-01,25200,33840,6
2025,6,1,7,LAX,PDX,2025-06-01 07:00:00,06:58:00,-2,09:28:00,09:29:00,1,2025-06-01,25200,34080,6
2025,6,1,7,LAX,PDX,2025-06-01 08:50:00,08:42:00,-8,11:25:00,11:18:00,-7,2025-06-01,31800,41100,6
2025,6,1,7,LAX,PDX,2025-06-01 09:25:00,09:17:00,-8,11:52:00,11:39:00,-13,2025-06-01,33900,42720,6
2025,6,1,7,LAX,PDX,2025-06-01 09:40:00,09:33:00,-7,12:04:00,11:52:00,-12,2025-06-01,34800,43440,6
2025,6,1,7,LAX,PDX,2025-06-01 09:43:00,09:40:00,-3,12:14:00,12:05:00,-9,2025-06-01,34980,44040,6
2025,6,1,7,LAX,PDX,2025-06-01 11:20:00,11:16:00,-4,13:47:00,13:27:00,-20,2025-06-01,40800,49620,6
2025,6,1,7,LAX,PDX,2025-06-01 13:43:00,13:37:00,-6,16:08:00,15:46:00,-22,2025-06-01,49380,58080,6
2025,6,1,7,LAX,PDX,2025-06-01 13:57:00,13:54:00,-3,16:24:00,16:10:00,-14,2025-06-01,50220,59040,6
2025,6,1,7,LAX,PDX,2025-06-01 15:05:00,14:57:00,-8,17:33:00,17:19:00,-14,2025-06-01,54300,63180,6
2025,6,1,7,LAX,PDX,2025-06-01 16:38:00,16:31:00,-7,19:04:00,18:36:00,-28,2025-06-01,59880,68640,6
2025,6,1,7,LAX,PDX,2025-06-01 18:20:00,18:56:00,36,20:48:00,21:12:00,24,2025-06-01,66000,74880,6
2025,6,1,7,LAX,PDX,2025-06-01 20:20:00,20:17:00,-3,22:41:00,22:24:00,-17,2025-06-01,73200,81660,6
2025,6,1,7,LAX,PDX,2025-06-01 21:28:00,21:23:00,-5,23:59:00,00:16:00,17,2025-06-01,77280,86340,6
2025,6,1,7,LAX,PDX,2025-06-01 21:33:00,21:22:00,-11,23:59:00,23:59:00,0,2025-06-01,77580,86340,6
2025,6,1,7,LAX,PHL,2025-06-01 00:55:00,00:45:00,-10,09:00:00,08:55:00,-5,2025-06-01,3300,32400,6
2025,6,1,7,LAX,PHL,2025-06-01 07:00:00,06:59:00,-1,15:05:00,15:15:00,10,2025-06-01,25200,54300,6
2025,6,1,7,LAX,PHL,2025-06-01 09:48:00,09:40:00,-8,17:55:00,17:50:00,-5,2025-06-01,35280,64500,6
2025,6,1,7,LAX,PHL,2025-06-01 12:04:00,11:57:00,-7,20:12:00,20:15:00,3,2025-06-01,43440,72720,6
2025,6,1,7,LAX,PHL,2025-06-01 15:45:00,15:42:00,-3,23:53:00,23:46:00,-7,2025-06-01,56700,85980,6
2025,6,1,7,LAX,PHL,2025-06-01 22:20:00,22:42:00,22,06:30:00,06:49:00,19,2025-06-01,80400,23400,6
2025,6,1,7,LAX,PHL,2025-06-01 22:27:00,22:54:00,27,06:50:00,07:11:00,21,2025-06-01,80820,24600,6
2025,6,1,7,LAX,PHL,2025-06-01 23:21:00,23:14:00,-7,07:25:00,07:23:00,-2,2025-06-01,84060,26700,6
2025,6,1,7,LAX,PHX,2025-06-01 05:25:00,05:21:00,-4,06:50:00,06:36:00,-14,2025-06-01,19500,24600,6
2025,6,1,7,LAX,PHX,2025-06-01 06:00:00,06:10:00,10,07:30:00,07:56:00,26,2025-06-01,21600,27000,6
2025,6,1,7,LAX,PHX,2025-06-01 07:13:00,07:23:00,10,08:34:00,08:52:00,18,2025-06-01,25980,30840,6
2025,6,1,7,LAX,PHX,2025-06-01 08:15:00,08:14:00,-1,09:45:00,09:38:00,-7,2025-06-01,29700,35100,6
2025,6,1,7,LAX,PHX,2025-06-01 08:15:00,08:14:00,-1,09:51:00,09:51:00,0,2025-06-01,29700,35460,6
2025,6,1,7,LAX,PHX,2025-06-01 08:25:00,08:15:00,-10,09:56:00,09:46:00,-10,2025-06-01,30300,35760,6
2025,6,1,7,LAX,PHX,2025-06-01 09:50:00,09:48:00,-2,11:15:00,11:04:00,-11,2025-06-01,35400,40500,6
2025,6,1,7,LAX,PHX,2025-06-01 10:00:00,09:56:00,-4,11:27:00,11:21:00,-6,2025-06-01,36000,41220,6
2025,6,1,7,LAX,PHX,2025-06-01 10:31:00,10:24:00,-7,11:57:00,11:53:00,-4,2025-06-01,37860,43020,6
2025,6,1,7,LAX,PHX,2025-06-01 11:25:00,11:27:00,2,12:55:00,13:09:00,14,2025-06-01,41100,46500,6
2025,6,1,7,LAX,PHX,2025-06-01 13:03:00,12:56:00,-7,14:30:00,14:32:00,2,2025-06-01,46980,52200,6
2025,6,1,7,LAX,PHX,2025-06-01 14:28:00,15:15:00,47,16:07:00,16:50:00,43,2025-06-01,52080,58020,6
2025,6,1,7,LAX,PHX,2025-06-01 14:30:00,14:50:00,20,15:55:00,16:21:00,26,2025-06-01,52200,57300,6
2025,6,1,7,LAX,PHX,2025-06-01 15:25:00,15:33:00,8,16:55:00,16:51:00,-4,2025-06-01,55500,60900,6
2025,6,1,7,LAX,PHX,2025-06-01 17:11:00,17:46:00,35,18:42:00,19:24:00,42,2025-06-01,61860,67320,6
2025,6,1,7,LAX,PHX,2025-06-01 17:20:00,17:21:00,1,18:55:00,18:45:00,-10,2025-06-01,62400,68100,6
2025,6,1,7,LAX,PHX,2025-06-01 17:44:00,17:38:00,-6,19:09:00,18:56:00,-13,2025-06-01,63840,68940,6
2025,6,1,7,LAX,PHX,2025-06-01 18:57:00,18:45:00,-12,20:25:00,20:10:00,-15,2025-06-01,68220,73500,6
2025,6,1,7,LAX,PHX,2025-06-01 19:10:00,19:07:00,-3,20:39:00,20:33:00,-6,2025-06-01,69000,74340,6
2025,6,1,7,LAX,PHX,2025-06-01 19:52:00,19:42:00,-10,21:16:00,21:11:00,-5,2025-06-01,71520,76560,6
2025,6,1,7,LAX,PHX,2025-06-01 20:25:00,20:24:00,-1,21:55:00,21:42:00,-13,2025-06-01,73500,78900,6
2025,6,1,7,LAX,PHX,2025-06-01 21:30:00,21:21:00,-9,22:57:00,22:45:00,-12,2025-06-01,77400,82620,6
2025,6,1,7,LAX,PHX,2025-06-01 22:35:00,22:30:00,-5,00:13:00,23:59:00,-14,2025-06-01,81300,780,6
2025,6,1,7,LAX,PIT,2025-06-01 09:05:00,08:53:00,-12,16:46:00,16:38:00,-8,2025-06-01,32700,60360,6
2025,6,1,7,LAX,PRC,2025-06-01 19:45:00,19:38:00,-7,21:11:00,21:10:00,-1,2025-06-01,71100,76260,6
2025,6,1,7,LAX,PSC,2025-06-01 20:22:00,20:16:00,-6,22:57:00,22:44:00,-13,2025-06-01,73320,82620,6
2025,6,1,7,LAX,RDD,2025-06-01 12:56:00,12:50:00,-6,14:45:00,15:05:00,20,2025-06-01,46560,53100,6
2025,6,1,7,LAX,RDM,2025-06-01 12:45:00,12:41:00,-4,15:03:00,14:49:00,-14,2025-06-01,45900,54180,6
2025,6,1,7,LAX,RDU,2025-06-01 08:25:00,08:26:00,1,16:19:00,16:20:00,1,2025-06-01,30300,58740,6
2025,6,1,7,LAX,RDU,2025-06-01 11:50:00,11:43:00,-7,19:40:00,19:39:00,-1,2025-06-01,42600,70800,6
2025,6,1,7,LAX,RNO,2025-06-01 09:59:00,09:55:00,-4,11:28:00,11:14:00,-14,2025-06-01,35940,41280,6
2025,6,1,7,LAX,RNO,2025-06-01 10:19:00,10:21:00,2,12:00:00,12:15:00,15,2025-06-01,37140,43200,6
2025,6,1,7,LAX,RNO,2025-06-01 13:00:00,12:55:00,-5,14:35:00,14:35:00,0,2025-06-01,46800,52500,6
2025,6,1,7,LAX,RNO,2025-06-01 15:04:00,15:11:00,7,16:32:00,16:38:00,6,2025-06-01,54240,59520,6
2025,6,1,7,LAX,RNO,2025-06-01 17:10:00,17:06:00,-4,18:44:00,18:36:00,-8,2025-06-01,61800,67440,6
2025,6,1,7,LAX,RNO,2025-06-01 20:15:00,20:13:00,-2,21:49:00,21:36:00,-13,2025-06-01,72900,78540,6
2025,6,1,7,LAX,RNO,2025-06-01 20:55:00,21:20:00,25,22:21:00,22:40:00,19,2025-06-01,75300,80460,6
2025,6,1,7,LAX,SAN,2025-06-01 08:25:00,08:17:00,-8,09:21:00,09:12:00,-9,2025-06-01,30300,33660,6
2025,6,1,7,LAX,SAN,2025-06-01 09:20:00,09:16:00,-4,10:24:00,10:06:00,-18,2025-06-01,33600,37440,6
2025,6,1,7,LAX,SAN,2025-06-01 12:32:00,12:23:00,-9,13:30:00,13:27:00,-3,2025-06-01,45120,48600,6
2025,6,1,7,LAX,SAN,2025-06-01 17:59:00,18:57:00,58,18:51:00,19:50:00,59,2025-06-01,64740,67860,6
2025,6,1,7,LAX,SAN,2025-06-01 18:46:00,18:44:00,-2,19:47:00,19:43:00,-4,2025-06-01,67560,71220,6
2025,6,1,7,LAX,SAN,2025-06-01 22:17:00,22:22:00,5,23:11:00,23:15:00,4,2025-06-01,80220,83460,6
2025,6,1,7,LAX,SAN,2025-06-01 22:45:00,22:40:00,-5,23:46:00,23:33:00,-13,2025-06-01,81900,85560,6
2025,6,1,7,LAX,SAT,2025-06-01 08:55:00,08:45:00,-10,13:50:00,13:34:00,-16,2025-06-01,32100,49800,6
2025,6,1,7,LAX,SAT,2025-06-01 09:11:00,09:01:00,-10,14:00:00,14:02:00,2,2025-06-01,33060,50400,6
2025,6,1,7,LAX,SAT,2025-06-01 09:49:00,09:48:00,-1,14:35:00,14:29:00,-6,2025-06-01,35340,52500,6
2025,6,1,7,LAX,SAT,2025-06-01 15:30:00,16:07:00,37,20:20:00,20:37:00,17,2025-06-01,55800,73200,6
2025,6,1,7,LAX,SAT,2025-06-01 17:30:00,18:08:00,38,22:20:00,22:52:00,32,2025-06-01,63000,80400,6
2025,6,1,7,LAX,SAT,2025-06-01 18:57:00,18:46:00,-11,23:42:00,23:33:00,-9,2025-06-01,68220,85320,6
2025,6,1,7,LAX,SBA,2025-06-01 15:20:00,15:16:00,-4,16:12:00,15:55:00,-17,2025-06-01,55200,58320,6
2025,6,1,7,LAX,SBA,2025-06-01 23:00:00,22:57:00,-3,23:58:00,23:53:00,-5,2025-06-01,82800,86280,6
2025,6,1,7,LAX,SBP,2025-06-01 15:00:00,14:53:00,-7,16:01:00,15:47:00,-14,2025-06-01,54000,57660,6
2025,6,1,7,LAX,SEA,2025-06-01 07:00:00,06:52:00,-8,09:55:00,09:28:00,-27,2025-06-01,25200,35700,6
2025,6,1,7,LAX,SEA,2025-06-01 07:00:00,06:56:00,-4,10:03:00,09:36:00,-27,2025-06-01,25200,36180,6
2025,6,1,7,LAX,SEA,2025-06-01 08:00:00,07:57:00,-3,10:58:00,11:31:00,33,2025-06-01,28800,39480,6
2025,6,1,7,LAX,SEA,2025-06-01 08:38:00,08:28:00,-10,11:33:00,11:15:00,-18,2025-06-01,31080,41580,6
2025,6,1,7,LAX,SEA,2025-06-01 09:35:00,09:35:00,0,12:33:00,12:02:00,-31,2025-06-01,34500,45180,6
2025,6,1,7,LAX,SEA,2025-06-01 11:10:00,11:34:00,24,14:01:00,14:15:00,14,2025-06-01,40200,50460,6
2025,6,1,7,LAX,SEA,2025-06-01 11:55:00,11:58:00,3,14:50:00,14:31:00,-19,2025-06-01,42900,53400,6
2025,6,1,7,LAX,SEA,2025-06-01 13:51:00,13:53:00,2,16:45:00,16:16:00,-29,2025-06-01,49860,60300,6
2025,6,1,7,LAX,SEA,2025-06-01 13:58:00,13:51:00,-7,16:53:00,16:38:00,-15,2025-06-01,50280,60780,6
2025,6,1,7,LAX,SEA,2025-06-01 15:29:00,15:19:00,-10,18:31:00,18:03:00,-28,2025-06-01,55740,66660,6
2025,6,1,7,LAX,SEA,2025-06-01 15:36:00,15:29:00,-7,18:27:00,18:15:00,-12,2025-06-01,56160,66420,6
2025,6,1,7,LAX,SEA,2025-06-01 17:45:00,17:37:00,-8,20:35:00,20:36:00,1,2025-06-01,63900,74100,6
2025,6,1,7,LAX,SEA,2025-06-01 17:55:00,18:25:00,30,20:49:00,21:02:00,13,2025-06-01,64500,74940,6
2025,6,1,7,LAX,SEA,2025-06-01 18:45:00,18:36:00,-9,21:36:00,21:23:00,-13,2025-06-01,67500,77760,6
2025,6,1,7,LAX,SEA,2025-06-01 19:07:00,19:04:00,-3,21:58:00,21:52:00,-6,2025-06-01,68820,79080,6
2025,6,1,7,LAX,SEA,2025-06-01 19:55:00,19:46:00,-9,22:47:00,22:50:00,3,2025-06-01,71700,82020,6
2025,6,1,7,LAX,SEA,2025-06-01 19:55:00,19:47:00,-8,22:51:00,22:27:00,-24,2025-06-01,71700,82260,6
2025,6,1,7,LAX,SEA,2025-06-01 20:00:00,19:52:00,-8,23:02:00,23:03:00,1,2025-06-01,72000,82920,6
2025,6,1,7,LAX,SEA,2025-06-01 21:10:00,21:24:00,14,23:59:00,00:17:00,18,2025-06-01,76200,86340,6
2025,6,1,7,LAX,SEA,2025-06-01 21:40:00,21:34:00,-6,00:29:00,00:07:00,-22,2025-06-01,78000,1740,6
2025,6,1,7,LAX,SFO,2025-06-01 06:00:00,06:00:00,0,07:38:00,07:20:00,-18,2025-06-01,21600,27480,6
2025,6,1,7,LAX,SFO,2025-06-01 06:30:00,06:22:00,-8,07:53:00,07:31:00,-22,2025-06-01,23400,28380,6
2025,6,1,7,LAX,SFO,2025-06-01 06:55:00,06:56:00,1,08:20:00,08:03:00,-17,2025-06-01,24900,30000,6
2025,6,1,7,LAX,SFO,2025-06-01 08:00:00,07:54:00,-6,09:38:00,09:15:00,-23,2025-06-01,28800,34680,6
2025,6,1,7,LAX,SFO,2025-06-01 08:40:00,08:37:00,-3,10:10:00,10:00:00,-10,2025-06-01,31200,36600,6
2025,6,1,7,LAX,SFO,2025-06-01 09:20:00,09:54:00,34,10:52:00,11:10:00,18,2025-06-01,33600,39120,6
2025,6,1,7,LAX,SFO,2025-06-01 10:15:00,10:13:00,-2,11:45:00,11:42:00,-3,2025-06-01,36900,42300,6
2025,6,1,7,LAX,SFO,2025-06-01 10:26:00,10:19:00,-7,11:59:00,11:36:00,-23,2025-06-01,37560,43140,6
2025,6,1,7,LAX,SFO,2025-06-01 11:00:00,10:57:00,-3,12:32:00,12:23:00,-9,2025-06-01,39600,45120,6
2025,6,1,7,LAX,SFO,2025-06-01 12:20:00,12:20:00,0,13:43:00,13:33:00,-10,2025-06-01,44400,49380,6
2025,6,1,7,LAX,SFO,2025-06-01 13:39:00,13:35:00,-4,15:07:00,15:00:00,-7,2025-06-01,49140,54420,6
2025,6,1,7,LAX,SFO,2025-06-01 13:55:00,14:04:00,9,15:15:00,15:16:00,1,2025-06-01,50100,54900,6
2025,6,1,7,LAX,SFO,2025-06-01 14:15:00,14:33:00,18,15:40:00,15:38:00,-2,2025-06-01,51300,56400,6
2025,6,1,7,LAX,SFO,2025-06-01 15:35:00,15:30:00,-5,16:59:00,16:43:00,-16,2025-06-01,56100,61140,6
2025,6,1,7,LAX,SFO,2025-06-01 16:00:00,15:57:00,-3,17:28:00,17:11:00,-17,2025-06-01,57600,62880,6
2025,6,1,7,LAX,SFO,2025-06-01 16:10:00,16:02:00,-8,17:39:00,17:23:00,-16,2025-06-01,58200,63540,6
2025,6,1,7,LAX,SFO,2025-06-01 16:25:00,17:12:00,47,17:48:00,18:22:00,34,2025-06-01,59100,64080,6
2025,6,1,7,LAX,SFO,2025-06-01 17:10:00,16:59:00,-11,18:40:00,18:18:00,-22,2025-06-01,61800,67200,6
2025,6,1,7,LAX,SFO,2025-06-01 18:13:00,18:30:00,17,19:48:00,19:59:00,11,2025-06-01,65580,71280,6
2025,6,1,7,LAX,SFO,2025-06-01 18:31:00,18:34:00,3,19:58:00,19:52:00,-6,2025-06-01,66660,71880,6
2025,6,1,7,LAX,SFO,2025-06-01 18:40:00,18:49:00,9,20:09:00,20:20:00,11,2025-06-01,67200,72540,6
2025,6,1,7,LAX,SFO,2025-06-01 19:25:00,19:18:00,-7,20:57:00,21:36:00,39,2025-06-01,69900,75420,6
2025,6,1,7,LAX,SFO,2025-06-01 19:35:00,20:16:00,41,21:00:00,22:04:00,64,2025-06-01,70500,75600,6
2025,6,1,7,LAX,SFO,2025-06-01 21:30:00,21:23:00,-7,23:02:00,22:57:00,-5,2025-06-01,77400,82920,6
2025,6,1,7,LAX,SFO,2025-06-01 21:45:00,22:23:00,38,23:09:00,23:34:00,25,2025-06-01,78300,83340,6
2025,6,1,7,LAX,SFO,2025-06-01 22:30:00,22:25:00,-5,23:58:00,00:13:00,15,2025-06-01,81000,86280,6
2025,6,1,7,LAX,SGU,2025-06-01 13:15:00,13:13:00,-2,15:47:00,15:50:00,3,2025-06-01,47700,56820,6
2025,6,1,7,LAX,SJC,2025-06-01 06:55:00,06:46:00,-9,08:10:00,07:55:00,-15,2025-06-01,24900,29400,6
2025,6,1,7,LAX,SJC,2025-06-01 07:10:00,07:03:00,-7,08:30:00,08:07:00,-23,2025-06-01,25800,30600,6
2025,6,1,7,LAX,SJC,2025-06-01 09:15:00,09:40:00,25,10:35:00,10:40:00,5,2025-06-01,33300,38100,6
2025,6,1,7,LAX,SJC,2025-06-01 11:39:00,11:40:00,1,12:57:00,13:10:00,13,2025-06-01,41940,46620,6
2025,6,1,7,LAX,SJC,2025-06-01 11:40:00,11:40:00,0,13:00:00,12:43:00,-17,2025-06-01,42000,46800,6
2025,6,1,7,LAX,SJC,2025-06-01 14:06:00,14:37:00,31,15:20:00,15:48:00,28,2025-06-01,50760,55200,6
2025,6,1,7,LAX,SJC,2025-06-01 16:28:00,17:19:00,51,17:45:00,18:27:00,42,2025-06-01,59280,63900,6
2025,6,1,7,LAX,SJC,2025-06-01 19:00:00,19:18:00,18,20:20:00,20:16:00,-4,2025-06-01,68400,73200,6
2025,6,1,7,LAX,SJC,2025-06-01 21:15:00,21:10:00,-5,22:35:00,22:15:00,-20,2025-06-01,76500,81300,6
2025,6,1,7,LAX,SLC,2025-06-01 06:00:00,05:53:00,-7,08:55:00,08:42:00,-13,2025-06-01,21600,32100,6
2025,6,1,7,LAX,SLC,2025-06-01 07:00:00,06:55:00,-5,09:55:00,09:39:00,-16,2025-06-01,25200,35700,6
2025,6,1,7,LAX,SLC,2025-06-01 08:15:00,08:11:00,-4,11:15:00,10:58:00,-17,2025-06-01,29700,40500,6
2025,6,1,7,LAX,SLC,2025-06-01 08:25:00,08:21:00,-4,11:26:00,11:20:00,-6,2025-06-01,30300,41160,6
2025,6,1,7,LAX,SLC,2025-06-01 09:15:00,09:19:00,4,12:11:00,12:06:00,-5,2025-06-01,33300,43860,6
2025,6,1,7,LAX,SLC,2025-06-01 11:35:00,11:29:00,-6,14:29:00,14:06:00,-23,2025-06-01,41700,52140,6
2025,6,1,7,LAX,SLC,2025-06-01 13:18:00,13:51:00,33,16:13:00,16:41:00,28,2025-06-01,47880,58380,6
2025,6,1,7,LAX,SLC,2025-06-01 17:05:00,17:13:00,8,20:00:00,20:04:00,4,2025-06-01,61500,72000,6
2025,6,1,7,LAX,SLC,2025-06-01 18:45:00,18:43:00,-2,21:39:00,22:09:00,30,2025-06-01,67500,77940,6
2025,6,1,7,LAX,SLC,2025-06-01 19:25:00,19:28:00,3,22:15:00,22:27:00,12,2025-06-01,69900,80100,6
2025,6,1,7,LAX,SMF,2025-06-01 06:10:00,06:04:00,-6,07:45:00,07:28:00,-17,2025-06-01,22200,27900,6
2025,6,1,7,LAX,SMF,2025-06-01 07:58:00,07:51:00,-7,09:24:00,09:16:00,-8,2025-06-01,28680,33840,6
2025,6,1,7,LAX,SMF,2025-06-01 10:05:00,09:59:00,-6,11:39:00,11:25:00,-14,2025-06-01,36300,41940,6
2025,6,1,7,LAX,SMF,2025-06-01 10:13:00,10:08:00,-5,11:45:00,11:29:00,-16,2025-06-01,36780,42300,6
2025,6,1,7,LAX,SMF,2025-06-01 13:45:00,13:48:00,3,15:10:00,15:13:00,3,2025-06-01,49500,54600,6
2025,6,1,7,LAX,SMF,2025-06-01 15:29:00,15:32:00,3,17:05:00,16:58:00,-7,2025-06-01,55740,61500,6
2025,6,1,7,LAX,SMF,2025-06-01 15:57:00,16:03:00,6,17:26:00,17:38:00,12,2025-06-01,57420,62760,6
2025,6,1,7,LAX,SMF,2025-06-01 16:30:00,16:35:00,5,18:00:00,17:48:00,-12,2025-06-01,59400,64800,6
2025,6,1,7,LAX,SMF,2025-06-01 17:05:00,17:01:00,-4,18:37:00,18:26:00,-11,2025-06-01,61500,67020,6
2025,6,1,7,LAX,SMF,2025-06-01 18:10:00,18:46:00,36,19:37:00,20:05:00,28,2025-06-01,65400,70620,6
2025,6,1,7,LAX,SMF,2025-06-01 19:22:00,19:16:00,-6,21:01:00,20:45:00,-16,2025-06-01,69720,75660,6
2025,6,1,7,LAX,SMF,2025-06-01 20:00:00,19:51:00,-9,21:37:00,21:12:00,-25,2025-06-01,72000,77820,6
2025,6,1,7,LAX,SMF,2025-06-01 20:10:00,20:10:00,0,21:45:00,21:28:00,-17,2025-06-01,72600,78300,6
2025,6,1,7,LAX,SMF,2025-06-01 21:55:00,21:49:00,-6,23:19:00,23:07:00,-12,2025-06-01,78900,83940,6
2025,6,1,7,LAX,STL,2025-06-01 06:20:00,06:14:00,-6,12:00:00,11:41:00,-19,2025-06-01,22800,43200,6
2025,6,1,7,LAX,STL,2025-06-01 19:00:00,18:54:00,-6,00:40:00,00:19:00,-21,2025-06-01,68400,2400,6
2025,6,1,7,LAX,STS,2025-06-01 09:25:00,09:18:00,-7,11:06:00,10:54:00,-12,2025-06-01,33900,39960,6
2025,6,1,7,LAX,STS,2025-06-01 21:56:00,21:51:00,-5,23:30:00,23:17:00,-13,2025-06-01,78960,84600,6
2025,6,1,7,LAX,SUN,2025-06-01 08:30:00,08:24:00,-6,11:43:00,11:35:00,-8,2025-06-01,30600,42180,6
2025,6,1,7,LAX,TPA,2025-06-01 10:25:00,10:21:00,-4,18:06:00,17:50:00,-16,2025-06-01,37500,65160,6
2025,6,1,7,LAX,TPA,2025-06-01 22:10:00,22:05:00,-5,05:40:00,05:20:00,-20,2025-06-01,79800,20400,6
2025,6,1,7,LAX,TPA,2025-06-01 23:59:00,00:50:00,51,07:56:00,08:23:00,27,2025-06-01,86340,28560,6
2025,6,1,7,LAX,TUL,2025-06-01 09:15:00,09:11:00,-4,14:28:00,14:17:00,-11,2025-06-01,33300,52080,6
2025,6,1,7,LAX,TUS,2025-06-01 09:26:00,09:20:00,-6,10:58:00,11:18:00,20,2025-06-01,33960,39480,6
2025,6,1,7,LAX,TUS,2025-06-01 09:36:00,09:30:00,-6,11:08:00,10:50:00,-18,2025-06-01,34560,40080,6
2025,6,1,7,LAX,TUS,2025-06-01 11:15:00,11:08:00,-7,12:45:00,12:42:00,-3,2025-06-01,40500,45900,6
2025,6,1,7,LAX,TUS,2025-06-01 14:18:00,14:35:00,17,15:50:00,16:09:00,19,2025-06-01,51480,57000,6
2025,6,1,7,LAX,TUS,2025-06-01 14:35:00,14:27:00,-8,16:04:00,15:56:00,-8,2025-06-01,52500,57840,6
2025,6,1,7,LAX,TUS,2025-06-01 17:20:00,17:11:00,-9,18:50:00,18:45:00,-5,2025-06-01,62400,67800,6
2025,6,1,7,LAX,TUS,2025-06-01 18:00:00,19:00:00,60,19:35:00,20:31:00,56,2025-06-01,64800,70500,6
2025,6,1,7,LAX,TUS,2025-06-01 18:59:00,18:53:00,-6,20:31:00,20:24:00,-7,2025-06-01,68340,73860,6
2025,6,1,7,LAX,TUS,2025-06-01 19:00:00,18:58:00,-2,20:28:00,20:35:00,7,2025-06-01,68400,73680,6
2025,6,1,7,LAX,XNA,2025-06-01 10:09:00,10:01:00,-8,15:25:00,15:23:00,-2,2025-06-01,36540,55500,6
2025,6,2,1,LAX,ABQ,2025-06-02 08:59:00,08:52:00,-7,12:04:00,11:54:00,-10,2025-06-02,32340,43440,0
2025,6,2,1,LAX,ABQ,2025-06-02 09:55:00,09:43:00,-12,12:55:00,12:36:00,-19,2025-06-02,35700,46500,0
2025,6,2,1,LAX,ABQ,2025-06-02 12:05:00,12:04:00,-1,15:00:00,14:49:00,-11,2025-06-02,43500,54000,0
2025,6,2,1,LAX,ABQ,2025-06-02 14:40:00,15:07:00,27,17:33:00,17:56:00,23,2025-06-02,52800,63180,0
2025,6,2,1,LAX,ABQ,2025-06-02 14:59:00,14:56:00,-3,17:58:00,17:35:00,-23,2025-06-02,53940,64680,0
2025,6,2,1,LAX,ABQ,2025-06-02 19:59:00,19:50:00,-9,22:55:00,22:38:00,-17,2025-06-02,71940,82500,0
2025,6,2,1,LAX,ABQ,2025-06-02 20:10:00,20:02:00,-8,23:06:00,22:53:00,-13,2025-06-02,72600,83160,0
2025,6,2,1,LAX,ACV,2025-06-02 13:15:00,13:04:00,-11,15:13:00,15:01:00,-12,2025-06-02,47700,54780,0
2025,6,2,1,LAX,ANC,2025-06-02 19:45:00,20:05:00,20,00:20:00,00:52:00,32,2025-06-02,71100,1200,0
2025,6,2,1,LAX,ASE,2025-06-02 10:40:00,10:52:00,12,13:56:00,13:59:00,3,2025-06-02,38400,50160,0
2025,6,2,1,LAX,ATL,2025-06-02 00:55:00,00:51:00,-4,08:15:00,08:14:00,-1,2025-06-02,3300,29700,0
2025,6,2,1,LAX,ATL,2025-06-02 06:15:00,06:39:00,24,13:38:00,13:53:00,15,2025-06-02,22500,49080,0
2025,6,2,1,LAX,ATL,2025-06-02 07:30:00,07:22:00,-8,14:47:00,14:26:00,-21,2025-06-02,27000,53220,0
2025,6,2,1,LAX,ATL,2025-06-02 08:35:00,08:38:00,3,16:04:00,15:52:00,-12,2025-06-02,30900,57840,0
2025,6,2,1,LAX,ATL,2025-06-02 09:35:00,09:38:00,3,16:58:00,17:10:00,12,2025-06-02,34500,61080,0
2025,6,2,1,LAX,ATL,2025-06-02 09:40:00,09:35:00,-5,17:03:00,16:47:00,-16,2025-06-02,34800,61380,0
2025,6,2,1,LAX,ATL,2025-06-02 11:05:00,11:04:00,-1,18:30:00,18:28:00,-2,2025-06-02,39900,66600,0
2025,6,2,1,LAX,ATL,2025-06-02 12:05:00,12:03:00,-2,19:24:00,19:18:00,-6,2025-06-02,43500,69840,0
2025,6,2,1,LAX,ATL,2025-06-02 12:37:00,12:32:00,-5,19:59:00,19:54:00,-5,2025-06-02,45420,71940,0
2025,6,2,1,LAX,ATL,2025-06-02 12:39:00,12:55:00,16,20:18:00,20:55:00,37,2025-06-02,45540,73080,0
2025,6,2,1,LAX,ATL,2025-06-02 13:05:00,13:00:00,-5,20:35:00,20:22:00,-13,2025-06-02,47100,74100,0
2025,6,2,1,LAX,ATL,2025-06-02 14:23:00,14:22:00,-1,21:49:00,22:00:00,11,2025-06-02,51780,78540,0
2025,6,2,1,LAX,ATL,2025-06-02 17:00:00,16:52:00,-8,00:21:00,00:10:00,-11,2025-06-02,61200,1260,0
2025,6,2,1,LAX,ATL,2025-06-02 21:45:00,22:17:00,32,05:01:00,05:26:00,25,2025-06-02,78300,18060,0
2025,6,2,1,LAX,ATL,2025-06-02 22:27:00,23:18:00,51,06:06:00,06:52:00,46,2025-06-02,80820,21960,0
2025,6,2,1,LAX,ATL,2025-06-02 22:50:00,22:47:00,-3,06:10:00,06:03:00,-7,2025-06-02,82200,22200,0
2025,6,2,1,LAX,ATL,2025-06-02 23:10:00,23:10:00,0,06:33:00,06:15:00,-18,2025-06-02,83400,23580,0
2025,6,2,1,LAX,ATL,2025-06-02 23:55:00,00:52:00,57,07:20:00,08:20:00,60,2025-06-02,86100,26400,0
2025,6,2,1,LAX,AUS,2025-06-02 06:00:00,05:54:00,-6,11:00:00,10:50:00,-10,2025-06-02,21600,39600,0
2025,6,2,1,LAX,AUS,2025-06-02 06:45:00,06:41:00,-4,11:40:00,11:30:00,-10,2025-06-02,24300,42000,0
2025,6,2,1,LAX,AUS,2025-06-02 07:30:00,07:21:00,-9,12:27:00,12:14:00,-13,2025-06-02,27000,44820,0
2025,6,2,1,LAX,AUS,2025-06-02 09:25:00,09:39:00,14,14:51:00,14:30:00,-21,2025-06-02,33900,53460,0
2025,6,2,1,LAX,AUS,2025-06-02 10:00:00,09:50:00,-10,15:06:00,14:54:00,-12,2025-06-02,36000,54360,0
2025,6,2,1,LAX,AUS,2025-06-02 11:15:00,11:14:00,-1,16:10:00,15:54:00,-16,2025-06-02,40500,58200,0
2025,6,2,1,LAX,AUS,2025-06-02 14:15:00,14:16:00,1,19:11:00,19:00:00,-11,2025-06-02,51300,69060,0
2025,6,2,1,LAX,AUS,2025-06-02 15:55:00,15:40:00,-15,20:54:00,20:40:00,-14,2025-06-02,57300,75240,0
2025,6,2,1,LAX,AUS,2025-06-02 18:25:00,18:25:00,0,23:20:00,23:17:00,-3,2025-06-02,66300,84000,0
2025,6,2,1,LAX,AUS,2025-06-02 18:40:00,18:37:00,-3,23:58:00,23:27:00,-31,2025-06-02,67200,86280,0
2025,6,2,1,LAX,AUS,2025-06-02 18:59:00,18:48:00,-11,23:54:00,23:46:00,-8,2025-06-02,68340,86040,0
2025,6,2,1,LAX,AUS,2025-06-02 19:19:00,19:11:00,-8,00:14:00,00:03:00,-11,2025-06-02,69540,840,0
2025,6,2,1,LAX,BNA,2025-06-02 06:55:00,06:47:00,-8,12:50:00,12:56:00,6,2025-06-02,24900,46200,0
2025,6,2,1,LAX,BNA,2025-06-02 08:25:00,08:19:00,-6,14:25:00,14:09:00,-16,2025-06-02,30300,51900,0
2025,6,2,1,LAX,BNA,2025-06-02 08:55:00,08:57:00,2,15:05:00,14:59:00,-6,2025-06-02,32100,54300,0
2025,6,2,1,LAX,BNA,2025-06-02 10:34:00,10:30:00,-4,16:36:00,16:27:00,-9,2025-06-02,38040,59760,0
2025,6,2,1,LAX,BNA,2025-06-02 12:36:00,12:29:00,-7,18:40:00,18:40:00,0,2025-06-02,45360,67200,0
2025,6,2,1,LAX,BNA,2025-06-02 18:45:00,18:38:00,-7,00:41:00,00:32:00,-9,2025-06-02,67500,2460,0
2025,6,2,1,LAX,BNA,2025-06-02 23:00:00,22:56:00,-4,05:10:00,04:44:00,-26,2025-06-02,82800,18600,0
2025,6,2,1,LAX,BOI,2025-06-02 11:55:00,11:45:00,-10,14:59:00,14:43:00,-16,2025-06-02,42900,53940,0
2025,6,2,1,LAX,BOI,2025-06-02 12:45:00,12:41:00,-4,15:59:00,15:42:00,-17,2025-06-02,45900,57540,0
2025,6,2,1,LAX,BOI,2025-06-02 20:25:00,20:34:00,9,23:28:00,23:22:00,-6,2025-06-02,73500,84480,0
2025,6,2,1,LAX,BOS,2025-06-02 06:00:00,05:54:00,-6,14:39:00,14:29:00,-10,2025-06-02,21600,52740,0
2025,6,2,1,LAX,BOS,2025-06-02 07:00:00,06:58:00,-2,15:35:00,15:48:00,13,2025-06-02,25200,56100,0
2025,6,2,1,LAX,BOS,2025-06-02 07:50:00,07:46:00,-4,16:32:00,16:13:00,-19,2025-06-02,28200,59520,0
2025,6,2,1,LAX,BOS,2025-06-02 08:25:00,08:15:00,-10,17:00:00,16:40:00,-20,2025-06-02,30300,61200,0
2025,6,2,1,LAX,BOS,2025-06-02 08:35:00,08:35:00,0,17:18:00,17:12:00,-6,2025-06-02,30900,62280,0
2025,6,2,1,LAX,BOS,2025-06-02 10:50:00,10:43:00,-7,19:30:00,19:16:00,-14,2025-06-02,39000,70200,0
2025,6,2,1,LAX,BOS,2025-06-02 11:50:00,11:44:00,-6,20:35:00,20:10:00,-25,2025-06-02,42600,74100,0
2025,6,2,1,LAX,BOS,2025-06-02 12:50:00,12:42:00,-8,21:34:00,21:03:00,-31,2025-06-02,46200,77640,0
2025,6,2,1,LAX,BOS,2025-06-02 14:00:00,13:50:00,-10,22:34:00,22:19:00,-15,2025-06-02,50400,81240,0
2025,6,2,1,LAX,BOS,2025-06-02 15:20:00,15:10:00,-10,23:48:00,23:40:00,-8,2025-06-02,55200,85680,0
2025,6,2,1,LAX,BOS,2025-06-02 21:05:00,21:08:00,3,05:40:00,05:31:00,-9,2025-06-02,75900,20400,0
2025,6,2,1,LAX,BOS,2025-06-02 22:27:00,22:13:00,-14,07:00:00,06:50:00,-10,2025-06-02,80820,25200,0
2025,6,2,1,LAX,BOS,2025-06-02 22:34:00,22:24:00,-10,07:15:00,07:09:00,-6,2025-06-02,81240,26100,0
2025,6,2,1,LAX,BOS,2025-06-02 22:35:00,22:27:00,-8,07:13:00,06:57:00,-16,2025-06-02,81300,25980,0
2025,6,2,1,LAX,BUF,2025-06-02 14:10:00,14:02:00,-8,22:00:00,21:44:00,-16,2025-06-02,51000,79200,0
2025,6,2,1,LAX,BWI,2025-06-02 06:20:00,06:21:00,1,14:30:00,14:23:00,-7,2025-06-02,22800,52200,0
2025,6,2,1,LAX,BWI,2025-06-02 08:45:00,08:43:00,-2,16:54:00,16:48:00,-6,2025-06-02,31500,60840,0
2025,6,2,1,LAX,BWI,2025-06-02 21:30:00,21:34:00,4,05:40:00,05:24:00,-16,2025-06-02,77400,20400,0
2025,6,2,1,LAX,BWI,2025-06-02 23:59:00,23:50:00,-9,08:07:00,08:25:00,18,2025-06-02,86340,29220,0
2025,6,2,1,LAX,BZN,2025-06-02 11:21:00,11:17:00,-4,14:50:00,14:49:00,-1,2025-06-02,40860,53400,0
2025,6,2,1,LAX,BZN,2025-06-02 18:00:00,17:59:00,-1,21:39:00,21:23:00,-16,2025-06-02,64800,77940,0
2025,6,2,1,LAX,CLE,2025-06-02 11:38:00,11:34:00,-4,19:11:00,18:53:00,-18,2025-06-02,41880,69060,0
2025,6,2,1,LAX,CLE,2025-06-02 21:20:00,21:20:00,0,04:53:00,04:42:00,-11,2025-06-02,76800,17580,0
2025,6,2,1,LAX,CLT,2025-06-02 06:00:00,05:56:00,-4,13:46:00,13:47:00,1,2025-06-02,21600,49560,0
2025,6,2,1,LAX,CLT,2025-06-02 07:30:00,07:27:00,-3,15:15:00,14:59:00,-16,2025-06-02,27000,54900,0
2025,6,2,1,LAX,CLT,2025-06-02 09:30:00,09:24:00,-6,17:15:00,17:10:00,-5,2025-06-02,34200,62100,0
2025,6,2,1,LAX,CLT,2025-06-02 11:30:00,11:23:00,-7,19:18:00,19:11:00,-7,2025-06-02,41400,69480,0
2025,6,2,1,LAX,CLT,2025-06-02 14:07:00,13:53:00,-14,21:55:00,21:40:00,-15,2025-06-02,50820,78900,0
2025,6,2,1,LAX,CLT,2025-06-02 15:18:00,15:10:00,-8,22:38:00,22:40:00,2,2025-06-02,55080,81480,0
2025,6,2,1,LAX,CLT,2025-06-02 21:50:00,21:47:00,-3,05:33:00,05:19:00,-14,2025-06-02,78600,19980,0
2025,6,2,1,LAX,CLT,2025-06-02 22:39:00,22:31:00,-8,06:22:00,05:58:00,-24,2025-06-02,81540,22920,0
2025,6,2,1,LAX,CMH,2025-06-02 08:40:00,08:35:00,-5,16:07:00,15:54:00,-13,2025-06-02,31200,58020,0
2025,6,2,1,LAX,CVG,2025-06-02 22:45:00,22:37:00,-8,05:55:00,05:39:00,-16,2025-06-02,81900,21300,0
2025,6,2,1,LAX,DAL,2025-06-02 05:05:00,05:02:00,-3,10:10:00,10:04:00,-6,2025-06-02,18300,36600,0
2025,6,2,1,LAX,DAL,2025-06-02 06:50:00,06:47:00,-3,11:55:00,11:46:00,-9,2025-06-02,24600,42900,0
2025,6,2,1,LAX,DAL,2025-06-02 08:45:00,08:41:00,-4,14:00:00,13:29:00,-31,2025-06-02,31500,50400,0
2025,6,2,1,LAX,DAL,2025-06-02 14:35:00,14:33:00,-2,19:40:00,19:20:00,-20,2025-06-02,52500,70800,0
2025,6,2,1,LAX,DAL,2025-06-02 17:45:00,17:44:00,-1,22:55:00,22:38:00,-17,2025-06-02,63900,82500,0
2025,6,2,1,LAX,DCA,2025-06-02 07:45:00,07:38:00,-7,15:40:00,15:31:00,-9,2025-06-02,27900,56400,0
2025,6,2,1,LAX,DCA,2025-06-02 08:00:00,07:59:00,-1,16:05:00,16:12:00,7,2025-06-02,28800,57900,0
2025,6,2,1,LAX,DCA,2025-06-02 12:48:00,12:45:00,-3,20:59:00,20:49:00,-10,2025-06-02,46080,75540,0
2025,6,2,1,LAX,DCA,2025-06-02 12:55:00,12:49:00,-6,20:52:00,20:43:00,-9,2025-06-02,46500,75120,0
2025,6,2,1,LAX,DEN,2025-06-02 05:05:00,04:59:00,-6,08:24:00,08:14:00,-10,2025-06-02,18300,30240,0
2025,6,2,1,LAX,DEN,2025-06-02 05:20:00,05:16:00,-4,08:45:00,08:32:00,-13,2025-06-02,19200,31500,0
2025,6,2,1,LAX,DEN,2025-06-02 06:15:00,06:05:00,-10,09:48:00,09:31:00,-17,2025-06-02,22500,35280,0
2025,6,2,1,LAX,DEN,2025-06-02 07:06:00,07:05:00,-1,10:31:00,10:25:00,-6,2025-06-02,25560,37860,0
2025,6,2,1,LAX,DEN,2025-06-02 08:15:00,08:04:00,-11,11:39:00,11:30:00,-9,2025-06-02,29700,41940,0
2025,6,2,1,LAX,DEN,2025-06-02 08:40:00,08:39:00,-1,12:10:00,11:52:00,-18,2025-06-02,31200,43800,0
2025,6,2,1,LAX,DEN,2025-06-02 08:50:00,08:46:00,-4,12:13:00,12:29:00,16,2025-06-02,31800,43980,0
2025,6,2,1,LAX,DEN,2025-06-02 09:00:00,08:53:00,-7,12:27:00,12:18:00,-9,2025-06-02,32400,44820,0
2025,6,2,1,LAX,DEN,2025-06-02 10:25:00,10:18:00,-7,13:50:00,13:25:00,-25,2025-06-02,37500,49800,0
2025,6,2,1,LAX,DEN,2025-06-02 10:50:00,11:12:00,22,14:25:00,14:33:00,8,2025-06-02,39000,51900,0
2025,6,2,1,LAX,DEN,2025-06-02 10:52:00,10:51:00,-1,14:19:00,14:13:00,-6,2025-06-02,39120,51540,0
2025,6,2,1,LAX,DEN,2025-06-02 12:39:00,12:32:00,-7,16:00:00,15:59:00,-1,2025-06-02,45540,57600,0
2025,6,2,1,LAX,DEN,2025-06-02 12:55:00,12:51:00,-4,16:23:00,16:22:00,-1,2025-06-02,46500,58980,0
2025,6,2,1,LAX,DEN,2025-06-02 13:00:00,13:01:00,1,16:30:00,16:14:00,-16,2025-06-02,46800,59400,0
2025,6,2,1,LAX,DEN,2025-06-02 14:35:00,14:30:00,-5,18:05:00,17:46:00,-19,2025-06-02,52500,65100,0
2025,6,2,1,LAX,DEN,2025-06-02 14:57:00,15:10:00,13,18:19:00,18:54:00,35,2025-06-02,53820,65940,0
2025,6,2,1,LAX,DEN,2025-06-02 16:27:00,16:56:00,29,19:49:00,20:30:00,41,2025-06-02,59220,71340,0
2025,6,2,1,LAX,DEN,2025-06-02 19:10:00,19:03:00,-7,22:40:00,22:50:00,10,2025-06-02,69000,81600,0
2025,6,2,1,LAX,DEN,2025-06-02 19:18:00,19:28:00,10,22:47:00,22:52:00,5,2025-06-02,69480,82020,0
2025,6,2,1,LAX,DEN,2025-06-02 20:30:00,20:27:00,-3,23:54:00,23:40:00,-14,2025-06-02,73800,86040,0
2025,6,2,1,LAX,DFW,2025-06-02 00:35:00,00:31:00,-4,05:32:00,05:33:00,1,2025-06-02,2100,19920,0
2025,6,2,1,LAX,DFW,2025-06-02 00:59:00,00:57:00,-2,06:04:00,05:53:00,-11,2025-06-02,3540,21840,0
2025,6,2,1,LAX,DFW,2025-06-02 05:30:00,05:29:00,-1,10:38:00,10:25:00,-13,2025-06-02,19800,38280,0
2025,6,2,1,LAX,DFW,2025-06-02 06:00:00,05:59:00,-1,11:06:00,11:33:00,27,2025-06-02,21600,39960,0
2025,6,2,1,LAX,DFW,2025-06-02 07:00:00,06:58:00,-2,12:09:00,11:53:00,-16,2025-06-02,25200,43740,0
2025,6,2,1,LAX,DFW,2025-06-02 08:35:00,08:29:00,-6,13:43:00,13:24:00,-19,2025-06-02,30900,49380,0
2025,6,2,1,LAX,DFW,2025-06-02 09:04:00,09:21:00,17,14:14:00,14:47:00,33,2025-06-02,32640,51240,0
2025,6,2,1,LAX,DFW,2025-06-02 11:10:00,11:14:00,4,16:17:00,16:13:00,-4,2025-06-02,40200,58620,0
2025,6,2,1,LAX,DFW,2025-06-02 12:20:00,12:20:00,0,17:26:00,17:09:00,-17,2025-06-02,44400,62760,0
2025,6,2,1,LAX,DFW,2025-06-02 13:30:00,13:24:00,-6,18:38:00,19:04:00,26,2025-06-02,48600,67080,0
2025,6,2,1,LAX,DFW,2025-06-02 14:38:00,14:33:00,-5,19:44:00,19:18:00,-26,2025-06-02,52680,71040,0
2025,6,2,1,LAX,DFW,2025-06-02 15:35:00,15:32:00,-3,20:44:00,21:00:00,16,2025-06-02,56100,74640,0
2025,6,2,1,LAX,DFW,2025-06-02 16:44:00,16:35:00,-9,21:50:00,21:33:00,-17,2025-06-02,60240,78600,0
2025,6,2,1,LAX,DFW,2025-06-02 18:25:00,18:15:00,-10,23:31:00,23:17:00,-14,2025-06-02,66300,84660,0
2025,6,2,1,LAX,DFW,2025-06-02 18:59:00,18:48:00,-11,23:59:00,23:35:00,-24,2025-06-02,68340,86340,0
2025,6,2,1,LAX,DFW,2025-06-02 19:03:00,19:02:00,-1,00:26:00,00:06:00,-20,2025-06-02,68580,1560,0
2025,6,2,1,LAX,DFW,2025-06-02 19:25:00,19:16:00,-9,00:31:00,00:12:00,-19,2025-06-02,69900,1860,0
2025,6,2,1,LAX,DFW,2025-06-02 23:55:00,23:49:00,-6,05:00:00,04:43:00,-17,2025-06-02,86100,18000,0
2025,6,2,1,LAX,DTW,2025-06-02 00:59:00,00:47:00,-12,08:25:00,08:10:00,-15,2025-06-02,3540,30300,0
2025,6,2,1,LAX,DTW,2025-06-02 05:35:00,05:28:00,-7,13:01:00,12:46:00,-15,2025-06-02,20100,46860,0
2025,6,2,1,LAX,DTW,2025-06-02 09:50:00,09:45:00,-5,17:10:00,16:54:00,-16,2025-06-02,35400,61800,0
2025,6,2,1,LAX,DTW,2025-06-02 09:59:00,09:55:00,-4,17:23:00,17:16:00,-7,2025-06-02,35940,62580,0
2025,6,2,1,LAX,DTW,2025-06-02 11:47:00,11:40:00,-7,19:11:00,19:07:00,-4,2025-06-02,42420,69060,0
2025,6,2,1,LAX,DTW,2025-06-02 15:52:00,15:51:00,-1,23:18:00,23:18:00,0,2025-06-02,57120,83880,0
2025,6,2,1,LAX,DTW,2025-06-02 21:26:00,21:23:00,-3,04:43:00,04:39:00,-4,2025-06-02,77160,16980,0
2025,6,2,1,LAX,ELP,2025-06-02 09:00:00,09:59:00,59,11:56:00,12:59:00,63,2025-06-02,32400,42960,0
2025,6,2,1,LAX,ELP,2025-06-02 12:30:00,12:30:00,0,15:25:00,15:12:00,-13,2025-06-02,45000,55500,0
2025,6,2,1,LAX,ELP,2025-06-02 15:25:00,16:15:00,50,18:19:00,19:03:00,44,2025-06-02,55500,65940,0
2025,6,2,1,LAX,ELP,2025-06-02 18:32:00,18:25:00,-7,21:25:00,21:09:00,-16,2025-06-02,66720,77100,0
2025,6,2,1,LAX,EUG,2025-06-02 20:59:00,20:49:00,-10,23:20:00,23:23:00,3,2025-06-02,75540,84000,0
2025,6,2,1,LAX,EWR,2025-06-02 06:00:00,05:51:00,-9,14:34:00,14:27:00,-7,2025-06-02,21600,52440,0
2025,6,2,1,LAX,EWR,2025-06-02 07:00:00,06:52:00,-8,15:40:00,15:31:00,-9,2025-06-02,25200,56400,0
2025,6,2,1,LAX,EWR,2025-06-02 07:00:00,06:55:00,-5,15:34:00,15:15:00,-19,2025-06-02,25200,56040,0
2025,6,2,1,LAX,EWR,2025-06-02 07:54:00,07:47:00,-7,16:29:00,16:17:00,-12,2025-06-02,28440,59340,0
2025,6,2,1,LAX,EWR,2025-06-02 08:20:00,08:23:00,3,16:45:00,16:37:00,-8,2025-06-02,30000,60300,0
2025,6,2,1,LAX,EWR,2025-06-02 10:15:00,10:19:00,4,18:54:00,18:34:00,-20,2025-06-02,36900,68040,0
2025,6,2,1,LAX,EWR,2025-06-02 10:21:00,10:47:00,26,19:00:00,19:05:00,5,2025-06-02,37260,68400,0
2025,6,2,1,LAX,EWR,2025-06-02 12:15:00,12:09:00,-6,20:54:00,20:24:00,-30,2025-06-02,44100,75240,0
2025,6,2,1,LAX,EWR,2025-06-02 13:30:00,13:20:00,-10,21:52:00,21:32:00,-20,2025-06-02,48600,78720,0
2025,6,2,1,LAX,EWR,2025-06-02 14:23:00,14:19:00,-4,22:49:00,22:25:00,-24,2025-06-02,51780,82140,0
2025,6,2,1,LAX,EWR,2025-06-02 16:30:00,16:25:00,-5,00:57:00,00:54:00,-3,2025-06-02,59400,3420,0
2025,6,2,1,LAX,EWR,2025-06-02 20:55:00,20:49:00,-6,05:08:00,04:59:00,-9,2025-06-02,75300,18480,0
2025,6,2,1,LAX,EWR,2025-06-02 21:43:00,21:39:00,-4,05:59:00,05:52:00,-7,2025-06-02,78180,21540,0
2025,6,2,1,LAX,EWR,2025-06-02 23:59:00,23:54:00,-5,08:12:00,08:08:00,-4,2025-06-02,86340,29520,0
2025,6,2,1,LAX,FAT,2025-06-02 10:30:00,10:29:00,-1,11:48:00,11:38:00,-10,2025-06-02,37800,42480,0
2025,6,2,1,LAX,FAT,2025-06-02 19:10:00,19:02:00,-8,20:24:00,19:57:00,-27,2025-06-02,69000,73440,0
2025,6,2,1,LAX,FAT,2025-06-02 22:38:00,22:46:00,8,23:52:00,23:52:00,0,2025-06-02,81480,85920,0
2025,6,2,1,LAX,FCA,2025-06-02 09:22:00,10:02:00,40,13:21:00,13:45:00,24,2025-06-02,33720,48060,0
2025,6,2,1,LAX,FLL,2025-06-02 08:30:00,08:23:00,-7,16:37:00,17:14:00,37,2025-06-02,30600,59820,0
2025,6,2,1,LAX,FLL,2025-06-02 10:47:00,10:42:00,-5,18:59:00,18:56:00,-3,2025-06-02,38820,68340,0
2025,6,2,1,LAX,FLL,2025-06-02 13:50:00,14:11:00,21,21:59:00,22:14:00,15,2025-06-02,49800,79140,0
2025,6,2,1,LAX,FLL,2025-06-02 21:00:00,20:51:00,-9,05:04:00,04:48:00,-16,2025-06-02,75600,18240,0
2025,6,2,1,LAX,FLL,2025-06-02 23:05:00,23:01:00,-4,06:55:00,06:39:00,-16,2025-06-02,83100,24900,0
2025,6,2,1,LAX,GEG,2025-06-02 11:16:00,11:11:00,-5,13:56:00,13:40:00,-16,2025-06-02,40560,50160,0
2025,6,2,1,LAX,GEG,2025-06-02 19:05:00,19:01:00,-4,21:40:00,21:51:00,11,2025-06-02,68700,78000,0
2025,6,2,1,LAX,GEG,2025-06-02 19:45:00,19:35:00,-10,22:22:00,22:06:00,-16,2025-06-02,71100,80520,0
2025,6,2,1,LAX,HNL,2025-06-02 07:00:00,06:52:00,-8,10:05:00,09:32:00,-33,2025-06-02,25200,36300,0
2025,6,2,1,LAX,HNL,2025-06-02 07:00:00,06:59:00,-1,09:40:00,09:27:00,-13,2025-06-02,25200,34800,0
2025,6,2,1,LAX,HNL,2025-06-02 08:30:00,08:26:00,-4,11:21:00,10:45:00,-36,2025-06-02,30600,40860,0
2025,6,2,1,LAX,HNL,2025-06-02 08:35:00,08:41:00,6,11:17:00,11:03:00,-14,2025-06-02,30900,40620,0
2025,6,2,1,LAX,HNL,2025-06-02 08:55:00,08:49:00,-6,11:47:00,11:21:00,-26,2025-06-02,32100,42420,0
2025,6,2,1,LAX,HNL,2025-06-02 10:00:00,09:59:00,-1,12:40:00,12:17:00,-23,2025-06-02,36000,45600,0
2025,6,2,1,LAX,HNL,2025-06-02 11:15:00,11:13:00,-2,14:04:00,13:49:00,-15,2025-06-02,40500,50640,0
2025,6,2,1,LAX,HNL,2025-06-02 13:15:00,13:11:00,-4,16:01:00,15:45:00,-16,2025-06-02,47700,57660,0
2025,6,2,1,LAX,HNL,2025-06-02 13:45:00,13:38:00,-7,16:32:00,16:04:00,-28,2025-06-02,49500,59520,0
2025,6,2,1,LAX,HNL,2025-06-02 16:46:00,16:38:00,-8,19:35:00,19:11:00,-24,2025-06-02,60360,70500,0
2025,6,2,1,LAX,HNL,2025-06-02 17:10:00,17:04:00,-6,19:44:00,19:18:00,-26,2025-06-02,61800,71040,0
2025,6,2,1,LAX,HNL,2025-06-02 17:55:00,17:52:00,-3,20:40:00,20:25:00,-15,2025-06-02,64500,74400,0
2025,6,2,1,LAX,HNL,2025-06-02 17:59:00,18:16:00,17,20:44:00,21:20:00,36,2025-06-02,64740,74640,0
2025,6,2,1,LAX,HNL,2025-06-02 18:45:00,18:42:00,-3,21:28:00,21:15:00,-13,2025-06-02,67500,77280,0
2025,6,2,1,LAX,HNL,2025-06-02 20:50:00,21:06:00,16,23:29:00,23:47:00,18,2025-06-02,75000,84540,0
2025,6,2,1,LAX,HOU,2025-06-02 05:10:00,05:03:00,-7,10:25:00,10:06:00,-19,2025-06-02,18600,37500,0
2025,6,2,1,LAX,HOU,2025-06-02 09:45:00,09:38:00,-7,15:00:00,14:40:00,-20,2025-06-02,35100,54000,0
2025,6,2,1,LAX,HOU,2025-06-02 19:15:00,19:49:00,34,00:30:00,00:44:00,14,2025-06-02,69300,1800,0
2025,6,2,1,LAX,HOU,2025-06-02 23:40:00,23:34:00,-6,05:00:00,04:31:00,-29,2025-06-02,85200,18000,0
2025,6,2,1,LAX,IAD,2025-06-02 06:20:00,06:15:00,-5,14:23:00,14:21:00,-2,2025-06-02,22800,51780,0
2025,6,2,1,LAX,IAD,2025-06-02 08:00:00,07:56:00,-4,16:14:00,16:10:00,-4,2025-06-02,28800,58440,0
2025,6,2,1,LAX,IAD,2025-06-02 08:15:00,08:10:00,-5,16:21:00,16:28:00,7,2025-06-02,29700,58860,0
2025,6,2,1,LAX,IAD,2025-06-02 10:15:00,10:25:00,10,18:20:00,18:20:00,0,2025-06-02,36900,66000,0
2025,6,2,1,LAX,IAD,2025-06-02 13:15:00,13:18:00,3,21:20:00,21:19:00,-1,2025-06-02,47700,76800,0
2025,6,2,1,LAX,IAD,2025-06-02 16:45:00,16:41:00,-4,00:44:00,00:40:00,-4,2025-06-02,60300,2640,0
2025,6,2,1,LAX,IAD,2025-06-02 21:35:00,21:28:00,-7,05:37:00,05:31:00,-6,2025-06-02,77700,20220,0
2025,6,2,1,LAX,IAD,2025-06-02 22:50:00,22:50:00,0,06:39:00,06:32:00,-7,2025-06-02,82200,23940,0
2025,6,2,1,LAX,IAH,2025-06-02 00:56:00,00:53:00,-3,06:18:00,06:06:00,-12,2025-06-02,3360,22680,0
2025,6,2,1,LAX,IAH,2025-06-02 05:15:00,05:11:00,-4,10:42:00,10:24:00,-18,2025-06-02,18900,38520,0
2025,6,2,1,LAX,IAH,2025-06-02 07:15:00,07:09:00,-6,12:44:00,12:16:00,-28,2025-06-02,26100,45840,0
2025,6,2,1,LAX,IAH,2025-06-02 08:40:00,08:35:00,-5,14:09:00,13:47:00,-22,2025-06-02,31200,50940,0
2025,6,2,1,LAX,IAH,2025-06-02 08:50:00,08:38:00,-12,14:12:00,13:40:00,-32,2025-06-02,31800,51120,0
2025,6,2,1,LAX,IAH,2025-06-02 10:15:00,10:29:00,14,15:40:00,15:43:00,3,2025-06-02,36900,56400,0
2025,6,2,1,LAX,IAH,2025-06-02 11:33:00,11:24:00,-9,16:53:00,16:24:00,-29,2025-06-02,41580,60780,0
2025,6,2,1,LAX,IAH,2025-06-02 12:07:00,12:07:00,0,17:24:00,17:03:00,-21,2025-06-02,43620,62640,0
2025,6,2,1,LAX,IAH,2025-06-02 13:10:00,13:03:00,-7,18:40:00,18:30:00,-10,2025-06-02,47400,67200,0
2025,6,2,1,LAX,IAH,2025-06-02 13:51:00,13:54:00,3,19:09:00,19:11:00,2,2025-06-02,49860,68940,0
2025,6,2,1,LAX,IAH,2025-06-02 18:10:00,18:03:00,-7,23:21:00,23:00:00,-21,2025-06-02,65400,84060,0
2025,6,2,1,LAX,IAH,2025-06-02 18:10:00,18:09:00,-1,23:33:00,23:28:00,-5,2025-06-02,65400,84780,0
2025,6,2,1,LAX,IAH,2025-06-02 19:20:00,19:18:00,-2,00:43:00,00:27:00,-16,2025-06-02,69600,2580,0
2025,6,2,1,LAX,IAH,2025-06-02 23:42:00,23:42:00,0,04:55:00,04:49:00,-6,2025-06-02,85320,17700,0
2025,6,2,1,LAX,IND,2025-06-02 09:48:00,09:38:00,-10,16:53:00,16:43:00,-10,2025-06-02,35280,60780,0
2025,6,2,1,LAX,IND,2025-06-02 12:13:00,12:08:00,-5,19:15:00,19:03:00,-12,2025-06-02,43980,69300,0
2025,6,2,1,LAX,IND,2025-06-02 23:00:00,23:10:00,10,06:00:00,06:16:00,16,2025-06-02,82800,21600,0
2025,6,2,1,LAX,JAC,2025-06-02 10:30:00,10:24:00,-6,13:48:00,13:27:00,-21,2025-06-02,37800,49680,0
2025,6,2,1,LAX,JFK,2025-06-02 06:00:00,05:51:00,-9,14:30:00,14:20:00,-10,2025-06-02,21600,52200,0
2025,6,2,1,LAX,JFK,2025-06-02 06:00:00,06:04:00,4,14:30:00,14:24:00,-6,2025-06-02,21600,52200,0
2025,6,2,1,LAX,JFK,2025-06-02 07:00:00,06:45:00,-15,15:28:00,15:10:00,-18,2025-06-02,25200,55680,0
2025,6,2,1,LAX,JFK,2025-06-02 07:00:00,06:56:00,-4,15:25:00,15:55:00,30,2025-06-02,25200,55500,0
2025,6,2,1,LAX,JFK,2025-06-02 07:55:00,07:47:00,-8,16:32:00,16:03:00,-29,2025-06-02,28500,59520,0
2025,6,2,1,LAX,JFK,2025-06-02 08:00:00,07:51:00,-9,16:27:00,16:07:00,-20,2025-06-02,28800,59220,0
2025,6,2,1,LAX,JFK,2025-06-02 09:55:00,09:52:00,-3,18:35:00,18:14:00,-21,2025-06-02,35700,66900,0
2025,6,2,1,LAX,JFK,2025-06-02 10:20:00,10:59:00,39,19:10:00,19:12:00,2,2025-06-02,37200,69000,0
2025,6,2,1,LAX,JFK,2025-06-02 10:32:00,10:30:00,-2,19:00:00,18:44:00,-16,2025-06-02,37920,68400,0
2025,6,2,1,LAX,JFK,2025-06-02 11:15:00,11:15:00,0,19:59:00,19:25:00,-34,2025-06-02,40500,71940,0
2025,6,2,1,LAX,JFK,2025-06-02 11:20:00,11:11:00,-9,19:50:00,19:20:00,-30,2025-06-02,40800,71400,0
2025,6,2,1,LAX,JFK,2025-06-02 12:00:00,11:49:00,-11,20:30:00,20:01:00,-29,2025-06-02,43200,73800,0
2025,6,2,1,LAX,JFK,2025-06-02 12:20:00,12:14:00,-6,21:02:00,20:25:00,-37,2025-06-02,44400,75720,0
2025,6,2,1,LAX,JFK,2025-06-02 12:58:00,12:50:00,-8,21:26:00,21:06:00,-20,2025-06-02,46680,77160,0
2025,6,2,1,LAX,JFK,2025-06-02 13:05:00,12:57:00,-8,21:44:00,21:18:00,-26,2025-06-02,47100,78240,0
2025,6,2,1,LAX,JFK,2025-06-02 14:30:00,14:24:00,-6,23:10:00,22:45:00,-25,2025-06-02,52200,83400,0
2025,6,2,1,LAX,JFK,2025-06-02 15:00:00,15:01:00,1,23:35:00,23:20:00,-15,2025-06-02,54000,84900,0
2025,6,2,1,LAX,JFK,2025-06-02 15:15:00,15:12:00,-3,23:50:00,23:32:00,-18,2025-06-02,54900,85800,0
2025,6,2,1,LAX,JFK,2025-06-02 15:29:00,15:47:00,18,23:57:00,00:14:00,17,2025-06-02,55740,86220,0
2025,6,2,1,LAX,JFK,2025-06-02 16:20:00,16:19:00,-1,00:57:00,00:46:00,-11,2025-06-02,58800,3420,0
2025,6,2,1,LAX,JFK,2025-06-02 20:53:00,21:12:00,19,05:30:00,05:35:00,5,2025-06-02,75180,19800,0
2025,6,2,1,LAX,JFK,2025-06-02 21:15:00,21:48:00,33,05:42:00,06:06:00,24,2025-06-02,76500,20520,0
2025,6,2,1,LAX,JFK,2025-06-02 21:25:00,21:15:00,-10,05:59:00,05:37:00,-22,2025-06-02,77100,21540,0
2025,6,2,1,LAX,JFK,2025-06-02 21:55:00,21:54:00,-1,06:21:00,06:52:00,31,2025-06-02,78900,22860,0
2025,6,2,1,LAX,JFK,2025-06-02 22:55:00,22:49:00,-6,07:25:00,07:05:00,-20,2025-06-02,82500,26700,0
2025,6,2,1,LAX,JFK,2025-06-02 22:55:00,22:50:00,-5,07:22:00,08:02:00,40,2025-06-02,82500,26520,0
2025,6,2,1,LAX,JFK,2025-06-02 23:55:00,23:54:00,-1,08:30:00,08:18:00,-12,2025-06-02,86100,30600,0
2025,6,2,1,LAX,JFK,2025-06-02 23:59:00,00:00,1,08:37:00,08:27:00,-10,2025-06-02,86340,31020,0
2025,6,2,1,LAX,KOA,2025-06-02 09:10:00,09:04:00,-6,11:50:00,11:40:00,-10,2025-06-02,33000,42600,0
2025,6,2,1,LAX,KOA,2025-06-02 09:33:00,09:21:00,-12,12:17:00,11:37:00,-40,2025-06-02,34380,44220,0
2025,6,2,1,LAX,KOA,2025-06-02 11:00:00,10:55:00,-5,13:35:00,13:31:00,-4,2025-06-02,39600,48900,0
2025,6,2,1,LAX,KOA,2025-06-02 16:29:00,16:29:00,0,19:10:00,18:47:00,-23,2025-06-02,59340,69000,0
2025,6,2,1,LAX,KOA,2025-06-02 17:25:00,17:21:00,-4,20:03:00,19:50:00,-13,2025-06-02,62700,72180,0
2025,6,2,1,LAX,LAS,2025-06-02 06:00:00,05:54:00,-6,07:19:00,07:06:00,-13,2025-06-02,21600,26340,0
2025,6,2,1,LAX,LAS,2025-06-02 06:10:00,06:08:00,-2,07:30:00,07:24:00,-6,2025-06-02,22200,27000,0
2025,6,2,1,LAX,LAS,2025-06-02 07:30:00,07:41:00,11,08:42:00,09:05:00,23,2025-06-02,27000,31320,0
2025,6,2,1,LAX,LAS,2025-06-02 07:35:00,07:32:00,-3,08:50:00,08:38:00,-12,2025-06-02,27300,31800,0
2025,6,2,1,LAX,LAS,2025-06-02 08:26:00,08:23:00,-3,09:51:00,09:45:00,-6,2025-06-02,30360,35460,0
2025,6,2,1,LAX,LAS,2025-06-02 09:35:00,09:28:00,-7,10:47:00,10:48:00,1,2025-06-02,34500,38820,0
2025,6,2,1,LAX,LAS,2025-06-02 10:30:00,10:20:00,-10,11:47:00,11:36:00,-11,2025-06-02,37800,42420,0
2025,6,2,1,LAX,LAS,2025-06-02 11:20:00,11:35:00,15,12:35:00,12:52:00,17,2025-06-02,40800,45300,0
2025,6,2,1,LAX,LAS,2025-06-02 11:37:00,11:29:00,-8,12:52:00,12:52:00,0,2025-06-02,41820,46320,0
2025,6,2,1,LAX,LAS,2025-06-02 12:20:00,12:12:00,-8,13:31:00,13:30:00,-1,2025-06-02,44400,48660,0
2025,6,2,1,LAX,LAS,2025-06-02 14:45:00,14:37:00,-8,16:07:00,15:42:00,-25,2025-06-02,53100,58020,0
2025,6,2,1,LAX,LAS,2025-06-02 15:13:00,15:13:00,0,16:25:00,16:19:00,-6,2025-06-02,54780,59100,0
2025,6,2,1,LAX,LAS,2025-06-02 15:45:00,15:51:00,6,17:00:00,17:29:00,29,2025-06-02,56700,61200,0
2025,6,2,1,LAX,LAS,2025-06-02 15:48:00,15:45:00,-3,17:13:00,17:45:00,32,2025-06-02,56880,61980,0
2025,6,2,1,LAX,LAS,2025-06-02 17:03:00,17:00:00,-3,18:14:00,18:13:00,-1,2025-06-02,61380,65640,0
2025,6,2,1,LAX,LAS,2025-06-02 17:05:00,17:01:00,-4,18:25:00,18:11:00,-14,2025-06-02,61500,66300,0
2025,6,2,1,LAX,LAS,2025-06-02 17:35:00,17:24:00,-11,18:49:00,18:38:00,-11,2025-06-02,63300,67740,0
2025,6,2,1,LAX,LAS,2025-06-02 17:53:00,17:47:00,-6,19:11:00,19:19:00,8,2025-06-02,64380,69060,0
2025,6,2,1,LAX,LAS,2025-06-02 18:25:00,18:20:00,-5,19:45:00,19:27:00,-18,2025-06-02,66300,71100,0
2025,6,2,1,LAX,LAS,2025-06-02 18:52:00,18:47:00,-5,20:10:00,19:51:00,-19,2025-06-02,67920,72600,0
2025,6,2,1,LAX,LAS,2025-06-02 19:30:00,19:20:00,-10,20:52:00,20:57:00,5,2025-06-02,70200,75120,0
2025,6,2,1,LAX,LAS,2025-06-02 20:55:00,20:59:00,4,22:05:00,22:16:00,11,2025-06-02,75300,79500,0
2025,6,2,1,LAX,LAS,2025-06-02 21:40:00,21:37:00,-3,23:00:00,23:14:00,14,2025-06-02,78000,82800,0
2025,6,2,1,LAX,LAS,2025-06-02 22:05:00,21:58:00,-7,23:25:00,23:43:00,18,2025-06-02,79500,84300,0
2025,6,2,1,LAX,LAS,2025-06-02 22:10:00,22:56:00,46,23:28:00,00:28:00,60,2025-06-02,79800,84480,0
2025,6,2,1,LAX,LAS,2025-06-02 23:05:00,22:58:00,-7,00:27:00,00:15:00,-12,2025-06-02,83100,1620,0
2025,6,2,1,LAX,LIH,2025-06-02 08:42:00,08:38:00,-4,11:38:00,11:13:00,-25,2025-06-02,31320,41880,0
2025,6,2,1,LAX,LIH,2025-06-02 09:00:00,08:53:00,-7,11:45:00,11:39:00,-6,2025-06-02,32400,42300,0
2025,6,2,1,LAX,LIH,2025-06-02 09:30:00,09:22:00,-8,12:32:00,11:52:00,-40,2025-06-02,34200,45120,0
2025,6,2,1,LAX,LIH,2025-06-02 15:00:00,14:53:00,-7,17:49:00,17:41:00,-8,2025-06-02,54000,64140,0
2025,6,2,1,LAX,MCI,2025-06-02 05:35:00,05:31:00,-4,10:50:00,10:44:00,-6,2025-06-02,20100,39000,0
2025,6,2,1,LAX,MCI,2025-06-02 09:15:00,09:03:00,-12,14:24:00,14:15:00,-9,2025-06-02,33300,51840,0
2025,6,2,1,LAX,MCI,2025-06-02 15:01:00,14:53:00,-8,20:12:00,20:07:00,-5,2025-06-02,54060,72720,0
2025,6,2,1,LAX,MCI,2025-06-02 18:15:00,18:30:00,15,23:24:00,23:52:00,28,2025-06-02,65700,84240,0
2025,6,2,1,LAX,MCO,2025-06-02 07:00:00,06:56:00,-4,14:49:00,14:45:00,-4,2025-06-02,25200,53340,0
2025,6,2,1,LAX,MCO,2025-06-02 10:02:00,10:00:00,-2,18:04:00,17:48:00,-16,2025-06-02,36120,65040,0
2025,6,2,1,LAX,MCO,2025-06-02 11:15:00,11:12:00,-3,19:10:00,20:00:00,50,2025-06-02,40500,69000,0
2025,6,2,1,LAX,MCO,2025-06-02 14:01:00,14:30:00,29,22:14:00,22:14:00,0,2025-06-02,50460,80040,0
2025,6,2,1,LAX,MCO,2025-06-02 16:11:00,16:05:00,-6,23:57:00,23:48:00,-9,2025-06-02,58260,86220,0
2025,6,2,1,LAX,MCO,2025-06-02 21:55:00,21:54:00,-1,05:40:00,05:54:00,14,2025-06-02,78900,20400,0
2025,6,2,1,LAX,MCO,2025-06-02 22:00:00,22:14:00,14,05:42:00,05:49:00,7,2025-06-02,79200,20520,0
2025,6,2,1,LAX,MDW,2025-06-02 05:45:00,05:42:00,-3,11:45:00,11:37:00,-8,2025-06-02,20700,42300,0
2025,6,2,1,LAX,MDW,2025-06-02 11:30:00,11:27:00,-3,17:35:00,17:06:00,-29,2025-06-02,41400,63300,0
2025,6,2,1,LAX,MDW,2025-06-02 17:40:00,17:55:00,15,23:45:00,00:00,15,2025-06-02,63600,85500,0
2025,6,2,1,LAX,MDW,2025-06-02 23:10:00,23:07:00,-3,05:15:00,05:12:00,-3,2025-06-02,83400,18900,0
2025,6,2,1,LAX,MEM,2025-06-02 18:10:00,18:04:00,-6,23:47:00,23:33:00,-14,2025-06-02,65400,85620,0
2025,6,2,1,LAX,MIA,2025-06-02 09:55:00,09:38:00,-17,17:55:00,18:11:00,16,2025-06-02,35700,64500,0
2025,6,2,1,LAX,MIA,2025-06-02 10:45:00,10:45:00,0,18:45:00,19:16:00,31,2025-06-02,38700,67500,0
2025,6,2,1,LAX,MIA,2025-06-02 12:25:00,12:27:00,2,20:20:00,21:56:00,96,2025-06-02,44700,73200,0
2025,6,2,1,LAX,MIA,2025-06-02 13:58:00,13:56:00,-2,21:54:00,22:16:00,22,2025-06-02,50280,78840,0
2025,6,2,1,LAX,MIA,2025-06-02 22:04:00,21:58:00,-6,06:00:00,05:39:00,-21,2025-06-02,79440,21600,0
2025,6,2,1,LAX,MIA,2025-06-02 22:59:00,22:51:00,-8,06:57:00,06:32:00,-25,2025-06-02,82740,25020,0
2025,6,2,1,LAX,MIA,2025-06-02 23:45:00,00:40:00,55,07:40:00,08:26:00,46,2025-06-02,85500,27600,0
2025,6,2,1,LAX,MRY,2025-06-02 08:20:00,08:14:00,-6,09:42:00,09:29:00,-13,2025-06-02,30000,34920,0
2025,6,2,1,LAX,MRY,2025-06-02 18:23:00,18:20:00,-3,19:37:00,19:26:00,-11,2025-06-02,66180,70620,0
2025,6,2,1,LAX,MSP,2025-06-02 00:50:00,00:41:00,-9,06:33:00,06:17:00,-16,2025-06-02,3000,23580,0
2025,6,2,1,LAX,MSP,2025-06-02 06:15:00,06:10:00,-5,11:53:00,11:48:00,-5,2025-06-02,22500,42780,0
2025,6,2,1,LAX,MSP,2025-06-02 08:35:00,08:36:00,1,14:17:00,14:00:00,-17,2025-06-02,30900,51420,0
2025,6,2,1,LAX,MSP,2025-06-02 12:00:00,12:17:00,17,17:40:00,18:08:00,28,2025-06-02,43200,63600,0
2025,6,2,1,LAX,MSP,2025-06-02 18:40:00,18:48:00,8,00:14:00,00:16:00,2,2025-06-02,67200,840,0
2025,6,2,1,LAX,MSP,2025-06-02 23:59:00,00:00,1,05:43:00,05:40:00,-3,2025-06-02,86340,20580,0
2025,6,2,1,LAX,MSY,2025-06-02 06:45:00,06:40:00,-5,12:25:00,12:08:00,-17,2025-06-02,24300,44700,0
2025,6,2,1,LAX,MSY,2025-06-02 07:15:00,07:06:00,-9,12:52:00,12:39:00,-13,2025-06-02,26100,46320,0
2025,6,2,1,LAX,MSY,2025-06-02 11:54:00,11:43:00,-11,17:32:00,17:15:00,-17,2025-06-02,42840,63120,0
2025,6,2,1,LAX,MSY,2025-06-02 16:43:00,16:46:00,3,22:20:00,22:16:00,-4,2025-06-02,60180,80400,0
2025,6,2,1,LAX,MSY,2025-06-02 18:00:00,17:53:00,-7,23:34:00,23:15:00,-19,2025-06-02,64800,84840,0
2025,6,2,1,LAX,MSY,2025-06-02 18:40:00,19:31:00,51,00:25:00,00:51:00,26,2025-06-02,67200,1500,0
2025,6,2,1,LAX,OAK,2025-06-02 06:30:00,06:20:00,-10,07:55:00,07:28:00,-27,2025-06-02,23400,28500,0
2025,6,2,1,LAX,OAK,2025-06-02 08:25:00,08:18:00,-7,09:55:00,09:27:00,-28,2025-06-02,30300,35700,0
2025,6,2,1,LAX,OAK,2025-06-02 09:55:00,09:52:00,-3,11:20:00,10:56:00,-24,2025-06-02,35700,40800,0
2025,6,2,1,LAX,OAK,2025-06-02 12:10:00,12:36:00,26,13:35:00,13:48:00,13,2025-06-02,43800,48900,0
2025,6,2,1,LAX,OAK,2025-06-02 16:00:00,16:49:00,49,17:25:00,17:53:00,28,2025-06-02,57600,62700,0
2025,6,2,1,LAX,OAK,2025-06-02 19:05:00,19:10:00,5,20:30:00,20:30:00,0,2025-06-02,68700,73800,0
2025,6,2,1,LAX,OAK,2025-06-02 20:55:00,20:55:00,0,22:20:00,22:00:00,-20,2025-06-02,75300,80400,0
2025,6,2,1,LAX,OGG,2025-06-02 07:45:00,08:03:00,18,10:25:00,10:24:00,-1,2025-06-02,27900,37500,0
2025,6,2,1,LAX,OGG,2025-06-02 08:00:00,07:59:00,-1,10:35:00,10:16:00,-19,2025-06-02,28800,38100,0
2025,6,2,1,LAX,OGG,2025-06-02 08:15:00,08:19:00,4,10:55:00,10:53:00,-2,2025-06-02,29700,39300,0
2025,6,2,1,LAX,OGG,2025-06-02 09:39:00,09:57:00,18,12:19:00,12:12:00,-7,2025-06-02,34740,44340,0
2025,6,2,1,LAX,OGG,2025-06-02 16:50:00,16:42:00,-8,19:25:00,18:55:00,-30,2025-06-02,60600,69900,0
2025,6,2,1,LAX,OGG,2025-06-02 16:55:00,16:48:00,-7,19:34:00,19:14:00,-20,2025-06-02,60900,70440,0
2025,6,2,1,LAX,OKC,2025-06-02 09:54:00,09:53:00,-1,14:49:00,14:55:00,6,2025-06-02,35640,53340,0
2025,6,2,1,LAX,OKC,2025-06-02 17:41:00,17:32:00,-9,22:32:00,22:34:00,2,2025-06-02,63660,81120,0
2025,6,2,1,LAX,OMA,2025-06-02 14:04:00,13:57:00,-7,19:15:00,19:06:00,-9,2025-06-02,50640,69300,0
2025,6,2,1,LAX,ORD,2025-06-02 00:30:00,00:23:00,-7,06:42:00,06:34:00,-8,2025-06-02,1800,24120,0
2025,6,2,1,LAX,ORD,2025-06-02 00:41:00,01:05:00,24,06:42:00,07:04:00,22,2025-06-02,2460,24120,0
2025,6,2,1,LAX,ORD,2025-06-02 05:30:00,05:24:00,-6,11:36:00,11:28:00,-8,2025-06-02,19800,41760,0
2025,6,2,1,LAX,ORD,2025-06-02 05:45:00,05:55:00,10,11:57:00,12:04:00,7,2025-06-02,20700,43020,0
2025,6,2,1,LAX,ORD,2025-06-02 06:05:00,05:54:00,-11,12:20:00,12:00:00,-20,2025-06-02,21900,44400,0
2025,6,2,1,LAX,ORD,2025-06-02 06:20:00,06:11:00,-9,12:42:00,12:18:00,-24,2025-06-02,22800,45720,0
2025,6,2,1,LAX,ORD,2025-06-02 07:45:00,07:41:00,-4,13:56:00,13:39:00,-17,2025-06-02,27900,50160,0
2025,6,2,1,LAX,ORD,2025-06-02 08:15:00,08:09:00,-6,14:39:00,14:10:00,-29,2025-06-02,29700,52740,0
2025,6,2,1,LAX,ORD,2025-06-02 09:43:00,09:39:00,-4,15:55:00,15:43:00,-12,2025-06-02,34980,57300,0
2025,6,2,1,LAX,ORD,2025-06-02 10:40:00,10:39:00,-1,16:56:00,16:48:00,-8,2025-06-02,38400,60960,0
2025,6,2,1,LAX,ORD,2025-06-02 11:16:00,11:08:00,-8,17:26:00,17:16:00,-10,2025-06-02,40560,62760,0
2025,6,2,1,LAX,ORD,2025-06-02 12:37:00,12:31:00,-6,18:55:00,18:50:00,-5,2025-06-02,45420,68100,0
2025,6,2,1,LAX,ORD,2025-06-02 13:30:00,13:27:00,-3,19:38:00,19:40:00,2,2025-06-02,48600,70680,0
2025,6,2,1,LAX,ORD,2025-06-02 14:01:00,13:51:00,-10,20:25:00,20:12:00,-13,2025-06-02,50460,73500,0
2025,6,2,1,LAX,ORD,2025-06-02 16:20:00,16:11:00,-9,22:32:00,22:12:00,-20,2025-06-02,58800,81120,0
2025,6,2,1,LAX,ORD,2025-06-02 16:40:00,16:33:00,-7,23:04:00,22:45:00,-19,2025-06-02,60000,83040,0
2025,6,2,1,LAX,ORD,2025-06-02 16:46:00,16:44:00,-2,23:05:00,22:50:00,-15,2025-06-02,60360,83100,0
2025,6,2,1,LAX,ORD,2025-06-02 17:38:00,17:28:00,-10,23:59:00,23:26:00,-33,2025-06-02,63480,86340,0
2025,6,2,1,LAX,ORD,2025-06-02 17:48:00,17:39:00,-9,23:59:00,23:27:00,-32,2025-06-02,64080,86340,0
2025,6,2,1,LAX,ORD,2025-06-02 22:40:00,22:30:00,-10,04:51:00,04:34:00,-17,2025-06-02,81600,17460,0
2025,6,2,1,LAX,ORD,2025-06-02 22:59:00,22:56:00,-3,05:10:00,05:17:00,7,2025-06-02,82740,18600,0
2025,6,2,1,LAX,ORD,2025-06-02 23:37:00,23:34:00,-3,05:45:00,05:33:00,-12,2025-06-02,85020,20700,0
2025,6,2,1,LAX,ORD,2025-06-02 23:45:00,23:40:00,-5,05:53:00,05:47:00,-6,2025-06-02,85500,21180,0
2025,6,2,1,LAX,PDX,2025-06-02 07:00:00,06:51:00,-9,09:24:00,09:08:00,-16,2025-06-02,25200,33840,0
2025,6,2,1,LAX,PDX,2025-06-02 07:00:00,07:41:00,41,09:28:00,09:53:00,25,2025-06-02,25200,34080,0
2025,6,2,1,LAX,PDX,2025-06-02 08:50:00,08:43:00,-7,11:25:00,11:20:00,-5,2025-06-02,31800,41100,0
2025,6,2,1,LAX,PDX,2025-06-02 09:25:00,09:17:00,-8,11:52:00,11:36:00,-16,2025-06-02,33900,42720,0
2025,6,2,1,LAX,PDX,2025-06-02 09:40:00,09:34:00,-6,12:04:00,11:46:00,-18,2025-06-02,34800,43440,0
2025,6,2,1,LAX,PDX,2025-06-02 09:43:00,09:33:00,-10,12:14:00,11:44:00,-30,2025-06-02,34980,44040,0
2025,6,2,1,LAX,PDX,2025-06-02 11:20:00,11:31:00,11,13:47:00,13:47:00,0,2025-06-02,40800,49620,0
2025,6,2,1,LAX,PDX,2025-06-02 13:43:00,13:38:00,-5,16:08:00,15:52:00,-16,2025-06-02,49380,58080,0
2025,6,2,1,LAX,PDX,2025-06-02 13:57:00,14:08:00,11,16:24:00,16:22:00,-2,2025-06-02,50220,59040,0
2025,6,2,1,LAX,PDX,2025-06-02 15:05:00,15:21:00,16,17:33:00,17:46:00,13,2025-06-02,54300,63180,0
2025,6,2,1,LAX,PDX,2025-06-02 16:38:00,16:24:00,-14,19:04:00,18:30:00,-34,2025-06-02,59880,68640,0
2025,6,2,1,LAX,PDX,2025-06-02 18:20:00,18:08:00,-12,20:48:00,20:34:00,-14,2025-06-02,66000,74880,0
2025,6,2,1,LAX,PDX,2025-06-02 20:20:00,20:19:00,-1,22:41:00,22:32:00,-9,2025-06-02,73200,81660,0
2025,6,2,1,LAX,PDX,2025-06-02 21:28:00,21:24:00,-4,23:59:00,23:58:00,-1,2025-06-02,77280,86340,0
2025,6,2,1,LAX,PDX,2025-06-02 21:33:00,21:28:00,-5,23:59:00,23:50:00,-9,2025-06-02,77580,86340,0
2025,6,2,1,LAX,PHL,2025-06-02 00:55:00,00:45:00,-10,09:00:00,08:59:00,-1,2025-06-02,3300,32400,0
2025,6,2,1,LAX,PHL,2025-06-02 07:00:00,06:53:00,-7,15:05:00,15:03:00,-2,2025-06-02,25200,54300,0
2025,6,2,1,LAX,PHL,2025-06-02 09:48:00,09:48:00,0,17:55:00,17:58:00,3,2025-06-02,35280,64500,0
2025,6,2,1,LAX,PHL,2025-06-02 12:04:00,12:00:00,-4,20:12:00,20:12:00,0,2025-06-02,43440,72720,0
2025,6,2,1,LAX,PHL,2025-06-02 15:45:00,15:41:00,-4,23:53:00,23:36:00,-17,2025-06-02,56700,85980,0
2025,6,2,1,LAX,PHL,2025-06-02 22:20:00,22:45:00,25,06:30:00,06:53:00,23,2025-06-02,80400,23400,0
2025,6,2,1,LAX,PHL,2025-06-02 23:21:00,23:21:00,0,07:25:00,07:28:00,3,2025-06-02,84060,26700,0
2025,6,2,1,LAX,PHX,2025-06-02 05:15:00,05:13:00,-2,06:40:00,06:34:00,-6,2025-06-02,18900,24000,0
2025,6,2,1,LAX,PHX,2025-06-02 06:00:00,06:02:00,2,07:30:00,07:22:00,-8,2025-06-02,21600,27000,0
2025,6,2,1,LAX,PHX,2025-06-02 07:13:00,07:06:00,-7,08:34:00,09:43:00,69,2025-06-02,25980,30840,0
2025,6,2,1,LAX,PHX,2025-06-02 08:15:00,08:20:00,5,09:51:00,10:24:00,33,2025-06-02,29700,35460,0
2025,6,2,1,LAX,PHX,2025-06-02 08:25:00,08:18:00,-7,09:56:00,10:22:00,26,2025-06-02,30300,35760,0
2025,6,2,1,LAX,PHX,2025-06-02 08:40:00,08:39:00,-1,10:15:00,10:26:00,11,2025-06-02,31200,36900,0
2025,6,2,1,LAX,PHX,2025-06-02 10:00:00,09:55:00,-5,11:27:00,11:18:00,-9,2025-06-02,36000,41220,0
2025,6,2,1,LAX,PHX,2025-06-02 10:30:00,10:26:00,-4,12:00:00,11:54:00,-6,2025-06-02,37800,43200,0
2025,6,2,1,LAX,PHX,2025-06-02 10:31:00,10:25:00,-6,11:57:00,11:43:00,-14,2025-06-02,37860,43020,0
2025,6,2,1,LAX,PHX,2025-06-02 13:03:00,13:06:00,3,14:30:00,14:34:00,4,2025-06-02,46980,52200,0
2025,6,2,1,LAX,PHX,2025-06-02 13:25:00,13:15:00,-10,15:03:00,14:44:00,-19,2025-06-02,48300,54180,0
2025,6,2,1,LAX,PHX,2025-06-02 13:40:00,13:36:00,-4,15:10:00,15:01:00,-9,2025-06-02,49200,54600,0
2025,6,2,1,LAX,PHX,2025-06-02 14:28:00,14:18:00,-10,16:07:00,15:36:00,-31,2025-06-02,52080,58020,0
2025,6,2,1,LAX,PHX,2025-06-02 14:30:00,14:25:00,-5,15:55:00,15:42:00,-13,2025-06-02,52200,57300,0
2025,6,2,1,LAX,PHX,2025-06-02 16:35:00,17:19:00,44,18:05:00,18:40:00,35,2025-06-02,59700,65100,0
2025,6,2,1,LAX,PHX,2025-06-02 17:11:00,17:04:00,-7,18:42:00,18:22:00,-20,2025-06-02,61860,67320,0
2025,6,2,1,LAX,PHX,2025-06-02 17:44:00,17:40:00,-4,19:09:00,18:59:00,-10,2025-06-02,63840,68940,0
2025,6,2,1,LAX,PHX,2025-06-02 18:57:00,18:51:00,-6,20:25:00,20:19:00,-6,2025-06-02,68220,73500,0
2025,6,2,1,LAX,PHX,2025-06-02 19:10:00,19:03:00,-7,20:39:00,20:23:00,-16,2025-06-02,69000,74340,0
2025,6,2,1,LAX,PHX,2025-06-02 19:52:00,19:41:00,-11,21:16:00,21:08:00,-8,2025-06-02,71520,76560,0
2025,6,2,1,LAX,PHX,2025-06-02 20:40:00,20:35:00,-5,22:10:00,21:44:00,-26,2025-06-02,74400,79800,0
2025,6,2,1,LAX,PHX,2025-06-02 21:30:00,21:25:00,-5,22:57:00,23:03:00,6,2025-06-02,77400,82620,0
2025,6,2,1,LAX,PHX,2025-06-02 22:35:00,22:33:00,-2,00:13:00,23:52:00,-21,2025-06-02,81300,780,0
2025,6,2,1,LAX,PIT,2025-06-02 09:05:00,08:59:00,-6,16:46:00,16:40:00,-6,2025-06-02,32700,60360,0
2025,6,2,1,LAX,PRC,2025-06-02 19:45:00,19:39:00,-6,21:11:00,20:54:00,-17,2025-06-02,71100,76260,0
2025,6,2,1,LAX,RDD,2025-06-02 12:50:00,12:47:00,-3,14:39:00,14:23:00,-16,2025-06-02,46200,52740,0
2025,6,2,1,LAX,RDM,2025-06-02 12:45:00,12:39:00,-6,15:03:00,14:47:00,-16,2025-06-02,45900,54180,0
2025,6,2,1,LAX,RDU,2025-06-02 08:25:00,08:21:00,-4,16:19:00,16:10:00,-9,2025-06-02,30300,58740,0
2025,6,2,1,LAX,RNO,2025-06-02 09:59:00,09:49:00,-10,11:28:00,11:11:00,-17,2025-06-02,35940,41280,0
2025,6,2,1,LAX,RNO,2025-06-02 10:19:00,10:12:00,-7,12:00:00,11:32:00,-28,2025-06-02,37140,43200,0
2025,6,2,1,LAX,RNO,2025-06-02 15:04:00,14:58:00,-6,16:32:00,16:15:00,-17,2025-06-02,54240,59520,0
2025,6,2,1,LAX,RNO,2025-06-02 15:25:00,16:24:00,59,16:55:00,17:33:00,38,2025-06-02,55500,60900,0
2025,6,2,1,LAX,RNO,2025-06-02 17:10:00,17:02:00,-8,18:44:00,18:25:00,-19,2025-06-02,61800,67440,0
2025,6,2,1,LAX,RNO,2025-06-02 20:15:00,20:07:00,-8,21:49:00,21:35:00,-14,2025-06-02,72900,78540,0
2025,6,2,1,LAX,RNO,2025-06-02 20:55:00,20:45:00,-10,22:21:00,22:06:00,-15,2025-06-02,75300,80460,0
2025,6,2,1,LAX,RNO,2025-06-02 21:59:00,22:10:00,11,23:32:00,23:28:00,-4,2025-06-02,79140,84720,0
2025,6,2,1,LAX,SAN,2025-06-02 08:25:00,08:10:00,-15,09:21:00,09:14:00,-7,2025-06-02,30300,33660,0
2025,6,2,1,LAX,SAN,2025-06-02 09:20:00,09:13:00,-7,10:24:00,10:21:00,-3,2025-06-02,33600,37440,0
2025,6,2,1,LAX,SAN,2025-06-02 12:32:00,12:22:00,-10,13:30:00,13:23:00,-7,2025-06-02,45120,48600,0
2025,6,2,1,LAX,SAN,2025-06-02 17:59:00,17:50:00,-9,18:51:00,18:36:00,-15,2025-06-02,64740,67860,0
2025,6,2,1,LAX,SAN,2025-06-02 18:46:00,18:43:00,-3,19:47:00,19:36:00,-11,2025-06-02,67560,71220,0
2025,6,2,1,LAX,SAN,2025-06-02 22:17:00,22:07:00,-10,23:11:00,22:51:00,-20,2025-06-02,80220,83460,0
2025,6,2,1,LAX,SAN,2025-06-02 22:45:00,22:48:00,3,23:46:00,23:33:00,-13,2025-06-02,81900,85560,0
2025,6,2,1,LAX,SAT,2025-06-02 08:10:00,08:15:00,5,13:05:00,12:49:00,-16,2025-06-02,29400,47100,0
2025,6,2,1,LAX,SAT,2025-06-02 08:54:00,08:45:00,-9,13:42:00,13:26:00,-16,2025-06-02,32040,49320,0
2025,6,2,1,LAX,SAT,2025-06-02 08:55:00,08:42:00,-13,13:50:00,13:22:00,-28,2025-06-02,32100,49800,0
2025,6,2,1,LAX,SAT,2025-06-02 09:49:00,09:46:00,-3,14:35:00,14:24:00,-11,2025-06-02,35340,52500,0
2025,6,2,1,LAX,SAT,2025-06-02 17:30:00,17:25:00,-5,22:20:00,22:04:00,-16,2025-06-02,63000,80400,0
2025,6,2,1,LAX,SAT,2025-06-02 18:57:00,18:40:00,-17,23:42:00,23:20:00,-22,2025-06-02,68220,85320,0
2025,6,2,1,LAX,SBA,2025-06-02 15:20:00,15:11:00,-9,16:12:00,16:09:00,-3,2025-06-02,55200,58320,0
2025,6,2,1,LAX,SBA,2025-06-02 23:00:00,22:56:00,-4,23:58:00,23:54:00,-4,2025-06-02,82800,86280,0
2025,6,2,1,LAX,SBP,2025-06-02 15:00:00,14:57:00,-3,16:01:00,15:48:00,-13,2025-06-02,54000,57660,0
2025,6,2,1,LAX,SBP,2025-06-02 22:32:00,22:48:00,16,23:36:00,23:40:00,4,2025-06-02,81120,84960,0
2025,6,2,1,LAX,SDF,2025-06-02 07:46:00,07:37:00,-9,14:56:00,14:36:00,-20,2025-06-02,27960,53760,0
2025,6,2,1,LAX,SEA,2025-06-02 06:00:00,05:51:00,-9,08:56:00,08:50:00,-6,2025-06-02,21600,32160,0
2025,6,2,1,LAX,SEA,2025-06-02 07:00:00,06:48:00,-12,09:55:00,09:41:00,-14,2025-06-02,25200,35700,0
2025,6,2,1,LAX,SEA,2025-06-02 07:00:00,06:50:00,-10,10:03:00,09:37:00,-26,2025-06-02,25200,36180,0
2025,6,2,1,LAX,SEA,2025-06-02 08:00:00,07:52:00,-8,10:58:00,10:48:00,-10,2025-06-02,28800,39480,0
2025,6,2,1,LAX,SEA,2025-06-02 08:38:00,08:28:00,-10,11:33:00,11:04:00,-29,2025-06-02,31080,41580,0
2025,6,2,1,LAX,SEA,2025-06-02 09:35:00,09:29:00,-6,12:30:00,12:28:00,-2,2025-06-02,34500,45000,0
2025,6,2,1,LAX,SEA,2025-06-02 09:35:00,09:29:00,-6,12:33:00,11:59:00,-34,2025-06-02,34500,45180,0
2025,6,2,1,LAX,SEA,2025-06-02 11:10:00,11:10:00,0,14:01:00,14:02:00,1,2025-06-02,40200,50460,0
2025,6,2,1,LAX,SEA,2025-06-02 11:30:00,11:29:00,-1,14:30:00,14:11:00,-19,2025-06-02,41400,52200,0
2025,6,2,1,LAX,SEA,2025-06-02 11:55:00,12:31:00,36,14:50:00,15:08:00,18,2025-06-02,42900,53400,0
2025,6,2,1,LAX,SEA,2025-06-02 13:51:00,13:44:00,-7,16:45:00,16:20:00,-25,2025-06-02,49860,60300,0
2025,6,2,1,LAX,SEA,2025-06-02 13:58:00,13:55:00,-3,16:53:00,16:34:00,-19,2025-06-02,50280,60780,0
2025,6,2,1,LAX,SEA,2025-06-02 15:29:00,15:26:00,-3,18:31:00,18:11:00,-20,2025-06-02,55740,66660,0
2025,6,2,1,LAX,SEA,2025-06-02 15:36:00,15:27:00,-9,18:27:00,18:07:00,-20,2025-06-02,56160,66420,0
2025,6,2,1,LAX,SEA,2025-06-02 17:45:00,17:51:00,6,20:35:00,20:37:00,2,2025-06-02,63900,74100,0
2025,6,2,1,LAX,SEA,2025-06-02 17:55:00,17:49:00,-6,20:49:00,20:21:00,-28,2025-06-02,64500,74940,0
2025,6,2,1,LAX,SEA,2025-06-02 18:45:00,18:38:00,-7,21:36:00,21:20:00,-16,2025-06-02,67500,77760,0
2025,6,2,1,LAX,SEA,2025-06-02 19:07:00,19:18:00,11,21:58:00,22:15:00,17,2025-06-02,68820,79080,0
2025,6,2,1,LAX,SEA,2025-06-02 19:55:00,19:50:00,-5,22:51:00,22:33:00,-18,2025-06-02,71700,82260,0
2025,6,2,1,LAX,SEA,2025-06-02 19:59:00,19:55:00,-4,23:01:00,23:08:00,7,2025-06-02,71940,82860,0
2025,6,2,1,LAX,SEA,2025-06-02 21:10:00,21:05:00,-5,23:59:00,23:53:00,-6,2025-06-02,76200,86340,0
2025,6,2,1,LAX,SEA,2025-06-02 21:40:00,21:25:00,-15,00:29:00,23:57:00,-32,2025-06-02,78000,1740,0
2025,6,2,1,LAX,SFO,2025-06-02 06:00:00,05:53:00,-7,07:31:00,07:19:00,-12,2025-06-02,21600,27060,0
2025,6,2,1,LAX,SFO,2025-06-02 06:00:00,05:55:00,-5,07:38:00,07:22:00,-16,2025-06-02,21600,27480,0
2025,6,2,1,LAX,SFO,2025-06-02 06:30:00,06:21:00,-9,07:53:00,07:43:00,-10,2025-06-02,23400,28380,0
2025,6,2,1,LAX,SFO,2025-06-02 06:35:00,06:30:00,-5,08:00:00,07:45:00,-15,2025-06-02,23700,28800,0
2025,6,2,1,LAX,SFO,2025-06-02 08:05:00,07:59:00,-6,09:45:00,09:57:00,12,2025-06-02,29100,35100,0
2025,6,2,1,LAX,SFO,2025-06-02 08:40:00,08:37:00,-3,10:10:00,10:01:00,-9,2025-06-02,31200,36600,0
2025,6,2,1,LAX,SFO,2025-06-02 09:20:00,09:16:00,-4,10:52:00,10:27:00,-25,2025-06-02,33600,39120,0
2025,6,2,1,LAX,SFO,2025-06-02 10:00:00,10:29:00,29,11:25:00,11:32:00,7,2025-06-02,36000,41100,0
2025,6,2,1,LAX,SFO,2025-06-02 10:15:00,10:16:00,1,11:45:00,11:30:00,-15,2025-06-02,36900,42300,0
2025,6,2,1,LAX,SFO,2025-06-02 10:26:00,10:21:00,-5,11:59:00,11:40:00,-19,2025-06-02,37560,43140,0
2025,6,2,1,LAX,SFO,2025-06-02 11:00:00,10:48:00,-12,12:31:00,12:27:00,-4,2025-06-02,39600,45060,0
2025,6,2,1,LAX,SFO,2025-06-02 11:00:00,10:58:00,-2,12:32:00,12:13:00,-19,2025-06-02,39600,45120,0
2025,6,2,1,LAX,SFO,2025-06-02 12:20:00,12:15:00,-5,13:43:00,13:32:00,-11,2025-06-02,44400,49380,0
2025,6,2,1,LAX,SFO,2025-06-02 13:39:00,13:42:00,3,15:07:00,14:55:00,-12,2025-06-02,49140,54420,0
2025,6,2,1,LAX,SFO,2025-06-02 13:55:00,14:11:00,16,15:15:00,15:29:00,14,2025-06-02,50100,54900,0
2025,6,2,1,LAX,SFO,2025-06-02 15:35:00,15:29:00,-6,16:59:00,16:39:00,-20,2025-06-02,56100,61140,0
2025,6,2,1,LAX,SFO,2025-06-02 16:10:00,16:11:00,1,17:39:00,17:17:00,-22,2025-06-02,58200,63540,0
2025,6,2,1,LAX,SFO,2025-06-02 16:25:00,16:20:00,-5,17:48:00,17:32:00,-16,2025-06-02,59100,64080,0
2025,6,2,1,LAX,SFO,2025-06-02 16:40:00,16:55:00,15,18:10:00,18:00:00,-10,2025-06-02,60000,65400,0
2025,6,2,1,LAX,SFO,2025-06-02 17:10:00,17:03:00,-7,18:40:00,18:21:00,-19,2025-06-02,61800,67200,0
2025,6,2,1,LAX,SFO,2025-06-02 18:31:00,18:23:00,-8,19:58:00,19:38:00,-20,2025-06-02,66660,71880,0
2025,6,2,1,LAX,SFO,2025-06-02 18:40:00,19:06:00,26,20:09:00,20:23:00,14,2025-06-02,67200,72540,0
2025,6,2,1,LAX,SFO,2025-06-02 18:55:00,19:17:00,22,20:15:00,20:42:00,27,2025-06-02,68100,72900,0
2025,6,2,1,LAX,SFO,2025-06-02 19:25:00,19:18:00,-7,20:57:00,20:49:00,-8,2025-06-02,69900,75420,0
2025,6,2,1,LAX,SFO,2025-06-02 19:35:00,19:49:00,14,21:00:00,21:02:00,2,2025-06-02,70500,75600,0
2025,6,2,1,LAX,SFO,2025-06-02 20:55:00,20:58:00,3,22:20:00,22:04:00,-16,2025-06-02,75300,80400,0
2025,6,2,1,LAX,SFO,2025-06-02 21:30:00,21:28:00,-2,23:02:00,23:02:00,0,2025-06-02,77400,82920,0
2025,6,2,1,LAX,SFO,2025-06-02 21:45:00,21:40:00,-5,23:09:00,22:48:00,-21,2025-06-02,78300,83340,0
2025,6,2,1,LAX,SFO,2025-06-02 22:30:00,22:26:00,-4,23:58:00,23:49:00,-9,2025-06-02,81000,86280,0
2025,6,2,1,LAX,SGF,2025-06-02 06:00:00,06:55:00,55,11:19:00,12:18:00,59,2025-06-02,21600,40740,0
2025,6,2,1,LAX,SGU,2025-06-02 13:15:00,13:10:00,-5,15:47:00,15:35:00,-12,2025-06-02,47700,56820,0
2025,6,2,1,LAX,SJC,2025-06-02 06:55:00,06:45:00,-10,08:10:00,08:06:00,-4,2025-06-02,24900,29400,0
2025,6,2,1,LAX,SJC,2025-06-02 08:00:00,07:55:00,-5,09:20:00,08:58:00,-22,2025-06-02,28800,33600,0
2025,6,2,1,LAX,SJC,2025-06-02 09:14:00,09:05:00,-9,10:33:00,10:16:00,-17,2025-06-02,33240,37980,0
2025,6,2,1,LAX,SJC,2025-06-02 11:39:00,12:02:00,23,12:57:00,13:05:00,8,2025-06-02,41940,46620,0
2025,6,2,1,LAX,SJC,2025-06-02 12:30:00,12:32:00,2,13:45:00,13:38:00,-7,2025-06-02,45000,49500,0
2025,6,2,1,LAX,SJC,2025-06-02 14:06:00,13:59:00,-7,15:20:00,15:05:00,-15,2025-06-02,50760,55200,0
2025,6,2,1,LAX,SJC,2025-06-02 15:40:00,15:40:00,0,16:55:00,16:39:00,-16,2025-06-02,56400,60900,0
2025,6,2,1,LAX,SJC,2025-06-02 16:28:00,16:29:00,1,17:45:00,17:31:00,-14,2025-06-02,59280,63900,0
2025,6,2,1,LAX,SJC,2025-06-02 18:10:00,18:03:00,-7,19:25:00,19:14:00,-11,2025-06-02,65400,69900,0
2025,6,2,1,LAX,SJC,2025-06-02 20:10:00,20:11:00,1,21:30:00,21:08:00,-22,2025-06-02,72600,77400,0
2025,6,2,1,LAX,SJC,2025-06-02 20:59:00,20:53:00,-6,22:13:00,21:58:00,-15,2025-06-02,75540,79980,0
2025,6,2,1,LAX,SLC,2025-06-02 06:00:00,06:02:00,2,08:55:00,08:53:00,-2,2025-06-02,21600,32100,0
2025,6,2,1,LAX,SLC,2025-06-02 07:00:00,06:53:00,-7,09:55:00,09:48:00,-7,2025-06-02,25200,35700,0
2025,6,2,1,LAX,SLC,2025-06-02 08:00:00,07:56:00,-4,10:55:00,10:34:00,-21,2025-06-02,28800,39300,0
2025,6,2,1,LAX,SLC,2025-06-02 08:25:00,08:24:00,-1,11:26:00,11:16:00,-10,2025-06-02,30300,41160,0
2025,6,2,1,LAX,SLC,2025-06-02 09:15:00,09:03:00,-12,12:11:00,11:56:00,-15,2025-06-02,33300,43860,0
2025,6,2,1,LAX,SLC,2025-06-02 11:35:00,11:32:00,-3,14:29:00,14:10:00,-19,2025-06-02,41700,52140,0
2025,6,2,1,LAX,SLC,2025-06-02 13:13:00,13:40:00,27,16:08:00,16:20:00,12,2025-06-02,47580,58080,0
2025,6,2,1,LAX,SLC,2025-06-02 17:05:00,17:00:00,-5,20:00:00,20:13:00,13,2025-06-02,61500,72000,0
2025,6,2,1,LAX,SLC,2025-06-02 18:45:00,18:39:00,-6,21:39:00,21:25:00,-14,2025-06-02,67500,77940,0
2025,6,2,1,LAX,SLC,2025-06-02 19:25:00,19:32:00,7,22:15:00,22:14:00,-1,2025-06-02,69900,80100,0
2025,6,2,1,LAX,SMF,2025-06-02 06:05:00,06:02:00,-3,07:40:00,07:33:00,-7,2025-06-02,21900,27600,0
2025,6,2,1,LAX,SMF,2025-06-02 07:58:00,07:47:00,-11,09:24:00,09:05:00,-19,2025-06-02,28680,33840,0
2025,6,2,1,LAX,SMF,2025-06-02 08:15:00,08:07:00,-8,09:52:00,09:40:00,-12,2025-06-02,29700,35520,0
2025,6,2,1,LAX,SMF,2025-06-02 09:15:00,09:11:00,-4,10:50:00,10:27:00,-23,2025-06-02,33300,39000,0
2025,6,2,1,LAX,SMF,2025-06-02 10:05:00,09:57:00,-8,11:39:00,11:26:00,-13,2025-06-02,36300,41940,0
2025,6,2,1,LAX,SMF,2025-06-02 10:13:00,10:06:00,-7,11:45:00,11:21:00,-24,2025-06-02,36780,42300,0
2025,6,2,1,LAX,SMF,2025-06-02 12:20:00,12:15:00,-5,13:50:00,13:24:00,-26,2025-06-02,44400,49800,0
2025,6,2,1,LAX,SMF,2025-06-02 13:25:00,13:17:00,-8,14:57:00,14:50:00,-7,2025-06-02,48300,53820,0
2025,6,2,1,LAX,SMF,2025-06-02 15:28:00,15:19:00,-9,17:04:00,16:40:00,-24,2025-06-02,55680,61440,0
2025,6,2,1,LAX,SMF,2025-06-02 15:57:00,15:51:00,-6,17:26:00,17:20:00,-6,2025-06-02,57420,62760,0
2025,6,2,1,LAX,SMF,2025-06-02 16:00:00,15:53:00,-7,17:30:00,17:10:00,-20,2025-06-02,57600,63000,0
2025,6,2,1,LAX,SMF,2025-06-02 17:05:00,17:01:00,-4,18:37:00,18:35:00,-2,2025-06-02,61500,67020,0
2025,6,2,1,LAX,SMF,2025-06-02 18:10:00,18:14:00,4,19:37:00,19:34:00,-3,2025-06-02,65400,70620,0
2025,6,2,1,LAX,SMF,2025-06-02 19:22:00,19:21:00,-1,21:01:00,21:05:00,4,2025-06-02,69720,75660,0
2025,6,2,1,LAX,SMF,2025-06-02 20:00:00,19:52:00,-8,21:37:00,21:18:00,-19,2025-06-02,72000,77820,0
2025,6,2,1,LAX,SMF,2025-06-02 20:40:00,20:44:00,4,22:10:00,22:00:00,-10,2025-06-02,74400,79800,0
2025,6,2,1,LAX,SMF,2025-06-02 21:55:00,21:53:00,-2,23:19:00,23:10:00,-9,2025-06-02,78900,83940,0
2025,6,2,1,LAX,STL,2025-06-02 05:00:00,04:52:00,-8,10:40:00,10:28:00,-12,2025-06-02,18000,38400,0
2025,6,2,1,LAX,STL,2025-06-02 17:29:00,18:03:00,34,23:04:00,23:38:00,34,2025-06-02,62940,83040,0
2025,6,2,1,LAX,STL,2025-06-02 19:10:00,19:04:00,-6,00:50:00,00:55:00,5,2025-06-02,69000,3000,0
2025,6,2,1,LAX,STS,2025-06-02 21:56:00,21:52:00,-4,23:30:00,23:16:00,-14,2025-06-02,78960,84600,0
2025,6,2,1,LAX,TPA,2025-06-02 10:25:00,10:22:00,-3,18:06:00,17:49:00,-17,2025-06-02,37500,65160,0
2025,6,2,1,LAX,TPA,2025-06-02 22:10:00,21:59:00,-11,05:40:00,05:18:00,-22,2025-06-02,79800,20400,0
2025,6,2,1,LAX,TPA,2025-06-02 23:59:00,23:48:00,-11,07:56:00,07:34:00,-22,2025-06-02,86340,28560,0
2025,6,2,1,LAX,TUL,2025-06-02 09:15:00,09:15:00,0,14:28:00,14:29:00,1,2025-06-02,33300,52080,0
2025,6,2,1,LAX,TUS,2025-06-02 09:26:00,09:18:00,-8,10:58:00,10:54:00,-4,2025-06-02,33960,39480,0
2025,6,2,1,LAX,TUS,2025-06-02 09:36:00,09:31:00,-5,11:08:00,11:00:00,-8,2025-06-02,34560,40080,0
2025,6,2,1,LAX,TUS,2025-06-02 14:18:00,14:05:00,-13,15:50:00,15:43:00,-7,2025-06-02,51480,57000,0
2025,6,2,1,LAX,TUS,2025-06-02 14:35:00,14:26:00,-9,16:04:00,15:47:00,-17,2025-06-02,52500,57840,0
2025,6,2,1,LAX,TUS,2025-06-02 17:20:00,17:09:00,-11,18:50:00,18:32:00,-18,2025-06-02,62400,67800,0
2025,6,2,1,LAX,TUS,2025-06-02 19:00:00,18:49:00,-11,20:28:00,20:17:00,-11,2025-06-02,68400,73680,0
2025,6,2,1,LAX,TUS,2025-06-02 19:30:00,20:30:00,60,21:00:00,21:41:00,41,2025-06-02,70200,75600,0
2025,6,2,1,LAX,XNA,2025-06-02 10:09:00,09:59:00,-10,15:25:00,15:29:00,4,2025-06-02,36540,55500,0
2025,6,3,2,LAX,ABQ,2025-06-03 08:59:00,08:46:00,-13,12:04:00,11:30:00,-34,2025-06-03,32340,43440,1
2025,6,3,2,LAX,ABQ,2025-06-03 09:55:00,09:40:00,-15,12:55:00,12:27:00,-28,2025-06-03,35700,46500,1
2025,6,3,2,LAX,ABQ,2025-06-03 12:50:00,12:55:00,5,15:50:00,15:42:00,-8,2025-06-03,46200,57000,1
2025,6,3,2,LAX,ABQ,2025-06-03 14:59:00,14:51:00,-8,17:58:00,17:43:00,-15,2025-06-03,53940,64680,1
2025,6,3,2,LAX,ABQ,2025-06-03 16:50:00,16:41:00,-9,19:45:00,19:38:00,-7,2025-06-03,60600,71100,1
2025,6,3,2,LAX,ABQ,2025-06-03 19:59:00,19:44:00,-15,22:55:00,22:40:00,-15,2025-06-03,71940,82500,1
2025,6,3,2,LAX,ACV,2025-06-03 13:15:00,13:09:00,-6,15:13:00,15:10:00,-3,2025-06-03,47700,54780,1
2025,6,3,2,LAX,ANC,2025-06-03 19:45:00,19:45:00,0,00:20:00,00:29:00,9,2025-06-03,71100,1200,1
2025,6,3,2,LAX,ASE,2025-06-03 10:40:00,10:36:00,-4,13:56:00,13:38:00,-18,2025-06-03,38400,50160,1
2025,6,3,2,LAX,ASE,2025-06-03 17:25:00,17:27:00,2,20:28:00,20:24:00,-4,2025-06-03,62700,73680,1
2025,6,3,2,LAX,ATL,2025-06-03 06:15:00,06:14:00,-1,13:38:00,13:25:00,-13,2025-06-03,22500,49080,1
2025,6,3,2,LAX,ATL,2025-06-03 07:30:00,07:31:00,1,14:47:00,14:45:00,-2,2025-06-03,27000,53220,1
2025,6,3,2,LAX,ATL,2025-06-03 08:35:00,08:28:00,-7,16:04:00,15:42:00,-22,2025-06-03,30900,57840,1
2025,6,3,2,LAX,ATL,2025-06-03 09:35:00,09:30:00,-5,16:58:00,16:33:00,-25,2025-06-03,34500,61080,1
2025,6,3,2,LAX,ATL,2025-06-03 09:40:00,09:48:00,8,17:03:00,17:01:00,-2,2025-06-03,34800,61380,1
2025,6,3,2,LAX,ATL,2025-06-03 11:05:00,11:05:00,0,18:30:00,18:16:00,-14,2025-06-03,39900,66600,1
2025,6,3,2,LAX,ATL,2025-06-03 12:05:00,12:06:00,1,19:24:00,19:36:00,12,2025-06-03,43500,69840,1
2025,6,3,2,LAX,ATL,2025-06-03 12:37:00,12:33:00,-4,19:59:00,19:40:00,-19,2025-06-03,45420,71940,1
2025,6,3,2,LAX,ATL,2025-06-03 12:39:00,13:33:00,54,20:18:00,21:00:00,42,2025-06-03,45540,73080,1
2025,6,3,2,LAX,ATL,2025-06-03 13:05:00,13:11:00,6,20:35:00,20:22:00,-13,2025-06-03,47100,74100,1
2025,6,3,2,LAX,ATL,2025-06-03 14:23:00,14:16:00,-7,21:49:00,21:17:00,-32,2025-06-03,51780,78540,1
2025,6,3,2,LAX,ATL,2025-06-03 17:00:00,16:57:00,-3,00:21:00,00:27:00,6,2025-06-03,61200,1260,1
2025,6,3,2,LAX,ATL,2025-06-03 21:45:00,21:47:00,2,05:01:00,05:03:00,2,2025-06-03,78300,18060,1
2025,6,3,2,LAX,ATL,2025-06-03 22:50:00,22:46:00,-4,06:10:00,05:45:00,-25,2025-06-03,82200,22200,1
2025,6,3,2,LAX,ATL,2025-06-03 23:10:00,23:31:00,21,06:33:00,06:46:00,13,2025-06-03,83400,23580,1
2025,6,3,2,LAX,AUS,2025-06-03 05:45:00,05:40:00,-5,10:40:00,10:22:00,-18,2025-06-03,20700,38400,1
2025,6,3,2,LAX,AUS,2025-06-03 06:45:00,06:35:00,-10,11:40:00,11:13:00,-27,2025-06-03,24300,42000,1
2025,6,3,2,LAX,AUS,2025-06-03 09:25:00,09:20:00,-5,14:51:00,14:18:00,-33,2025-06-03,33900,53460,1
2025,6,3,2,LAX,AUS,2025-06-03 09:35:00,10:01:00,26,14:35:00,14:47:00,12,2025-06-03,34500,52500,1
2025,6,3,2,LAX,AUS,2025-06-03 09:40:00,09:32:00,-8,14:39:00,14:14:00,-25,2025-06-03,34800,52740,1
2025,6,3,2,LAX,AUS,2025-06-03 10:15:00,10:04:00,-11,15:21:00,14:52:00,-29,2025-06-03,36900,55260,1
2025,6,3,2,LAX,AUS,2025-06-03 10:20:00,10:17:00,-3,15:22:00,14:57:00,-25,2025-06-03,37200,55320,1
2025,6,3,2,LAX,AUS,2025-06-03 14:15:00,14:05:00,-10,19:11:00,18:43:00,-28,2025-06-03,51300,69060,1
2025,6,3,2,LAX,AUS,2025-06-03 15:55:00,15:39:00,-16,20:54:00,20:18:00,-36,2025-06-03,57300,75240,1
2025,6,3,2,LAX,AUS,2025-06-03 18:35:00,18:32:00,-3,23:35:00,23:23:00,-12,2025-06-03,66900,84900,1
2025,6,3,2,LAX,AUS,2025-06-03 18:40:00,19:13:00,33,23:58:00,00:19:00,21,2025-06-03,67200,86280,1
2025,6,3,2,LAX,AUS,2025-06-03 18:59:00,18:50:00,-9,23:54:00,23:33:00,-21,2025-06-03,68340,86040,1
2025,6,3,2,LAX,BNA,2025-06-03 06:45:00,06:39:00,-6,12:45:00,12:23:00,-22,2025-06-03,24300,45900,1
2025,6,3,2,LAX,BNA,2025-06-03 06:55:00,06:49:00,-6,12:50:00,12:35:00,-15,2025-06-03,24900,46200,1
2025,6,3,2,LAX,BNA,2025-06-03 10:34:00,10:25:00,-9,16:36:00,16:17:00,-19,2025-06-03,38040,59760,1
2025,6,3,2,LAX,BNA,2025-06-03 15:00:00,14:55:00,-5,20:56:00,20:53:00,-3,2025-06-03,54000,75360,1
2025,6,3,2,LAX,BNA,2025-06-03 23:00:00,22:55:00,-5,05:10:00,04:34:00,-36,2025-06-03,82800,18600,1
2025,6,3,2,LAX,BOI,2025-06-03 11:55:00,11:51:00,-4,14:59:00,14:48:00,-11,2025-06-03,42900,53940,1
2025,6,3,2,LAX,BOI,2025-06-03 12:45:00,12:42:00,-3,15:59:00,15:54:00,-5,2025-06-03,45900,57540,1
2025,6,3,2,LAX,BOI,2025-06-03 19:45:00,19:37:00,-8,22:52:00,22:49:00,-3,2025-06-03,71100,82320,1
2025,6,3,2,LAX,BOI,2025-06-03 20:25:00,20:21:00,-4,23:28:00,23:13:00,-15,2025-06-03,73500,84480,1
2025,6,3,2,LAX,BOS,2025-06-03 06:00:00,05:50:00,-10,14:39:00,14:18:00,-21,2025-06-03,21600,52740,1
2025,6,3,2,LAX,BOS,2025-06-03 07:00:00,06:53:00,-7,15:35:00,15:25:00,-10,2025-06-03,25200,56100,1
2025,6,3,2,LAX,BOS,2025-06-03 07:50:00,07:41:00,-9,16:32:00,16:16:00,-16,2025-06-03,28200,59520,1
2025,6,3,2,LAX,BOS,2025-06-03 08:25:00,08:22:00,-3,17:00:00,16:59:00,-1,2025-06-03,30300,61200,1
2025,6,3,2,LAX,BOS,2025-06-03 08:35:00,09:20:00,45,17:18:00,18:01:00,43,2025-06-03,30900,62280,1
2025,6,3,2,LAX,BOS,2025-06-03 10:50:00,10:46:00,-4,19:30:00,19:14:00,-16,2025-06-03,39000,70200,1
2025,6,3,2,LAX,BOS,2025-06-03 11:50:00,12:06:00,16,20:35:00,20:37:00,2,2025-06-03,42600,74100,1
2025,6,3,2,LAX,BOS,2025-06-03 14:00:00,13:53:00,-7,22:34:00,22:18:00,-16,2025-06-03,50400,81240,1
2025,6,3,2,LAX,BOS,2025-06-03 15:20:00,15:08:00,-12,23:48:00,23:48:00,0,2025-06-03,55200,85680,1
2025,6,3,2,LAX,BOS,2025-06-03 22:27:00,22:50:00,23,07:00:00,07:08:00,8,2025-06-03,80820,25200,1
2025,6,3,2,LAX,BOS,2025-06-03 22:34:00,22:46:00,12,07:15:00,07:11:00,-4,2025-06-03,81240,26100,1
2025,6,3,2,LAX,BOS,2025-06-03 22:35:00,22:31:00,-4,07:13:00,06:52:00,-21,2025-06-03,81300,25980,1
2025,6,3,2,LAX,BUF,2025-06-03 14:10:00,14:10:00,0,22:00:00,22:21:00,21,2025-06-03,51000,79200,1
2025,6,3,2,LAX,BWI,2025-06-03 06:50:00,06:50:00,0,14:55:00,14:50:00,-5,2025-06-03,24600,53700,1
2025,6,3,2,LAX,BWI,2025-06-03 08:45:00,08:37:00,-8,16:54:00,16:41:00,-13,2025-06-03,31500,60840,1
2025,6,3,2,LAX,BWI,2025-06-03 11:36:00,11:34:00,-2,19:39:00,19:50:00,11,2025-06-03,41760,70740,1
2025,6,3,2,LAX,BWI,2025-06-03 21:30:00,21:35:00,5,05:40:00,05:21:00,-19,2025-06-03,77400,20400,1
2025,6,3,2,LAX,BWI,2025-06-03 23:59:00,23:50:00,-9,08:07:00,07:43:00,-24,2025-06-03,86340,29220,1
2025,6,3,2,LAX,BZN,2025-06-03 11:21:00,11:17:00,-4,14:50:00,14:58:00,8,2025-06-03,40860,53400,1
2025,6,3,2,LAX,BZN,2025-06-03 18:00:00,17:54:00,-6,21:39:00,21:21:00,-18,2025-06-03,64800,77940,1
2025,6,3,2,LAX,CLE,2025-06-03 11:38:00,11:29:00,-9,19:11:00,19:06:00,-5,2025-06-03,41880,69060,1
2025,6,3,2,LAX,CLE,2025-06-03 21:20:00,21:10:00,-10,04:53:00,04:28:00,-25,2025-06-03,76800,17580,1
2025,6,3,2,LAX,CLT,2025-06-03 06:00:00,05:58:00,-2,13:46:00,13:44:00,-2,2025-06-03,21600,49560,1
2025,6,3,2,LAX,CLT,2025-06-03 07:30:00,08:23:00,53,15:15:00,15:44:00,29,2025-06-03,27000,54900,1
2025,6,3,2,LAX,CLT,2025-06-03 09:30:00,09:30:00,0,17:15:00,17:31:00,16,2025-06-03,34200,62100,1
2025,6,3,2,LAX,CLT,2025-06-03 11:30:00,11:29:00,-1,19:18:00,18:59:00,-19,2025-06-03,41400,69480,1
2025,6,3,2,LAX,CLT,2025-06-03 14:07:00,14:06:00,-1,21:55:00,21:44:00,-11,2025-06-03,50820,78900,1
2025,6,3,2,LAX,CLT,2025-06-03 22:39:00,22:35:00,-4,06:22:00,06:33:00,11,2025-06-03,81540,22920,1
2025,6,3,2,LAX,CMH,2025-06-03 08:40:00,08:32:00,-8,16:07:00,15:39:00,-28,2025-06-03,31200,58020,1
2025,6,3,2,LAX,DAL,2025-06-03 06:10:00,06:04:00,-6,11:20:00,10:49:00,-31,2025-06-03,22200,40800,1
2025,6,3,2,LAX,DAL,2025-06-03 08:25:00,08:22:00,-3,13:35:00,13:06:00,-29,2025-06-03,30300,48900,1
2025,6,3,2,LAX,DAL,2025-06-03 13:55:00,14:06:00,11,19:00:00,18:53:00,-7,2025-06-03,50100,68400,1
2025,6,3,2,LAX,DAL,2025-06-03 15:55:00,16:15:00,20,21:00:00,21:02:00,2,2025-06-03,57300,75600,1
2025,6,3,2,LAX,DAL,2025-06-03 18:10:00,18:25:00,15,23:15:00,00:15:00,60,2025-06-03,65400,83700,1
2025,6,3,2,LAX,DCA,2025-06-03 07:45:00,07:40:00,-5,15:40:00,15:22:00,-18,2025-06-03,27900,56400,1
2025,6,3,2,LAX,DCA,2025-06-03 08:00:00,07:55:00,-5,16:05:00,15:53:00,-12,2025-06-03,28800,57900,1
2025,6,3,2,LAX,DCA,2025-06-03 12:55:00,12:49:00,-6,20:52:00,20:40:00,-12,2025-06-03,46500,75120,1
2025,6,3,2,LAX,DEN,2025-06-03 05:05:00,04:57:00,-8,08:24:00,08:09:00,-15,2025-06-03,18300,30240,1
2025,6,3,2,LAX,DEN,2025-06-03 06:15:00,06:06:00,-9,09:48:00,09:40:00,-8,2025-06-03,22500,35280,1
2025,6,3,2,LAX,DEN,2025-06-03 06:15:00,06:37:00,22,09:40:00,10:00:00,20,2025-06-03,22500,34800,1
2025,6,3,2,LAX,DEN,2025-06-03 07:06:00,07:24:00,18,10:31:00,11:08:00,37,2025-06-03,25560,37860,1
2025,6,3,2,LAX,DEN,2025-06-03 08:15:00,08:06:00,-9,11:39:00,11:25:00,-14,2025-06-03,29700,41940,1
2025,6,3,2,LAX,DEN,2025-06-03 08:45:00,08:38:00,-7,12:15:00,11:55:00,-20,2025-06-03,31500,44100,1
2025,6,3,2,LAX,DEN,2025-06-03 08:50:00,08:45:00,-5,12:13:00,12:24:00,11,2025-06-03,31800,43980,1
2025,6,3,2,LAX,DEN,2025-06-03 09:00:00,08:59:00,-1,12:27:00,12:23:00,-4,2025-06-03,32400,44820,1
2025,6,3,2,LAX,DEN,2025-06-03 10:52:00,10:44:00,-8,14:19:00,13:52:00,-27,2025-06-03,39120,51540,1
2025,6,3,2,LAX,DEN,2025-06-03 11:47:00,12:17:00,30,15:23:00,15:46:00,23,2025-06-03,42420,55380,1
2025,6,3,2,LAX,DEN,2025-06-03 12:39:00,12:34:00,-5,16:00:00,15:57:00,-3,2025-06-03,45540,57600,1
2025,6,3,2,LAX,DEN,2025-06-03 12:45:00,12:45:00,0,16:15:00,15:58:00,-17,2025-06-03,45900,58500,1
2025,6,3,2,LAX,DEN,2025-06-03 12:55:00,12:56:00,1,16:23:00,16:13:00,-10,2025-06-03,46500,58980,1
2025,6,3,2,LAX,DEN,2025-06-03 14:35:00,15:10:00,35,18:05:00,18:45:00,40,2025-06-03,52500,65100,1
2025,6,3,2,LAX,DEN,2025-06-03 14:57:00,15:53:00,56,18:19:00,19:16:00,57,2025-06-03,53820,65940,1
2025,6,3,2,LAX,DEN,2025-06-03 15:00:00,15:58:00,58,18:25:00,19:23:00,58,2025-06-03,54000,66300,1
2025,6,3,2,LAX,DEN,2025-06-03 16:11:00,16:16:00,5,19:40:00,20:01:00,21,2025-06-03,58260,70800,1
2025,6,3,2,LAX,DEN,2025-06-03 16:27:00,16:20:00,-7,19:49:00,20:07:00,18,2025-06-03,59220,71340,1
2025,6,3,2,LAX,DEN,2025-06-03 19:05:00,19:13:00,8,22:35:00,22:18:00,-17,2025-06-03,68700,81300,1
2025,6,3,2,LAX,DEN,2025-06-03 19:18:00,20:00:00,42,22:47:00,23:28:00,41,2025-06-03,69480,82020,1
2025,6,3,2,LAX,DEN,2025-06-03 20:30:00,20:12:00,-18,23:54:00,23:33:00,-21,2025-06-03,73800,86040,1
2025,6,3,2,LAX,DFW,2025-06-03 00:35:00,00:29:00,-6,05:32:00,05:08:00,-24,2025-06-03,2100,19920,1
2025,6,3,2,LAX,DFW,2025-06-03 00:59:00,00:56:00,-3,06:04:00,05:52:00,-12,2025-06-03,3540,21840,1
2025,6,3,2,LAX,DFW,2025-06-03 05:30:00,05:25:00,-5,10:38:00,10:20:00,-18,2025-06-03,19800,38280,1
2025,6,3,2,LAX,DFW,2025-06-03 06:00:00,05:52:00,-8,11:06:00,10:33:00,-33,2025-06-03,21600,39960,1
2025,6,3,2,LAX,DFW,2025-06-03 07:00:00,06:54:00,-6,12:09:00,11:53:00,-16,2025-06-03,25200,43740,1
2025,6,3,2,LAX,DFW,2025-06-03 08:35:00,08:38:00,3,13:43:00,13:24:00,-19,2025-06-03,30900,49380,1
2025,6,3,2,LAX,DFW,2025-06-03 09:04:00,09:01:00,-3,14:14:00,13:57:00,-17,2025-06-03,32640,51240,1
2025,6,3,2,LAX,DFW,2025-06-03 11:10:00,11:05:00,-5,16:17:00,15:58:00,-19,2025-06-03,40200,58620,1
2025,6,3,2,LAX,DFW,2025-06-03 12:20:00,12:17:00,-3,17:26:00,17:20:00,-6,2025-06-03,44400,62760,1
2025,6,3,2,LAX,DFW,2025-06-03 13:30:00,13:23:00,-7,18:38:00,18:45:00,7,2025-06-03,48600,67080,1
2025,6,3,2,LAX,DFW,2025-06-03 14:38:00,14:32:00,-6,19:44:00,19:28:00,-16,2025-06-03,52680,71040,1
2025,6,3,2,LAX,DFW,2025-06-03 15:35:00,15:30:00,-5,20:44:00,20:29:00,-15,2025-06-03,56100,74640,1
2025,6,3,2,LAX,DFW,2025-06-03 16:44:00,16:42:00,-2,21:50:00,22:03:00,13,2025-06-03,60240,78600,1
2025,6,3,2,LAX,DFW,2025-06-03 18:59:00,18:45:00,-14,23:59:00,00:14:00,15,2025-06-03,68340,86340,1
2025,6,3,2,LAX,DFW,2025-06-03 19:25:00,19:36:00,11,00:31:00,00:42:00,11,2025-06-03,69900,1860,1
2025,6,3,2,LAX,DFW,2025-06-03 23:55:00,00:00,5,05:00:00,04:54:00,-6,2025-06-03,86100,18000,1
2025,6,3,2,LAX,DTW,2025-06-03 00:59:00,01:13:00,14,08:25:00,08:23:00,-2,2025-06-03,3540,30300,1
2025,6,3,2,LAX,DTW,2025-06-03 05:35:00,05:27:00,-8,13:01:00,12:41:00,-20,2025-06-03,20100,46860,1
2025,6,3,2,LAX,DTW,2025-06-03 09:50:00,09:48:00,-2,17:10:00,16:58:00,-12,2025-06-03,35400,61800,1
2025,6,3,2,LAX,DTW,2025-06-03 09:59:00,10:03:00,4,17:23:00,17:18:00,-5,2025-06-03,35940,62580,1
2025,6,3,2,LAX,DTW,2025-06-03 11:47:00,11:54:00,7,19:11:00,19:16:00,5,2025-06-03,42420,69060,1
2025,6,3,2,LAX,DTW,2025-06-03 15:52:00,16:17:00,25,23:18:00,23:40:00,22,2025-06-03,57120,83880,1
2025,6,3,2,LAX,DTW,2025-06-03 22:35:00,23:19:00,44,06:00:00,06:31:00,31,2025-06-03,81300,21600,1
2025,6,3,2,LAX,ELP,2025-06-03 09:00:00,08:52:00,-8,11:56:00,11:40:00,-16,2025-06-03,32400,42960,1
2025,6,3,2,LAX,ELP,2025-06-03 10:35:00,10:36:00,1,13:35:00,13:15:00,-20,2025-06-03,38100,48900,1
2025,6,3,2,LAX,ELP,2025-06-03 15:25:00,15:14:00,-11,18:19:00,18:01:00,-18,2025-06-03,55500,65940,1
2025,6,3,2,LAX,ELP,2025-06-03 18:32:00,18:47:00,15,21:25:00,21:33:00,8,2025-06-03,66720,77100,1
2025,6,3,2,LAX,EUG,2025-06-03 20:59:00,21:52:00,53,23:20:00,23:58:00,38,2025-06-03,75540,84000,1
2025,6,3,2,LAX,EWR,2025-06-03 06:00:00,05:52:00,-8,14:34:00,14:06:00,-28,2025-06-03,21600,52440,1
2025,6,3,2,LAX,EWR,2025-06-03 07:00:00,06:50:00,-10,15:40:00,15:09:00,-31,2025-06-03,25200,56400,1
2025,6,3,2,LAX,EWR,2025-06-03 07:00:00,06:55:00,-5,15:34:00,15:19:00,-15,2025-06-03,25200,56040,1
2025,6,3,2,LAX,EWR,2025-06-03 07:54:00,07:56:00,2,16:29:00,16:40:00,11,2025-06-03,28440,59340,1
2025,6,3,2,LAX,EWR,2025-06-03 08:20:00,08:16:00,-4,16:45:00,16:23:00,-22,2025-06-03,30000,60300,1
2025,6,3,2,LAX,EWR,2025-06-03 10:15:00,10:12:00,-3,18:54:00,18:38:00,-16,2025-06-03,36900,68040,1
2025,6,3,2,LAX,EWR,2025-06-03 10:21:00,10:16:00,-5,19:00:00,18:21:00,-39,2025-06-03,37260,68400,1
2025,6,3,2,LAX,EWR,2025-06-03 12:15:00,12:14:00,-1,20:54:00,20:50:00,-4,2025-06-03,44100,75240,1
2025,6,3,2,LAX,EWR,2025-06-03 13:30:00,13:20:00,-10,21:52:00,21:29:00,-23,2025-06-03,48600,78720,1
2025,6,3,2,LAX,EWR,2025-06-03 14:23:00,14:17:00,-6,22:49:00,22:14:00,-35,2025-06-03,51780,82140,1
2025,6,3,2,LAX,EWR,2025-06-03 16:30:00,16:18:00,-12,00:57:00,00:59:00,2,2025-06-03,59400,3420,1
2025,6,3,2,LAX,EWR,2025-06-03 20:55:00,20:53:00,-2,05:08:00,04:53:00,-15,2025-06-03,75300,18480,1
2025,6,3,2,LAX,EWR,2025-06-03 21:43:00,21:36:00,-7,05:59:00,05:43:00,-16,2025-06-03,78180,21540,1
2025,6,3,2,LAX,EWR,2025-06-03 23:59:00,23:55:00,-4,08:12:00,07:55:00,-17,2025-06-03,86340,29520,1
2025,6,3,2,LAX,FAT,2025-06-03 10:30:00,10:26:00,-4,11:48:00,11:48:00,0,2025-06-03,37800,42480,1
2025,6,3,2,LAX,FAT,2025-06-03 19:10:00,19:06:00,-4,20:24:00,20:31:00,7,2025-06-03,69000,73440,1
2025,6,3,2,LAX,FAT,2025-06-03 22:38:00,22:37:00,-1,23:52:00,00:02:00,10,2025-06-03,81480,85920,1
2025,6,3,2,LAX,FCA,2025-06-03 09:22:00,09:15:00,-7,13:21:00,12:56:00,-25,2025-06-03,33720,48060,1
2025,6,3,2,LAX,FLL,2025-06-03 08:30:00,08:26:00,-4,16:37:00,16:08:00,-29,2025-06-03,30600,59820,1
2025,6,3,2,LAX,FLL,2025-06-03 10:47:00,10:38:00,-9,18:59:00,18:23:00,-36,2025-06-03,38820,68340,1
2025,6,3,2,LAX,FLL,2025-06-03 13:50:00,13:44:00,-6,21:59:00,21:23:00,-36,2025-06-03,49800,79140,1
2025,6,3,2,LAX,FLL,2025-06-03 23:05:00,23:03:00,-2,06:55:00,06:48:00,-7,2025-06-03,83100,24900,1
2025,6,3,2,LAX,GEG,2025-06-03 11:16:00,11:09:00,-7,13:56:00,13:42:00,-14,2025-06-03,40560,50160,1
2025,6,3,2,LAX,GEG,2025-06-03 19:05:00,18:56:00,-9,21:40:00,21:19:00,-21,2025-06-03,68700,78000,1
2025,6,3,2,LAX,GEG,2025-06-03 19:45:00,19:27:00,-18,22:22:00,21:57:00,-25,2025-06-03,71100,80520,1
2025,6,3,2,LAX,HNL,2025-06-03 07:00:00,06:59:00,-1,10:05:00,09:20:00,-45,2025-06-03,25200,36300,1
2025,6,3,2,LAX,HNL,2025-06-03 07:00:00,07:05:00,5,09:40:00,09:36:00,-4,2025-06-03,25200,34800,1
2025,6,3,2,LAX,HNL,2025-06-03 08:30:00,08:24:00,-6,11:21:00,11:05:00,-16,2025-06-03,30600,40860,1
2025,6,3,2,LAX,HNL,2025-06-03 08:35:00,08:30:00,-5,11:17:00,10:59:00,-18,2025-06-03,30900,40620,1
2025,6,3,2,LAX,HNL,2025-06-03 08:55:00,09:04:00,9,11:47:00,11:49:00,2,2025-06-03,32100,42420,1
2025,6,3,2,LAX,HNL,2025-06-03 10:00:00,10:07:00,7,12:40:00,12:42:00,2,2025-06-03,36000,45600,1
2025,6,3,2,LAX,HNL,2025-06-03 11:15:00,11:15:00,0,14:04:00,13:56:00,-8,2025-06-03,40500,50640,1
2025,6,3,2,LAX,HNL,2025-06-03 13:15:00,13:09:00,-6,16:01:00,15:56:00,-5,2025-06-03,47700,57660,1
2025,6,3,2,LAX,HNL,2025-06-03 13:45:00,13:44:00,-1,16:32:00,16:27:00,-5,2025-06-03,49500,59520,1
2025,6,3,2,LAX,HNL,2025-06-03 17:55:00,18:06:00,11,20:40:00,20:43:00,3,2025-06-03,64500,74400,1
2025,6,3,2,LAX,HNL,2025-06-03 17:59:00,18:15:00,16,20:44:00,20:41:00,-3,2025-06-03,64740,74640,1
2025,6,3,2,LAX,HNL,2025-06-03 18:25:00,18:25:00,0,21:11:00,21:29:00,18,2025-06-03,66300,76260,1
2025,6,3,2,LAX,HNL,2025-06-03 18:45:00,19:24:00,39,21:28:00,21:43:00,15,2025-06-03,67500,77280,1
2025,6,3,2,LAX,HNL,2025-06-03 20:50:00,21:08:00,18,23:29:00,23:51:00,22,2025-06-03,75000,84540,1
2025,6,3,2,LAX,HOU,2025-06-03 05:05:00,05:20:00,15,10:20:00,10:23:00,3,2025-06-03,18300,37200,1
2025,6,3,2,LAX,HOU,2025-06-03 13:20:00,13:23:00,3,18:40:00,18:23:00,-17,2025-06-03,48000,67200,1
2025,6,3,2,LAX,HOU,2025-06-03 23:40:00,23:39:00,-1,05:00:00,04:50:00,-10,2025-06-03,85200,18000,1
2025,6,3,2,LAX,IAD,2025-06-03 08:00:00,08:02:00,2,16:14:00,16:01:00,-13,2025-06-03,28800,58440,1
2025,6,3,2,LAX,IAD,2025-06-03 08:15:00,08:09:00,-6,16:26:00,16:14:00,-12,2025-06-03,29700,59160,1
2025,6,3,2,LAX,IAD,2025-06-03 10:15:00,10:13:00,-2,18:20:00,18:27:00,7,2025-06-03,36900,66000,1
2025,6,3,2,LAX,IAD,2025-06-03 13:15:00,13:09:00,-6,21:20:00,21:09:00,-11,2025-06-03,47700,76800,1
2025,6,3,2,LAX,IAD,2025-06-03 16:45:00,16:48:00,3,00:44:00,00:54:00,10,2025-06-03,60300,2640,1
2025,6,3,2,LAX,IAD,2025-06-03 21:35:00,21:27:00,-8,05:37:00,05:49:00,12,2025-06-03,77700,20220,1
2025,6,3,2,LAX,IAD,2025-06-03 22:50:00,22:46:00,-4,06:39:00,06:29:00,-10,2025-06-03,82200,23940,1
2025,6,3,2,LAX,IAH,2025-06-03 00:56:00,01:02:00,6,06:18:00,06:02:00,-16,2025-06-03,3360,22680,1
2025,6,3,2,LAX,IAH,2025-06-03 05:15:00,05:10:00,-5,10:42:00,10:16:00,-26,2025-06-03,18900,38520,1
2025,6,3,2,LAX,IAH,2025-06-03 07:15:00,07:08:00,-7,12:44:00,12:05:00,-39,2025-06-03,26100,45840,1
2025,6,3,2,LAX,IAH,2025-06-03 08:40:00,08:35:00,-5,14:09:00,13:32:00,-37,2025-06-03,31200,50940,1
2025,6,3,2,LAX,IAH,2025-06-03 08:50:00,08:59:00,9,14:12:00,13:54:00,-18,2025-06-03,31800,51120,1
2025,6,3,2,LAX,IAH,2025-06-03 10:15:00,10:12:00,-3,15:40:00,15:29:00,-11,2025-06-03,36900,56400,1
2025,6,3,2,LAX,IAH,2025-06-03 11:33:00,11:42:00,9,16:53:00,16:42:00,-11,2025-06-03,41580,60780,1
2025,6,3,2,LAX,IAH,2025-06-03 12:07:00,12:05:00,-2,17:24:00,16:59:00,-25,2025-06-03,43620,62640,1
2025,6,3,2,LAX,IAH,2025-06-03 13:51:00,13:44:00,-7,19:09:00,18:54:00,-15,2025-06-03,49860,68940,1
2025,6,3,2,LAX,IAH,2025-06-03 14:03:00,15:03:00,60,19:41:00,20:08:00,27,2025-06-03,50580,70860,1
2025,6,3,2,LAX,IAH,2025-06-03 18:10:00,18:08:00,-2,23:33:00,23:09:00,-24,2025-06-03,65400,84780,1
2025,6,3,2,LAX,IND,2025-06-03 09:48:00,09:35:00,-13,16:53:00,16:38:00,-15,2025-06-03,35280,60780,1
2025,6,3,2,LAX,IND,2025-06-03 23:00:00,23:11:00,11,06:00:00,06:16:00,16,2025-06-03,82800,21600,1
2025,6,3,2,LAX,JAC,2025-06-03 10:30:00,10:26:00,-4,13:48:00,13:47:00,-1,2025-06-03,37800,49680,1
2025,6,3,2,LAX,JFK,2025-06-03 06:00:00,05:58:00,-2,14:30:00,14:18:00,-12,2025-06-03,21600,52200,1
2025,6,3,2,LAX,JFK,2025-06-03 06:00:00,06:00:00,0,14:30:00,14:45:00,15,2025-06-03,21600,52200,1
2025,6,3,2,LAX,JFK,2025-06-03 07:00:00,06:54:00,-6,15:28:00,15:15:00,-13,2025-06-03,25200,55680,1
2025,6,3,2,LAX,JFK,2025-06-03 07:00:00,07:01:00,1,15:25:00,15:15:00,-10,2025-06-03,25200,55500,1
2025,6,3,2,LAX,JFK,2025-06-03 07:55:00,07:45:00,-10,16:32:00,15:58:00,-34,2025-06-03,28500,59520,1
2025,6,3,2,LAX,JFK,2025-06-03 08:00:00,07:52:00,-8,16:27:00,16:06:00,-21,2025-06-03,28800,59220,1
2025,6,3,2,LAX,JFK,2025-06-03 09:05:00,09:06:00,1,17:55:00,17:50:00,-5,2025-06-03,32700,64500,1
2025,6,3,2,LAX,JFK,2025-06-03 09:55:00,10:29:00,34,18:35:00,18:42:00,7,2025-06-03,35700,66900,1
2025,6,3,2,LAX,JFK,2025-06-03 10:20:00,10:18:00,-2,19:10:00,18:42:00,-28,2025-06-03,37200,69000,1
2025,6,3,2,LAX,JFK,2025-06-03 10:32:00,10:59:00,27,19:00:00,19:21:00,21,2025-06-03,37920,68400,1
2025,6,3,2,LAX,JFK,2025-06-03 11:15:00,11:06:00,-9,19:59:00,19:24:00,-35,2025-06-03,40500,71940,1
2025,6,3,2,LAX,JFK,2025-06-03 11:20:00,11:47:00,27,19:50:00,20:04:00,14,2025-06-03,40800,71400,1
2025,6,3,2,LAX,JFK,2025-06-03 12:00:00,12:00:00,0,20:30:00,20:41:00,11,2025-06-03,43200,73800,1
2025,6,3,2,LAX,JFK,2025-06-03 12:20:00,12:13:00,-7,21:02:00,20:44:00,-18,2025-06-03,44400,75720,1
2025,6,3,2,LAX,JFK,2025-06-03 12:58:00,12:56:00,-2,21:26:00,21:53:00,27,2025-06-03,46680,77160,1
2025,6,3,2,LAX,JFK,2025-06-03 13:05:00,13:19:00,14,21:44:00,21:35:00,-9,2025-06-03,47100,78240,1
2025,6,3,2,LAX,JFK,2025-06-03 14:30:00,14:34:00,4,23:10:00,23:27:00,17,2025-06-03,52200,83400,1
2025,6,3,2,LAX,JFK,2025-06-03 15:15:00,15:11:00,-4,23:50:00,23:50:00,0,2025-06-03,54900,85800,1
2025,6,3,2,LAX,JFK,2025-06-03 15:29:00,15:21:00,-8,23:57:00,00:01:00,4,2025-06-03,55740,86220,1
2025,6,3,2,LAX,JFK,2025-06-03 20:53:00,21:32:00,39,05:30:00,06:03:00,33,2025-06-03,75180,19800,1
2025,6,3,2,LAX,JFK,2025-06-03 21:15:00,21:14:00,-1,05:42:00,05:32:00,-10,2025-06-03,76500,20520,1
2025,6,3,2,LAX,JFK,2025-06-03 21:25:00,21:53:00,28,05:59:00,06:03:00,4,2025-06-03,77100,21540,1
2025,6,3,2,LAX,JFK,2025-06-03 21:55:00,21:53:00,-2,06:21:00,06:26:00,5,2025-06-03,78900,22860,1
2025,6,3,2,LAX,JFK,2025-06-03 22:55:00,22:48:00,-7,07:22:00,07:08:00,-14,2025-06-03,82500,26520,1
2025,6,3,2,LAX,JFK,2025-06-03 23:55:00,23:51:00,-4,08:30:00,08:04:00,-26,2025-06-03,86100,30600,1
2025,6,3,2,LAX,JFK,2025-06-03 23:59:00,00:07:00,8,08:37:00,08:26:00,-11,2025-06-03,86340,31020,1
2025,6,3,2,LAX,KOA,2025-06-03 09:10:00,09:33:00,23,11:50:00,12:13:00,23,2025-06-03,33000,42600,1
2025,6,3,2,LAX,KOA,2025-06-03 09:33:00,09:29:00,-4,12:17:00,11:48:00,-29,2025-06-03,34380,44220,1
2025,6,3,2,LAX,KOA,2025-06-03 16:29:00,16:28:00,-1,19:10:00,18:51:00,-19,2025-06-03,59340,69000,1
2025,6,3,2,LAX,KOA,2025-06-03 17:25:00,17:34:00,9,20:03:00,19:53:00,-10,2025-06-03,62700,72180,1
2025,6,3,2,LAX,LAS,2025-06-03 05:25:00,05:17:00,-8,06:40:00,06:28:00,-12,2025-06-03,19500,24000,1
2025,6,3,2,LAX,LAS,2025-06-03 07:30:00,07:21:00,-9,08:42:00,08:21:00,-21,2025-06-03,27000,31320,1
2025,6,3,2,LAX,LAS,2025-06-03 08:26:00,08:20:00,-6,09:51:00,10:02:00,11,2025-06-03,30360,35460,1
2025,6,3,2,LAX,LAS,2025-06-03 08:30:00,08:23:00,-7,09:50:00,09:38:00,-12,2025-06-03,30600,35400,1
2025,6,3,2,LAX,LAS,2025-06-03 09:35:00,09:28:00,-7,10:47:00,10:41:00,-6,2025-06-03,34500,38820,1
2025,6,3,2,LAX,LAS,2025-06-03 10:30:00,10:25:00,-5,11:47:00,11:28:00,-19,2025-06-03,37800,42420,1
2025,6,3,2,LAX,LAS,2025-06-03 11:37:00,11:26:00,-11,12:52:00,12:34:00,-18,2025-06-03,41820,46320,1
2025,6,3,2,LAX,LAS,2025-06-03 11:45:00,11:49:00,4,13:05:00,12:48:00,-17,2025-06-03,42300,47100,1
2025,6,3,2,LAX,LAS,2025-06-03 14:45:00,14:49:00,4,16:07:00,16:37:00,30,2025-06-03,53100,58020,1
2025,6,3,2,LAX,LAS,2025-06-03 15:13:00,16:05:00,52,16:25:00,17:24:00,59,2025-06-03,54780,59100,1
2025,6,3,2,LAX,LAS,2025-06-03 15:48:00,16:33:00,45,17:13:00,17:44:00,31,2025-06-03,56880,61980,1
2025,6,3,2,LAX,LAS,2025-06-03 17:00:00,17:33:00,33,18:11:00,18:37:00,26,2025-06-03,61200,65460,1
2025,6,3,2,LAX,LAS,2025-06-03 17:35:00,18:06:00,31,18:55:00,19:13:00,18,2025-06-03,63300,68100,1
2025,6,3,2,LAX,LAS,2025-06-03 19:30:00,19:33:00,3,20:52:00,20:41:00,-11,2025-06-03,70200,75120,1
2025,6,3,2,LAX,LAS,2025-06-03 19:40:00,19:48:00,8,21:00:00,21:06:00,6,2025-06-03,70800,75600,1
2025,6,3,2,LAX,LAS,2025-06-03 22:05:00,21:55:00,-10,23:25:00,23:27:00,2,2025-06-03,79500,84300,1
2025,6,3,2,LAX,LAS,2025-06-03 23:05:00,23:02:00,-3,00:27:00,00:20:00,-7,2025-06-03,83100,1620,1
2025,6,3,2,LAX,LIH,2025-06-03 08:42:00,08:37:00,-5,11:38:00,11:17:00,-21,2025-06-03,31320,41880,1
2025,6,3,2,LAX,LIH,2025-06-03 09:00:00,09:41:00,41,11:45:00,12:19:00,34,2025-06-03,32400,42300,1
2025,6,3,2,LAX,LIH,2025-06-03 09:30:00,09:35:00,5,12:32:00,12:18:00,-14,2025-06-03,34200,45120,1
2025,6,3,2,LAX,LIH,2025-06-03 15:00:00,15:10:00,10,17:49:00,18:05:00,16,2025-06-03,54000,64140,1
2025,6,3,2,LAX,MCI,2025-06-03 15:01:00,14:54:00,-7,20:12:00,19:48:00,-24,2025-06-03,54060,72720,1
2025,6,3,2,LAX,MCI,2025-06-03 18:15:00,18:04:00,-11,23:24:00,23:12:00,-12,2025-06-03,65700,84240,1
2025,6,3,2,LAX,MCO,2025-06-03 07:00:00,07:31:00,31,14:49:00,15:20:00,31,2025-06-03,25200,53340,1
2025,6,3,2,LAX,MCO,2025-06-03 09:00:00,08:57:00,-3,16:48:00,17:04:00,16,2025-06-03,32400,60480,1
2025,6,3,2,LAX,MCO,2025-06-03 10:02:00,09:58:00,-4,18:04:00,17:40:00,-24,2025-06-03,36120,65040,1
2025,6,3,2,LAX,MCO,2025-06-03 16:11:00,16:08:00,-3,23:57:00,23:51:00,-6,2025-06-03,58260,86220,1
2025,6,3,2,LAX,MCO,2025-06-03 21:35:00,21:34:00,-1,05:36:00,05:10:00,-26,2025-06-03,77700,20160,1
2025,6,3,2,LAX,MCO,2025-06-03 21:55:00,22:17:00,22,05:40:00,05:52:00,12,2025-06-03,78900,20400,1
2025,6,3,2,LAX,MDW,2025-06-03 06:00:00,05:56:00,-4,12:05:00,11:52:00,-13,2025-06-03,21600,43500,1
2025,6,3,2,LAX,MDW,2025-06-03 11:25:00,11:29:00,4,17:25:00,17:39:00,14,2025-06-03,41100,62700,1
2025,6,3,2,LAX,MDW,2025-06-03 23:10:00,23:28:00,18,05:15:00,05:03:00,-12,2025-06-03,83400,18900,1
2025,6,3,2,LAX,MFE,2025-06-03 08:30:00,08:15:00,-15,13:40:00,13:06:00,-34,2025-06-03,30600,49200,1
2025,6,3,2,LAX,MIA,2025-06-03 06:04:00,05:55:00,-9,14:03:00,13:42:00,-21,2025-06-03,21840,50580,1
2025,6,3,2,LAX,MIA,2025-06-03 08:00:00,07:52:00,-8,15:56:00,15:35:00,-21,2025-06-03,28800,57360,1
2025,6,3,2,LAX,MIA,2025-06-03 09:55:00,10:02:00,7,17:55:00,17:51:00,-4,2025-06-03,35700,64500,1
2025,6,3,2,LAX,MIA,2025-06-03 10:45:00,10:41:00,-4,18:45:00,18:31:00,-14,2025-06-03,38700,67500,1
2025,6,3,2,LAX,MIA,2025-06-03 12:25:00,12:16:00,-9,20:20:00,20:07:00,-13,2025-06-03,44700,73200,1
2025,6,3,2,LAX,MIA,2025-06-03 13:58:00,14:02:00,4,21:54:00,21:40:00,-14,2025-06-03,50280,78840,1
2025,6,3,2,LAX,MIA,2025-06-03 22:04:00,21:57:00,-7,06:00:00,05:51:00,-9,2025-06-03,79440,21600,1
2025,6,3,2,LAX,MIA,2025-06-03 22:59:00,22:53:00,-6,06:57:00,06:39:00,-18,2025-06-03,82740,25020,1
2025,6,3,2,LAX,MIA,2025-06-03 23:45:00,23:44:00,-1,07:40:00,07:28:00,-12,2025-06-03,85500,27600,1
2025,6,3,2,LAX,MRY,2025-06-03 08:20:00,08:11:00,-9,09:42:00,09:43:00,1,2025-06-03,30000,34920,1
2025,6,3,2,LAX,MRY,2025-06-03 18:23:00,18:17:00,-6,19:37:00,19:18:00,-19,2025-06-03,66180,70620,1
2025,6,3,2,LAX,MSP,2025-06-03 00:50:00,00:46:00,-4,06:33:00,06:06:00,-27,2025-06-03,3000,23580,1
2025,6,3,2,LAX,MSP,2025-06-03 06:15:00,06:21:00,6,11:53:00,11:54:00,1,2025-06-03,22500,42780,1
2025,6,3,2,LAX,MSP,2025-06-03 08:25:00,08:19:00,-6,14:05:00,13:47:00,-18,2025-06-03,30300,50700,1
2025,6,3,2,LAX,MSP,2025-06-03 12:00:00,12:18:00,18,17:40:00,17:35:00,-5,2025-06-03,43200,63600,1
2025,6,3,2,LAX,MSP,2025-06-03 13:17:00,13:45:00,28,18:55:00,19:13:00,18,2025-06-03,47820,68100,1
2025,6,3,2,LAX,MSP,2025-06-03 23:40:00,23:29:00,-11,05:24:00,04:46:00,-38,2025-06-03,85200,19440,1
2025,6,3,2,LAX,MSY,2025-06-03 07:15:00,07:06:00,-9,12:52:00,12:41:00,-11,2025-06-03,26100,46320,1
2025,6,3,2,LAX,MSY,2025-06-03 07:35:00,07:30:00,-5,13:15:00,12:49:00,-26,2025-06-03,27300,47700,1
2025,6,3,2,LAX,MSY,2025-06-03 11:54:00,11:45:00,-9,17:32:00,17:08:00,-24,2025-06-03,42840,63120,1
2025,6,3,2,LAX,MSY,2025-06-03 18:00:00,18:26:00,26,23:34:00,23:49:00,15,2025-06-03,64800,84840,1
2025,6,3,2,LAX,OAK,2025-06-03 06:05:00,05:59:00,-6,07:35:00,07:09:00,-26,2025-06-03,21900,27300,1
2025,6,3,2,LAX,OAK,2025-06-03 08:15:00,08:16:00,1,09:45:00,09:22:00,-23,2025-06-03,29700,35100,1
2025,6,3,2,LAX,OAK,2025-06-03 11:35:00,11:30:00,-5,13:00:00,12:48:00,-12,2025-06-03,41700,46800,1
2025,6,3,2,LAX,OAK,2025-06-03 15:15:00,15:09:00,-6,16:40:00,16:36:00,-4,2025-06-03,54900,60000,1
2025,6,3,2,LAX,OAK,2025-06-03 18:00:00,18:01:00,1,19:30:00,19:11:00,-19,2025-06-03,64800,70200,1
2025,6,3,2,LAX,OAK,2025-06-03 19:30:00,19:28:00,-2,20:55:00,20:40:00,-15,2025-06-03,70200,75300,1
2025,6,3,2,LAX,OGG,2025-06-03 07:45:00,07:46:00,1,10:25:00,10:29:00,4,2025-06-03,27900,37500,1
2025,6,3,2,LAX,OGG,2025-06-03 08:00:00,07:52:00,-8,10:35:00,10:34:00,-1,2025-06-03,28800,38100,1
2025,6,3,2,LAX,OGG,2025-06-03 08:15:00,08:09:00,-6,10:55:00,10:43:00,-12,2025-06-03,29700,39300,1
2025,6,3,2,LAX,OGG,2025-06-03 09:39:00,09:33:00,-6,12:19:00,12:09:00,-10,2025-06-03,34740,44340,1
2025,6,3,2,LAX,OGG,2025-06-03 16:50:00,17:02:00,12,19:25:00,19:20:00,-5,2025-06-03,60600,69900,1
2025,6,3,2,LAX,OGG,2025-06-03 16:55:00,16:54:00,-1,19:34:00,19:27:00,-7,2025-06-03,60900,70440,1
2025,6,3,2,LAX,OKC,2025-06-03 09:54:00,09:49:00,-5,14:49:00,14:32:00,-17,2025-06-03,35640,53340,1
2025,6,3,2,LAX,OKC,2025-06-03 17:41:00,17:41:00,0,22:32:00,22:41:00,9,2025-06-03,63660,81120,1
2025,6,3,2,LAX,OMA,2025-06-03 14:04:00,13:53:00,-11,19:15:00,19:03:00,-12,2025-06-03,50640,69300,1
2025,6,3,2,LAX,ORD,2025-06-03 00:30:00,00:30:00,0,06:42:00,06:36:00,-6,2025-06-03,1800,24120,1
2025,6,3,2,LAX,ORD,2025-06-03 00:41:00,00:34:00,-7,06:42:00,06:33:00,-9,2025-06-03,2460,24120,1
2025,6,3,2,LAX,ORD,2025-06-03 05:30:00,05:20:00,-10,11:36:00,11:07:00,-29,2025-06-03,19800,41760,1
2025,6,3,2,LAX,ORD,2025-06-03 06:05:00,05:59:00,-6,12:20:00,11:55:00,-25,2025-06-03,21900,44400,1
2025,6,3,2,LAX,ORD,2025-06-03 06:20:00,06:09:00,-11,12:42:00,12:05:00,-37,2025-06-03,22800,45720,1
2025,6,3,2,LAX,ORD,2025-06-03 07:45:00,07:42:00,-3,13:51:00,13:29:00,-22,2025-06-03,27900,49860,1
2025,6,3,2,LAX,ORD,2025-06-03 08:15:00,08:08:00,-7,14:39:00,14:17:00,-22,2025-06-03,29700,52740,1
2025,6,3,2,LAX,ORD,2025-06-03 09:43:00,09:40:00,-3,15:55:00,15:45:00,-10,2025-06-03,34980,57300,1
2025,6,3,2,LAX,ORD,2025-06-03 10:40:00,10:47:00,7,16:56:00,16:55:00,-1,2025-06-03,38400,60960,1
2025,6,3,2,LAX,ORD,2025-06-03 11:16:00,11:46:00,30,17:26:00,17:45:00,19,2025-06-03,40560,62760,1
2025,6,3,2,LAX,ORD,2025-06-03 12:37:00,12:28:00,-9,18:55:00,18:48:00,-7,2025-06-03,45420,68100,1
2025,6,3,2,LAX,ORD,2025-06-03 13:30:00,13:22:00,-8,19:38:00,19:29:00,-9,2025-06-03,48600,70680,1
2025,6,3,2,LAX,ORD,2025-06-03 14:01:00,14:00:00,-1,20:25:00,20:44:00,19,2025-06-03,50460,73500,1
2025,6,3,2,LAX,ORD,2025-06-03 16:20:00,16:11:00,-9,22:32:00,22:54:00,22,2025-06-03,58800,81120,1
2025,6,3,2,LAX,ORD,2025-06-03 16:40:00,16:56:00,16,23:04:00,23:18:00,14,2025-06-03,60000,83040,1
2025,6,3,2,LAX,ORD,2025-06-03 17:38:00,17:58:00,20,23:59:00,23:57:00,-2,2025-06-03,63480,86340,1
2025,6,3,2,LAX,ORD,2025-06-03 22:40:00,22:39:00,-1,04:51:00,04:51:00,0,2025-06-03,81600,17460,1
2025,6,3,2,LAX,ORD,2025-06-03 22:59:00,22:51:00,-8,05:10:00,04:39:00,-31,2025-06-03,82740,18600,1
2025,6,3,2,LAX,ORD,2025-06-03 23:37:00,23:44:00,7,05:45:00,05:37:00,-8,2025-06-03,85020,20700,1
2025,6,3,2,LAX,ORD,2025-06-03 23:45:00,23:59:00,14,05:53:00,05:56:00,3,2025-06-03,85500,21180,1
2025,6,3,2,LAX,PDX,2025-06-03 07:00:00,06:49:00,-11,09:24:00,09:06:00,-18,2025-06-03,25200,33840,1
2025,6,3,2,LAX,PDX,2025-06-03 07:00:00,06:52:00,-8,09:28:00,09:25:00,-3,2025-06-03,25200,34080,1
2025,6,3,2,LAX,PDX,2025-06-03 09:25:00,09:20:00,-5,11:52:00,11:52:00,0,2025-06-03,33900,42720,1
2025,6,3,2,LAX,PDX,2025-06-03 09:40:00,09:34:00,-6,12:04:00,11:51:00,-13,2025-06-03,34800,43440,1
2025,6,3,2,LAX,PDX,2025-06-03 11:20:00,11:15:00,-5,13:47:00,13:45:00,-2,2025-06-03,40800,49620,1
2025,6,3,2,LAX,PDX,2025-06-03 13:43:00,13:38:00,-5,16:08:00,15:52:00,-16,2025-06-03,49380,58080,1
2025,6,3,2,LAX,PDX,2025-06-03 13:57:00,13:46:00,-11,16:24:00,16:07:00,-17,2025-06-03,50220,59040,1
2025,6,3,2,LAX,PDX,2025-06-03 16:38:00,16:31:00,-7,19:04:00,18:49:00,-15,2025-06-03,59880,68640,1
2025,6,3,2,LAX,PDX,2025-06-03 18:20:00,18:12:00,-8,20:48:00,20:30:00,-18,2025-06-03,66000,74880,1
2025,6,3,2,LAX,PDX,2025-06-03 20:20:00,20:16:00,-4,22:41:00,22:40:00,-1,2025-06-03,73200,81660,1
2025,6,3,2,LAX,PDX,2025-06-03 21:28:00,21:21:00,-7,23:59:00,23:39:00,-20,2025-06-03,77280,86340,1
2025,6,3,2,LAX,PHL,2025-06-03 07:00:00,06:56:00,-4,15:05:00,15:05:00,0,2025-06-03,25200,54300,1
2025,6,3,2,LAX,PHL,2025-06-03 09:48:00,09:49:00,1,17:55:00,18:04:00,9,2025-06-03,35280,64500,1
2025,6,3,2,LAX,PHL,2025-06-03 12:04:00,12:04:00,0,20:12:00,20:14:00,2,2025-06-03,43440,72720,1
2025,6,3,2,LAX,PHL,2025-06-03 12:15:00,12:12:00,-3,20:25:00,20:23:00,-2,2025-06-03,44100,73500,1
2025,6,3,2,LAX,PHL,2025-06-03 15:45:00,15:37:00,-8,23:53:00,23:59:00,6,2025-06-03,56700,85980,1
2025,6,3,2,LAX,PHL,2025-06-03 23:21:00,23:18:00,-3,07:25:00,07:26:00,1,2025-06-03,84060,26700,1
2025,6,3,2,LAX,PHX,2025-06-03 05:15:00,05:07:00,-8,06:40:00,06:23:00,-17,2025-06-03,18900,24000,1
2025,6,3,2,LAX,PHX,2025-06-03 06:00:00,05:50:00,-10,07:30:00,07:09:00,-21,2025-06-03,21600,27000,1
2025,6,3,2,LAX,PHX,2025-06-03 07:13:00,07:03:00,-10,08:34:00,08:33:00,-1,2025-06-03,25980,30840,1
2025,6,3,2,LAX,PHX,2025-06-03 08:15:00,08:11:00,-4,09:51:00,09:59:00,8,2025-06-03,29700,35460,1
2025,6,3,2,LAX,PHX,2025-06-03 08:25:00,08:18:00,-7,09:56:00,09:38:00,-18,2025-06-03,30300,35760,1
2025,6,3,2,LAX,PHX,2025-06-03 08:30:00,08:26:00,-4,10:00:00,09:49:00,-11,2025-06-03,30600,36000,1
2025,6,3,2,LAX,PHX,2025-06-03 10:00:00,09:50:00,-10,11:27:00,11:14:00,-13,2025-06-03,36000,41220,1
2025,6,3,2,LAX,PHX,2025-06-03 10:30:00,11:02:00,32,12:00:00,12:15:00,15,2025-06-03,37800,43200,1
2025,6,3,2,LAX,PHX,2025-06-03 10:31:00,10:21:00,-10,11:57:00,11:40:00,-17,2025-06-03,37860,43020,1
2025,6,3,2,LAX,PHX,2025-06-03 13:03:00,12:56:00,-7,14:30:00,14:25:00,-5,2025-06-03,46980,52200,1
2025,6,3,2,LAX,PHX,2025-06-03 13:25:00,13:18:00,-7,15:03:00,14:51:00,-12,2025-06-03,48300,54180,1
2025,6,3,2,LAX,PHX,2025-06-03 14:30:00,14:23:00,-7,15:55:00,16:00:00,5,2025-06-03,52200,57300,1
2025,6,3,2,LAX,PHX,2025-06-03 16:15:00,16:17:00,2,17:45:00,17:38:00,-7,2025-06-03,58500,63900,1
2025,6,3,2,LAX,PHX,2025-06-03 17:11:00,17:31:00,20,18:42:00,18:57:00,15,2025-06-03,61860,67320,1
2025,6,3,2,LAX,PHX,2025-06-03 17:44:00,17:38:00,-6,19:09:00,19:06:00,-3,2025-06-03,63840,68940,1
2025,6,3,2,LAX,PHX,2025-06-03 18:30:00,18:41:00,11,20:00:00,19:58:00,-2,2025-06-03,66600,72000,1
2025,6,3,2,LAX,PHX,2025-06-03 18:57:00,19:42:00,45,20:25:00,21:07:00,42,2025-06-03,68220,73500,1
2025,6,3,2,LAX,PHX,2025-06-03 20:20:00,20:31:00,11,21:50:00,21:44:00,-6,2025-06-03,73200,78600,1
2025,6,3,2,LAX,PHX,2025-06-03 21:30:00,21:23:00,-7,22:57:00,22:48:00,-9,2025-06-03,77400,82620,1
2025,6,3,2,LAX,PHX,2025-06-03 22:35:00,22:35:00,0,00:13:00,00:04:00,-9,2025-06-03,81300,780,1
2025,6,3,2,LAX,PIT,2025-06-03 09:05:00,09:00:00,-5,16:46:00,16:41:00,-5,2025-06-03,32700,60360,1
2025,6,3,2,LAX,PRC,2025-06-03 19:45:00,19:37:00,-8,21:11:00,21:00:00,-11,2025-06-03,71100,76260,1
2025,6,3,2,LAX,PSC,2025-06-03 20:22:00,20:12:00,-10,22:57:00,22:46:00,-11,2025-06-03,73320,82620,1
2025,6,3,2,LAX,RDD,2025-06-03 12:50:00,13:04:00,14,14:39:00,15:04:00,25,2025-06-03,46200,52740,1
2025,6,3,2,LAX,RDM,2025-06-03 12:45:00,12:38:00,-7,15:03:00,14:53:00,-10,2025-06-03,45900,54180,1
2025,6,3,2,LAX,RDU,2025-06-03 08:25:00,09:07:00,42,16:19:00,16:51:00,32,2025-06-03,30300,58740,1
2025,6,3,2,LAX,RDU,2025-06-03 11:50:00,11:45:00,-5,19:40:00,19:34:00,-6,2025-06-03,42600,70800,1
2025,6,3,2,LAX,RNO,2025-06-03 09:59:00,09:56:00,-3,11:28:00,11:12:00,-16,2025-06-03,35940,41280,1
2025,6,3,2,LAX,RNO,2025-06-03 10:19:00,10:14:00,-5,12:00:00,12:00:00,0,2025-06-03,37140,43200,1
2025,6,3,2,LAX,RNO,2025-06-03 15:04:00,15:57:00,53,16:32:00,17:30:00,58,2025-06-03,54240,59520,1
2025,6,3,2,LAX,RNO,2025-06-03 17:10:00,17:03:00,-7,18:44:00,18:30:00,-14,2025-06-03,61800,67440,1
2025,6,3,2,LAX,RNO,2025-06-03 20:55:00,20:51:00,-4,22:21:00,22:09:00,-12,2025-06-03,75300,80460,1
2025,6,3,2,LAX,RNO,2025-06-03 21:59:00,21:46:00,-13,23:32:00,23:04:00,-28,2025-06-03,79140,84720,1
2025,6,3,2,LAX,SAN,2025-06-03 08:25:00,08:32:00,7,09:21:00,09:31:00,10,2025-06-03,30300,33660,1
2025,6,3,2,LAX,SAN,2025-06-03 09:20:00,09:15:00,-5,10:24:00,10:30:00,6,2025-06-03,33600,37440,1
2025,6,3,2,LAX,SAN,2025-06-03 14:06:00,14:06:00,0,14:57:00,14:58:00,1,2025-06-03,50760,53820,1
2025,6,3,2,LAX,SAN,2025-06-03 17:59:00,17:52:00,-7,18:51:00,18:52:00,1,2025-06-03,64740,67860,1
2025,6,3,2,LAX,SAN,2025-06-03 18:46:00,18:37:00,-9,19:47:00,19:27:00,-20,2025-06-03,67560,71220,1
2025,6,3,2,LAX,SAN,2025-06-03 22:17:00,22:08:00,-9,23:11:00,22:57:00,-14,2025-06-03,80220,83460,1
2025,6,3,2,LAX,SAN,2025-06-03 22:45:00,22:41:00,-4,23:46:00,23:43:00,-3,2025-06-03,81900,85560,1
2025,6,3,2,LAX,SAT,2025-06-03 08:05:00,07:58:00,-7,13:00:00,12:33:00,-27,2025-06-03,29100,46800,1
2025,6,3,2,LAX,SAT,2025-06-03 08:54:00,08:45:00,-9,13:42:00,13:29:00,-13,2025-06-03,32040,49320,1
2025,6,3,2,LAX,SAT,2025-06-03 08:55:00,08:51:00,-4,13:50:00,13:25:00,-25,2025-06-03,32100,49800,1
2025,6,3,2,LAX,SAT,2025-06-03 09:49:00,10:12:00,23,14:35:00,14:43:00,8,2025-06-03,35340,52500,1
2025,6,3,2,LAX,SAT,2025-06-03 17:30:00,18:12:00,42,22:20:00,23:00:00,40,2025-06-03,63000,80400,1
2025,6,3,2,LAX,SAT,2025-06-03 18:57:00,19:14:00,17,23:42:00,23:51:00,9,2025-06-03,68220,85320,1
2025,6,3,2,LAX,SBA,2025-06-03 15:20:00,15:12:00,-8,16:12:00,16:00:00,-12,2025-06-03,55200,58320,1
2025,6,3,2,LAX,SBA,2025-06-03 23:00:00,22:34:00,-26,23:58:00,23:42:00,-16,2025-06-03,82800,86280,1
2025,6,3,2,LAX,SBP,2025-06-03 15:00:00,14:53:00,-7,16:01:00,15:39:00,-22,2025-06-03,54000,57660,1
2025,6,3,2,LAX,SBP,2025-06-03 22:32:00,22:28:00,-4,23:36:00,23:21:00,-15,2025-06-03,81120,84960,1
2025,6,3,2,LAX,SEA,2025-06-03 06:00:00,05:51:00,-9,08:56:00,08:52:00,-4,2025-06-03,21600,32160,1
2025,6,3,2,LAX,SEA,2025-06-03 07:00:00,06:49:00,-11,09:55:00,09:44:00,-11,2025-06-03,25200,35700,1
2025,6,3,2,LAX,SEA,2025-06-03 07:00:00,06:52:00,-8,10:03:00,09:45:00,-18,2025-06-03,25200,36180,1
2025,6,3,2,LAX,SEA,2025-06-03 08:00:00,07:54:00,-6,10:58:00,11:35:00,37,2025-06-03,28800,39480,1
2025,6,3,2,LAX,SEA,2025-06-03 09:35:00,09:29:00,-6,12:33:00,12:18:00,-15,2025-06-03,34500,45180,1
2025,6,3,2,LAX,SEA,2025-06-03 09:35:00,10:04:00,29,12:30:00,12:47:00,17,2025-06-03,34500,45000,1
2025,6,3,2,LAX,SEA,2025-06-03 11:10:00,11:07:00,-3,14:01:00,14:03:00,2,2025-06-03,40200,50460,1
2025,6,3,2,LAX,SEA,2025-06-03 11:30:00,12:10:00,40,14:30:00,14:45:00,15,2025-06-03,41400,52200,1
2025,6,3,2,LAX,SEA,2025-06-03 11:55:00,11:48:00,-7,14:50:00,14:41:00,-9,2025-06-03,42900,53400,1
2025,6,3,2,LAX,SEA,2025-06-03 13:51:00,13:43:00,-8,16:45:00,16:27:00,-18,2025-06-03,49860,60300,1
2025,6,3,2,LAX,SEA,2025-06-03 13:58:00,13:55:00,-3,16:53:00,16:48:00,-5,2025-06-03,50280,60780,1
2025,6,3,2,LAX,SEA,2025-06-03 15:36:00,15:53:00,17,18:27:00,18:52:00,25,2025-06-03,56160,66420,1
2025,6,3,2,LAX,SEA,2025-06-03 17:45:00,17:39:00,-6,20:35:00,20:28:00,-7,2025-06-03,63900,74100,1
2025,6,3,2,LAX,SEA,2025-06-03 17:55:00,17:48:00,-7,20:49:00,20:18:00,-31,2025-06-03,64500,74940,1
2025,6,3,2,LAX,SEA,2025-06-03 18:45:00,18:49:00,4,21:36:00,21:35:00,-1,2025-06-03,67500,77760,1
2025,6,3,2,LAX,SEA,2025-06-03 19:07:00,19:05:00,-2,21:58:00,21:43:00,-15,2025-06-03,68820,79080,1
2025,6,3,2,LAX,SEA,2025-06-03 20:07:00,20:00:00,-7,23:09:00,22:55:00,-14,2025-06-03,72420,83340,1
2025,6,3,2,LAX,SEA,2025-06-03 20:15:00,20:04:00,-11,23:17:00,23:01:00,-16,2025-06-03,72900,83820,1
2025,6,3,2,LAX,SFO,2025-06-03 06:00:00,05:51:00,-9,07:38:00,07:13:00,-25,2025-06-03,21600,27480,1
2025,6,3,2,LAX,SFO,2025-06-03 06:00:00,05:54:00,-6,07:31:00,07:20:00,-11,2025-06-03,21600,27060,1
2025,6,3,2,LAX,SFO,2025-06-03 06:30:00,06:23:00,-7,07:53:00,07:32:00,-21,2025-06-03,23400,28380,1
2025,6,3,2,LAX,SFO,2025-06-03 06:55:00,06:53:00,-2,08:20:00,08:04:00,-16,2025-06-03,24900,30000,1
2025,6,3,2,LAX,SFO,2025-06-03 08:05:00,07:58:00,-7,09:45:00,09:30:00,-15,2025-06-03,29100,35100,1
2025,6,3,2,LAX,SFO,2025-06-03 09:20:00,09:22:00,2,10:52:00,10:38:00,-14,2025-06-03,33600,39120,1
2025,6,3,2,LAX,SFO,2025-06-03 09:50:00,09:49:00,-1,11:20:00,10:54:00,-26,2025-06-03,35400,40800,1
2025,6,3,2,LAX,SFO,2025-06-03 10:15:00,10:18:00,3,11:45:00,11:33:00,-12,2025-06-03,36900,42300,1
2025,6,3,2,LAX,SFO,2025-06-03 10:26:00,10:16:00,-10,11:59:00,11:30:00,-29,2025-06-03,37560,43140,1
2025,6,3,2,LAX,SFO,2025-06-03 11:00:00,10:50:00,-10,12:31:00,12:05:00,-26,2025-06-03,39600,45060,1
2025,6,3,2,LAX,SFO,2025-06-03 11:00:00,10:55:00,-5,12:32:00,12:12:00,-20,2025-06-03,39600,45120,1
2025,6,3,2,LAX,SFO,2025-06-03 12:20:00,12:15:00,-5,13:43:00,13:41:00,-2,2025-06-03,44400,49380,1
2025,6,3,2,LAX,SFO,2025-06-03 13:39:00,13:34:00,-5,15:07:00,14:47:00,-20,2025-06-03,49140,54420,1
2025,6,3,2,LAX,SFO,2025-06-03 13:55:00,14:31:00,36,15:15:00,15:37:00,22,2025-06-03,50100,54900,1
2025,6,3,2,LAX,SFO,2025-06-03 16:00:00,15:54:00,-6,17:28:00,17:28:00,0,2025-06-03,57600,62880,1
2025,6,3,2,LAX,SFO,2025-06-03 16:10:00,16:05:00,-5,17:39:00,17:24:00,-15,2025-06-03,58200,63540,1
2025,6,3,2,LAX,SFO,2025-06-03 16:25:00,16:52:00,27,17:48:00,17:56:00,8,2025-06-03,59100,64080,1
2025,6,3,2,LAX,SFO,2025-06-03 17:10:00,17:03:00,-7,18:40:00,18:31:00,-9,2025-06-03,61800,67200,1
2025,6,3,2,LAX,SFO,2025-06-03 18:31:00,18:27:00,-4,19:58:00,19:48:00,-10,2025-06-03,66660,71880,1
2025,6,3,2,LAX,SFO,2025-06-03 18:40:00,19:04:00,24,20:09:00,20:15:00,6,2025-06-03,67200,72540,1
2025,6,3,2,LAX,SFO,2025-06-03 18:55:00,19:30:00,35,20:15:00,20:47:00,32,2025-06-03,68100,72900,1
2025,6,3,2,LAX,SFO,2025-06-03 19:25:00,19:17:00,-8,20:57:00,20:53:00,-4,2025-06-03,69900,75420,1
2025,6,3,2,LAX,SFO,2025-06-03 19:35:00,19:28:00,-7,21:00:00,20:45:00,-15,2025-06-03,70500,75600,1
2025,6,3,2,LAX,SFO,2025-06-03 21:10:00,21:31:00,21,22:40:00,22:30:00,-10,2025-06-03,76200,81600,1
2025,6,3,2,LAX,SFO,2025-06-03 21:45:00,21:37:00,-8,23:09:00,23:12:00,3,2025-06-03,78300,83340,1
2025,6,3,2,LAX,SFO,2025-06-03 22:30:00,22:24:00,-6,23:58:00,00:03:00,5,2025-06-03,81000,86280,1
2025,6,3,2,LAX,SGU,2025-06-03 13:15:00,13:01:00,-14,15:47:00,15:32:00,-15,2025-06-03,47700,56820,1
2025,6,3,2,LAX,SJC,2025-06-03 06:35:00,06:29:00,-6,07:50:00,07:31:00,-19,2025-06-03,23700,28200,1
2025,6,3,2,LAX,SJC,2025-06-03 06:55:00,06:47:00,-8,08:10:00,07:55:00,-15,2025-06-03,24900,29400,1
2025,6,3,2,LAX,SJC,2025-06-03 09:14:00,09:05:00,-9,10:33:00,10:16:00,-17,2025-06-03,33240,37980,1
2025,6,3,2,LAX,SJC,2025-06-03 11:39:00,11:39:00,0,12:57:00,12:40:00,-17,2025-06-03,41940,46620,1
2025,6,3,2,LAX,SJC,2025-06-03 12:25:00,12:49:00,24,13:40:00,13:51:00,11,2025-06-03,44700,49200,1
2025,6,3,2,LAX,SJC,2025-06-03 14:06:00,14:29:00,23,15:20:00,15:33:00,13,2025-06-03,50760,55200,1
2025,6,3,2,LAX,SJC,2025-06-03 16:28:00,17:11:00,43,17:45:00,18:18:00,33,2025-06-03,59280,63900,1
2025,6,3,2,LAX,SJC,2025-06-03 16:50:00,16:49:00,-1,18:10:00,17:53:00,-17,2025-06-03,60600,65400,1
2025,6,3,2,LAX,SJC,2025-06-03 17:16:00,17:12:00,-4,18:34:00,18:22:00,-12,2025-06-03,62160,66840,1
2025,6,3,2,LAX,SJC,2025-06-03 18:10:00,18:04:00,-6,19:25:00,19:14:00,-11,2025-06-03,65400,69900,1
2025,6,3,2,LAX,SJC,2025-06-03 19:20:00,19:37:00,17,20:40:00,20:39:00,-1,2025-06-03,69600,74400,1
2025,6,3,2,LAX,SJC,2025-06-03 20:59:00,20:48:00,-11,22:13:00,21:58:00,-15,2025-06-03,75540,79980,1
2025,6,3,2,LAX,SLC,2025-06-03 06:00:00,06:01:00,1,08:55:00,08:48:00,-7,2025-06-03,21600,32100,1
2025,6,3,2,LAX,SLC,2025-06-03 07:00:00,06:46:00,-14,09:55:00,09:37:00,-18,2025-06-03,25200,35700,1
2025,6,3,2,LAX,SLC,2025-06-03 08:40:00,08:34:00,-6,11:40:00,11:20:00,-20,2025-06-03,31200,42000,1
2025,6,3,2,LAX,SLC,2025-06-03 09:15:00,09:12:00,-3,12:11:00,12:00:00,-11,2025-06-03,33300,43860,1
2025,6,3,2,LAX,SLC,2025-06-03 11:35:00,11:45:00,10,14:29:00,14:31:00,2,2025-06-03,41700,52140,1
2025,6,3,2,LAX,SLC,2025-06-03 13:13:00,13:07:00,-6,16:08:00,15:58:00,-10,2025-06-03,47580,58080,1
2025,6,3,2,LAX,SLC,2025-06-03 17:05:00,17:05:00,0,20:00:00,20:07:00,7,2025-06-03,61500,72000,1
2025,6,3,2,LAX,SLC,2025-06-03 18:45:00,19:37:00,52,21:39:00,22:29:00,50,2025-06-03,67500,77940,1
2025,6,3,2,LAX,SLC,2025-06-03 19:25:00,19:17:00,-8,22:15:00,21:58:00,-17,2025-06-03,69900,80100,1
2025,6,3,2,LAX,SMF,2025-06-03 06:25:00,06:24:00,-1,07:55:00,07:35:00,-20,2025-06-03,23100,28500,1
2025,6,3,2,LAX,SMF,2025-06-03 07:58:00,07:48:00,-10,09:24:00,09:09:00,-15,2025-06-03,28680,33840,1
2025,6,3,2,LAX,SMF,2025-06-03 08:15:00,08:10:00,-5,09:52:00,09:53:00,1,2025-06-03,29700,35520,1
2025,6,3,2,LAX,SMF,2025-06-03 08:55:00,08:54:00,-1,10:35:00,10:16:00,-19,2025-06-03,32100,38100,1
2025,6,3,2,LAX,SMF,2025-06-03 10:13:00,10:13:00,0,11:45:00,11:43:00,-2,2025-06-03,36780,42300,1
2025,6,3,2,LAX,SMF,2025-06-03 13:00:00,12:49:00,-11,14:35:00,14:34:00,-1,2025-06-03,46800,52500,1
2025,6,3,2,LAX,SMF,2025-06-03 13:25:00,13:21:00,-4,14:57:00,14:54:00,-3,2025-06-03,48300,53820,1
2025,6,3,2,LAX,SMF,2025-06-03 13:55:00,14:01:00,6,15:25:00,15:17:00,-8,2025-06-03,50100,55500,1
2025,6,3,2,LAX,SMF,2025-06-03 15:57:00,15:55:00,-2,17:26:00,17:47:00,21,2025-06-03,57420,62760,1
2025,6,3,2,LAX,SMF,2025-06-03 17:05:00,16:55:00,-10,18:37:00,18:30:00,-7,2025-06-03,61500,67020,1
2025,6,3,2,LAX,SMF,2025-06-03 18:10:00,18:00:00,-10,19:37:00,19:17:00,-20,2025-06-03,65400,70620,1
2025,6,3,2,LAX,SMF,2025-06-03 18:10:00,18:23:00,13,19:40:00,19:36:00,-4,2025-06-03,65400,70800,1
2025,6,3,2,LAX,SMF,2025-06-03 20:00:00,19:52:00,-8,21:37:00,21:22:00,-15,2025-06-03,72000,77820,1
2025,6,3,2,LAX,SMF,2025-06-03 20:15:00,20:17:00,2,21:45:00,21:34:00,-11,2025-06-03,72900,78300,1
2025,6,3,2,LAX,SMF,2025-06-03 21:55:00,22:08:00,13,23:19:00,23:32:00,13,2025-06-03,78900,83940,1
2025,6,3,2,LAX,STL,2025-06-03 05:50:00,05:44:00,-6,11:30:00,11:08:00,-22,2025-06-03,21000,41400,1
2025,6,3,2,LAX,STL,2025-06-03 15:55:00,16:16:00,21,21:35:00,22:15:00,40,2025-06-03,57300,77700,1
2025,6,3,2,LAX,STL,2025-06-03 17:29:00,17:27:00,-2,23:04:00,23:08:00,4,2025-06-03,62940,83040,1
2025,6,3,2,LAX,STS,2025-06-03 09:25:00,09:19:00,-6,11:06:00,10:36:00,-30,2025-06-03,33900,39960,1
2025,6,3,2,LAX,STS,2025-06-03 21:56:00,22:04:00,8,23:30:00,23:22:00,-8,2025-06-03,78960,84600,1
2025,6,3,2,LAX,TPA,2025-06-03 10:25:00,10:21:00,-4,18:06:00,18:02:00,-4,2025-06-03,37500,65160,1
2025,6,3,2,LAX,TPA,2025-06-03 22:10:00,21:58:00,-12,05:40:00,05:30:00,-10,2025-06-03,79800,20400,1
2025,6,3,2,LAX,TPA,2025-06-03 23:59:00,23:45:00,-14,07:56:00,07:17:00,-39,2025-06-03,86340,28560,1
2025,6,3,2,LAX,TUL,2025-06-03 09:15:00,09:15:00,0,14:28:00,14:22:00,-6,2025-06-03,33300,52080,1
2025,6,3,2,LAX,TUS,2025-06-03 09:26:00,09:20:00,-6,11:00:00,10:41:00,-19,2025-06-03,33960,39600,1
2025,6,3,2,LAX,TUS,2025-06-03 09:35:00,09:31:00,-4,11:06:00,10:50:00,-16,2025-06-03,34500,39960,1
2025,6,3,2,LAX,TUS,2025-06-03 14:18:00,14:20:00,2,15:49:00,15:39:00,-10,2025-06-03,51480,56940,1
2025,6,3,2,LAX,TUS,2025-06-03 15:24:00,15:14:00,-10,16:56:00,16:48:00,-8,2025-06-03,55440,60960,1
2025,6,3,2,LAX,TUS,2025-06-03 19:00:00,18:55:00,-5,20:28:00,20:28:00,0,2025-06-03,68400,73680,1
2025,6,3,2,LAX,TUS,2025-06-03 19:05:00,18:57:00,-8,20:40:00,20:20:00,-20,2025-06-03,68700,74400,1
2025,6,3,2,LAX,XNA,2025-06-03 10:09:00,10:10:00,1,15:25:00,15:29:00,4,2025-06-03,36540,55500,1
2025,6,4,3,LAX,ABQ,2025-06-04 08:59:00,08:48:00,-11,12:04:00,11:47:00,-17,2025-06-04,32340,43440,2
2025,6,4,3,LAX,ABQ,2025-06-04 09:55:00,09:46:00,-9,12:55:00,12:35:00,-20,2025-06-04,35700,46500,2
2025,6,4,3,LAX,ABQ,2025-06-04 12:50:00,12:43:00,-7,15:50:00,15:35:00,-15,2025-06-04,46200,57000,2
2025,6,4,3,LAX,ABQ,2025-06-04 14:59:00,14:48:00,-11,17:58:00,17:34:00,-24,2025-06-04,53940,64680,2
2025,6,4,3,LAX,ABQ,2025-06-04 16:50:00,16:44:00,-6,19:45:00,19:34:00,-11,2025-06-04,60600,71100,2
2025,6,4,3,LAX,ABQ,2025-06-04 19:59:00,19:47:00,-12,22:55:00,22:38:00,-17,2025-06-04,71940,82500,2
2025,6,4,3,LAX,ACV,2025-06-04 13:15:00,13:10:00,-5,15:13:00,15:04:00,-9,2025-06-04,47700,54780,2
2025,6,4,3,LAX,ANC,2025-06-04 19:45:00,19:49:00,4,00:20:00,00:26:00,6,2025-06-04,71100,1200,2
2025,6,4,3,LAX,ASE,2025-06-04 10:40:00,10:33:00,-7,13:56:00,13:30:00,-26,2025-06-04,38400,50160,2
2025,6,4,3,LAX,ASE,2025-06-04 17:25:00,17:37:00,12,20:28:00,20:41:00,13,2025-06-04,62700,73680,2
2025,6,4,3,LAX,ATL,2025-06-04 06:15:00,06:35:00,20,13:38:00,13:39:00,1,2025-06-04,22500,49080,2
2025,6,4,3,LAX,ATL,2025-06-04 07:30:00,07:31:00,1,14:47:00,14:30:00,-17,2025-06-04,27000,53220,2
2025,6,4,3,LAX,ATL,2025-06-04 08:35:00,08:35:00,0,16:04:00,15:44:00,-20,2025-06-04,30900,57840,2
2025,6,4,3,LAX,ATL,2025-06-04 09:35:00,09:36:00,1,16:58:00,16:44:00,-14,2025-06-04,34500,61080,2
2025,6,4,3,LAX,ATL,2025-06-04 09:40:00,09:34:00,-6,17:03:00,17:07:00,4,2025-06-04,34800,61380,2
2025,6,4,3,LAX,ATL,2025-06-04 11:05:00,11:02:00,-3,18:30:00,18:01:00,-29,2025-06-04,39900,66600,2
2025,6,4,3,LAX,ATL,2025-06-04 12:37:00,12:37:00,0,19:59:00,20:05:00,6,2025-06-04,45420,71940,2
2025,6,4,3,LAX,ATL,2025-06-04 12:39:00,13:27:00,48,20:18:00,21:16:00,58,2025-06-04,45540,73080,2
2025,6,4,3,LAX,ATL,2025-06-04 13:05:00,13:01:00,-4,20:35:00,20:09:00,-26,2025-06-04,47100,74100,2
2025,6,4,3,LAX,ATL,2025-06-04 14:23:00,14:24:00,1,21:49:00,21:49:00,0,2025-06-04,51780,78540,2
2025,6,4,3,LAX,ATL,2025-06-04 17:00:00,16:55:00,-5,00:21:00,23:56:00,-25,2025-06-04,61200,1260,2
2025,6,4,3,LAX,ATL,2025-06-04 21:21:00,22:05:00,44,05:00:00,05:15:00,15,2025-06-04,76860,18000,2
2025,6,4,3,LAX,ATL,2025-06-04 21:45:00,22:31:00,46,05:01:00,05:30:00,29,2025-06-04,78300,18060,2
2025,6,4,3,LAX,ATL,2025-06-04 22:50:00,22:50:00,0,06:10:00,05:53:00,-17,2025-06-04,82200,22200,2
2025,6,4,3,LAX,ATL,2025-06-04 23:10:00,23:43:00,33,06:33:00,06:48:00,15,2025-06-04,83400,23580,2
2025,6,4,3,LAX,AUS,2025-06-04 05:45:00,05:42:00,-3,10:40:00,10:26:00,-14,2025-06-04,20700,38400,2
2025,6,4,3,LAX,AUS,2025-06-04 09:25:00,09:17:00,-8,14:51:00,14:16:00,-35,2025-06-04,33900,53460,2
2025,6,4,3,LAX,AUS,2025-06-04 09:25:00,09:25:00,0,14:25:00,14:05:00,-20,2025-06-04,33900,51900,2
2025,6,4,3,LAX,AUS,2025-06-04 09:40:00,09:25:00,-15,14:39:00,14:05:00,-34,2025-06-04,34800,52740,2
2025,6,4,3,LAX,AUS,2025-06-04 10:15:00,10:00:00,-15,15:21:00,15:01:00,-20,2025-06-04,36900,55260,2
2025,6,4,3,LAX,AUS,2025-06-04 14:15:00,14:10:00,-5,19:11:00,18:56:00,-15,2025-06-04,51300,69060,2
2025,6,4,3,LAX,AUS,2025-06-04 15:55:00,15:46:00,-9,20:54:00,20:38:00,-16,2025-06-04,57300,75240,2
2025,6,4,3,LAX,AUS,2025-06-04 18:35:00,18:31:00,-4,23:35:00,23:12:00,-23,2025-06-04,66900,84900,2
2025,6,4,3,LAX,AUS,2025-06-04 18:40:00,18:34:00,-6,23:58:00,23:21:00,-37,2025-06-04,67200,86280,2
2025,6,4,3,LAX,AUS,2025-06-04 18:59:00,18:45:00,-14,23:54:00,23:41:00,-13,2025-06-04,68340,86040,2
2025,6,4,3,LAX,BNA,2025-06-04 06:45:00,07:00:00,15,12:45:00,13:02:00,17,2025-06-04,24300,45900,2
2025,6,4,3,LAX,BNA,2025-06-04 06:55:00,06:50:00,-5,12:50:00,12:34:00,-16,2025-06-04,24900,46200,2
2025,6,4,3,LAX,BNA,2025-06-04 10:34:00,10:27:00,-7,16:36:00,16:25:00,-11,2025-06-04,38040,59760,2
2025,6,4,3,LAX,BNA,2025-06-04 15:00:00,14:56:00,-4,20:56:00,20:36:00,-20,2025-06-04,54000,75360,2
2025,6,4,3,LAX,BNA,2025-06-04 23:00:00,23:00:00,0,05:10:00,04:41:00,-29,2025-06-04,82800,18600,2
2025,6,4,3,LAX,BOI,2025-06-04 11:55:00,12:02:00,7,14:59:00,15:08:00,9,2025-06-04,42900,53940,2
2025,6,4,3,LAX,BOI,2025-06-04 12:45:00,12:41:00,-4,15:59:00,15:43:00,-16,2025-06-04,45900,57540,2
2025,6,4,3,LAX,BOI,2025-06-04 19:45:00,19:39:00,-6,22:52:00,22:41:00,-11,2025-06-04,71100,82320,2
2025,6,4,3,LAX,BOI,2025-06-04 20:25:00,20:20:00,-5,23:28:00,23:27:00,-1,2025-06-04,73500,84480,2
2025,6,4,3,LAX,BOS,2025-06-04 06:00:00,05:49:00,-11,14:39:00,14:07:00,-32,2025-06-04,21600,52740,2
2025,6,4,3,LAX,BOS,2025-06-04 07:00:00,06:59:00,-1,15:35:00,15:30:00,-5,2025-06-04,25200,56100,2
2025,6,4,3,LAX,BOS,2025-06-04 07:50:00,07:40:00,-10,16:32:00,15:55:00,-37,2025-06-04,28200,59520,2
2025,6,4,3,LAX,BOS,2025-06-04 08:25:00,08:18:00,-7,17:00:00,16:36:00,-24,2025-06-04,30300,61200,2
2025,6,4,3,LAX,BOS,2025-06-04 08:35:00,08:30:00,-5,17:18:00,16:46:00,-32,2025-06-04,30900,62280,2
2025,6,4,3,LAX,BOS,2025-06-04 10:50:00,10:48:00,-2,19:30:00,19:19:00,-11,2025-06-04,39000,70200,2
2025,6,4,3,LAX,BOS,2025-06-04 11:50:00,11:42:00,-8,20:35:00,19:56:00,-39,2025-06-04,42600,74100,2
2025,6,4,3,LAX,BOS,2025-06-04 12:50:00,12:49:00,-1,21:34:00,21:16:00,-18,2025-06-04,46200,77640,2
2025,6,4,3,LAX,BOS,2025-06-04 14:00:00,13:50:00,-10,22:34:00,22:09:00,-25,2025-06-04,50400,81240,2
2025,6,4,3,LAX,BOS,2025-06-04 15:20:00,15:19:00,-1,23:48:00,23:49:00,1,2025-06-04,55200,85680,2
2025,6,4,3,LAX,BOS,2025-06-04 22:27:00,22:48:00,21,07:00:00,07:03:00,3,2025-06-04,80820,25200,2
2025,6,4,3,LAX,BOS,2025-06-04 22:34:00,22:31:00,-3,07:15:00,07:05:00,-10,2025-06-04,81240,26100,2
2025,6,4,3,LAX,BOS,2025-06-04 22:35:00,22:34:00,-1,07:13:00,07:10:00,-3,2025-06-04,81300,25980,2
2025,6,4,3,LAX,BUF,2025-06-04 14:10:00,14:01:00,-9,22:00:00,21:49:00,-11,2025-06-04,51000,79200,2
2025,6,4,3,LAX,BWI,2025-06-04 06:50:00,06:48:00,-2,14:55:00,14:32:00,-23,2025-06-04,24600,53700,2
2025,6,4,3,LAX,BWI,2025-06-04 08:45:00,08:37:00,-8,16:54:00,16:36:00,-18,2025-06-04,31500,60840,2
2025,6,4,3,LAX,BWI,2025-06-04 11:36:00,11:33:00,-3,19:39:00,19:14:00,-25,2025-06-04,41760,70740,2
2025,6,4,3,LAX,BWI,2025-06-04 21:30:00,21:33:00,3,05:40:00,05:17:00,-23,2025-06-04,77400,20400,2
2025,6,4,3,LAX,BWI,2025-06-04 23:59:00,23:57:00,-2,08:07:00,07:46:00,-21,2025-06-04,86340,29220,2
2025,6,4,3,LAX,BZN,2025-06-04 18:00:00,17:50:00,-10,21:39:00,21:20:00,-19,2025-06-04,64800,77940,2
2025,6,4,3,LAX,CID,2025-06-04 15:15:00,15:36:00,21,20:50:00,20:47:00,-3,2025-06-04,54900,75000,2
2025,6,4,3,LAX,CLE,2025-06-04 11:38:00,11:33:00,-5,19:11:00,18:57:00,-14,2025-06-04,41880,69060,2
2025,6,4,3,LAX,CLE,2025-06-04 21:20:00,21:13:00,-7,04:53:00,04:33:00,-20,2025-06-04,76800,17580,2
2025,6,4,3,LAX,CLT,2025-06-04 06:00:00,05:57:00,-3,13:46:00,13:52:00,6,2025-06-04,21600,49560,2
2025,6,4,3,LAX,CLT,2025-06-04 07:30:00,07:28:00,-2,15:15:00,14:55:00,-20,2025-06-04,27000,54900,2
2025,6,4,3,LAX,CLT,2025-06-04 09:30:00,09:24:00,-6,17:15:00,17:33:00,18,2025-06-04,34200,62100,2
2025,6,4,3,LAX,CLT,2025-06-04 11:30:00,11:25:00,-5,19:18:00,18:57:00,-21,2025-06-04,41400,69480,2
2025,6,4,3,LAX,CLT,2025-06-04 14:07:00,14:03:00,-4,21:55:00,21:38:00,-17,2025-06-04,50820,78900,2
2025,6,4,3,LAX,CMH,2025-06-04 08:40:00,08:33:00,-7,16:07:00,16:00:00,-7,2025-06-04,31200,58020,2
2025,6,4,3,LAX,CVG,2025-06-04 22:45:00,22:42:00,-3,05:55:00,05:45:00,-10,2025-06-04,81900,21300,2
2025,6,4,3,LAX,DAL,2025-06-04 06:10:00,06:12:00,2,11:20:00,11:01:00,-19,2025-06-04,22200,40800,2
2025,6,4,3,LAX,DAL,2025-06-04 08:25:00,08:23:00,-2,13:35:00,13:23:00,-12,2025-06-04,30300,48900,2
2025,6,4,3,LAX,DAL,2025-06-04 13:55:00,13:55:00,0,19:00:00,18:46:00,-14,2025-06-04,50100,68400,2
2025,6,4,3,LAX,DAL,2025-06-04 15:55:00,15:51:00,-4,21:00:00,20:58:00,-2,2025-06-04,57300,75600,2
2025,6,4,3,LAX,DAL,2025-06-04 18:10:00,18:19:00,9,23:15:00,23:06:00,-9,2025-06-04,65400,83700,2
2025,6,4,3,LAX,DCA,2025-06-04 07:45:00,07:45:00,0,15:40:00,15:29:00,-11,2025-06-04,27900,56400,2
2025,6,4,3,LAX,DCA,2025-06-04 08:00:00,07:59:00,-1,16:05:00,15:50:00,-15,2025-06-04,28800,57900,2
2025,6,4,3,LAX,DCA,2025-06-04 12:55:00,12:50:00,-5,20:52:00,20:54:00,2,2025-06-04,46500,75120,2
2025,6,4,3,LAX,DEN,2025-06-04 05:05:00,04:53:00,-12,08:24:00,08:01:00,-23,2025-06-04,18300,30240,2
2025,6,4,3,LAX,DEN,2025-06-04 06:15:00,06:11:00,-4,09:40:00,09:19:00,-21,2025-06-04,22500,34800,2
2025,6,4,3,LAX,DEN,2025-06-04 06:15:00,06:12:00,-3,09:48:00,09:30:00,-18,2025-06-04,22500,35280,2
2025,6,4,3,LAX,DEN,2025-06-04 07:06:00,07:01:00,-5,10:31:00,10:30:00,-1,2025-06-04,25560,37860,2
2025,6,4,3,LAX,DEN,2025-06-04 08:15:00,08:20:00,5,11:39:00,11:29:00,-10,2025-06-04,29700,41940,2
2025,6,4,3,LAX,DEN,2025-06-04 08:45:00,08:38:00,-7,12:15:00,11:42:00,-33,2025-06-04,31500,44100,2
2025,6,4,3,LAX,DEN,2025-06-04 08:50:00,08:45:00,-5,12:13:00,12:10:00,-3,2025-06-04,31800,43980,2
2025,6,4,3,LAX,DEN,2025-06-04 09:00:00,08:55:00,-5,12:27:00,12:17:00,-10,2025-06-04,32400,44820,2
2025,6,4,3,LAX,DEN,2025-06-04 10:52:00,10:44:00,-8,14:19:00,14:07:00,-12,2025-06-04,39120,51540,2
2025,6,4,3,LAX,DEN,2025-06-04 12:39:00,12:30:00,-9,16:00:00,16:03:00,3,2025-06-04,45540,57600,2
2025,6,4,3,LAX,DEN,2025-06-04 12:45:00,12:40:00,-5,16:15:00,15:55:00,-20,2025-06-04,45900,58500,2
2025,6,4,3,LAX,DEN,2025-06-04 12:55:00,12:52:00,-3,16:23:00,16:07:00,-16,2025-06-04,46500,58980,2
2025,6,4,3,LAX,DEN,2025-06-04 14:35:00,14:27:00,-8,18:05:00,17:50:00,-15,2025-06-04,52500,65100,2
2025,6,4,3,LAX,DEN,2025-06-04 14:57:00,15:30:00,33,18:19:00,19:08:00,49,2025-06-04,53820,65940,2
2025,6,4,3,LAX,DEN,2025-06-04 16:11:00,16:22:00,11,19:40:00,20:57:00,77,2025-06-04,58260,70800,2
2025,6,4,3,LAX,DEN,2025-06-04 16:27:00,16:22:00,-5,19:49:00,20:32:00,43,2025-06-04,59220,71340,2
2025,6,4,3,LAX,DEN,2025-06-04 18:30:00,19:08:00,38,22:00:00,22:30:00,30,2025-06-04,66600,79200,2
2025,6,4,3,LAX,DEN,2025-06-04 19:05:00,19:39:00,34,22:35:00,22:49:00,14,2025-06-04,68700,81300,2
2025,6,4,3,LAX,DEN,2025-06-04 19:18:00,19:08:00,-10,22:47:00,22:24:00,-23,2025-06-04,69480,82020,2
2025,6,4,3,LAX,DEN,2025-06-04 20:30:00,20:23:00,-7,23:54:00,23:31:00,-23,2025-06-04,73800,86040,2
2025,6,4,3,LAX,DFW,2025-06-04 00:35:00,00:28:00,-7,05:32:00,05:13:00,-19,2025-06-04,2100,19920,2
2025,6,4,3,LAX,DFW,2025-06-04 05:30:00,05:27:00,-3,10:38:00,10:14:00,-24,2025-06-04,19800,38280,2
2025,6,4,3,LAX,DFW,2025-06-04 06:00:00,05:54:00,-6,11:06:00,11:00:00,-6,2025-06-04,21600,39960,2
2025,6,4,3,LAX,DFW,2025-06-04 07:00:00,06:50:00,-10,12:09:00,11:56:00,-13,2025-06-04,25200,43740,2
2025,6,4,3,LAX,DFW,2025-06-04 07:35:00,07:25:00,-10,12:45:00,12:15:00,-30,2025-06-04,27300,45900,2
2025,6,4,3,LAX,DFW,2025-06-04 09:04:00,08:58:00,-6,14:14:00,14:08:00,-6,2025-06-04,32640,51240,2
2025,6,4,3,LAX,DFW,2025-06-04 11:10:00,11:09:00,-1,16:17:00,15:59:00,-18,2025-06-04,40200,58620,2
2025,6,4,3,LAX,DFW,2025-06-04 12:20:00,12:19:00,-1,17:26:00,17:12:00,-14,2025-06-04,44400,62760,2
2025,6,4,3,LAX,DFW,2025-06-04 13:30:00,13:22:00,-8,18:38:00,18:09:00,-29,2025-06-04,48600,67080,2
2025,6,4,3,LAX,DFW,2025-06-04 14:38:00,14:35:00,-3,19:44:00,19:42:00,-2,2025-06-04,52680,71040,2
2025,6,4,3,LAX,DFW,2025-06-04 15:35:00,15:27:00,-8,20:44:00,20:16:00,-28,2025-06-04,56100,74640,2
2025,6,4,3,LAX,DFW,2025-06-04 16:44:00,16:40:00,-4,21:50:00,21:52:00,2,2025-06-04,60240,78600,2
2025,6,4,3,LAX,DFW,2025-06-04 18:25:00,18:17:00,-8,23:31:00,23:00:00,-31,2025-06-04,66300,84660,2
2025,6,4,3,LAX,DFW,2025-06-04 18:59:00,18:52:00,-7,23:59:00,23:43:00,-16,2025-06-04,68340,86340,2
2025,6,4,3,LAX,DFW,2025-06-04 19:03:00,19:14:00,11,00:26:00,00:20:00,-6,2025-06-04,68580,1560,2
2025,6,4,3,LAX,DFW,2025-06-04 19:25:00,19:17:00,-8,00:31:00,00:03:00,-28,2025-06-04,69900,1860,2
2025,6,4,3,LAX,DFW,2025-06-04 23:55:00,23:50:00,-5,05:00:00,04:35:00,-25,2025-06-04,86100,18000,2
2025,6,4,3,LAX,DTW,2025-06-04 00:59:00,00:49:00,-10,08:25:00,07:58:00,-27,2025-06-04,3540,30300,2
2025,6,4,3,LAX,DTW,2025-06-04 05:35:00,05:35:00,0,13:01:00,12:45:00,-16,2025-06-04,20100,46860,2
2025,6,4,3,LAX,DTW,2025-06-04 09:50:00,09:56:00,6,17:10:00,17:00:00,-10,2025-06-04,35400,61800,2
2025,6,4,3,LAX,DTW,2025-06-04 09:59:00,09:55:00,-4,17:23:00,17:05:00,-18,2025-06-04,35940,62580,2
2025,6,4,3,LAX,DTW,2025-06-04 11:47:00,11:51:00,4,19:11:00,19:05:00,-6,2025-06-04,42420,69060,2
2025,6,4,3,LAX,DTW,2025-06-04 15:52:00,15:45:00,-7,23:18:00,23:35:00,17,2025-06-04,57120,83880,2
2025,6,4,3,LAX,DTW,2025-06-04 22:35:00,23:15:00,40,06:00:00,06:15:00,15,2025-06-04,81300,21600,2
2025,6,4,3,LAX,ELP,2025-06-04 09:00:00,08:52:00,-8,11:56:00,11:44:00,-12,2025-06-04,32400,42960,2
2025,6,4,3,LAX,ELP,2025-06-04 10:35:00,10:35:00,0,13:35:00,13:24:00,-11,2025-06-04,38100,48900,2
2025,6,4,3,LAX,ELP,2025-06-04 15:25:00,15:15:00,-10,18:19:00,18:04:00,-15,2025-06-04,55500,65940,2
2025,6,4,3,LAX,ELP,2025-06-04 18:32:00,18:24:00,-8,21:25:00,21:13:00,-12,2025-06-04,66720,77100,2
2025,6,4,3,LAX,EUG,2025-06-04 20:59:00,20:49:00,-10,23:20:00,23:19:00,-1,2025-06-04,75540,84000,2
2025,6,4,3,LAX,EWR,2025-06-04 07:00:00,07:01:00,1,15:34:00,15:32:00,-2,2025-06-04,25200,56040,2
2025,6,4,3,LAX,EWR,2025-06-04 07:00:00,07:02:00,2,15:40:00,15:21:00,-19,2025-06-04,25200,56400,2
2025,6,4,3,LAX,EWR,2025-06-04 07:54:00,07:45:00,-9,16:29:00,15:51:00,-38,2025-06-04,28440,59340,2
2025,6,4,3,LAX,EWR,2025-06-04 08:20:00,08:30:00,10,16:45:00,16:34:00,-11,2025-06-04,30000,60300,2
2025,6,4,3,LAX,EWR,2025-06-04 10:15:00,10:17:00,2,18:54:00,18:27:00,-27,2025-06-04,36900,68040,2
2025,6,4,3,LAX,EWR,2025-06-04 10:21:00,11:01:00,40,19:00:00,19:21:00,21,2025-06-04,37260,68400,2
2025,6,4,3,LAX,EWR,2025-06-04 13:30:00,13:54:00,24,21:52:00,22:04:00,12,2025-06-04,48600,78720,2
2025,6,4,3,LAX,EWR,2025-06-04 14:23:00,14:38:00,15,22:49:00,22:52:00,3,2025-06-04,51780,82140,2
2025,6,4,3,LAX,EWR,2025-06-04 16:30:00,17:01:00,31,00:57:00,01:17:00,20,2025-06-04,59400,3420,2
2025,6,4,3,LAX,EWR,2025-06-04 20:55:00,20:49:00,-6,05:08:00,04:36:00,-32,2025-06-04,75300,18480,2
2025,6,4,3,LAX,EWR,2025-06-04 21:43:00,21:40:00,-3,05:59:00,05:49:00,-10,2025-06-04,78180,21540,2
2025,6,4,3,LAX,EWR,2025-06-04 22:20:00,22:31:00,11,06:48:00,06:44:00,-4,2025-06-04,80400,24480,2
2025,6,4,3,LAX,EWR,2025-06-04 23:59:00,00:21:00,22,08:12:00,08:13:00,1,2025-06-04,86340,29520,2
2025,6,4,3,LAX,FAT,2025-06-04 10:30:00,10:27:00,-3,11:48:00,11:40:00,-8,2025-06-04,37800,42480,2
2025,6,4,3,LAX,FAT,2025-06-04 19:10:00,19:03:00,-7,20:24:00,20:15:00,-9,2025-06-04,69000,73440,2
2025,6,4,3,LAX,FAT,2025-06-04 22:38:00,22:27:00,-11,23:52:00,23:32:00,-20,2025-06-04,81480,85920,2
2025,6,4,3,LAX,FLL,2025-06-04 08:30:00,08:25:00,-5,16:37:00,16:55:00,18,2025-06-04,30600,59820,2
2025,6,4,3,LAX,FLL,2025-06-04 10:47:00,10:41:00,-6,18:59:00,18:35:00,-24,2025-06-04,38820,68340,2
2025,6,4,3,LAX,FLL,2025-06-04 13:50:00,13:45:00,-5,21:59:00,21:32:00,-27,2025-06-04,49800,79140,2
2025,6,4,3,LAX,FLL,2025-06-04 23:05:00,23:03:00,-2,06:55:00,06:44:00,-11,2025-06-04,83100,24900,2
2025,6,4,3,LAX,GEG,2025-06-04 11:16:00,11:07:00,-9,13:56:00,13:49:00,-7,2025-06-04,40560,50160,2
2025,6,4,3,LAX,GEG,2025-06-04 19:05:00,18:58:00,-7,21:40:00,21:28:00,-12,2025-06-04,68700,78000,2
2025,6,4,3,LAX,GEG,2025-06-04 19:45:00,19:37:00,-8,22:22:00,22:27:00,5,2025-06-04,71100,80520,2
2025,6,4,3,LAX,GRR,2025-06-04 09:31:00,09:31:00,0,16:37:00,16:30:00,-7,2025-06-04,34260,59820,2
2025,6,4,3,LAX,HNL,2025-06-04 07:00:00,06:55:00,-5,10:05:00,09:35:00,-30,2025-06-04,25200,36300,2
2025,6,4,3,LAX,HNL,2025-06-04 07:00:00,06:56:00,-4,09:40:00,09:30:00,-10,2025-06-04,25200,34800,2
2025,6,4,3,LAX,HNL,2025-06-04 08:30:00,08:30:00,0,11:21:00,11:02:00,-19,2025-06-04,30600,40860,2
2025,6,4,3,LAX,HNL,2025-06-04 08:35:00,08:30:00,-5,11:17:00,11:07:00,-10,2025-06-04,30900,40620,2
2025,6,4,3,LAX,HNL,2025-06-04 08:55:00,08:48:00,-7,11:47:00,11:23:00,-24,2025-06-04,32100,42420,2
2025,6,4,3,LAX,HNL,2025-06-04 10:00:00,10:12:00,12,12:40:00,12:40:00,0,2025-06-04,36000,45600,2
2025,6,4,3,LAX,HNL,2025-06-04 11:15:00,11:59:00,44,14:04:00,14:33:00,29,2025-06-04,40500,50640,2
2025,6,4,3,LAX,HNL,2025-06-04 13:15:00,13:20:00,5,16:01:00,15:46:00,-15,2025-06-04,47700,57660,2
2025,6,4,3,LAX,HNL,2025-06-04 13:45:00,13:39:00,-6,16:32:00,16:15:00,-17,2025-06-04,49500,59520,2
2025,6,4,3,LAX,HNL,2025-06-04 16:46:00,16:37:00,-9,19:35:00,19:14:00,-21,2025-06-04,60360,70500,2
2025,6,4,3,LAX,HNL,2025-06-04 17:10:00,17:05:00,-5,19:44:00,19:16:00,-28,2025-06-04,61800,71040,2
2025,6,4,3,LAX,HNL,2025-06-04 17:55:00,17:53:00,-2,20:40:00,20:38:00,-2,2025-06-04,64500,74400,2
2025,6,4,3,LAX,HNL,2025-06-04 17:59:00,18:25:00,26,20:44:00,20:54:00,10,2025-06-04,64740,74640,2
2025,6,4,3,LAX,HNL,2025-06-04 18:25:00,18:25:00,0,21:11:00,21:01:00,-10,2025-06-04,66300,76260,2
2025,6,4,3,LAX,HNL,2025-06-04 18:45:00,18:44:00,-1,21:28:00,21:12:00,-16,2025-06-04,67500,77280,2
2025,6,4,3,LAX,HNL,2025-06-04 20:50:00,21:04:00,14,23:29:00,23:49:00,20,2025-06-04,75000,84540,2
2025,6,4,3,LAX,HOU,2025-06-04 05:05:00,05:01:00,-4,10:20:00,10:05:00,-15,2025-06-04,18300,37200,2
2025,6,4,3,LAX,HOU,2025-06-04 13:20:00,13:20:00,0,18:40:00,18:27:00,-13,2025-06-04,48000,67200,2
2025,6,4,3,LAX,HOU,2025-06-04 23:40:00,00:02:00,22,05:00:00,05:18:00,18,2025-06-04,85200,18000,2
2025,6,4,3,LAX,IAD,2025-06-04 06:20:00,06:15:00,-5,14:23:00,14:01:00,-22,2025-06-04,22800,51780,2
2025,6,4,3,LAX,IAD,2025-06-04 08:00:00,07:51:00,-9,16:14:00,15:42:00,-32,2025-06-04,28800,58440,2
2025,6,4,3,LAX,IAD,2025-06-04 08:15:00,08:15:00,0,16:21:00,16:17:00,-4,2025-06-04,29700,58860,2
2025,6,4,3,LAX,IAD,2025-06-04 10:15:00,10:14:00,-1,18:20:00,18:02:00,-18,2025-06-04,36900,66000,2
2025,6,4,3,LAX,IAD,2025-06-04 13:15:00,13:34:00,19,21:20:00,21:40:00,20,2025-06-04,47700,76800,2
2025,6,4,3,LAX,IAD,2025-06-04 16:45:00,16:33:00,-12,00:44:00,00:13:00,-31,2025-06-04,60300,2640,2
2025,6,4,3,LAX,IAD,2025-06-04 21:35:00,21:29:00,-6,05:37:00,05:19:00,-18,2025-06-04,77700,20220,2
2025,6,4,3,LAX,IAD,2025-06-04 22:50:00,22:44:00,-6,06:39:00,06:17:00,-22,2025-06-04,82200,23940,2
2025,6,4,3,LAX,IAH,2025-06-04 00:56:00,00:54:00,-2,06:18:00,05:51:00,-27,2025-06-04,3360,22680,2
2025,6,4,3,LAX,IAH,2025-06-04 05:15:00,05:11:00,-4,10:42:00,10:14:00,-28,2025-06-04,18900,38520,2
2025,6,4,3,LAX,IAH,2025-06-04 07:15:00,07:05:00,-10,12:44:00,12:15:00,-29,2025-06-04,26100,45840,2
2025,6,4,3,LAX,IAH,2025-06-04 08:40:00,08:36:00,-4,14:09:00,13:49:00,-20,2025-06-04,31200,50940,2
2025,6,4,3,LAX,IAH,2025-06-04 08:50:00,08:45:00,-5,14:12:00,13:42:00,-30,2025-06-04,31800,51120,2
2025,6,4,3,LAX,IAH,2025-06-04 10:15:00,10:45:00,30,15:40:00,15:55:00,15,2025-06-04,36900,56400,2
2025,6,4,3,LAX,IAH,2025-06-04 12:07:00,12:04:00,-3,17:24:00,17:04:00,-20,2025-06-04,43620,62640,2
2025,6,4,3,LAX,IAH,2025-06-04 13:10:00,13:02:00,-8,18:40:00,18:43:00,3,2025-06-04,47400,67200,2
2025,6,4,3,LAX,IAH,2025-06-04 13:51:00,13:47:00,-4,19:09:00,18:57:00,-12,2025-06-04,49860,68940,2
2025,6,4,3,LAX,IAH,2025-06-04 14:03:00,14:20:00,17,19:41:00,19:33:00,-8,2025-06-04,50580,70860,2
2025,6,4,3,LAX,IAH,2025-06-04 18:10:00,18:04:00,-6,23:33:00,23:11:00,-22,2025-06-04,65400,84780,2
2025,6,4,3,LAX,IAH,2025-06-04 18:10:00,19:00:00,50,23:21:00,23:58:00,37,2025-06-04,65400,84060,2
2025,6,4,3,LAX,IAH,2025-06-04 19:20:00,19:06:00,-14,00:43:00,00:05:00,-38,2025-06-04,69600,2580,2
2025,6,4,3,LAX,IND,2025-06-04 09:48:00,09:48:00,0,16:53:00,16:48:00,-5,2025-06-04,35280,60780,2
2025,6,4,3,LAX,IND,2025-06-04 23:00:00,22:54:00,-6,06:00:00,06:03:00,3,2025-06-04,82800,21600,2
2025,6,4,3,LAX,JAC,2025-06-04 10:30:00,10:30:00,0,13:48:00,13:36:00,-12,2025-06-04,37800,49680,2
2025,6,4,3,LAX,JFK,2025-06-04 06:00:00,05:58:00,-2,14:30:00,14:11:00,-19,2025-06-04,21600,52200,2
2025,6,4,3,LAX,JFK,2025-06-04 06:00:00,06:07:00,7,14:30:00,14:22:00,-8,2025-06-04,21600,52200,2
2025,6,4,3,LAX,JFK,2025-06-04 07:00:00,06:52:00,-8,15:28:00,15:21:00,-7,2025-06-04,25200,55680,2
2025,6,4,3,LAX,JFK,2025-06-04 07:00:00,07:10:00,10,15:25:00,15:22:00,-3,2025-06-04,25200,55500,2
2025,6,4,3,LAX,JFK,2025-06-04 07:55:00,07:51:00,-4,16:32:00,15:58:00,-34,2025-06-04,28500,59520,2
2025,6,4,3,LAX,JFK,2025-06-04 08:00:00,07:53:00,-7,16:27:00,15:58:00,-29,2025-06-04,28800,59220,2
2025,6,4,3,LAX,JFK,2025-06-04 09:05:00,09:04:00,-1,17:55:00,17:22:00,-33,2025-06-04,32700,64500,2
2025,6,4,3,LAX,JFK,2025-06-04 09:55:00,09:53:00,-2,18:35:00,18:04:00,-31,2025-06-04,35700,66900,2
2025,6,4,3,LAX,JFK,2025-06-04 10:20:00,10:15:00,-5,19:10:00,18:55:00,-15,2025-06-04,37200,69000,2
2025,6,4,3,LAX,JFK,2025-06-04 10:32:00,10:26:00,-6,19:00:00,18:47:00,-13,2025-06-04,37920,68400,2
2025,6,4,3,LAX,JFK,2025-06-04 11:15:00,11:18:00,3,19:59:00,19:32:00,-27,2025-06-04,40500,71940,2
2025,6,4,3,LAX,JFK,2025-06-04 11:20:00,11:15:00,-5,19:50:00,19:23:00,-27,2025-06-04,40800,71400,2
2025,6,4,3,LAX,JFK,2025-06-04 12:00:00,11:55:00,-5,20:30:00,20:34:00,4,2025-06-04,43200,73800,2
2025,6,4,3,LAX,JFK,2025-06-04 12:20:00,12:13:00,-7,21:02:00,20:32:00,-30,2025-06-04,44400,75720,2
2025,6,4,3,LAX,JFK,2025-06-04 12:58:00,12:47:00,-11,21:26:00,21:09:00,-17,2025-06-04,46680,77160,2
2025,6,4,3,LAX,JFK,2025-06-04 13:05:00,13:56:00,51,21:44:00,22:34:00,50,2025-06-04,47100,78240,2
2025,6,4,3,LAX,JFK,2025-06-04 14:20:00,15:08:00,48,22:55:00,23:42:00,47,2025-06-04,51600,82500,2
2025,6,4,3,LAX,JFK,2025-06-04 14:30:00,14:24:00,-6,23:10:00,22:52:00,-18,2025-06-04,52200,83400,2
2025,6,4,3,LAX,JFK,2025-06-04 15:15:00,15:21:00,6,23:50:00,23:52:00,2,2025-06-04,54900,85800,2
2025,6,4,3,LAX,JFK,2025-06-04 15:30:00,15:22:00,-8,23:59:00,23:42:00,-17,2025-06-04,55800,86340,2
2025,6,4,3,LAX,JFK,2025-06-04 16:20:00,16:19:00,-1,00:57:00,00:36:00,-21,2025-06-04,58800,3420,2
2025,6,4,3,LAX,JFK,2025-06-04 16:25:00,16:49:00,24,00:55:00,00:53:00,-2,2025-06-04,59100,3300,2
2025,6,4,3,LAX,JFK,2025-06-04 21:15:00,21:12:00,-3,05:42:00,05:07:00,-35,2025-06-04,76500,20520,2
2025,6,4,3,LAX,JFK,2025-06-04 21:25:00,21:44:00,19,05:59:00,06:07:00,8,2025-06-04,77100,21540,2
2025,6,4,3,LAX,JFK,2025-06-04 21:55:00,21:46:00,-9,06:21:00,05:49:00,-32,2025-06-04,78900,22860,2
2025,6,4,3,LAX,JFK,2025-06-04 22:55:00,22:52:00,-3,07:22:00,07:15:00,-7,2025-06-04,82500,26520,2
2025,6,4,3,LAX,JFK,2025-06-04 23:55:00,00:10:00,15,08:30:00,08:30:00,0,2025-06-04,86100,30600,2
2025,6,4,3,LAX,JFK,2025-06-04 23:59:00,23:59:00,0,08:37:00,08:17:00,-20,2025-06-04,86340,31020,2
2025,6,4,3,LAX,KOA,2025-06-04 09:10:00,09:07:00,-3,11:50:00,11:27:00,-23,2025-06-04,33000,42600,2
2025,6,4,3,LAX,KOA,2025-06-04 09:33:00,09:28:00,-5,12:17:00,11:54:00,-23,2025-06-04,34380,44220,2
2025,6,4,3,LAX,KOA,2025-06-04 11:00:00,10:53:00,-7,13:35:00,13:15:00,-20,2025-06-04,39600,48900,2
2025,6,4,3,LAX,KOA,2025-06-04 16:29:00,16:19:00,-10,19:10:00,18:57:00,-13,2025-06-04,59340,69000,2
2025,6,4,3,LAX,KOA,2025-06-04 17:25:00,17:20:00,-5,20:03:00,19:58:00,-5,2025-06-04,62700,72180,2
2025,6,4,3,LAX,LAS,2025-06-04 05:25:00,05:17:00,-8,06:40:00,06:19:00,-21,2025-06-04,19500,24000,2
2025,6,4,3,LAX,LAS,2025-06-04 07:30:00,07:21:00,-9,08:42:00,08:17:00,-25,2025-06-04,27000,31320,2
2025,6,4,3,LAX,LAS,2025-06-04 08:26:00,08:22:00,-4,09:51:00,09:57:00,6,2025-06-04,30360,35460,2
2025,6,4,3,LAX,LAS,2025-06-04 08:30:00,08:31:00,1,09:50:00,09:37:00,-13,2025-06-04,30600,35400,2
2025,6,4,3,LAX,LAS,2025-06-04 09:35:00,09:36:00,1,10:47:00,10:47:00,0,2025-06-04,34500,38820,2
2025,6,4,3,LAX,LAS,2025-06-04 10:30:00,10:22:00,-8,11:47:00,11:28:00,-19,2025-06-04,37800,42420,2
2025,6,4,3,LAX,LAS,2025-06-04 11:37:00,11:28:00,-9,12:52:00,12:28:00,-24,2025-06-04,41820,46320,2
2025,6,4,3,LAX,LAS,2025-06-04 11:45:00,11:41:00,-4,13:05:00,12:38:00,-27,2025-06-04,42300,47100,2
2025,6,4,3,LAX,LAS,2025-06-04 12:20:00,12:12:00,-8,13:31:00,13:18:00,-13,2025-06-04,44400,48660,2
2025,6,4,3,LAX,LAS,2025-06-04 14:45:00,14:39:00,-6,16:07:00,15:54:00,-13,2025-06-04,53100,58020,2
2025,6,4,3,LAX,LAS,2025-06-04 15:13:00,15:10:00,-3,16:25:00,16:30:00,5,2025-06-04,54780,59100,2
2025,6,4,3,LAX,LAS,2025-06-04 15:40:00,15:44:00,4,16:55:00,16:55:00,0,2025-06-04,56400,60900,2
2025,6,4,3,LAX,LAS,2025-06-04 15:48:00,16:20:00,32,17:13:00,17:55:00,42,2025-06-04,56880,61980,2
2025,6,4,3,LAX,LAS,2025-06-04 17:00:00,16:54:00,-6,18:11:00,17:59:00,-12,2025-06-04,61200,65460,2
2025,6,4,3,LAX,LAS,2025-06-04 17:35:00,17:46:00,11,18:55:00,19:12:00,17,2025-06-04,63300,68100,2
2025,6,4,3,LAX,LAS,2025-06-04 18:52:00,18:46:00,-6,20:10:00,20:19:00,9,2025-06-04,67920,72600,2
2025,6,4,3,LAX,LAS,2025-06-04 19:30:00,19:22:00,-8,20:52:00,20:37:00,-15,2025-06-04,70200,75120,2
2025,6,4,3,LAX,LAS,2025-06-04 19:40:00,19:41:00,1,21:00:00,20:46:00,-14,2025-06-04,70800,75600,2
2025,6,4,3,LAX,LAS,2025-06-04 22:05:00,21:59:00,-6,23:25:00,23:06:00,-19,2025-06-04,79500,84300,2
2025,6,4,3,LAX,LAS,2025-06-04 23:05:00,23:05:00,0,00:27:00,00:14:00,-13,2025-06-04,83100,1620,2
2025,6,4,3,LAX,LIH,2025-06-04 08:42:00,08:35:00,-7,11:38:00,11:29:00,-9,2025-06-04,31320,41880,2
2025,6,4,3,LAX,LIH,2025-06-04 09:00:00,09:06:00,6,11:45:00,11:55:00,10,2025-06-04,32400,42300,2
2025,6,4,3,LAX,LIH,2025-06-04 09:30:00,09:31:00,1,12:32:00,12:12:00,-20,2025-06-04,34200,45120,2
2025,6,4,3,LAX,LIH,2025-06-04 15:00:00,14:53:00,-7,17:49:00,17:24:00,-25,2025-06-04,54000,64140,2
2025,6,4,3,LAX,LIT,2025-06-04 06:30:00,06:24:00,-6,11:54:00,11:24:00,-30,2025-06-04,23400,42840,2
2025,6,4,3,LAX,MCI,2025-06-04 09:15:00,09:11:00,-4,14:24:00,14:15:00,-9,2025-06-04,33300,51840,2
2025,6,4,3,LAX,MCI,2025-06-04 09:30:00,09:32:00,2,14:50:00,14:27:00,-23,2025-06-04,34200,53400,2
2025,6,4,3,LAX,MCI,2025-06-04 15:01:00,14:53:00,-8,20:12:00,19:49:00,-23,2025-06-04,54060,72720,2
2025,6,4,3,LAX,MCI,2025-06-04 18:15:00,18:07:00,-8,23:24:00,23:13:00,-11,2025-06-04,65700,84240,2
2025,6,4,3,LAX,MCO,2025-06-04 07:00:00,06:55:00,-5,14:49:00,15:22:00,33,2025-06-04,25200,53340,2
2025,6,4,3,LAX,MCO,2025-06-04 09:00:00,09:55:00,55,16:48:00,17:40:00,52,2025-06-04,32400,60480,2
2025,6,4,3,LAX,MCO,2025-06-04 10:02:00,10:01:00,-1,18:04:00,17:42:00,-22,2025-06-04,36120,65040,2
2025,6,4,3,LAX,MCO,2025-06-04 11:15:00,11:18:00,3,19:10:00,19:03:00,-7,2025-06-04,40500,69000,2
2025,6,4,3,LAX,MCO,2025-06-04 16:11:00,16:12:00,1,23:57:00,23:48:00,-9,2025-06-04,58260,86220,2
2025,6,4,3,LAX,MCO,2025-06-04 21:35:00,21:41:00,6,05:36:00,05:15:00,-21,2025-06-04,77700,20160,2
2025,6,4,3,LAX,MCO,2025-06-04 21:55:00,21:46:00,-9,05:40:00,05:20:00,-20,2025-06-04,78900,20400,2
2025,6,4,3,LAX,MDW,2025-06-04 06:00:00,05:57:00,-3,12:05:00,11:42:00,-23,2025-06-04,21600,43500,2
2025,6,4,3,LAX,MDW,2025-06-04 11:25:00,11:30:00,5,17:25:00,17:11:00,-14,2025-06-04,41100,62700,2
2025,6,4,3,LAX,MDW,2025-06-04 17:20:00,17:22:00,2,23:25:00,22:56:00,-29,2025-06-04,62400,84300,2
2025,6,4,3,LAX,MDW,2025-06-04 23:10:00,23:09:00,-1,05:15:00,04:46:00,-29,2025-06-04,83400,18900,2
2025,6,4,3,LAX,MEM,2025-06-04 18:10:00,18:04:00,-6,23:47:00,23:35:00,-12,2025-06-04,65400,85620,2
2025,6,4,3,LAX,MIA,2025-06-04 06:04:00,06:20:00,16,14:03:00,14:29:00,26,2025-06-04,21840,50580,2
2025,6,4,3,LAX,MIA,2025-06-04 08:00:00,07:57:00,-3,15:56:00,16:06:00,10,2025-06-04,28800,57360,2
2025,6,4,3,LAX,MIA,2025-06-04 09:55:00,10:13:00,18,17:55:00,17:52:00,-3,2025-06-04,35700,64500,2
2025,6,4,3,LAX,MIA,2025-06-04 10:45:00,10:43:00,-2,18:45:00,18:36:00,-9,2025-06-04,38700,67500,2
2025,6,4,3,LAX,MIA,2025-06-04 12:25:00,12:22:00,-3,20:20:00,20:03:00,-17,2025-06-04,44700,73200,2
2025,6,4,3,LAX,MIA,2025-06-04 13:58:00,14:01:00,3,21:54:00,22:01:00,7,2025-06-04,50280,78840,2
2025,6,4,3,LAX,MIA,2025-06-04 22:04:00,22:06:00,2,06:00:00,05:45:00,-15,2025-06-04,79440,21600,2
2025,6,4,3,LAX,MIA,2025-06-04 22:59:00,22:56:00,-3,06:57:00,06:46:00,-11,2025-06-04,82740,25020,2
2025,6,4,3,LAX,MIA,2025-06-04 23:45:00,23:39:00,-6,07:40:00,07:22:00,-18,2025-06-04,85500,27600,2
2025,6,4,3,LAX,MRY,2025-06-04 08:20:00,08:11:00,-9,09:42:00,09:20:00,-22,2025-06-04,30000,34920,2
2025,6,4,3,LAX,MRY,2025-06-04 18:23:00,18:21:00,-2,19:37:00,19:42:00,5,2025-06-04,66180,70620,2
2025,6,4,3,LAX,MSP,2025-06-04 06:15:00,06:06:00,-9,11:53:00,11:30:00,-23,2025-06-04,22500,42780,2
2025,6,4,3,LAX,MSP,2025-06-04 08:25:00,08:24:00,-1,14:05:00,13:45:00,-20,2025-06-04,30300,50700,2
2025,6,4,3,LAX,MSP,2025-06-04 13:17:00,13:26:00,9,18:55:00,18:41:00,-14,2025-06-04,47820,68100,2
2025,6,4,3,LAX,MSP,2025-06-04 18:40:00,18:27:00,-13,00:14:00,23:42:00,-32,2025-06-04,67200,840,2
2025,6,4,3,LAX,MSP,2025-06-04 23:40:00,23:54:00,14,05:24:00,05:28:00,4,2025-06-04,85200,19440,2
2025,6,4,3,LAX,MSY,2025-06-04 07:15:00,07:03:00,-12,12:52:00,12:55:00,3,2025-06-04,26100,46320,2
2025,6,4,3,LAX,MSY,2025-06-04 07:35:00,07:27:00,-8,13:15:00,12:54:00,-21,2025-06-04,27300,47700,2
2025,6,4,3,LAX,MSY,2025-06-04 11:54:00,12:06:00,12,17:32:00,17:26:00,-6,2025-06-04,42840,63120,2
2025,6,4,3,LAX,MSY,2025-06-04 18:00:00,17:52:00,-8,23:34:00,23:30:00,-4,2025-06-04,64800,84840,2
2025,6,4,3,LAX,OAK,2025-06-04 06:05:00,05:58:00,-7,07:35:00,07:10:00,-25,2025-06-04,21900,27300,2
2025,6,4,3,LAX,OAK,2025-06-04 08:15:00,08:22:00,7,09:45:00,09:26:00,-19,2025-06-04,29700,35100,2
2025,6,4,3,LAX,OAK,2025-06-04 11:35:00,11:35:00,0,13:00:00,12:48:00,-12,2025-06-04,41700,46800,2
2025,6,4,3,LAX,OAK,2025-06-04 15:15:00,15:18:00,3,16:40:00,16:21:00,-19,2025-06-04,54900,60000,2
2025,6,4,3,LAX,OAK,2025-06-04 18:00:00,17:53:00,-7,19:30:00,19:08:00,-22,2025-06-04,64800,70200,2
2025,6,4,3,LAX,OAK,2025-06-04 19:30:00,19:23:00,-7,20:55:00,20:32:00,-23,2025-06-04,70200,75300,2
2025,6,4,3,LAX,OGG,2025-06-04 07:45:00,07:36:00,-9,10:25:00,10:02:00,-23,2025-06-04,27900,37500,2
2025,6,4,3,LAX,OGG,2025-06-04 08:00:00,08:00:00,0,10:35:00,10:19:00,-16,2025-06-04,28800,38100,2
2025,6,4,3,LAX,OGG,2025-06-04 08:15:00,08:10:00,-5,10:55:00,10:42:00,-13,2025-06-04,29700,39300,2
2025,6,4,3,LAX,OGG,2025-06-04 09:39:00,09:33:00,-6,12:19:00,11:58:00,-21,2025-06-04,34740,44340,2
2025,6,4,3,LAX,OGG,2025-06-04 16:50:00,16:45:00,-5,19:25:00,19:12:00,-13,2025-06-04,60600,69900,2
2025,6,4,3,LAX,OGG,2025-06-04 16:55:00,16:50:00,-5,19:34:00,19:19:00,-15,2025-06-04,60900,70440,2
2025,6,4,3,LAX,OKC,2025-06-04 09:54:00,09:47:00,-7,14:49:00,14:31:00,-18,2025-06-04,35640,53340,2
2025,6,4,3,LAX,OKC,2025-06-04 17:41:00,17:39:00,-2,22:32:00,22:42:00,10,2025-06-04,63660,81120,2
2025,6,4,3,LAX,OMA,2025-06-04 07:30:00,07:20:00,-10,12:42:00,12:34:00,-8,2025-06-04,27000,45720,2
2025,6,4,3,LAX,OMA,2025-06-04 14:04:00,13:56:00,-8,19:15:00,19:09:00,-6,2025-06-04,50640,69300,2
2025,6,4,3,LAX,ORD,2025-06-04 00:41:00,00:37:00,-4,06:42:00,06:36:00,-6,2025-06-04,2460,24120,2
2025,6,4,3,LAX,ORD,2025-06-04 05:30:00,05:23:00,-7,11:36:00,11:09:00,-27,2025-06-04,19800,41760,2
2025,6,4,3,LAX,ORD,2025-06-04 06:05:00,05:51:00,-14,12:20:00,12:03:00,-17,2025-06-04,21900,44400,2
2025,6,4,3,LAX,ORD,2025-06-04 06:20:00,06:12:00,-8,12:42:00,12:07:00,-35,2025-06-04,22800,45720,2
2025,6,4,3,LAX,ORD,2025-06-04 07:45:00,07:40:00,-5,13:51:00,13:34:00,-17,2025-06-04,27900,49860,2
2025,6,4,3,LAX,ORD,2025-06-04 08:15:00,08:10:00,-5,14:39:00,14:05:00,-34,2025-06-04,29700,52740,2
2025,6,4,3,LAX,ORD,2025-06-04 09:43:00,09:41:00,-2,15:55:00,15:33:00,-22,2025-06-04,34980,57300,2
2025,6,4,3,LAX,ORD,2025-06-04 10:40:00,10:46:00,6,16:56:00,17:23:00,27,2025-06-04,38400,60960,2
2025,6,4,3,LAX,ORD,2025-06-04 11:16:00,11:15:00,-1,17:26:00,17:26:00,0,2025-06-04,40560,62760,2
2025,6,4,3,LAX,ORD,2025-06-04 12:37:00,12:32:00,-5,18:55:00,19:02:00,7,2025-06-04,45420,68100,2
2025,6,4,3,LAX,ORD,2025-06-04 13:30:00,13:31:00,1,19:38:00,19:24:00,-14,2025-06-04,48600,70680,2
2025,6,4,3,LAX,ORD,2025-06-04 14:01:00,14:03:00,2,20:25:00,20:40:00,15,2025-06-04,50460,73500,2
2025,6,4,3,LAX,ORD,2025-06-04 16:20:00,16:10:00,-10,22:32:00,21:55:00,-37,2025-06-04,58800,81120,2
2025,6,4,3,LAX,ORD,2025-06-04 16:40:00,16:38:00,-2,23:04:00,22:28:00,-36,2025-06-04,60000,83040,2
2025,6,4,3,LAX,ORD,2025-06-04 17:38:00,17:35:00,-3,23:59:00,23:28:00,-31,2025-06-04,63480,86340,2
2025,6,4,3,LAX,ORD,2025-06-04 17:48:00,18:37:00,49,23:59:00,00:09:00,10,2025-06-04,64080,86340,2
2025,6,4,3,LAX,ORD,2025-06-04 22:40:00,22:31:00,-9,04:51:00,04:05:00,-46,2025-06-04,81600,17460,2
2025,6,4,3,LAX,ORD,2025-06-04 22:59:00,22:59:00,0,05:10:00,04:41:00,-29,2025-06-04,82740,18600,2
2025,6,4,3,LAX,ORD,2025-06-04 23:37:00,23:34:00,-3,05:49:00,05:19:00,-30,2025-06-04,85020,20940,2
2025,6,4,3,LAX,ORD,2025-06-04 23:45:00,23:42:00,-3,05:53:00,05:27:00,-26,2025-06-04,85500,21180,2
2025,6,4,3,LAX,PDX,2025-06-04 07:00:00,06:46:00,-14,09:24:00,09:10:00,-14,2025-06-04,25200,33840,2
2025,6,4,3,LAX,PDX,2025-06-04 07:00:00,06:51:00,-9,09:28:00,09:12:00,-16,2025-06-04,25200,34080,2
2025,6,4,3,LAX,PDX,2025-06-04 09:25:00,09:25:00,0,11:52:00,11:50:00,-2,2025-06-04,33900,42720,2
2025,6,4,3,LAX,PDX,2025-06-04 09:40:00,09:40:00,0,12:04:00,11:58:00,-6,2025-06-04,34800,43440,2
2025,6,4,3,LAX,PDX,2025-06-04 11:20:00,11:13:00,-7,13:47:00,13:34:00,-13,2025-06-04,40800,49620,2
2025,6,4,3,LAX,PDX,2025-06-04 13:43:00,13:33:00,-10,16:08:00,15:57:00,-11,2025-06-04,49380,58080,2
2025,6,4,3,LAX,PDX,2025-06-04 13:57:00,13:52:00,-5,16:24:00,16:22:00,-2,2025-06-04,50220,59040,2
2025,6,4,3,LAX,PDX,2025-06-04 16:38:00,16:31:00,-7,19:04:00,18:43:00,-21,2025-06-04,59880,68640,2
2025,6,4,3,LAX,PDX,2025-06-04 18:20:00,18:12:00,-8,20:48:00,21:00:00,12,2025-06-04,66000,74880,2
2025,6,4,3,LAX,PDX,2025-06-04 20:20:00,20:17:00,-3,22:41:00,22:35:00,-6,2025-06-04,73200,81660,2
2025,6,4,3,LAX,PDX,2025-06-04 21:28:00,21:22:00,-6,23:59:00,23:48:00,-11,2025-06-04,77280,86340,2
2025,6,4,3,LAX,PDX,2025-06-04 21:33:00,21:28:00,-5,23:59:00,00:05:00,6,2025-06-04,77580,86340,2
2025,6,4,3,LAX,PHL,2025-06-04 07:00:00,06:54:00,-6,15:05:00,14:50:00,-15,2025-06-04,25200,54300,2
2025,6,4,3,LAX,PHL,2025-06-04 09:48:00,10:01:00,13,17:55:00,18:06:00,11,2025-06-04,35280,64500,2
2025,6,4,3,LAX,PHL,2025-06-04 12:04:00,12:13:00,9,20:12:00,20:21:00,9,2025-06-04,43440,72720,2
2025,6,4,3,LAX,PHL,2025-06-04 15:45:00,15:40:00,-5,23:53:00,23:41:00,-12,2025-06-04,56700,85980,2
2025,6,4,3,LAX,PHL,2025-06-04 22:20:00,22:14:00,-6,06:30:00,06:18:00,-12,2025-06-04,80400,23400,2
2025,6,4,3,LAX,PHL,2025-06-04 23:16:00,23:11:00,-5,07:20:00,07:14:00,-6,2025-06-04,83760,26400,2
2025,6,4,3,LAX,PHX,2025-06-04 05:15:00,05:06:00,-9,06:40:00,06:18:00,-22,2025-06-04,18900,24000,2
2025,6,4,3,LAX,PHX,2025-06-04 06:00:00,05:57:00,-3,07:30:00,07:17:00,-13,2025-06-04,21600,27000,2
2025,6,4,3,LAX,PHX,2025-06-04 07:13:00,07:04:00,-9,08:34:00,08:25:00,-9,2025-06-04,25980,30840,2
2025,6,4,3,LAX,PHX,2025-06-04 08:15:00,08:06:00,-9,09:51:00,09:31:00,-20,2025-06-04,29700,35460,2
2025,6,4,3,LAX,PHX,2025-06-04 08:25:00,08:19:00,-6,09:56:00,09:38:00,-18,2025-06-04,30300,35760,2
2025,6,4,3,LAX,PHX,2025-06-04 08:30:00,08:24:00,-6,10:00:00,09:37:00,-23,2025-06-04,30600,36000,2
2025,6,4,3,LAX,PHX,2025-06-04 10:00:00,09:51:00,-9,11:27:00,11:09:00,-18,2025-06-04,36000,41220,2
2025,6,4,3,LAX,PHX,2025-06-04 10:30:00,10:25:00,-5,12:00:00,11:37:00,-23,2025-06-04,37800,43200,2
2025,6,4,3,LAX,PHX,2025-06-04 10:31:00,10:22:00,-9,11:57:00,11:39:00,-18,2025-06-04,37860,43020,2
2025,6,4,3,LAX,PHX,2025-06-04 13:03:00,12:57:00,-6,14:30:00,14:27:00,-3,2025-06-04,46980,52200,2
2025,6,4,3,LAX,PHX,2025-06-04 13:25:00,13:22:00,-3,15:03:00,14:59:00,-4,2025-06-04,48300,54180,2
2025,6,4,3,LAX,PHX,2025-06-04 14:28:00,14:17:00,-11,16:07:00,15:44:00,-23,2025-06-04,52080,58020,2
2025,6,4,3,LAX,PHX,2025-06-04 14:30:00,14:24:00,-6,15:55:00,15:54:00,-1,2025-06-04,52200,57300,2
2025,6,4,3,LAX,PHX,2025-06-04 16:15:00,16:15:00,0,17:45:00,17:36:00,-9,2025-06-04,58500,63900,2
2025,6,4,3,LAX,PHX,2025-06-04 17:44:00,17:37:00,-7,19:09:00,19:27:00,18,2025-06-04,63840,68940,2
2025,6,4,3,LAX,PHX,2025-06-04 18:30:00,18:40:00,10,20:00:00,19:53:00,-7,2025-06-04,66600,72000,2
2025,6,4,3,LAX,PHX,2025-06-04 19:10:00,19:01:00,-9,20:39:00,20:27:00,-12,2025-06-04,69000,74340,2
2025,6,4,3,LAX,PHX,2025-06-04 20:20:00,20:10:00,-10,21:50:00,21:30:00,-20,2025-06-04,73200,78600,2
2025,6,4,3,LAX,PHX,2025-06-04 21:30:00,21:30:00,0,22:57:00,22:58:00,1,2025-06-04,77400,82620,2
2025,6,4,3,LAX,PHX,2025-06-04 22:35:00,22:29:00,-6,00:13:00,23:58:00,-15,2025-06-04,81300,780,2
2025,6,4,3,LAX,PIT,2025-06-04 09:05:00,09:00:00,-5,16:46:00,16:23:00,-23,2025-06-04,32700,60360,2
2025,6,4,3,LAX,PRC,2025-06-04 19:45:00,19:36:00,-9,21:11:00,20:51:00,-20,2025-06-04,71100,76260,2
2025,6,4,3,LAX,PSC,2025-06-04 20:22:00,20:18:00,-4,22:57:00,22:51:00,-6,2025-06-04,73320,82620,2
2025,6,4,3,LAX,RDD,2025-06-04 12:50:00,12:42:00,-8,14:39:00,14:36:00,-3,2025-06-04,46200,52740,2
2025,6,4,3,LAX,RDM,2025-06-04 12:45:00,12:39:00,-6,15:03:00,14:48:00,-15,2025-06-04,45900,54180,2
2025,6,4,3,LAX,RDU,2025-06-04 08:25:00,08:15:00,-10,16:19:00,15:50:00,-29,2025-06-04,30300,58740,2
2025,6,4,3,LAX,RDU,2025-06-04 11:50:00,12:29:00,39,19:40:00,20:03:00,23,2025-06-04,42600,70800,2
2025,6,4,3,LAX,RNO,2025-06-04 09:59:00,09:52:00,-7,11:28:00,11:04:00,-24,2025-06-04,35940,41280,2
2025,6,4,3,LAX,RNO,2025-06-04 10:19:00,10:12:00,-7,12:00:00,11:35:00,-25,2025-06-04,37140,43200,2
2025,6,4,3,LAX,RNO,2025-06-04 17:10:00,17:42:00,32,18:44:00,19:03:00,19,2025-06-04,61800,67440,2
2025,6,4,3,LAX,RNO,2025-06-04 20:15:00,20:07:00,-8,21:49:00,21:32:00,-17,2025-06-04,72900,78540,2
2025,6,4,3,LAX,RNO,2025-06-04 20:55:00,20:47:00,-8,22:21:00,22:03:00,-18,2025-06-04,75300,80460,2
2025,6,4,3,LAX,RNO,2025-06-04 21:59:00,21:52:00,-7,23:32:00,23:14:00,-18,2025-06-04,79140,84720,2
2025,6,4,3,LAX,SAN,2025-06-04 08:25:00,08:19:00,-6,09:21:00,09:13:00,-8,2025-06-04,30300,33660,2
2025,6,4,3,LAX,SAN,2025-06-04 09:20:00,09:12:00,-8,10:24:00,10:19:00,-5,2025-06-04,33600,37440,2
2025,6,4,3,LAX,SAN,2025-06-04 14:06:00,14:32:00,26,14:57:00,15:33:00,36,2025-06-04,50760,53820,2
2025,6,4,3,LAX,SAN,2025-06-04 17:59:00,18:05:00,6,18:51:00,19:00:00,9,2025-06-04,64740,67860,2
2025,6,4,3,LAX,SAN,2025-06-04 18:46:00,18:51:00,5,19:47:00,20:01:00,14,2025-06-04,67560,71220,2
2025,6,4,3,LAX,SAN,2025-06-04 22:17:00,22:08:00,-9,23:11:00,23:01:00,-10,2025-06-04,80220,83460,2
2025,6,4,3,LAX,SAN,2025-06-04 22:45:00,22:37:00,-8,23:46:00,23:29:00,-17,2025-06-04,81900,85560,2
2025,6,4,3,LAX,SAT,2025-06-04 08:05:00,07:59:00,-6,13:00:00,12:35:00,-25,2025-06-04,29100,46800,2
2025,6,4,3,LAX,SAT,2025-06-04 08:54:00,08:44:00,-10,13:42:00,13:23:00,-19,2025-06-04,32040,49320,2
2025,6,4,3,LAX,SAT,2025-06-04 08:55:00,08:48:00,-7,13:50:00,13:33:00,-17,2025-06-04,32100,49800,2
2025,6,4,3,LAX,SAT,2025-06-04 09:49:00,09:46:00,-3,14:35:00,14:27:00,-8,2025-06-04,35340,52500,2
2025,6,4,3,LAX,SAT,2025-06-04 17:30:00,17:20:00,-10,22:20:00,22:12:00,-8,2025-06-04,63000,80400,2
2025,6,4,3,LAX,SAT,2025-06-04 18:57:00,19:08:00,11,23:42:00,23:44:00,2,2025-06-04,68220,85320,2
2025,6,4,3,LAX,SBA,2025-06-04 15:20:00,15:18:00,-2,16:12:00,16:01:00,-11,2025-06-04,55200,58320,2
2025,6,4,3,LAX,SBA,2025-06-04 23:00:00,22:52:00,-8,23:58:00,23:49:00,-9,2025-06-04,82800,86280,2
2025,6,4,3,LAX,SBP,2025-06-04 15:00:00,14:51:00,-9,16:01:00,15:43:00,-18,2025-06-04,54000,57660,2
2025,6,4,3,LAX,SBP,2025-06-04 22:32:00,22:27:00,-5,23:36:00,23:14:00,-22,2025-06-04,81120,84960,2
2025,6,4,3,LAX,SDF,2025-06-04 07:46:00,07:42:00,-4,14:56:00,14:31:00,-25,2025-06-04,27960,53760,2
2025,6,4,3,LAX,SEA,2025-06-04 06:00:00,05:47:00,-13,08:56:00,08:47:00,-9,2025-06-04,21600,32160,2
2025,6,4,3,LAX,SEA,2025-06-04 07:00:00,06:49:00,-11,09:55:00,10:23:00,28,2025-06-04,25200,35700,2
2025,6,4,3,LAX,SEA,2025-06-04 07:00:00,06:55:00,-5,10:03:00,10:00:00,-3,2025-06-04,25200,36180,2
2025,6,4,3,LAX,SEA,2025-06-04 08:00:00,08:22:00,22,10:58:00,11:39:00,41,2025-06-04,28800,39480,2
2025,6,4,3,LAX,SEA,2025-06-04 08:38:00,08:37:00,-1,11:33:00,11:29:00,-4,2025-06-04,31080,41580,2
2025,6,4,3,LAX,SEA,2025-06-04 09:35:00,09:29:00,-6,12:33:00,12:10:00,-23,2025-06-04,34500,45180,2
2025,6,4,3,LAX,SEA,2025-06-04 11:10:00,11:01:00,-9,14:01:00,13:40:00,-21,2025-06-04,40200,50460,2
2025,6,4,3,LAX,SEA,2025-06-04 11:30:00,11:47:00,17,14:30:00,14:17:00,-13,2025-06-04,41400,52200,2
2025,6,4,3,LAX,SEA,2025-06-04 11:55:00,11:56:00,1,14:50:00,15:02:00,12,2025-06-04,42900,53400,2
2025,6,4,3,LAX,SEA,2025-06-04 13:51:00,13:42:00,-9,16:45:00,16:16:00,-29,2025-06-04,49860,60300,2
2025,6,4,3,LAX,SEA,2025-06-04 13:58:00,13:43:00,-15,16:53:00,16:40:00,-13,2025-06-04,50280,60780,2
2025,6,4,3,LAX,SEA,2025-06-04 15:36:00,15:42:00,6,18:27:00,18:32:00,5,2025-06-04,56160,66420,2
2025,6,4,3,LAX,SEA,2025-06-04 17:45:00,17:33:00,-12,20:35:00,20:24:00,-11,2025-06-04,63900,74100,2
2025,6,4,3,LAX,SEA,2025-06-04 17:55:00,17:49:00,-6,20:49:00,20:26:00,-23,2025-06-04,64500,74940,2
2025,6,4,3,LAX,SEA,2025-06-04 18:45:00,18:46:00,1,21:36:00,21:32:00,-4,2025-06-04,67500,77760,2
2025,6,4,3,LAX,SEA,2025-06-04 19:07:00,19:26:00,19,21:58:00,22:27:00,29,2025-06-04,68820,79080,2
2025,6,4,3,LAX,SEA,2025-06-04 19:55:00,19:53:00,-2,22:47:00,23:02:00,15,2025-06-04,71700,82020,2
2025,6,4,3,LAX,SEA,2025-06-04 20:07:00,19:57:00,-10,23:09:00,22:55:00,-14,2025-06-04,72420,83340,2
2025,6,4,3,LAX,SEA,2025-06-04 20:15:00,20:02:00,-13,23:17:00,22:41:00,-36,2025-06-04,72900,83820,2
2025,6,4,3,LAX,SFO,2025-06-04 06:00:00,05:53:00,-7,07:38:00,07:07:00,-31,2025-06-04,21600,27480,2
2025,6,4,3,LAX,SFO,2025-06-04 06:00:00,05:55:00,-5,07:31:00,07:21:00,-10,2025-06-04,21600,27060,2
2025,6,4,3,LAX,SFO,2025-06-04 06:30:00,06:21:00,-9,07:53:00,07:30:00,-23,2025-06-04,23400,28380,2
2025,6,4,3,LAX,SFO,2025-06-04 06:55:00,06:49:00,-6,08:20:00,07:55:00,-25,2025-06-04,24900,30000,2
2025,6,4,3,LAX,SFO,2025-06-04 08:05:00,07:58:00,-7,09:45:00,09:12:00,-33,2025-06-04,29100,35100,2
2025,6,4,3,LAX,SFO,2025-06-04 08:40:00,08:32:00,-8,10:10:00,09:47:00,-23,2025-06-04,31200,36600,2
2025,6,4,3,LAX,SFO,2025-06-04 09:20:00,09:20:00,0,10:52:00,10:36:00,-16,2025-06-04,33600,39120,2
2025,6,4,3,LAX,SFO,2025-06-04 09:50:00,09:50:00,0,11:20:00,11:00:00,-20,2025-06-04,35400,40800,2
2025,6,4,3,LAX,SFO,2025-06-04 10:15:00,10:16:00,1,11:45:00,11:33:00,-12,2025-06-04,36900,42300,2
2025,6,4,3,LAX,SFO,2025-06-04 10:26:00,10:18:00,-8,11:59:00,11:39:00,-20,2025-06-04,37560,43140,2
2025,6,4,3,LAX,SFO,2025-06-04 11:00:00,11:22:00,22,12:32:00,12:44:00,12,2025-06-04,39600,45120,2
2025,6,4,3,LAX,SFO,2025-06-04 12:20:00,12:25:00,5,13:43:00,13:36:00,-7,2025-06-04,44400,49380,2
2025,6,4,3,LAX,SFO,2025-06-04 13:39:00,13:33:00,-6,15:07:00,14:48:00,-19,2025-06-04,49140,54420,2
2025,6,4,3,LAX,SFO,2025-06-04 13:55:00,13:49:00,-6,15:15:00,14:59:00,-16,2025-06-04,50100,54900,2
2025,6,4,3,LAX,SFO,2025-06-04 16:00:00,15:53:00,-7,17:28:00,17:14:00,-14,2025-06-04,57600,62880,2
2025,6,4,3,LAX,SFO,2025-06-04 16:10:00,16:16:00,6,17:39:00,17:33:00,-6,2025-06-04,58200,63540,2
2025,6,4,3,LAX,SFO,2025-06-04 16:25:00,16:18:00,-7,17:48:00,17:23:00,-25,2025-06-04,59100,64080,2
2025,6,4,3,LAX,SFO,2025-06-04 17:10:00,17:04:00,-6,18:40:00,18:17:00,-23,2025-06-04,61800,67200,2
2025,6,4,3,LAX,SFO,2025-06-04 17:15:00,17:10:00,-5,18:45:00,18:20:00,-25,2025-06-04,62100,67500,2
2025,6,4,3,LAX,SFO,2025-06-04 18:31:00,18:21:00,-10,19:58:00,19:52:00,-6,2025-06-04,66660,71880,2
2025,6,4,3,LAX,SFO,2025-06-04 18:40:00,19:12:00,32,20:09:00,20:29:00,20,2025-06-04,67200,72540,2
2025,6,4,3,LAX,SFO,2025-06-04 18:55:00,18:59:00,4,20:15:00,20:06:00,-9,2025-06-04,68100,72900,2
2025,6,4,3,LAX,SFO,2025-06-04 19:25:00,19:20:00,-5,20:57:00,20:39:00,-18,2025-06-04,69900,75420,2
2025,6,4,3,LAX,SFO,2025-06-04 19:35:00,19:27:00,-8,21:00:00,20:50:00,-10,2025-06-04,70500,75600,2
2025,6,4,3,LAX,SFO,2025-06-04 21:10:00,21:02:00,-8,22:40:00,22:07:00,-33,2025-06-04,76200,81600,2
2025,6,4,3,LAX,SFO,2025-06-04 21:30:00,21:28:00,-2,23:02:00,22:53:00,-9,2025-06-04,77400,82920,2
2025,6,4,3,LAX,SFO,2025-06-04 21:45:00,21:38:00,-7,23:09:00,22:43:00,-26,2025-06-04,78300,83340,2
2025,6,4,3,LAX,SFO,2025-06-04 22:30:00,22:20:00,-10,23:58:00,23:33:00,-25,2025-06-04,81000,86280,2
2025,6,4,3,LAX,SGU,2025-06-04 13:15:00,13:09:00,-6,15:47:00,15:29:00,-18,2025-06-04,47700,56820,2
2025,6,4,3,LAX,SJC,2025-06-04 06:35:00,06:28:00,-7,07:50:00,07:30:00,-20,2025-06-04,23700,28200,2
2025,6,4,3,LAX,SJC,2025-06-04 06:55:00,06:45:00,-10,08:10:00,08:02:00,-8,2025-06-04,24900,29400,2
2025,6,4,3,LAX,SJC,2025-06-04 08:55:00,08:50:00,-5,10:20:00,09:57:00,-23,2025-06-04,32100,37200,2
2025,6,4,3,LAX,SJC,2025-06-04 09:14:00,09:07:00,-7,10:33:00,10:17:00,-16,2025-06-04,33240,37980,2
2025,6,4,3,LAX,SJC,2025-06-04 11:39:00,11:30:00,-9,12:57:00,12:37:00,-20,2025-06-04,41940,46620,2
2025,6,4,3,LAX,SJC,2025-06-04 12:25:00,12:46:00,21,13:40:00,13:50:00,10,2025-06-04,44700,49200,2
2025,6,4,3,LAX,SJC,2025-06-04 14:06:00,14:07:00,1,15:20:00,15:12:00,-8,2025-06-04,50760,55200,2
2025,6,4,3,LAX,SJC,2025-06-04 17:16:00,17:07:00,-9,18:34:00,18:18:00,-16,2025-06-04,62160,66840,2
2025,6,4,3,LAX,SJC,2025-06-04 18:10:00,18:01:00,-9,19:25:00,19:10:00,-15,2025-06-04,65400,69900,2
2025,6,4,3,LAX,SJC,2025-06-04 19:20:00,19:13:00,-7,20:40:00,20:22:00,-18,2025-06-04,69600,74400,2
2025,6,4,3,LAX,SJC,2025-06-04 20:59:00,21:12:00,13,22:13:00,22:18:00,5,2025-06-04,75540,79980,2
2025,6,4,3,LAX,SLC,2025-06-04 06:00:00,05:55:00,-5,08:55:00,08:50:00,-5,2025-06-04,21600,32100,2
2025,6,4,3,LAX,SLC,2025-06-04 07:00:00,06:47:00,-13,09:55:00,09:40:00,-15,2025-06-04,25200,35700,2
2025,6,4,3,LAX,SLC,2025-06-04 08:40:00,08:43:00,3,11:40:00,11:17:00,-23,2025-06-04,31200,42000,2
2025,6,4,3,LAX,SLC,2025-06-04 09:15:00,09:18:00,3,12:11:00,12:11:00,0,2025-06-04,33300,43860,2
2025,6,4,3,LAX,SLC,2025-06-04 11:35:00,11:24:00,-11,14:29:00,14:12:00,-17,2025-06-04,41700,52140,2
2025,6,4,3,LAX,SLC,2025-06-04 13:13:00,13:06:00,-7,16:08:00,15:46:00,-22,2025-06-04,47580,58080,2
2025,6,4,3,LAX,SLC,2025-06-04 17:05:00,17:10:00,5,20:00:00,20:00:00,0,2025-06-04,61500,72000,2
2025,6,4,3,LAX,SLC,2025-06-04 18:45:00,18:43:00,-2,21:39:00,21:30:00,-9,2025-06-04,67500,77940,2
2025,6,4,3,LAX,SLC,2025-06-04 19:25:00,19:17:00,-8,22:15:00,22:00:00,-15,2025-06-04,69900,80100,2
2025,6,4,3,LAX,SMF,2025-06-04 06:25:00,06:21:00,-4,07:55:00,07:35:00,-20,2025-06-04,23100,28500,2
2025,6,4,3,LAX,SMF,2025-06-04 07:58:00,07:55:00,-3,09:24:00,09:16:00,-8,2025-06-04,28680,33840,2
2025,6,4,3,LAX,SMF,2025-06-04 08:15:00,08:08:00,-7,09:52:00,09:37:00,-15,2025-06-04,29700,35520,2
2025,6,4,3,LAX,SMF,2025-06-04 08:55:00,08:50:00,-5,10:35:00,10:12:00,-23,2025-06-04,32100,38100,2
2025,6,4,3,LAX,SMF,2025-06-04 10:13:00,10:07:00,-6,11:45:00,11:32:00,-13,2025-06-04,36780,42300,2
2025,6,4,3,LAX,SMF,2025-06-04 13:00:00,12:56:00,-4,14:35:00,14:20:00,-15,2025-06-04,46800,52500,2
2025,6,4,3,LAX,SMF,2025-06-04 13:25:00,13:47:00,22,14:57:00,15:05:00,8,2025-06-04,48300,53820,2
2025,6,4,3,LAX,SMF,2025-06-04 13:55:00,13:58:00,3,15:25:00,15:11:00,-14,2025-06-04,50100,55500,2
2025,6,4,3,LAX,SMF,2025-06-04 15:57:00,16:03:00,6,17:26:00,17:19:00,-7,2025-06-04,57420,62760,2
2025,6,4,3,LAX,SMF,2025-06-04 17:05:00,16:55:00,-10,18:37:00,18:31:00,-6,2025-06-04,61500,67020,2
2025,6,4,3,LAX,SMF,2025-06-04 18:10:00,18:05:00,-5,19:37:00,19:28:00,-9,2025-06-04,65400,70620,2
2025,6,4,3,LAX,SMF,2025-06-04 18:10:00,18:38:00,28,19:40:00,19:50:00,10,2025-06-04,65400,70800,2
2025,6,4,3,LAX,SMF,2025-06-04 19:22:00,19:13:00,-9,21:01:00,20:48:00,-13,2025-06-04,69720,75660,2
2025,6,4,3,LAX,SMF,2025-06-04 20:00:00,19:59:00,-1,21:37:00,21:30:00,-7,2025-06-04,72000,77820,2
2025,6,4,3,LAX,SMF,2025-06-04 20:15:00,20:10:00,-5,21:45:00,21:29:00,-16,2025-06-04,72900,78300,2
2025,6,4,3,LAX,SMF,2025-06-04 21:55:00,22:09:00,14,23:19:00,23:45:00,26,2025-06-04,78900,83940,2
2025,6,4,3,LAX,STL,2025-06-04 05:50:00,05:50:00,0,11:30:00,11:12:00,-18,2025-06-04,21000,41400,2
2025,6,4,3,LAX,STL,2025-06-04 15:55:00,15:53:00,-2,21:35:00,21:23:00,-12,2025-06-04,57300,77700,2
2025,6,4,3,LAX,STL,2025-06-04 17:29:00,17:24:00,-5,23:04:00,22:48:00,-16,2025-06-04,62940,83040,2
2025,6,4,3,LAX,STS,2025-06-04 09:25:00,09:19:00,-6,11:06:00,10:56:00,-10,2025-06-04,33900,39960,2
2025,6,4,3,LAX,STS,2025-06-04 21:56:00,21:56:00,0,23:30:00,23:16:00,-14,2025-06-04,78960,84600,2
2025,6,4,3,LAX,SUN,2025-06-04 08:30:00,08:27:00,-3,11:43:00,11:55:00,12,2025-06-04,30600,42180,2
2025,6,4,3,LAX,TPA,2025-06-04 10:25:00,10:25:00,0,18:06:00,17:45:00,-21,2025-06-04,37500,65160,2
2025,6,4,3,LAX,TPA,2025-06-04 22:10:00,22:01:00,-9,05:40:00,05:18:00,-22,2025-06-04,79800,20400,2
2025,6,4,3,LAX,TPA,2025-06-04 23:59:00,23:55:00,-4,07:56:00,07:19:00,-37,2025-06-04,86340,28560,2
2025,6,4,3,LAX,TUL,2025-06-04 09:15:00,09:05:00,-10,14:28:00,14:03:00,-25,2025-06-04,33300,52080,2
2025,6,4,3,LAX,TUS,2025-06-04 09:26:00,09:17:00,-9,11:00:00,10:45:00,-15,2025-06-04,33960,39600,2
2025,6,4,3,LAX,TUS,2025-06-04 09:35:00,09:30:00,-5,11:06:00,10:53:00,-13,2025-06-04,34500,39960,2
2025,6,4,3,LAX,TUS,2025-06-04 14:18:00,14:12:00,-6,15:49:00,15:39:00,-10,2025-06-04,51480,56940,2
2025,6,4,3,LAX,TUS,2025-06-04 15:24:00,15:15:00,-9,16:56:00,16:39:00,-17,2025-06-04,55440,60960,2
2025,6,4,3,LAX,TUS,2025-06-04 18:59:00,18:50:00,-9,20:31:00,20:10:00,-21,2025-06-04,68340,73860,2
2025,6,4,3,LAX,TUS,2025-06-04 19:00:00,18:59:00,-1,20:28:00,20:25:00,-3,2025-06-04,68400,73680,2
2025,6,4,3,LAX,TUS,2025-06-04 19:05:00,18:57:00,-8,20:40:00,20:16:00,-24,2025-06-04,68700,74400,2
2025,6,4,3,LAX,XNA,2025-06-04 10:09:00,10:03:00,-6,15:25:00,15:03:00,-22,2025-06-04,36540,55500,2
2025,6,4,3,LAX,XNA,2025-06-04 15:45:00,15:43:00,-2,20:55:00,20:55:00,0,2025-06-04,56700,75300,2
2025,6,5,4,LAX,ABQ,2025-06-05 08:00:00,07:47:00,-13,11:08:00,10:27:00,-41,2025-06-05,28800,40080,3
2025,6,5,4,LAX,ABQ,2025-06-05 08:59:00,08:44:00,-15,12:04:00,11:33:00,-31,2025-06-05,32340,43440,3
2025,6,5,4,LAX,ABQ,2025-06-05 11:20:00,11:24:00,4,14:15:00,14:05:00,-10,2025-06-05,40800,51300,3
2025,6,5,4,LAX,ABQ,2025-06-05 14:59:00,14:51:00,-8,17:58:00,17:38:00,-20,2025-06-05,53940,64680,3
2025,6,5,4,LAX,ABQ,2025-06-05 18:49:00,19:07:00,18,21:52:00,21:48:00,-4,2025-06-05,67740,78720,3
2025,6,5,4,LAX,ACV,2025-06-05 13:15:00,13:06:00,-9,15:13:00,15:12:00,-1,2025-06-05,47700,54780,3
2025,6,5,4,LAX,ANC,2025-06-05 19:45:00,19:44:00,-1,00:20:00,00:28:00,8,2025-06-05,71100,1200,3
2025,6,5,4,LAX,ASE,2025-06-05 10:40:00,10:36:00,-4,13:56:00,14:03:00,7,2025-06-05,38400,50160,3
2025,6,5,4,LAX,ASE,2025-06-05 12:54:00,12:44:00,-10,16:05:00,16:05:00,0,2025-06-05,46440,57900,3
2025,6,5,4,LAX,ASE,2025-06-05 17:25:00,17:30:00,5,20:28:00,21:08:00,40,2025-06-05,62700,73680,3
2025,6,5,4,LAX,ATL,2025-06-05 06:15:00,06:12:00,-3,13:38:00,13:27:00,-11,2025-06-05,22500,49080,3
2025,6,5,4,LAX,ATL,2025-06-05 07:30:00,07:30:00,0,14:47:00,14:39:00,-8,2025-06-05,27000,53220,3
2025,6,5,4,LAX,ATL,2025-06-05 08:35:00,08:31:00,-4,16:04:00,15:56:00,-8,2025-06-05,30900,57840,3
2025,6,5,4,LAX,ATL,2025-06-05 09:35:00,10:00:00,25,16:58:00,17:10:00,12,2025-06-05,34500,61080,3
2025,6,5,4,LAX,ATL,2025-06-05 09:51:00,09:52:00,1,17:15:00,17:07:00,-8,2025-06-05,35460,62100,3
2025,6,5,4,LAX,ATL,2025-06-05 11:05:00,11:01:00,-4,18:30:00,18:07:00,-23,2025-06-05,39900,66600,3
2025,6,5,4,LAX,ATL,2025-06-05 12:05:00,12:02:00,-3,19:24:00,19:12:00,-12,2025-06-05,43500,69840,3
2025,6,5,4,LAX,ATL,2025-06-05 12:37:00,12:56:00,19,19:59:00,19:58:00,-1,2025-06-05,45420,71940,3
2025,6,5,4,LAX,ATL,2025-06-05 13:02:00,13:59:00,57,20:45:00,21:10:00,25,2025-06-05,46920,74700,3
2025,6,5,4,LAX,ATL,2025-06-05 13:05:00,13:10:00,5,20:35:00,20:09:00,-26,2025-06-05,47100,74100,3
2025,6,5,4,LAX,ATL,2025-06-05 14:23:00,14:21:00,-2,21:49:00,21:29:00,-20,2025-06-05,51780,78540,3
2025,6,5,4,LAX,ATL,2025-06-05 17:00:00,16:43:00,-17,00:21:00,23:53:00,-28,2025-06-05,61200,1260,3
2025,6,5,4,LAX,ATL,2025-06-05 21:45:00,22:21:00,36,05:01:00,05:26:00,25,2025-06-05,78300,18060,3
2025,6,5,4,LAX,ATL,2025-06-05 22:50:00,22:51:00,1,06:10:00,06:02:00,-8,2025-06-05,82200,22200,3
2025,6,5,4,LAX,ATL,2025-06-05 23:10:00,23:28:00,18,06:33:00,06:27:00,-6,2025-06-05,83400,23580,3
2025,6,5,4,LAX,ATL,2025-06-05 23:55:00,23:58:00,3,07:20:00,07:09:00,-11,2025-06-05,86100,26400,3
2025,6,5,4,LAX,AUS,2025-06-05 05:00:00,04:54:00,-6,10:00:00,09:37:00,-23,2025-06-05,18000,36000,3
2025,6,5,4,LAX,AUS,2025-06-05 06:45:00,06:48:00,3,11:40:00,12:01:00,21,2025-06-05,24300,42000,3
2025,6,5,4,LAX,AUS,2025-06-05 07:46:00,07:36:00,-10,12:47:00,12:28:00,-19,2025-06-05,27960,46020,3
2025,6,5,4,LAX,AUS,2025-06-05 07:46:00,07:38:00,-8,12:44:00,12:19:00,-25,2025-06-05,27960,45840,3
2025,6,5,4,LAX,AUS,2025-06-05 09:25:00,09:21:00,-4,14:51:00,14:39:00,-12,2025-06-05,33900,53460,3
2025,6,5,4,LAX,AUS,2025-06-05 10:15:00,10:09:00,-6,15:21:00,15:09:00,-12,2025-06-05,36900,55260,3
2025,6,5,4,LAX,AUS,2025-06-05 11:15:00,11:42:00,27,16:20:00,16:29:00,9,2025-06-05,40500,58800,3
2025,6,5,4,LAX,AUS,2025-06-05 15:55:00,15:47:00,-8,20:54:00,20:29:00,-25,2025-06-05,57300,75240,3
2025,6,5,4,LAX,AUS,2025-06-05 16:14:00,16:10:00,-4,21:14:00,20:52:00,-22,2025-06-05,58440,76440,3
2025,6,5,4,LAX,AUS,2025-06-05 18:35:00,18:26:00,-9,23:38:00,23:14:00,-24,2025-06-05,66900,85080,3
2025,6,5,4,LAX,AUS,2025-06-05 18:40:00,18:42:00,2,23:58:00,23:47:00,-11,2025-06-05,67200,86280,3
2025,6,5,4,LAX,AUS,2025-06-05 18:55:00,19:50:00,55,23:55:00,00:28:00,33,2025-06-05,68100,86100,3
2025,6,5,4,LAX,AUS,2025-06-05 18:59:00,18:51:00,-8,23:54:00,23:35:00,-19,2025-06-05,68340,86040,3
2025,6,5,4,LAX,BLI,2025-06-05 18:50:00,18:42:00,-8,21:32:00,21:27:00,-5,2025-06-05,67800,77520,3
2025,6,5,4,LAX,BNA,2025-06-05 06:55:00,06:48:00,-7,12:50:00,12:28:00,-22,2025-06-05,24900,46200,3
2025,6,5,4,LAX,BNA,2025-06-05 07:10:00,07:12:00,2,13:25:00,12:50:00,-35,2025-06-05,25800,48300,3
2025,6,5,4,LAX,BNA,2025-06-05 10:36:00,10:39:00,3,16:45:00,16:47:00,2,2025-06-05,38160,60300,3
2025,6,5,4,LAX,BNA,2025-06-05 12:36:00,12:30:00,-6,18:40:00,18:26:00,-14,2025-06-05,45360,67200,3
2025,6,5,4,LAX,BNA,2025-06-05 18:45:00,18:40:00,-5,00:41:00,00:23:00,-18,2025-06-05,67500,2460,3
2025,6,5,4,LAX,BOI,2025-06-05 11:55:00,12:06:00,11,14:59:00,15:04:00,5,2025-06-05,42900,53940,3
2025,6,5,4,LAX,BOI,2025-06-05 12:45:00,12:41:00,-4,15:59:00,15:48:00,-11,2025-06-05,45900,57540,3
2025,6,5,4,LAX,BOI,2025-06-05 19:45:00,20:10:00,25,22:52:00,23:12:00,20,2025-06-05,71100,82320,3
2025,6,5,4,LAX,BOS,2025-06-05 06:00:00,05:54:00,-6,14:39:00,14:19:00,-20,2025-06-05,21600,52740,3
2025,6,5,4,LAX,BOS,2025-06-05 07:00:00,06:54:00,-6,15:35:00,15:04:00,-31,2025-06-05,25200,56100,3
2025,6,5,4,LAX,BOS,2025-06-05 07:50:00,07:51:00,1,16:32:00,16:10:00,-22,2025-06-05,28200,59520,3
2025,6,5,4,LAX,BOS,2025-06-05 08:33:00,08:26:00,-7,17:06:00,16:52:00,-14,2025-06-05,30780,61560,3
2025,6,5,4,LAX,BOS,2025-06-05 08:35:00,08:32:00,-3,17:18:00,16:59:00,-19,2025-06-05,30900,62280,3
2025,6,5,4,LAX,BOS,2025-06-05 10:50:00,10:49:00,-1,19:30:00,19:10:00,-20,2025-06-05,39000,70200,3
2025,6,5,4,LAX,BOS,2025-06-05 11:50:00,11:49:00,-1,20:35:00,19:58:00,-37,2025-06-05,42600,74100,3
2025,6,5,4,LAX,BOS,2025-06-05 12:50:00,12:55:00,5,21:34:00,21:05:00,-29,2025-06-05,46200,77640,3
2025,6,5,4,LAX,BOS,2025-06-05 15:20:00,15:44:00,24,23:48:00,23:52:00,4,2025-06-05,55200,85680,3
2025,6,5,4,LAX,BOS,2025-06-05 21:05:00,21:28:00,23,05:40:00,05:56:00,16,2025-06-05,75900,20400,3
2025,6,5,4,LAX,BOS,2025-06-05 22:13:00,22:09:00,-4,06:44:00,06:17:00,-27,2025-06-05,79980,24240,3
2025,6,5,4,LAX,BOS,2025-06-05 22:34:00,22:29:00,-5,07:15:00,06:52:00,-23,2025-06-05,81240,26100,3
2025,6,5,4,LAX,BOS,2025-06-05 22:35:00,22:59:00,24,07:13:00,07:36:00,23,2025-06-05,81300,25980,3
2025,6,5,4,LAX,BUF,2025-06-05 14:10:00,14:05:00,-5,22:00:00,21:28:00,-32,2025-06-05,51000,79200,3
2025,6,5,4,LAX,BWI,2025-06-05 05:30:00,05:36:00,6,13:35:00,13:35:00,0,2025-06-05,19800,48900,3
2025,6,5,4,LAX,BWI,2025-06-05 08:45:00,08:41:00,-4,16:54:00,16:28:00,-26,2025-06-05,31500,60840,3
2025,6,5,4,LAX,BWI,2025-06-05 10:05:00,10:03:00,-2,18:10:00,17:39:00,-31,2025-06-05,36300,65400,3
2025,6,5,4,LAX,BWI,2025-06-05 11:36:00,11:45:00,9,19:39:00,19:17:00,-22,2025-06-05,41760,70740,3
2025,6,5,4,LAX,BWI,2025-06-05 20:55:00,21:55:00,60,05:00:00,05:30:00,30,2025-06-05,75300,18000,3
2025,6,5,4,LAX,BWI,2025-06-05 23:59:00,23:52:00,-7,08:07:00,07:49:00,-18,2025-06-05,86340,29220,3
2025,6,5,4,LAX,BZN,2025-06-05 11:21:00,11:16:00,-5,14:50:00,14:42:00,-8,2025-06-05,40860,53400,3
2025,6,5,4,LAX,BZN,2025-06-05 18:00:00,17:51:00,-9,21:39:00,21:14:00,-25,2025-06-05,64800,77940,3
2025,6,5,4,LAX,CLE,2025-06-05 11:38:00,11:49:00,11,19:11:00,18:56:00,-15,2025-06-05,41880,69060,3
2025,6,5,4,LAX,CLE,2025-06-05 21:20:00,21:15:00,-5,04:53:00,04:20:00,-33,2025-06-05,76800,17580,3
2025,6,5,4,LAX,CLT,2025-06-05 06:05:00,06:04:00,-1,13:54:00,13:49:00,-5,2025-06-05,21900,50040,3
2025,6,5,4,LAX,CLT,2025-06-05 07:59:00,07:52:00,-7,15:45:00,15:30:00,-15,2025-06-05,28740,56700,3
2025,6,5,4,LAX,CLT,2025-06-05 09:11:00,09:07:00,-4,17:00:00,16:45:00,-15,2025-06-05,33060,61200,3
2025,6,5,4,LAX,CLT,2025-06-05 11:54:00,12:04:00,10,19:45:00,19:42:00,-3,2025-06-05,42840,71100,3
2025,6,5,4,LAX,CLT,2025-06-05 14:02:00,13:55:00,-7,21:55:00,21:52:00,-3,2025-06-05,50520,78900,3
2025,6,5,4,LAX,CLT,2025-06-05 21:48:00,22:14:00,26,05:29:00,06:06:00,37,2025-06-05,78480,19740,3
2025,6,5,4,LAX,CLT,2025-06-05 22:49:00,22:47:00,-2,06:35:00,06:15:00,-20,2025-06-05,82140,23700,3
2025,6,5,4,LAX,CLT,2025-06-05 23:49:00,23:49:00,0,07:35:00,07:17:00,-18,2025-06-05,85740,27300,3
2025,6,5,4,LAX,CMH,2025-06-05 09:34:00,09:24:00,-10,17:09:00,16:38:00,-31,2025-06-05,34440,61740,3
2025,6,5,4,LAX,CVG,2025-06-05 13:50:00,14:04:00,14,21:04:00,21:09:00,5,2025-06-05,49800,75840,3
2025,6,5,4,LAX,CVG,2025-06-05 22:45:00,22:43:00,-2,05:55:00,05:30:00,-25,2025-06-05,81900,21300,3
2025,6,5,4,LAX,DAL,2025-06-05 05:05:00,04:58:00,-7,10:10:00,09:49:00,-21,2025-06-05,18300,36600,3
2025,6,5,4,LAX,DAL,2025-06-05 06:45:00,06:40:00,-5,11:50:00,11:24:00,-26,2025-06-05,24300,42600,3
2025,6,5,4,LAX,DAL,2025-06-05 11:20:00,11:31:00,11,16:30:00,16:19:00,-11,2025-06-05,40800,59400,3
2025,6,5,4,LAX,DAL,2025-06-05 16:30:00,16:43:00,13,21:45:00,21:39:00,-6,2025-06-05,59400,78300,3
2025,6,5,4,LAX,DAL,2025-06-05 18:10:00,18:48:00,38,23:20:00,23:43:00,23,2025-06-05,65400,84000,3
2025,6,5,4,LAX,DCA,2025-06-05 08:00:00,07:54:00,-6,16:05:00,15:28:00,-37,2025-06-05,28800,57900,3
2025,6,5,4,LAX,DCA,2025-06-05 08:19:00,08:13:00,-6,16:22:00,15:54:00,-28,2025-06-05,29940,58920,3
2025,6,5,4,LAX,DCA,2025-06-05 12:28:00,12:23:00,-5,20:29:00,20:10:00,-19,2025-06-05,44880,73740,3
2025,6,5,4,LAX,DEN,2025-06-05 05:05:00,05:01:00,-4,08:24:00,08:13:00,-11,2025-06-05,18300,30240,3
2025,6,5,4,LAX,DEN,2025-06-05 05:45:00,05:46:00,1,09:10:00,08:58:00,-12,2025-06-05,20700,33000,3
2025,6,5,4,LAX,DEN,2025-06-05 06:15:00,06:56:00,41,09:48:00,10:46:00,58,2025-06-05,22500,35280,3
2025,6,5,4,LAX,DEN,2025-06-05 07:06:00,06:59:00,-7,10:31:00,11:08:00,37,2025-06-05,25560,37860,3
2025,6,5,4,LAX,DEN,2025-06-05 07:53:00,07:43:00,-10,11:17:00,10:59:00,-18,2025-06-05,28380,40620,3
2025,6,5,4,LAX,DEN,2025-06-05 08:05:00,08:01:00,-4,11:30:00,11:13:00,-17,2025-06-05,29100,41400,3
2025,6,5,4,LAX,DEN,2025-06-05 08:15:00,08:04:00,-11,11:39:00,11:25:00,-14,2025-06-05,29700,41940,3
2025,6,5,4,LAX,DEN,2025-06-05 09:00:00,08:55:00,-5,12:27:00,12:18:00,-9,2025-06-05,32400,44820,3
2025,6,5,4,LAX,DEN,2025-06-05 10:30:00,10:40:00,10,13:55:00,13:48:00,-7,2025-06-05,37800,50100,3
2025,6,5,4,LAX,DEN,2025-06-05 10:50:00,10:37:00,-13,14:25:00,14:02:00,-23,2025-06-05,39000,51900,3
2025,6,5,4,LAX,DEN,2025-06-05 10:52:00,10:51:00,-1,14:19:00,14:03:00,-16,2025-06-05,39120,51540,3
2025,6,5,4,LAX,DEN,2025-06-05 12:55:00,12:51:00,-4,16:23:00,16:35:00,12,2025-06-05,46500,58980,3
2025,6,5,4,LAX,DEN,2025-06-05 13:38:00,13:46:00,8,17:01:00,17:51:00,50,2025-06-05,49080,61260,3
2025,6,5,4,LAX,DEN,2025-06-05 14:35:00,14:35:00,0,18:05:00,17:56:00,-9,2025-06-05,52500,65100,3
2025,6,5,4,LAX,DEN,2025-06-05 18:30:00,19:01:00,31,22:00:00,22:46:00,46,2025-06-05,66600,79200,3
2025,6,5,4,LAX,DEN,2025-06-05 19:18:00,19:14:00,-4,22:47:00,22:32:00,-15,2025-06-05,69480,82020,3
2025,6,5,4,LAX,DEN,2025-06-05 19:45:00,20:20:00,35,23:09:00,23:52:00,43,2025-06-05,71100,83340,3
2025,6,5,4,LAX,DEN,2025-06-05 20:20:00,21:02:00,42,23:50:00,00:10:00,20,2025-06-05,73200,85800,3
2025,6,5,4,LAX,DEN,2025-06-05 20:30:00,20:12:00,-18,23:54:00,23:42:00,-12,2025-06-05,73800,86040,3
2025,6,5,4,LAX,DFW,2025-06-05 00:35:00,00:27:00,-8,05:32:00,05:25:00,-7,2025-06-05,2100,19920,3
2025,6,5,4,LAX,DFW,2025-06-05 01:30:00,01:28:00,-2,06:33:00,06:14:00,-19,2025-06-05,5400,23580,3
2025,6,5,4,LAX,DFW,2025-06-05 05:30:00,05:21:00,-9,10:38:00,10:15:00,-23,2025-06-05,19800,38280,3
2025,6,5,4,LAX,DFW,2025-06-05 06:00:00,05:53:00,-7,11:20:00,11:00:00,-20,2025-06-05,21600,40800,3
2025,6,5,4,LAX,DFW,2025-06-05 07:00:00,06:54:00,-6,12:09:00,11:43:00,-26,2025-06-05,25200,43740,3
2025,6,5,4,LAX,DFW,2025-06-05 08:26:00,08:19:00,-7,13:39:00,13:26:00,-13,2025-06-05,30360,49140,3
2025,6,5,4,LAX,DFW,2025-06-05 08:35:00,08:35:00,0,13:43:00,13:24:00,-19,2025-06-05,30900,49380,3
2025,6,5,4,LAX,DFW,2025-06-05 09:30:00,09:28:00,-2,14:43:00,14:27:00,-16,2025-06-05,34200,52980,3
2025,6,5,4,LAX,DFW,2025-06-05 10:37:00,10:38:00,1,15:45:00,15:41:00,-4,2025-06-05,38220,56700,3
2025,6,5,4,LAX,DFW,2025-06-05 12:30:00,12:29:00,-1,17:37:00,17:37:00,0,2025-06-05,45000,63420,3
2025,6,5,4,LAX,DFW,2025-06-05 13:48:00,13:55:00,7,18:59:00,18:54:00,-5,2025-06-05,49680,68340,3
2025,6,5,4,LAX,DFW,2025-06-05 14:33:00,14:46:00,13,19:43:00,19:52:00,9,2025-06-05,52380,70980,3
2025,6,5,4,LAX,DFW,2025-06-05 15:48:00,15:44:00,-4,20:59:00,20:37:00,-22,2025-06-05,56880,75540,3
2025,6,5,4,LAX,DFW,2025-06-05 16:36:00,16:34:00,-2,21:47:00,21:27:00,-20,2025-06-05,59760,78420,3
2025,6,5,4,LAX,DFW,2025-06-05 18:35:00,18:33:00,-2,23:47:00,23:25:00,-22,2025-06-05,66900,85620,3
2025,6,5,4,LAX,DFW,2025-06-05 18:59:00,18:53:00,-6,23:59:00,23:46:00,-13,2025-06-05,68340,86340,3
2025,6,5,4,LAX,DFW,2025-06-05 19:00:00,19:01:00,1,00:23:00,23:58:00,-25,2025-06-05,68400,1380,3
2025,6,5,4,LAX,DFW,2025-06-05 23:59:00,00:21:00,22,05:09:00,05:27:00,18,2025-06-05,86340,18540,3
2025,6,5,4,LAX,DTW,2025-06-05 00:59:00,00:51:00,-8,08:25:00,08:02:00,-23,2025-06-05,3540,30300,3
2025,6,5,4,LAX,DTW,2025-06-05 05:35:00,05:34:00,-1,13:01:00,12:46:00,-15,2025-06-05,20100,46860,3
2025,6,5,4,LAX,DTW,2025-06-05 09:50:00,09:44:00,-6,17:10:00,16:50:00,-20,2025-06-05,35400,61800,3
2025,6,5,4,LAX,DTW,2025-06-05 11:47:00,11:46:00,-1,19:11:00,18:56:00,-15,2025-06-05,42420,69060,3
2025,6,5,4,LAX,DTW,2025-06-05 15:52:00,15:48:00,-4,23:18:00,22:51:00,-27,2025-06-05,57120,83880,3
2025,6,5,4,LAX,DTW,2025-06-05 21:26:00,21:20:00,-6,04:43:00,04:15:00,-28,2025-06-05,77160,16980,3
2025,6,5,4,LAX,ELP,2025-06-05 12:45:00,12:45:00,0,15:45:00,15:31:00,-14,2025-06-05,45900,56700,3
2025,6,5,4,LAX,ELP,2025-06-05 14:30:00,14:21:00,-9,17:31:00,17:11:00,-20,2025-06-05,52200,63060,3
2025,6,5,4,LAX,ELP,2025-06-05 19:47:00,19:38:00,-9,22:47:00,22:32:00,-15,2025-06-05,71220,82020,3
2025,6,5,4,LAX,EUG,2025-06-05 20:59:00,21:45:00,46,23:20:00,23:59:00,39,2025-06-05,75540,84000,3
2025,6,5,4,LAX,EWR,2025-06-05 06:00:00,05:55:00,-5,14:34:00,14:04:00,-30,2025-06-05,21600,52440,3
2025,6,5,4,LAX,EWR,2025-06-05 07:00:00,06:57:00,-3,15:34:00,15:09:00,-25,2025-06-05,25200,56040,3
2025,6,5,4,LAX,EWR,2025-06-05 07:00:00,06:58:00,-2,15:40:00,15:05:00,-35,2025-06-05,25200,56400,3
2025,6,5,4,LAX,EWR,2025-06-05 07:54:00,07:48:00,-6,16:29:00,16:03:00,-26,2025-06-05,28440,59340,3
2025,6,5,4,LAX,EWR,2025-06-05 10:15:00,10:19:00,4,18:54:00,18:38:00,-16,2025-06-05,36900,68040,3
2025,6,5,4,LAX,EWR,2025-06-05 10:21:00,10:15:00,-6,19:00:00,18:22:00,-38,2025-06-05,37260,68400,3
2025,6,5,4,LAX,EWR,2025-06-05 12:15:00,12:21:00,6,20:54:00,20:22:00,-32,2025-06-05,44100,75240,3
2025,6,5,4,LAX,EWR,2025-06-05 13:30:00,14:19:00,49,21:52:00,22:27:00,35,2025-06-05,48600,78720,3
2025,6,5,4,LAX,EWR,2025-06-05 14:23:00,14:22:00,-1,22:49:00,22:17:00,-32,2025-06-05,51780,82140,3
2025,6,5,4,LAX,EWR,2025-06-05 16:30:00,16:32:00,2,00:57:00,00:47:00,-10,2025-06-05,59400,3420,3
2025,6,5,4,LAX,EWR,2025-06-05 20:55:00,21:14:00,19,05:08:00,05:05:00,-3,2025-06-05,75300,18480,3
2025,6,5,4,LAX,EWR,2025-06-05 21:43:00,21:40:00,-3,05:59:00,05:31:00,-28,2025-06-05,78180,21540,3
2025,6,5,4,LAX,EWR,2025-06-05 22:20:00,22:34:00,14,06:48:00,06:30:00,-18,2025-06-05,80400,24480,3
2025,6,5,4,LAX,FAT,2025-06-05 10:30:00,10:23:00,-7,11:48:00,11:26:00,-22,2025-06-05,37800,42480,3
2025,6,5,4,LAX,FAT,2025-06-05 19:10:00,19:00:00,-10,20:24:00,20:09:00,-15,2025-06-05,69000,73440,3
2025,6,5,4,LAX,FAT,2025-06-05 22:38:00,22:46:00,8,23:52:00,00:04:00,12,2025-06-05,81480,85920,3
2025,6,5,4,LAX,FCA,2025-06-05 09:22:00,09:16:00,-6,13:21:00,13:25:00,4,2025-06-05,33720,48060,3
2025,6,5,4,LAX,FLL,2025-06-05 08:30:00,08:20:00,-10,16:37:00,16:05:00,-32,2025-06-05,30600,59820,3
2025,6,5,4,LAX,FLL,2025-06-05 10:47:00,10:39:00,-8,18:59:00,18:32:00,-27,2025-06-05,38820,68340,3
2025,6,5,4,LAX,FLL,2025-06-05 13:50:00,13:46:00,-4,21:59:00,21:35:00,-24,2025-06-05,49800,79140,3
2025,6,5,4,LAX,FLL,2025-06-05 15:50:00,15:44:00,-6,23:41:00,23:17:00,-24,2025-06-05,57000,85260,3
2025,6,5,4,LAX,FLL,2025-06-05 21:00:00,20:58:00,-2,05:04:00,04:36:00,-28,2025-06-05,75600,18240,3
2025,6,5,4,LAX,FLL,2025-06-05 23:05:00,23:05:00,0,06:55:00,06:46:00,-9,2025-06-05,83100,24900,3
2025,6,5,4,LAX,GEG,2025-06-05 11:16:00,11:08:00,-8,13:56:00,13:41:00,-15,2025-06-05,40560,50160,3
2025,6,5,4,LAX,GEG,2025-06-05 19:05:00,18:58:00,-7,21:40:00,21:25:00,-15,2025-06-05,68700,78000,3
2025,6,5,4,LAX,GEG,2025-06-05 19:45:00,19:43:00,-2,22:22:00,22:15:00,-7,2025-06-05,71100,80520,3
2025,6,5,4,LAX,HNL,2025-06-05 07:00:00,07:04:00,4,09:40:00,09:50:00,10,2025-06-05,25200,34800,3
2025,6,5,4,LAX,HNL,2025-06-05 07:05:00,07:15:00,10,10:10:00,09:58:00,-12,2025-06-05,25500,36600,3
2025,6,5,4,LAX,HNL,2025-06-05 08:30:00,08:29:00,-1,11:21:00,10:57:00,-24,2025-06-05,30600,40860,3
2025,6,5,4,LAX,HNL,2025-06-05 08:35:00,08:31:00,-4,11:17:00,11:00:00,-17,2025-06-05,30900,40620,3
2025,6,5,4,LAX,HNL,2025-06-05 08:49:00,08:41:00,-8,11:37:00,11:09:00,-28,2025-06-05,31740,41820,3
2025,6,5,4,LAX,HNL,2025-06-05 10:00:00,10:06:00,6,12:40:00,12:38:00,-2,2025-06-05,36000,45600,3
2025,6,5,4,LAX,HNL,2025-06-05 11:15:00,11:09:00,-6,14:04:00,13:45:00,-19,2025-06-05,40500,50640,3
2025,6,5,4,LAX,HNL,2025-06-05 13:45:00,13:39:00,-6,16:32:00,16:14:00,-18,2025-06-05,49500,59520,3
2025,6,5,4,LAX,HNL,2025-06-05 14:44:00,15:01:00,17,17:28:00,17:27:00,-1,2025-06-05,53040,62880,3
2025,6,5,4,LAX,HNL,2025-06-05 17:10:00,17:13:00,3,19:44:00,19:38:00,-6,2025-06-05,61800,71040,3
2025,6,5,4,LAX,HNL,2025-06-05 17:55:00,17:56:00,1,20:40:00,20:41:00,1,2025-06-05,64500,74400,3
2025,6,5,4,LAX,HNL,2025-06-05 17:59:00,18:01:00,2,20:44:00,20:35:00,-9,2025-06-05,64740,74640,3
2025,6,5,4,LAX,HNL,2025-06-05 18:10:00,18:11:00,1,20:52:00,20:43:00,-9,2025-06-05,65400,75120,3
2025,6,5,4,LAX,HNL,2025-06-05 18:25:00,19:11:00,46,21:15:00,21:45:00,30,2025-06-05,66300,76500,3
2025,6,5,4,LAX,HNL,2025-06-05 18:45:00,18:42:00,-3,21:28:00,21:16:00,-12,2025-06-05,67500,77280,3
2025,6,5,4,LAX,HNL,2025-06-05 19:13:00,19:37:00,24,21:55:00,22:25:00,30,2025-06-05,69180,78900,3
2025,6,5,4,LAX,HNL,2025-06-05 20:50:00,20:48:00,-2,23:29:00,23:32:00,3,2025-06-05,75000,84540,3
2025,6,5,4,LAX,HOU,2025-06-05 05:05:00,04:58:00,-7,10:30:00,10:06:00,-24,2025-06-05,18300,37800,3
2025,6,5,4,LAX,HOU,2025-06-05 13:35:00,13:38:00,3,19:00:00,18:47:00,-13,2025-06-05,48900,68400,3
2025,6,5,4,LAX,HOU,2025-06-05 23:50:00,00:07:00,17,05:15:00,05:09:00,-6,2025-06-05,85800,18900,3
2025,6,5,4,LAX,IAD,2025-06-05 06:20:00,06:11:00,-9,14:23:00,14:05:00,-18,2025-06-05,22800,51780,3
2025,6,5,4,LAX,IAD,2025-06-05 08:00:00,08:06:00,6,16:14:00,15:53:00,-21,2025-06-05,28800,58440,3
2025,6,5,4,LAX,IAD,2025-06-05 08:15:00,08:12:00,-3,16:21:00,15:56:00,-25,2025-06-05,29700,58860,3
2025,6,5,4,LAX,IAD,2025-06-05 10:15:00,10:24:00,9,18:20:00,18:26:00,6,2025-06-05,36900,66000,3
2025,6,5,4,LAX,IAD,2025-06-05 13:15:00,13:11:00,-4,21:20:00,21:02:00,-18,2025-06-05,47700,76800,3
2025,6,5,4,LAX,IAD,2025-06-05 16:45:00,16:42:00,-3,00:44:00,00:20:00,-24,2025-06-05,60300,2640,3
2025,6,5,4,LAX,IAD,2025-06-05 21:35:00,21:44:00,9,05:37:00,05:22:00,-15,2025-06-05,77700,20220,3
2025,6,5,4,LAX,IAD,2025-06-05 22:50:00,23:02:00,12,06:39:00,06:32:00,-7,2025-06-05,82200,23940,3
2025,6,5,4,LAX,IAH,2025-06-05 00:56:00,00:52:00,-4,06:18:00,05:55:00,-23,2025-06-05,3360,22680,3
2025,6,5,4,LAX,IAH,2025-06-05 05:15:00,05:07:00,-8,10:42:00,10:26:00,-16,2025-06-05,18900,38520,3
2025,6,5,4,LAX,IAH,2025-06-05 07:15:00,07:10:00,-5,12:44:00,12:23:00,-21,2025-06-05,26100,45840,3
2025,6,5,4,LAX,IAH,2025-06-05 08:40:00,08:32:00,-8,14:09:00,13:48:00,-21,2025-06-05,31200,50940,3
2025,6,5,4,LAX,IAH,2025-06-05 08:50:00,08:47:00,-3,14:12:00,13:52:00,-20,2025-06-05,31800,51120,3
2025,6,5,4,LAX,IAH,2025-06-05 10:15:00,10:14:00,-1,15:40:00,15:21:00,-19,2025-06-05,36900,56400,3
2025,6,5,4,LAX,IAH,2025-06-05 11:33:00,11:28:00,-5,16:53:00,16:43:00,-10,2025-06-05,41580,60780,3
2025,6,5,4,LAX,IAH,2025-06-05 13:10:00,13:06:00,-4,18:40:00,18:17:00,-23,2025-06-05,47400,67200,3
2025,6,5,4,LAX,IAH,2025-06-05 13:58:00,13:53:00,-5,19:25:00,19:12:00,-13,2025-06-05,50280,69900,3
2025,6,5,4,LAX,IAH,2025-06-05 14:18:00,14:36:00,18,19:56:00,20:10:00,14,2025-06-05,51480,71760,3
2025,6,5,4,LAX,IAH,2025-06-05 18:10:00,18:06:00,-4,23:21:00,23:04:00,-17,2025-06-05,65400,84060,3
2025,6,5,4,LAX,IAH,2025-06-05 18:10:00,18:16:00,6,23:33:00,23:20:00,-13,2025-06-05,65400,84780,3
2025,6,5,4,LAX,IAH,2025-06-05 19:20:00,19:12:00,-8,00:43:00,00:18:00,-25,2025-06-05,69600,2580,3
2025,6,5,4,LAX,IAH,2025-06-05 23:42:00,23:40:00,-2,04:55:00,04:44:00,-11,2025-06-05,85320,17700,3
2025,6,5,4,LAX,ICT,2025-06-05 06:20:00,06:09:00,-11,11:14:00,11:11:00,-3,2025-06-05,22800,40440,3
2025,6,5,4,LAX,IND,2025-06-05 10:36:00,10:32:00,-4,17:47:00,17:25:00,-22,2025-06-05,38160,64020,3
2025,6,5,4,LAX,IND,2025-06-05 14:12:00,14:35:00,23,21:14:00,21:13:00,-1,2025-06-05,51120,76440,3
2025,6,5,4,LAX,IND,2025-06-05 23:00:00,23:03:00,3,06:00:00,05:46:00,-14,2025-06-05,82800,21600,3
2025,6,5,4,LAX,JAC,2025-06-05 09:00:00,08:50:00,-10,12:18:00,12:09:00,-9,2025-06-05,32400,44280,3
2025,6,5,4,LAX,JAC,2025-06-05 10:30:00,10:24:00,-6,13:48:00,13:38:00,-10,2025-06-05,37800,49680,3
2025,6,5,4,LAX,JFK,2025-06-05 06:00:00,05:51:00,-9,14:34:00,14:18:00,-16,2025-06-05,21600,52440,3
2025,6,5,4,LAX,JFK,2025-06-05 07:00:00,06:55:00,-5,15:35:00,15:05:00,-30,2025-06-05,25200,56100,3
2025,6,5,4,LAX,JFK,2025-06-05 07:00:00,06:58:00,-2,15:25:00,15:22:00,-3,2025-06-05,25200,55500,3
2025,6,5,4,LAX,JFK,2025-06-05 07:55:00,07:47:00,-8,16:32:00,15:51:00,-41,2025-06-05,28500,59520,3
2025,6,5,4,LAX,JFK,2025-06-05 09:20:00,09:18:00,-2,18:10:00,17:50:00,-20,2025-06-05,33600,65400,3
2025,6,5,4,LAX,JFK,2025-06-05 09:55:00,09:49:00,-6,18:35:00,18:16:00,-19,2025-06-05,35700,66900,3
2025,6,5,4,LAX,JFK,2025-06-05 10:20:00,10:20:00,0,19:10:00,19:01:00,-9,2025-06-05,37200,69000,3
2025,6,5,4,LAX,JFK,2025-06-05 10:21:00,10:23:00,2,18:59:00,18:45:00,-14,2025-06-05,37260,68340,3
2025,6,5,4,LAX,JFK,2025-06-05 11:15:00,11:12:00,-3,19:59:00,19:38:00,-21,2025-06-05,40500,71940,3
2025,6,5,4,LAX,JFK,2025-06-05 11:20:00,11:26:00,6,19:50:00,19:52:00,2,2025-06-05,40800,71400,3
2025,6,5,4,LAX,JFK,2025-06-05 11:30:00,11:28:00,-2,20:06:00,19:46:00,-20,2025-06-05,41400,72360,3
2025,6,5,4,LAX,JFK,2025-06-05 12:20:00,12:17:00,-3,21:02:00,20:32:00,-30,2025-06-05,44400,75720,3
2025,6,5,4,LAX,JFK,2025-06-05 12:30:00,12:25:00,-5,21:07:00,21:05:00,-2,2025-06-05,45000,76020,3
2025,6,5,4,LAX,JFK,2025-06-05 13:05:00,13:00:00,-5,21:44:00,21:37:00,-7,2025-06-05,47100,78240,3
2025,6,5,4,LAX,JFK,2025-06-05 14:20:00,14:19:00,-1,22:55:00,22:50:00,-5,2025-06-05,51600,82500,3
2025,6,5,4,LAX,JFK,2025-06-05 14:30:00,14:26:00,-4,23:10:00,22:42:00,-28,2025-06-05,52200,83400,3
2025,6,5,4,LAX,JFK,2025-06-05 15:20:00,15:12:00,-8,23:54:00,23:27:00,-27,2025-06-05,55200,86040,3
2025,6,5,4,LAX,JFK,2025-06-05 15:20:00,15:15:00,-5,23:58:00,23:32:00,-26,2025-06-05,55200,86280,3
2025,6,5,4,LAX,JFK,2025-06-05 16:20:00,16:18:00,-2,00:57:00,00:37:00,-20,2025-06-05,58800,3420,3
2025,6,5,4,LAX,JFK,2025-06-05 16:25:00,16:23:00,-2,00:55:00,00:24:00,-31,2025-06-05,59100,3300,3
2025,6,5,4,LAX,JFK,2025-06-05 21:15:00,21:58:00,43,05:42:00,06:13:00,31,2025-06-05,76500,20520,3
2025,6,5,4,LAX,JFK,2025-06-05 21:21:00,21:17:00,-4,05:55:00,05:25:00,-30,2025-06-05,76860,21300,3
2025,6,5,4,LAX,JFK,2025-06-05 21:25:00,21:29:00,4,05:59:00,05:39:00,-20,2025-06-05,77100,21540,3
2025,6,5,4,LAX,JFK,2025-06-05 22:52:00,23:05:00,13,07:32:00,07:29:00,-3,2025-06-05,82320,27120,3
2025,6,5,4,LAX,JFK,2025-06-05 22:55:00,22:53:00,-2,07:25:00,06:53:00,-32,2025-06-05,82500,26700,3
2025,6,5,4,LAX,JFK,2025-06-05 23:55:00,23:53:00,-2,08:30:00,07:58:00,-32,2025-06-05,86100,30600,3
2025,6,5,4,LAX,JFK,2025-06-05 23:59:00,00:07:00,8,08:37:00,08:17:00,-20,2025-06-05,86340,31020,3
2025,6,5,4,LAX,KOA,2025-06-05 09:10:00,09:03:00,-7,11:50:00,11:41:00,-9,2025-06-05,33000,42600,3
2025,6,5,4,LAX,KOA,2025-06-05 11:00:00,11:00:00,0,13:35:00,13:42:00,7,2025-06-05,39600,48900,3
2025,6,5,4,LAX,KOA,2025-06-05 11:19:00,11:20:00,1,13:55:00,13:50:00,-5,2025-06-05,40740,50100,3
2025,6,5,4,LAX,KOA,2025-06-05 16:29:00,16:28:00,-1,19:10:00,18:52:00,-18,2025-06-05,59340,69000,3
2025,6,5,4,LAX,KOA,2025-06-05 17:25:00,17:18:00,-7,20:03:00,19:52:00,-11,2025-06-05,62700,72180,3
2025,6,5,4,LAX,LAS,2025-06-05 05:20:00,05:12:00,-8,06:35:00,06:26:00,-9,2025-06-05,19200,23700,3
2025,6,5,4,LAX,LAS,2025-06-05 06:00:00,05:51:00,-9,07:19:00,06:58:00,-21,2025-06-05,21600,26340,3
2025,6,5,4,LAX,LAS,2025-06-05 07:25:00,07:23:00,-2,08:45:00,08:37:00,-8,2025-06-05,26700,31500,3
2025,6,5,4,LAX,LAS,2025-06-05 07:30:00,07:28:00,-2,08:42:00,08:39:00,-3,2025-06-05,27000,31320,3
2025,6,5,4,LAX,LAS,2025-06-05 08:26:00,08:24:00,-2,09:51:00,09:45:00,-6,2025-06-05,30360,35460,3
2025,6,5,4,LAX,LAS,2025-06-05 08:45:00,08:50:00,5,10:05:00,10:07:00,2,2025-06-05,31500,36300,3
2025,6,5,4,LAX,LAS,2025-06-05 10:19:00,10:31:00,12,11:31:00,11:41:00,10,2025-06-05,37140,41460,3
2025,6,5,4,LAX,LAS,2025-06-05 10:30:00,10:24:00,-6,11:47:00,11:29:00,-18,2025-06-05,37800,42420,3
2025,6,5,4,LAX,LAS,2025-06-05 11:25:00,11:45:00,20,12:45:00,12:56:00,11,2025-06-05,41100,45900,3
2025,6,5,4,LAX,LAS,2025-06-05 11:37:00,11:42:00,5,12:52:00,12:56:00,4,2025-06-05,41820,46320,3
2025,6,5,4,LAX,LAS,2025-06-05 14:45:00,15:09:00,24,16:07:00,16:36:00,29,2025-06-05,53100,58020,3
2025,6,5,4,LAX,LAS,2025-06-05 15:13:00,15:40:00,27,16:25:00,18:02:00,97,2025-06-05,54780,59100,3
2025,6,5,4,LAX,LAS,2025-06-05 17:35:00,18:34:00,59,18:49:00,20:20:00,91,2025-06-05,63300,67740,3
2025,6,5,4,LAX,LAS,2025-06-05 17:53:00,18:37:00,44,19:11:00,20:23:00,72,2025-06-05,64380,69060,3
2025,6,5,4,LAX,LAS,2025-06-05 18:52:00,18:57:00,5,20:10:00,21:05:00,55,2025-06-05,67920,72600,3
2025,6,5,4,LAX,LAS,2025-06-05 22:05:00,22:12:00,7,23:25:00,23:57:00,32,2025-06-05,79500,84300,3
2025,6,5,4,LAX,LAS,2025-06-05 22:10:00,22:55:00,45,23:28:00,00:30:00,62,2025-06-05,79800,84480,3
2025,6,5,4,LAX,LAS,2025-06-05 23:05:00,23:09:00,4,00:27:00,00:37:00,10,2025-06-05,83100,1620,3
2025,6,5,4,LAX,LIH,2025-06-05 08:42:00,08:36:00,-6,11:38:00,11:26:00,-12,2025-06-05,31320,41880,3
2025,6,5,4,LAX,LIH,2025-06-05 09:00:00,08:55:00,-5,11:45:00,11:52:00,7,2025-06-05,32400,42300,3
2025,6,5,4,LAX,LIH,2025-06-05 09:03:00,08:52:00,-11,12:04:00,11:38:00,-26,2025-06-05,32580,43440,3
2025,6,5,4,LAX,LIH,2025-06-05 15:00:00,14:55:00,-5,17:49:00,17:28:00,-21,2025-06-05,54000,64140,3
2025,6,5,4,LAX,MCI,2025-06-05 08:00:00,08:12:00,12,13:15:00,13:12:00,-3,2025-06-05,28800,47700,3
2025,6,5,4,LAX,MCI,2025-06-05 09:15:00,09:11:00,-4,14:24:00,14:02:00,-22,2025-06-05,33300,51840,3
2025,6,5,4,LAX,MCI,2025-06-05 15:01:00,15:11:00,10,20:12:00,20:07:00,-5,2025-06-05,54060,72720,3
2025,6,5,4,LAX,MCI,2025-06-05 18:15:00,18:08:00,-7,23:24:00,23:11:00,-13,2025-06-05,65700,84240,3
2025,6,5,4,LAX,MCO,2025-06-05 07:00:00,07:00:00,0,14:49:00,14:40:00,-9,2025-06-05,25200,53340,3
2025,6,5,4,LAX,MCO,2025-06-05 10:02:00,09:54:00,-8,18:04:00,17:39:00,-25,2025-06-05,36120,65040,3
2025,6,5,4,LAX,MCO,2025-06-05 11:15:00,11:15:00,0,19:10:00,19:03:00,-7,2025-06-05,40500,69000,3
2025,6,5,4,LAX,MCO,2025-06-05 11:20:00,11:18:00,-2,19:14:00,19:17:00,3,2025-06-05,40800,69240,3
2025,6,5,4,LAX,MCO,2025-06-05 14:01:00,14:11:00,10,22:14:00,22:11:00,-3,2025-06-05,50460,80040,3
2025,6,5,4,LAX,MCO,2025-06-05 16:11:00,16:02:00,-9,23:57:00,23:52:00,-5,2025-06-05,58260,86220,3
2025,6,5,4,LAX,MCO,2025-06-05 21:35:00,21:37:00,2,05:36:00,05:07:00,-29,2025-06-05,77700,20160,3
2025,6,5,4,LAX,MCO,2025-06-05 22:00:00,21:59:00,-1,05:42:00,05:29:00,-13,2025-06-05,79200,20520,3
2025,6,5,4,LAX,MCO,2025-06-05 22:49:00,23:08:00,19,06:47:00,06:56:00,9,2025-06-05,82140,24420,3
2025,6,5,4,LAX,MDW,2025-06-05 06:20:00,06:32:00,12,12:25:00,12:09:00,-16,2025-06-05,22800,44700,3
2025,6,5,4,LAX,MDW,2025-06-05 08:40:00,08:39:00,-1,14:45:00,14:18:00,-27,2025-06-05,31200,53100,3
2025,6,5,4,LAX,MDW,2025-06-05 13:15:00,13:17:00,2,19:20:00,18:55:00,-25,2025-06-05,47700,69600,3
2025,6,5,4,LAX,MDW,2025-06-05 16:10:00,16:56:00,46,22:10:00,22:42:00,32,2025-06-05,58200,79800,3
2025,6,5,4,LAX,MDW,2025-06-05 22:55:00,23:13:00,18,05:00:00,04:46:00,-14,2025-06-05,82500,18000,3
2025,6,5,4,LAX,MEM,2025-06-05 18:10:00,18:03:00,-7,23:47:00,23:24:00,-23,2025-06-05,65400,85620,3
2025,6,5,4,LAX,MFE,2025-06-05 06:00:00,05:57:00,-3,11:09:00,10:59:00,-10,2025-06-05,21600,40140,3
2025,6,5,4,LAX,MIA,2025-06-05 06:00:00,06:01:00,1,14:13:00,14:03:00,-10,2025-06-05,21600,51180,3
2025,6,5,4,LAX,MIA,2025-06-05 07:45:00,07:38:00,-7,15:53:00,15:19:00,-34,2025-06-05,27900,57180,3
2025,6,5,4,LAX,MIA,2025-06-05 09:55:00,09:48:00,-7,17:55:00,17:57:00,2,2025-06-05,35700,64500,3
2025,6,5,4,LAX,MIA,2025-06-05 10:05:00,10:04:00,-1,18:16:00,17:51:00,-25,2025-06-05,36300,65760,3
2025,6,5,4,LAX,MIA,2025-06-05 12:10:00,12:05:00,-5,20:20:00,19:54:00,-26,2025-06-05,43800,73200,3
2025,6,5,4,LAX,MIA,2025-06-05 15:00:00,15:38:00,38,23:10:00,23:22:00,12,2025-06-05,54000,83400,3
2025,6,5,4,LAX,MIA,2025-06-05 21:40:00,22:11:00,31,05:50:00,05:59:00,9,2025-06-05,78000,21000,3
2025,6,5,4,LAX,MIA,2025-06-05 22:49:00,22:40:00,-9,07:01:00,06:29:00,-32,2025-06-05,82140,25260,3
2025,6,5,4,LAX,MIA,2025-06-05 23:43:00,23:52:00,9,07:50:00,07:35:00,-15,2025-06-05,85380,28200,3
2025,6,5,4,LAX,MKE,2025-06-05 08:00:00,07:57:00,-3,13:54:00,13:37:00,-17,2025-06-05,28800,50040,3
2025,6,5,4,LAX,MRY,2025-06-05 08:20:00,08:17:00,-3,09:42:00,09:36:00,-6,2025-06-05,30000,34920,3
2025,6,5,4,LAX,MRY,2025-06-05 18:23:00,18:18:00,-5,19:37:00,19:28:00,-9,2025-06-05,66180,70620,3
2025,6,5,4,LAX,MSO,2025-06-05 11:43:00,11:51:00,8,15:21:00,15:29:00,8,2025-06-05,42180,55260,3
2025,6,5,4,LAX,MSP,2025-06-05 06:15:00,06:19:00,4,11:53:00,11:43:00,-10,2025-06-05,22500,42780,3
2025,6,5,4,LAX,MSP,2025-06-05 08:35:00,08:33:00,-2,14:17:00,13:50:00,-27,2025-06-05,30900,51420,3
2025,6,5,4,LAX,MSP,2025-06-05 12:00:00,11:59:00,-1,17:40:00,17:19:00,-21,2025-06-05,43200,63600,3
2025,6,5,4,LAX,MSP,2025-06-05 13:17:00,13:10:00,-7,18:55:00,18:38:00,-17,2025-06-05,47820,68100,3
2025,6,5,4,LAX,MSP,2025-06-05 18:40:00,18:33:00,-7,00:14:00,00:00,-14,2025-06-05,67200,840,3
2025,6,5,4,LAX,MSP,2025-06-05 23:59:00,00:04:00,5,05:43:00,05:30:00,-13,2025-06-05,86340,20580,3
2025,6,5,4,LAX,MSY,2025-06-05 07:15:00,07:09:00,-6,12:52:00,12:39:00,-13,2025-06-05,26100,46320,3
2025,6,5,4,LAX,MSY,2025-06-05 11:54:00,11:57:00,3,17:32:00,17:15:00,-17,2025-06-05,42840,63120,3
2025,6,5,4,LAX,MSY,2025-06-05 12:13:00,12:24:00,11,17:51:00,18:10:00,19,2025-06-05,43980,64260,3
2025,6,5,4,LAX,MSY,2025-06-05 12:25:00,13:08:00,43,18:10:00,18:24:00,14,2025-06-05,44700,65400,3
2025,6,5,4,LAX,MSY,2025-06-05 18:00:00,17:52:00,-8,23:34:00,23:21:00,-13,2025-06-05,64800,84840,3
2025,6,5,4,LAX,OAK,2025-06-05 06:10:00,06:05:00,-5,07:35:00,07:32:00,-3,2025-06-05,22200,27300,3
2025,6,5,4,LAX,OAK,2025-06-05 08:05:00,07:58:00,-7,09:30:00,09:03:00,-27,2025-06-05,29100,34200,3
2025,6,5,4,LAX,OAK,2025-06-05 09:25:00,09:19:00,-6,10:50:00,10:31:00,-19,2025-06-05,33900,39000,3
2025,6,5,4,LAX,OAK,2025-06-05 11:50:00,11:46:00,-4,13:15:00,13:01:00,-14,2025-06-05,42600,47700,3
2025,6,5,4,LAX,OAK,2025-06-05 15:05:00,15:37:00,32,16:25:00,16:52:00,27,2025-06-05,54300,59100,3
2025,6,5,4,LAX,OAK,2025-06-05 18:45:00,18:55:00,10,20:10:00,20:01:00,-9,2025-06-05,67500,72600,3
2025,6,5,4,LAX,OAK,2025-06-05 20:30:00,20:43:00,13,21:55:00,21:54:00,-1,2025-06-05,73800,78900,3
2025,6,5,4,LAX,OGG,2025-06-05 07:45:00,07:53:00,8,10:25:00,10:19:00,-6,2025-06-05,27900,37500,3
2025,6,5,4,LAX,OGG,2025-06-05 08:00:00,07:54:00,-6,10:35:00,10:40:00,5,2025-06-05,28800,38100,3
2025,6,5,4,LAX,OGG,2025-06-05 08:15:00,08:08:00,-7,10:55:00,10:43:00,-12,2025-06-05,29700,39300,3
2025,6,5,4,LAX,OGG,2025-06-05 09:02:00,09:01:00,-1,11:47:00,11:20:00,-27,2025-06-05,32520,42420,3
2025,6,5,4,LAX,OGG,2025-06-05 16:50:00,16:45:00,-5,19:25:00,19:15:00,-10,2025-06-05,60600,69900,3
2025,6,5,4,LAX,OGG,2025-06-05 16:55:00,16:52:00,-3,19:34:00,19:24:00,-10,2025-06-05,60900,70440,3
2025,6,5,4,LAX,OGG,2025-06-05 17:54:00,17:56:00,2,20:30:00,20:20:00,-10,2025-06-05,64440,73800,3
2025,6,5,4,LAX,OKC,2025-06-05 09:00:00,08:56:00,-4,14:00:00,13:52:00,-8,2025-06-05,32400,50400,3
2025,6,5,4,LAX,OKC,2025-06-05 17:32:00,17:28:00,-4,22:30:00,22:10:00,-20,2025-06-05,63120,81000,3
2025,6,5,4,LAX,OMA,2025-06-05 12:36:00,12:26:00,-10,17:52:00,17:29:00,-23,2025-06-05,45360,64320,3
2025,6,5,4,LAX,ORD,2025-06-05 00:30:00,00:23:00,-7,06:39:00,06:19:00,-20,2025-06-05,1800,23940,3
2025,6,5,4,LAX,ORD,2025-06-05 00:30:00,00:29:00,-1,06:42:00,06:25:00,-17,2025-06-05,1800,24120,3
2025,6,5,4,LAX,ORD,2025-06-05 00:41:00,00:41:00,0,06:42:00,06:22:00,-20,2025-06-05,2460,24120,3
2025,6,5,4,LAX,ORD,2025-06-05 05:45:00,05:38:00,-7,11:57:00,11:28:00,-29,2025-06-05,20700,43020,3
2025,6,5,4,LAX,ORD,2025-06-05 06:05:00,06:03:00,-2,12:21:00,12:04:00,-17,2025-06-05,21900,44460,3
2025,6,5,4,LAX,ORD,2025-06-05 06:20:00,06:14:00,-6,12:42:00,12:21:00,-21,2025-06-05,22800,45720,3
2025,6,5,4,LAX,ORD,2025-06-05 07:30:00,07:24:00,-6,13:35:00,13:38:00,3,2025-06-05,27000,48900,3
2025,6,5,4,LAX,ORD,2025-06-05 08:00:00,07:57:00,-3,14:15:00,14:20:00,5,2025-06-05,28800,51300,3
2025,6,5,4,LAX,ORD,2025-06-05 08:15:00,08:18:00,3,14:39:00,14:30:00,-9,2025-06-05,29700,52740,3
2025,6,5,4,LAX,ORD,2025-06-05 10:40:00,10:39:00,-1,16:56:00,16:44:00,-12,2025-06-05,38400,60960,3
2025,6,5,4,LAX,ORD,2025-06-05 11:45:00,11:41:00,-4,17:53:00,17:27:00,-26,2025-06-05,42300,64380,3
2025,6,5,4,LAX,ORD,2025-06-05 12:37:00,12:33:00,-4,18:55:00,18:43:00,-12,2025-06-05,45420,68100,3
2025,6,5,4,LAX,ORD,2025-06-05 13:00:00,13:08:00,8,19:29:00,19:07:00,-22,2025-06-05,46800,70140,3
2025,6,5,4,LAX,ORD,2025-06-05 14:01:00,14:04:00,3,20:25:00,20:05:00,-20,2025-06-05,50460,73500,3
2025,6,5,4,LAX,ORD,2025-06-05 15:02:00,15:04:00,2,21:08:00,21:00:00,-8,2025-06-05,54120,76080,3
2025,6,5,4,LAX,ORD,2025-06-05 16:36:00,16:35:00,-1,22:55:00,22:24:00,-31,2025-06-05,59760,82500,3
2025,6,5,4,LAX,ORD,2025-06-05 16:40:00,16:36:00,-4,23:04:00,22:18:00,-46,2025-06-05,60000,83040,3
2025,6,5,4,LAX,ORD,2025-06-05 17:29:00,17:20:00,-9,23:35:00,23:18:00,-17,2025-06-05,62940,84900,3
2025,6,5,4,LAX,ORD,2025-06-05 17:38:00,17:30:00,-8,23:59:00,23:35:00,-24,2025-06-05,63480,86340,3
2025,6,5,4,LAX,ORD,2025-06-05 22:40:00,22:41:00,1,04:51:00,04:33:00,-18,2025-06-05,81600,17460,3
2025,6,5,4,LAX,ORD,2025-06-05 23:00:00,23:00:00,0,05:13:00,04:33:00,-40,2025-06-05,82800,18780,3
2025,6,5,4,LAX,ORD,2025-06-05 23:37:00,23:52:00,15,05:45:00,05:28:00,-17,2025-06-05,85020,20700,3
2025,6,5,4,LAX,PDX,2025-06-05 07:00:00,06:52:00,-8,09:24:00,09:10:00,-14,2025-06-05,25200,33840,3
2025,6,5,4,LAX,PDX,2025-06-05 07:00:00,06:54:00,-6,09:28:00,09:13:00,-15,2025-06-05,25200,34080,3
2025,6,5,4,LAX,PDX,2025-06-05 09:25:00,09:23:00,-2,11:52:00,11:56:00,4,2025-06-05,33900,42720,3
2025,6,5,4,LAX,PDX,2025-06-05 09:40:00,09:32:00,-8,12:04:00,12:00:00,-4,2025-06-05,34800,43440,3
2025,6,5,4,LAX,PDX,2025-06-05 09:43:00,09:35:00,-8,12:14:00,12:02:00,-12,2025-06-05,34980,44040,3
2025,6,5,4,LAX,PDX,2025-06-05 11:20:00,11:14:00,-6,13:47:00,13:44:00,-3,2025-06-05,40800,49620,3
2025,6,5,4,LAX,PDX,2025-06-05 12:01:00,12:07:00,6,14:25:00,14:29:00,4,2025-06-05,43260,51900,3
2025,6,5,4,LAX,PDX,2025-06-05 13:43:00,13:36:00,-7,16:08:00,15:45:00,-23,2025-06-05,49380,58080,3
2025,6,5,4,LAX,PDX,2025-06-05 13:57:00,14:05:00,8,16:24:00,16:31:00,7,2025-06-05,50220,59040,3
2025,6,5,4,LAX,PDX,2025-06-05 15:05:00,15:54:00,49,17:33:00,18:23:00,50,2025-06-05,54300,63180,3
2025,6,5,4,LAX,PDX,2025-06-05 16:38:00,16:37:00,-1,19:04:00,18:53:00,-11,2025-06-05,59880,68640,3
2025,6,5,4,LAX,PDX,2025-06-05 18:20:00,18:15:00,-5,20:48:00,20:46:00,-2,2025-06-05,66000,74880,3
2025,6,5,4,LAX,PDX,2025-06-05 20:06:00,20:48:00,42,22:30:00,23:39:00,69,2025-06-05,72360,81000,3
2025,6,5,4,LAX,PDX,2025-06-05 21:33:00,21:24:00,-9,23:59:00,00:10:00,11,2025-06-05,77580,86340,3
2025,6,5,4,LAX,PHL,2025-06-05 01:08:00,01:25:00,17,09:16:00,09:38:00,22,2025-06-05,4080,33360,3
2025,6,5,4,LAX,PHL,2025-06-05 06:45:00,06:36:00,-9,14:54:00,14:36:00,-18,2025-06-05,24300,53640,3
2025,6,5,4,LAX,PHL,2025-06-05 07:39:00,07:28:00,-11,15:50:00,15:20:00,-30,2025-06-05,27540,57000,3
2025,6,5,4,LAX,PHL,2025-06-05 09:02:00,08:55:00,-7,17:20:00,16:59:00,-21,2025-06-05,32520,62400,3
2025,6,5,4,LAX,PHL,2025-06-05 11:40:00,11:35:00,-5,19:56:00,19:28:00,-28,2025-06-05,42000,71760,3
2025,6,5,4,LAX,PHL,2025-06-05 14:42:00,14:45:00,3,22:54:00,22:41:00,-13,2025-06-05,52920,82440,3
2025,6,5,4,LAX,PHL,2025-06-05 16:30:00,16:22:00,-8,00:43:00,00:14:00,-29,2025-06-05,59400,2580,3
2025,6,5,4,LAX,PHL,2025-06-05 22:20:00,23:00:00,40,06:30:00,06:50:00,20,2025-06-05,80400,23400,3
2025,6,5,4,LAX,PHL,2025-06-05 22:53:00,23:04:00,11,07:05:00,07:08:00,3,2025-06-05,82380,25500,3
2025,6,5,4,LAX,PHX,2025-06-05 05:25:00,05:20:00,-5,06:55:00,06:41:00,-14,2025-06-05,19500,24900,3
2025,6,5,4,LAX,PHX,2025-06-05 06:10:00,06:05:00,-5,07:39:00,07:38:00,-1,2025-06-05,22200,27540,3
2025,6,5,4,LAX,PHX,2025-06-05 07:13:00,07:03:00,-10,08:34:00,08:31:00,-3,2025-06-05,25980,30840,3
2025,6,5,4,LAX,PHX,2025-06-05 07:50:00,07:56:00,6,09:15:00,09:18:00,3,2025-06-05,28200,33300,3
2025,6,5,4,LAX,PHX,2025-06-05 08:15:00,08:08:00,-7,09:51:00,09:38:00,-13,2025-06-05,29700,35460,3
2025,6,5,4,LAX,PHX,2025-06-05 08:30:00,08:18:00,-12,10:03:00,09:47:00,-16,2025-06-05,30600,36180,3
2025,6,5,4,LAX,PHX,2025-06-05 10:00:00,09:56:00,-4,11:27:00,11:17:00,-10,2025-06-05,36000,41220,3
2025,6,5,4,LAX,PHX,2025-06-05 10:15:00,10:09:00,-6,11:45:00,11:29:00,-16,2025-06-05,36900,42300,3
2025,6,5,4,LAX,PHX,2025-06-05 11:05:00,11:02:00,-3,12:35:00,12:20:00,-15,2025-06-05,39900,45300,3
2025,6,5,4,LAX,PHX,2025-06-05 13:25:00,13:24:00,-1,15:03:00,14:53:00,-10,2025-06-05,48300,54180,3
2025,6,5,4,LAX,PHX,2025-06-05 13:25:00,13:38:00,13,14:50:00,14:57:00,7,2025-06-05,48300,53400,3
2025,6,5,4,LAX,PHX,2025-06-05 14:28:00,15:06:00,38,16:07:00,16:35:00,28,2025-06-05,52080,58020,3
2025,6,5,4,LAX,PHX,2025-06-05 14:30:00,14:52:00,22,15:55:00,16:12:00,17,2025-06-05,52200,57300,3
2025,6,5,4,LAX,PHX,2025-06-05 14:40:00,15:19:00,39,16:10:00,16:39:00,29,2025-06-05,52800,58200,3
2025,6,5,4,LAX,PHX,2025-06-05 16:32:00,16:27:00,-5,17:59:00,17:53:00,-6,2025-06-05,59520,64740,3
2025,6,5,4,LAX,PHX,2025-06-05 17:44:00,18:34:00,50,19:09:00,19:52:00,43,2025-06-05,63840,68940,3
2025,6,5,4,LAX,PHX,2025-06-05 19:10:00,19:06:00,-4,20:39:00,20:22:00,-17,2025-06-05,69000,74340,3
2025,6,5,4,LAX,PHX,2025-06-05 19:35:00,19:28:00,-7,21:03:00,20:46:00,-17,2025-06-05,70500,75780,3
2025,6,5,4,LAX,PHX,2025-06-05 19:55:00,20:28:00,33,21:30:00,21:46:00,16,2025-06-05,71700,77400,3
2025,6,5,4,LAX,PHX,2025-06-05 21:30:00,21:18:00,-12,22:57:00,23:01:00,4,2025-06-05,77400,82620,3
2025,6,5,4,LAX,PHX,2025-06-05 21:35:00,21:34:00,-1,23:15:00,22:58:00,-17,2025-06-05,77700,83700,3
2025,6,5,4,LAX,PHX,2025-06-05 22:35:00,22:32:00,-3,00:13:00,23:59:00,-14,2025-06-05,81300,780,3
2025,6,5,4,LAX,PIT,2025-06-05 09:15:00,09:03:00,-12,17:00:00,16:52:00,-8,2025-06-05,33300,61200,3
2025,6,5,4,LAX,PRC,2025-06-05 19:45:00,20:22:00,37,21:11:00,21:34:00,23,2025-06-05,71100,76260,3
2025,6,5,4,LAX,PSC,2025-06-05 20:22:00,20:21:00,-1,22:57:00,22:52:00,-5,2025-06-05,73320,82620,3
2025,6,5,4,LAX,RDD,2025-06-05 12:50:00,12:43:00,-7,14:39:00,14:26:00,-13,2025-06-05,46200,52740,3
2025,6,5,4,LAX,RDM,2025-06-05 12:45:00,12:42:00,-3,15:03:00,14:56:00,-7,2025-06-05,45900,54180,3
2025,6,5,4,LAX,RDU,2025-06-05 08:57:00,08:53:00,-4,16:54:00,16:50:00,-4,2025-06-05,32220,60840,3
2025,6,5,4,LAX,RDU,2025-06-05 11:50:00,11:47:00,-3,19:40:00,19:29:00,-11,2025-06-05,42600,70800,3
2025,6,5,4,LAX,RDU,2025-06-05 22:20:00,22:13:00,-7,06:18:00,05:59:00,-19,2025-06-05,80400,22680,3
2025,6,5,4,LAX,RNO,2025-06-05 09:59:00,09:52:00,-7,11:28:00,11:08:00,-20,2025-06-05,35940,41280,3
2025,6,5,4,LAX,RNO,2025-06-05 10:19:00,10:14:00,-5,12:00:00,11:56:00,-4,2025-06-05,37140,43200,3
2025,6,5,4,LAX,RNO,2025-06-05 14:25:00,14:44:00,19,15:50:00,15:56:00,6,2025-06-05,51900,57000,3
2025,6,5,4,LAX,RNO,2025-06-05 17:10:00,17:03:00,-7,18:44:00,19:13:00,29,2025-06-05,61800,67440,3
2025,6,5,4,LAX,RNO,2025-06-05 20:15:00,20:31:00,16,21:49:00,21:54:00,5,2025-06-05,72900,78540,3
2025,6,5,4,LAX,RNO,2025-06-05 20:55:00,21:02:00,7,22:21:00,22:27:00,6,2025-06-05,75300,80460,3
2025,6,5,4,LAX,SAN,2025-06-05 08:25:00,08:15:00,-10,09:21:00,09:16:00,-5,2025-06-05,30300,33660,3
2025,6,5,4,LAX,SAN,2025-06-05 09:20:00,09:15:00,-5,10:24:00,10:15:00,-9,2025-06-05,33600,37440,3
2025,6,5,4,LAX,SAN,2025-06-05 14:06:00,13:59:00,-7,14:57:00,14:56:00,-1,2025-06-05,50760,53820,3
2025,6,5,4,LAX,SAN,2025-06-05 17:59:00,18:12:00,13,18:51:00,19:08:00,17,2025-06-05,64740,67860,3
2025,6,5,4,LAX,SAN,2025-06-05 18:46:00,18:44:00,-2,19:47:00,19:48:00,1,2025-06-05,67560,71220,3
2025,6,5,4,LAX,SAN,2025-06-05 22:17:00,22:14:00,-3,23:11:00,22:59:00,-12,2025-06-05,80220,83460,3
2025,6,5,4,LAX,SAN,2025-06-05 22:45:00,23:14:00,29,23:46:00,00:19:00,33,2025-06-05,81900,85560,3
2025,6,5,4,LAX,SAT,2025-06-05 08:55:00,09:13:00,18,13:50:00,13:50:00,0,2025-06-05,32100,49800,3
2025,6,5,4,LAX,SAT,2025-06-05 09:11:00,09:24:00,13,14:00:00,14:06:00,6,2025-06-05,33060,50400,3
2025,6,5,4,LAX,SAT,2025-06-05 09:12:00,09:01:00,-11,14:19:00,13:56:00,-23,2025-06-05,33120,51540,3
2025,6,5,4,LAX,SAT,2025-06-05 14:10:00,14:17:00,7,19:10:00,18:58:00,-12,2025-06-05,51000,69000,3
2025,6,5,4,LAX,SAT,2025-06-05 17:00:00,16:50:00,-10,21:58:00,21:39:00,-19,2025-06-05,61200,79080,3
2025,6,5,4,LAX,SAT,2025-06-05 18:57:00,18:49:00,-8,23:42:00,23:27:00,-15,2025-06-05,68220,85320,3
2025,6,5,4,LAX,SBA,2025-06-05 15:20:00,15:14:00,-6,16:12:00,16:03:00,-9,2025-06-05,55200,58320,3
2025,6,5,4,LAX,SBA,2025-06-05 23:00:00,22:50:00,-10,23:58:00,23:43:00,-15,2025-06-05,82800,86280,3
2025,6,5,4,LAX,SBP,2025-06-05 15:00:00,14:55:00,-5,16:01:00,15:43:00,-18,2025-06-05,54000,57660,3
2025,6,5,4,LAX,SBP,2025-06-05 22:32:00,22:40:00,8,23:36:00,23:32:00,-4,2025-06-05,81120,84960,3
2025,6,5,4,LAX,SEA,2025-06-05 06:00:00,05:55:00,-5,08:56:00,09:03:00,7,2025-06-05,21600,32160,3
2025,6,5,4,LAX,SEA,2025-06-05 07:00:00,06:53:00,-7,10:03:00,09:43:00,-20,2025-06-05,25200,36180,3
2025,6,5,4,LAX,SEA,2025-06-05 07:00:00,06:54:00,-6,09:55:00,09:38:00,-17,2025-06-05,25200,35700,3
2025,6,5,4,LAX,SEA,2025-06-05 09:35:00,09:33:00,-2,12:33:00,12:24:00,-9,2025-06-05,34500,45180,3
2025,6,5,4,LAX,SEA,2025-06-05 09:35:00,09:48:00,13,12:30:00,12:45:00,15,2025-06-05,34500,45000,3
2025,6,5,4,LAX,SEA,2025-06-05 11:10:00,11:07:00,-3,14:01:00,13:51:00,-10,2025-06-05,40200,50460,3
2025,6,5,4,LAX,SEA,2025-06-05 11:15:00,11:10:00,-5,14:09:00,14:00:00,-9,2025-06-05,40500,50940,3
2025,6,5,4,LAX,SEA,2025-06-05 11:30:00,11:26:00,-4,14:30:00,14:05:00,-25,2025-06-05,41400,52200,3
2025,6,5,4,LAX,SEA,2025-06-05 11:55:00,11:51:00,-4,14:50:00,14:47:00,-3,2025-06-05,42900,53400,3
2025,6,5,4,LAX,SEA,2025-06-05 13:51:00,13:46:00,-5,16:45:00,16:19:00,-26,2025-06-05,49860,60300,3
2025,6,5,4,LAX,SEA,2025-06-05 13:58:00,14:18:00,20,16:53:00,17:06:00,13,2025-06-05,50280,60780,3
2025,6,5,4,LAX,SEA,2025-06-05 15:36:00,15:37:00,1,18:27:00,18:17:00,-10,2025-06-05,56160,66420,3
2025,6,5,4,LAX,SEA,2025-06-05 17:45:00,17:37:00,-8,20:35:00,20:25:00,-10,2025-06-05,63900,74100,3
2025,6,5,4,LAX,SEA,2025-06-05 17:55:00,17:50:00,-5,20:49:00,20:23:00,-26,2025-06-05,64500,74940,3
2025,6,5,4,LAX,SEA,2025-06-05 18:39:00,18:33:00,-6,21:34:00,21:25:00,-9,2025-06-05,67140,77640,3
2025,6,5,4,LAX,SEA,2025-06-05 18:45:00,18:40:00,-5,21:36:00,21:28:00,-8,2025-06-05,67500,77760,3
2025,6,5,4,LAX,SEA,2025-06-05 19:07:00,19:07:00,0,21:58:00,21:53:00,-5,2025-06-05,68820,79080,3
2025,6,5,4,LAX,SEA,2025-06-05 19:55:00,19:43:00,-12,22:47:00,23:13:00,26,2025-06-05,71700,82020,3
2025,6,5,4,LAX,SEA,2025-06-05 19:55:00,19:51:00,-4,22:51:00,22:57:00,6,2025-06-05,71700,82260,3
2025,6,5,4,LAX,SEA,2025-06-05 21:10:00,21:02:00,-8,23:59:00,00:04:00,5,2025-06-05,76200,86340,3
2025,6,5,4,LAX,SEA,2025-06-05 21:40:00,21:27:00,-13,00:29:00,00:09:00,-20,2025-06-05,78000,1740,3
2025,6,5,4,LAX,SFO,2025-06-05 06:00:00,05:57:00,-3,07:31:00,07:26:00,-5,2025-06-05,21600,27060,3
2025,6,5,4,LAX,SFO,2025-06-05 06:00:00,05:59:00,-1,07:38:00,07:25:00,-13,2025-06-05,21600,27480,3
2025,6,5,4,LAX,SFO,2025-06-05 06:30:00,06:22:00,-8,07:53:00,07:44:00,-9,2025-06-05,23400,28380,3
2025,6,5,4,LAX,SFO,2025-06-05 07:14:00,07:09:00,-5,08:53:00,08:42:00,-11,2025-06-05,26040,31980,3
2025,6,5,4,LAX,SFO,2025-06-05 08:05:00,07:59:00,-6,09:45:00,10:04:00,19,2025-06-05,29100,35100,3
2025,6,5,4,LAX,SFO,2025-06-05 08:40:00,08:34:00,-6,10:10:00,10:17:00,7,2025-06-05,31200,36600,3
2025,6,5,4,LAX,SFO,2025-06-05 09:10:00,09:04:00,-6,10:45:00,10:31:00,-14,2025-06-05,33000,38700,3
2025,6,5,4,LAX,SFO,2025-06-05 10:00:00,10:06:00,6,11:20:00,11:10:00,-10,2025-06-05,36000,40800,3
2025,6,5,4,LAX,SFO,2025-06-05 10:15:00,10:09:00,-6,11:45:00,11:31:00,-14,2025-06-05,36900,42300,3
2025,6,5,4,LAX,SFO,2025-06-05 10:26:00,10:24:00,-2,11:59:00,11:54:00,-5,2025-06-05,37560,43140,3
2025,6,5,4,LAX,SFO,2025-06-05 11:00:00,11:01:00,1,12:31:00,12:31:00,0,2025-06-05,39600,45060,3
2025,6,5,4,LAX,SFO,2025-06-05 12:20:00,12:17:00,-3,13:43:00,13:21:00,-22,2025-06-05,44400,49380,3
2025,6,5,4,LAX,SFO,2025-06-05 13:39:00,13:30:00,-9,15:07:00,14:50:00,-17,2025-06-05,49140,54420,3
2025,6,5,4,LAX,SFO,2025-06-05 13:55:00,13:55:00,0,15:15:00,15:02:00,-13,2025-06-05,50100,54900,3
2025,6,5,4,LAX,SFO,2025-06-05 14:22:00,14:12:00,-10,15:48:00,15:54:00,6,2025-06-05,51720,56880,3
2025,6,5,4,LAX,SFO,2025-06-05 16:00:00,15:57:00,-3,17:28:00,17:21:00,-7,2025-06-05,57600,62880,3
2025,6,5,4,LAX,SFO,2025-06-05 16:10:00,16:01:00,-9,17:39:00,17:16:00,-23,2025-06-05,58200,63540,3
2025,6,5,4,LAX,SFO,2025-06-05 16:25:00,16:49:00,24,17:48:00,18:09:00,21,2025-06-05,59100,64080,3
2025,6,5,4,LAX,SFO,2025-06-05 16:30:00,16:48:00,18,17:55:00,18:04:00,9,2025-06-05,59400,64500,3
2025,6,5,4,LAX,SFO,2025-06-05 17:10:00,17:14:00,4,18:40:00,18:29:00,-11,2025-06-05,61800,67200,3
2025,6,5,4,LAX,SFO,2025-06-05 17:40:00,17:42:00,2,19:02:00,18:56:00,-6,2025-06-05,63600,68520,3
2025,6,5,4,LAX,SFO,2025-06-05 18:31:00,18:26:00,-5,19:58:00,19:43:00,-15,2025-06-05,66660,71880,3
2025,6,5,4,LAX,SFO,2025-06-05 18:40:00,18:50:00,10,20:09:00,20:04:00,-5,2025-06-05,67200,72540,3
2025,6,5,4,LAX,SFO,2025-06-05 18:55:00,19:13:00,18,20:15:00,20:18:00,3,2025-06-05,68100,72900,3
2025,6,5,4,LAX,SFO,2025-06-05 19:25:00,19:18:00,-7,20:57:00,20:38:00,-19,2025-06-05,69900,75420,3
2025,6,5,4,LAX,SFO,2025-06-05 19:35:00,19:28:00,-7,20:58:00,20:53:00,-5,2025-06-05,70500,75480,3
2025,6,5,4,LAX,SFO,2025-06-05 19:55:00,19:56:00,1,21:25:00,21:05:00,-20,2025-06-05,71700,77100,3
2025,6,5,4,LAX,SFO,2025-06-05 21:30:00,21:24:00,-6,23:02:00,23:06:00,4,2025-06-05,77400,82920,3
2025,6,5,4,LAX,SFO,2025-06-05 21:45:00,21:51:00,6,23:09:00,22:59:00,-10,2025-06-05,78300,83340,3
2025,6,5,4,LAX,SFO,2025-06-05 22:25:00,22:21:00,-4,23:52:00,00:04:00,12,2025-06-05,80700,85920,3
2025,6,5,4,LAX,SGU,2025-06-05 13:15:00,13:06:00,-9,15:47:00,15:42:00,-5,2025-06-05,47700,56820,3
2025,6,5,4,LAX,SJC,2025-06-05 06:05:00,05:55:00,-10,07:25:00,07:17:00,-8,2025-06-05,21900,26700,3
2025,6,5,4,LAX,SJC,2025-06-05 06:55:00,06:52:00,-3,08:10:00,08:09:00,-1,2025-06-05,24900,29400,3
2025,6,5,4,LAX,SJC,2025-06-05 09:00:00,08:51:00,-9,10:20:00,09:59:00,-21,2025-06-05,32400,37200,3
2025,6,5,4,LAX,SJC,2025-06-05 09:14:00,09:20:00,6,10:33:00,10:28:00,-5,2025-06-05,33240,37980,3
2025,6,5,4,LAX,SJC,2025-06-05 10:25:00,10:28:00,3,11:40:00,11:27:00,-13,2025-06-05,37500,42000,3
2025,6,5,4,LAX,SJC,2025-06-05 11:39:00,11:30:00,-9,12:57:00,12:43:00,-14,2025-06-05,41940,46620,3
2025,6,5,4,LAX,SJC,2025-06-05 14:06:00,14:00:00,-6,15:20:00,15:02:00,-18,2025-06-05,50760,55200,3
2025,6,5,4,LAX,SJC,2025-06-05 16:28:00,17:17:00,49,17:45:00,18:19:00,34,2025-06-05,59280,63900,3
2025,6,5,4,LAX,SJC,2025-06-05 16:35:00,16:55:00,20,17:50:00,18:01:00,11,2025-06-05,59700,64200,3
2025,6,5,4,LAX,SJC,2025-06-05 21:20:00,21:55:00,35,22:45:00,23:02:00,17,2025-06-05,76800,81900,3
2025,6,5,4,LAX,SLC,2025-06-05 06:00:00,05:54:00,-6,08:55:00,08:50:00,-5,2025-06-05,21600,32100,3
2025,6,5,4,LAX,SLC,2025-06-05 07:00:00,06:52:00,-8,09:55:00,09:36:00,-19,2025-06-05,25200,35700,3
2025,6,5,4,LAX,SLC,2025-06-05 08:25:00,08:21:00,-4,11:26:00,11:17:00,-9,2025-06-05,30300,41160,3
2025,6,5,4,LAX,SLC,2025-06-05 09:15:00,09:13:00,-2,12:11:00,11:58:00,-13,2025-06-05,33300,43860,3
2025,6,5,4,LAX,SLC,2025-06-05 10:05:00,10:40:00,35,12:55:00,13:11:00,16,2025-06-05,36300,46500,3
2025,6,5,4,LAX,SLC,2025-06-05 11:35:00,11:25:00,-10,14:29:00,14:08:00,-21,2025-06-05,41700,52140,3
2025,6,5,4,LAX,SLC,2025-06-05 13:09:00,13:11:00,2,16:08:00,16:04:00,-4,2025-06-05,47340,58080,3
2025,6,5,4,LAX,SLC,2025-06-05 13:13:00,13:05:00,-8,16:08:00,15:54:00,-14,2025-06-05,47580,58080,3
2025,6,5,4,LAX,SLC,2025-06-05 17:05:00,17:14:00,9,20:00:00,19:59:00,-1,2025-06-05,61500,72000,3
2025,6,5,4,LAX,SLC,2025-06-05 18:45:00,18:36:00,-9,21:39:00,21:24:00,-15,2025-06-05,67500,77940,3
2025,6,5,4,LAX,SLC,2025-06-05 19:25:00,19:14:00,-11,22:15:00,21:57:00,-18,2025-06-05,69900,80100,3
2025,6,5,4,LAX,SMF,2025-06-05 06:00:00,05:52:00,-8,07:25:00,07:23:00,-2,2025-06-05,21600,26700,3
2025,6,5,4,LAX,SMF,2025-06-05 07:58:00,07:45:00,-13,09:24:00,09:04:00,-20,2025-06-05,28680,33840,3
2025,6,5,4,LAX,SMF,2025-06-05 08:10:00,08:04:00,-6,09:40:00,09:52:00,12,2025-06-05,29400,34800,3
2025,6,5,4,LAX,SMF,2025-06-05 08:15:00,08:11:00,-4,09:52:00,09:48:00,-4,2025-06-05,29700,35520,3
2025,6,5,4,LAX,SMF,2025-06-05 09:46:00,09:40:00,-6,11:23:00,11:01:00,-22,2025-06-05,35160,40980,3
2025,6,5,4,LAX,SMF,2025-06-05 10:13:00,10:10:00,-3,11:45:00,11:33:00,-12,2025-06-05,36780,42300,3
2025,6,5,4,LAX,SMF,2025-06-05 11:40:00,11:38:00,-2,13:05:00,12:54:00,-11,2025-06-05,42000,47100,3
2025,6,5,4,LAX,SMF,2025-06-05 13:25:00,13:16:00,-9,14:57:00,14:44:00,-13,2025-06-05,48300,53820,3
2025,6,5,4,LAX,SMF,2025-06-05 16:20:00,16:42:00,22,17:45:00,18:05:00,20,2025-06-05,58800,63900,3
2025,6,5,4,LAX,SMF,2025-06-05 16:30:00,17:06:00,36,18:01:00,18:41:00,40,2025-06-05,59400,64860,3
2025,6,5,4,LAX,SMF,2025-06-05 17:05:00,16:58:00,-7,18:37:00,18:34:00,-3,2025-06-05,61500,67020,3
2025,6,5,4,LAX,SMF,2025-06-05 18:10:00,18:22:00,12,19:37:00,19:38:00,1,2025-06-05,65400,70620,3
2025,6,5,4,LAX,SMF,2025-06-05 19:22:00,19:10:00,-12,21:01:00,20:42:00,-19,2025-06-05,69720,75660,3
2025,6,5,4,LAX,SMF,2025-06-05 20:30:00,20:59:00,29,21:55:00,22:23:00,28,2025-06-05,73800,78900,3
2025,6,5,4,LAX,SMF,2025-06-05 20:56:00,20:45:00,-11,22:28:00,22:16:00,-12,2025-06-05,75360,80880,3
2025,6,5,4,LAX,SMF,2025-06-05 21:55:00,22:53:00,58,23:19:00,00:24:00,65,2025-06-05,78900,83940,3
2025,6,5,4,LAX,STL,2025-06-05 05:10:00,05:07:00,-3,10:50:00,10:34:00,-16,2025-06-05,18600,39000,3
2025,6,5,4,LAX,STL,2025-06-05 17:33:00,17:26:00,-7,22:59:00,23:01:00,2,2025-06-05,63180,82740,3
2025,6,5,4,LAX,STL,2025-06-05 19:05:00,19:17:00,12,00:40:00,00:45:00,5,2025-06-05,68700,2400,3
2025,6,5,4,LAX,STS,2025-06-05 09:25:00,09:19:00,-6,11:06:00,10:55:00,-11,2025-06-05,33900,39960,3
2025,6,5,4,LAX,TPA,2025-06-05 10:25:00,10:24:00,-1,18:06:00,17:51:00,-15,2025-06-05,37500,65160,3
2025,6,5,4,LAX,TPA,2025-06-05 22:10:00,22:02:00,-8,05:40:00,05:40:00,0,2025-06-05,79800,20400,3
2025,6,5,4,LAX,TPA,2025-06-05 23:59:00,23:51:00,-8,07:56:00,07:17:00,-39,2025-06-05,86340,28560,3
2025,6,5,4,LAX,TUL,2025-06-05 09:31:00,09:55:00,24,14:41:00,14:45:00,4,2025-06-05,34260,52860,3
2025,6,5,4,LAX,TUS,2025-06-05 06:35:00,06:27:00,-8,08:07:00,07:50:00,-17,2025-06-05,23700,29220,3
2025,6,5,4,LAX,TUS,2025-06-05 08:22:00,08:13:00,-9,10:03:00,09:41:00,-22,2025-06-05,30120,36180,3
2025,6,5,4,LAX,TUS,2025-06-05 09:35:00,09:25:00,-10,11:06:00,10:50:00,-16,2025-06-05,34500,39960,3
2025,6,5,4,LAX,TUS,2025-06-05 12:40:00,12:34:00,-6,14:10:00,13:53:00,-17,2025-06-05,45600,51000,3
2025,6,5,4,LAX,TUS,2025-06-05 14:18:00,14:07:00,-11,15:49:00,15:32:00,-17,2025-06-05,51480,56940,3
2025,6,5,4,LAX,TUS,2025-06-05 14:58:00,14:47:00,-11,16:27:00,16:08:00,-19,2025-06-05,53880,59220,3
2025,6,5,4,LAX,TUS,2025-06-05 18:30:00,18:39:00,9,20:03:00,20:11:00,8,2025-06-05,66600,72180,3
2025,6,5,4,LAX,TUS,2025-06-05 18:59:00,19:11:00,12,20:31:00,20:38:00,7,2025-06-05,68340,73860,3
2025,6,5,4,LAX,XNA,2025-06-05 09:14:00,09:04:00,-10,14:38:00,14:33:00,-5,2025-06-05,33240,52680,3
2025,6,6,5,LAX,ABQ,2025-06-06 08:00:00,08:28:00,28,11:08:00,11:14:00,6,2025-06-06,28800,40080,4
2025,6,6,5,LAX,ABQ,2025-06-06 08:59:00,08:49:00,-10,12:04:00,11:50:00,-14,2025-06-06,32340,43440,4
2025,6,6,5,LAX,ABQ,2025-06-06 11:20:00,11:36:00,16,14:15:00,14:23:00,8,2025-06-06,40800,51300,4
2025,6,6,5,LAX,ABQ,2025-06-06 14:59:00,14:49:00,-10,17:58:00,17:38:00,-20,2025-06-06,53940,64680,4
2025,6,6,5,LAX,ABQ,2025-06-06 19:59:00,19:53:00,-6,22:55:00,22:43:00,-12,2025-06-06,71940,82500,4
2025,6,6,5,LAX,ACV,2025-06-06 13:15:00,13:09:00,-6,15:13:00,15:04:00,-9,2025-06-06,47700,54780,4
2025,6,6,5,LAX,ANC,2025-06-06 19:45:00,19:48:00,3,00:20:00,00:13:00,-7,2025-06-06,71100,1200,4
2025,6,6,5,LAX,ASE,2025-06-06 12:54:00,12:49:00,-5,16:05:00,15:47:00,-18,2025-06-06,46440,57900,4
2025,6,6,5,LAX,ATL,2025-06-06 06:15:00,06:15:00,0,13:38:00,13:25:00,-13,2025-06-06,22500,49080,4
2025,6,6,5,LAX,ATL,2025-06-06 07:30:00,07:58:00,28,14:47:00,15:10:00,23,2025-06-06,27000,53220,4
2025,6,6,5,LAX,ATL,2025-06-06 08:35:00,08:34:00,-1,16:04:00,16:02:00,-2,2025-06-06,30900,57840,4
2025,6,6,5,LAX,ATL,2025-06-06 09:35:00,09:36:00,1,16:58:00,17:21:00,23,2025-06-06,34500,61080,4
2025,6,6,5,LAX,ATL,2025-06-06 09:51:00,09:44:00,-7,17:15:00,17:16:00,1,2025-06-06,35460,62100,4
2025,6,6,5,LAX,ATL,2025-06-06 11:05:00,11:01:00,-4,18:30:00,18:17:00,-13,2025-06-06,39900,66600,4
2025,6,6,5,LAX,ATL,2025-06-06 12:05:00,12:08:00,3,19:24:00,19:12:00,-12,2025-06-06,43500,69840,4
2025,6,6,5,LAX,ATL,2025-06-06 12:37:00,12:42:00,5,19:59:00,20:04:00,5,2025-06-06,45420,71940,4
2025,6,6,5,LAX,ATL,2025-06-06 14:23:00,14:20:00,-3,21:49:00,21:56:00,7,2025-06-06,51780,78540,4
2025,6,6,5,LAX,ATL,2025-06-06 17:00:00,16:50:00,-10,00:21:00,00:08:00,-13,2025-06-06,61200,1260,4
2025,6,6,5,LAX,ATL,2025-06-06 21:21:00,22:15:00,54,05:00:00,05:16:00,16,2025-06-06,76860,18000,4
2025,6,6,5,LAX,ATL,2025-06-06 21:45:00,22:22:00,37,05:01:00,05:19:00,18,2025-06-06,78300,18060,4
2025,6,6,5,LAX,ATL,2025-06-06 22:50:00,22:45:00,-5,06:10:00,05:46:00,-24,2025-06-06,82200,22200,4
2025,6,6,5,LAX,ATL,2025-06-06 23:10:00,23:08:00,-2,06:33:00,06:18:00,-15,2025-06-06,83400,23580,4
2025,6,6,5,LAX,ATL,2025-06-06 23:50:00,23:53:00,3,07:15:00,07:30:00,15,2025-06-06,85800,26100,4
2025,6,6,5,LAX,AUS,2025-06-06 05:00:00,04:54:00,-6,10:00:00,09:56:00,-4,2025-06-06,18000,36000,4
2025,6,6,5,LAX,AUS,2025-06-06 06:45:00,06:39:00,-6,11:40:00,11:29:00,-11,2025-06-06,24300,42000,4
2025,6,6,5,LAX,AUS,2025-06-06 07:45:00,07:38:00,-7,12:46:00,12:23:00,-23,2025-06-06,27900,45960,4
2025,6,6,5,LAX,AUS,2025-06-06 09:25:00,09:21:00,-4,14:51:00,14:48:00,-3,2025-06-06,33900,53460,4
2025,6,6,5,LAX,AUS,2025-06-06 10:15:00,10:48:00,33,15:21:00,16:09:00,48,2025-06-06,36900,55260,4
2025,6,6,5,LAX,AUS,2025-06-06 11:15:00,11:54:00,39,16:20:00,16:47:00,27,2025-06-06,40500,58800,4
2025,6,6,5,LAX,AUS,2025-06-06 15:55:00,15:41:00,-14,20:54:00,20:33:00,-21,2025-06-06,57300,75240,4
2025,6,6,5,LAX,AUS,2025-06-06 16:14:00,16:12:00,-2,21:14:00,21:09:00,-5,2025-06-06,58440,76440,4
2025,6,6,5,LAX,AUS,2025-06-06 18:35:00,18:29:00,-6,23:38:00,23:14:00,-24,2025-06-06,66900,85080,4
2025,6,6,5,LAX,AUS,2025-06-06 18:40:00,18:41:00,1,23:58:00,23:32:00,-26,2025-06-06,67200,86280,4
2025,6,6,5,LAX,AUS,2025-06-06 18:55:00,18:47:00,-8,23:55:00,23:27:00,-28,2025-06-06,68100,86100,4
2025,6,6,5,LAX,AUS,2025-06-06 18:59:00,18:52:00,-7,23:54:00,23:48:00,-6,2025-06-06,68340,86040,4
2025,6,6,5,LAX,BNA,2025-06-06 06:55:00,06:47:00,-8,12:50:00,12:45:00,-5,2025-06-06,24900,46200,4
2025,6,6,5,LAX,BNA,2025-06-06 07:10:00,07:20:00,10,13:25:00,13:23:00,-2,2025-06-06,25800,48300,4
2025,6,6,5,LAX,BNA,2025-06-06 08:25:00,08:17:00,-8,14:25:00,14:11:00,-14,2025-06-06,30300,51900,4
2025,6,6,5,LAX,BNA,2025-06-06 10:36:00,10:32:00,-4,16:45:00,16:50:00,5,2025-06-06,38160,60300,4
2025,6,6,5,LAX,BNA,2025-06-06 12:36:00,12:31:00,-5,18:40:00,18:16:00,-24,2025-06-06,45360,67200,4
2025,6,6,5,LAX,BNA,2025-06-06 18:45:00,19:38:00,53,00:41:00,01:03:00,22,2025-06-06,67500,2460,4
2025,6,6,5,LAX,BNA,2025-06-06 22:50:00,22:49:00,-1,05:00:00,04:35:00,-25,2025-06-06,82200,18000,4
2025,6,6,5,LAX,BOI,2025-06-06 11:55:00,11:56:00,1,14:59:00,14:57:00,-2,2025-06-06,42900,53940,4
2025,6,6,5,LAX,BOI,2025-06-06 12:45:00,12:40:00,-5,15:59:00,15:41:00,-18,2025-06-06,45900,57540,4
2025,6,6,5,LAX,BOI,2025-06-06 19:45:00,19:38:00,-7,22:52:00,22:32:00,-20,2025-06-06,71100,82320,4
2025,6,6,5,LAX,BOI,2025-06-06 20:25:00,20:23:00,-2,23:28:00,23:16:00,-12,2025-06-06,73500,84480,4
2025,6,6,5,LAX,BOS,2025-06-06 06:00:00,05:56:00,-4,14:39:00,14:21:00,-18,2025-06-06,21600,52740,4
2025,6,6,5,LAX,BOS,2025-06-06 07:00:00,06:54:00,-6,15:35:00,15:02:00,-33,2025-06-06,25200,56100,4
2025,6,6,5,LAX,BOS,2025-06-06 07:50:00,07:41:00,-9,16:32:00,16:35:00,3,2025-06-06,28200,59520,4
2025,6,6,5,LAX,BOS,2025-06-06 08:35:00,08:31:00,-4,17:16:00,17:43:00,27,2025-06-06,30900,62160,4
2025,6,6,5,LAX,BOS,2025-06-06 08:40:00,08:32:00,-8,17:16:00,17:12:00,-4,2025-06-06,31200,62160,4
2025,6,6,5,LAX,BOS,2025-06-06 10:50:00,10:48:00,-2,19:30:00,20:03:00,33,2025-06-06,39000,70200,4
2025,6,6,5,LAX,BOS,2025-06-06 11:50:00,11:47:00,-3,20:35:00,20:47:00,12,2025-06-06,42600,74100,4
2025,6,6,5,LAX,BOS,2025-06-06 13:00:00,13:14:00,14,21:44:00,21:27:00,-17,2025-06-06,46800,78240,4
2025,6,6,5,LAX,BOS,2025-06-06 15:20:00,15:16:00,-4,23:48:00,23:35:00,-13,2025-06-06,55200,85680,4
2025,6,6,5,LAX,BOS,2025-06-06 21:05:00,21:34:00,29,05:40:00,05:27:00,-13,2025-06-06,75900,20400,4
2025,6,6,5,LAX,BOS,2025-06-06 22:13:00,22:07:00,-6,06:44:00,06:03:00,-41,2025-06-06,79980,24240,4
2025,6,6,5,LAX,BOS,2025-06-06 22:34:00,23:28:00,54,07:15:00,08:07:00,52,2025-06-06,81240,26100,4
2025,6,6,5,LAX,BOS,2025-06-06 22:57:00,22:49:00,-8,07:35:00,07:22:00,-13,2025-06-06,82620,27300,4
2025,6,6,5,LAX,BUF,2025-06-06 14:10:00,14:10:00,0,22:00:00,21:58:00,-2,2025-06-06,51000,79200,4
2025,6,6,5,LAX,BWI,2025-06-06 05:30:00,05:30:00,0,13:35:00,13:14:00,-21,2025-06-06,19800,48900,4
2025,6,6,5,LAX,BWI,2025-06-06 08:45:00,08:38:00,-7,16:54:00,16:59:00,5,2025-06-06,31500,60840,4
2025,6,6,5,LAX,BWI,2025-06-06 11:36:00,12:32:00,56,19:39:00,20:03:00,24,2025-06-06,41760,70740,4
2025,6,6,5,LAX,BWI,2025-06-06 20:55:00,21:15:00,20,05:00:00,05:12:00,12,2025-06-06,75300,18000,4
2025,6,6,5,LAX,BWI,2025-06-06 23:59:00,00:43:00,44,08:07:00,08:41:00,34,2025-06-06,86340,29220,4
2025,6,6,5,LAX,BZN,2025-06-06 11:21:00,11:15:00,-6,14:50:00,14:43:00,-7,2025-06-06,40860,53400,4
2025,6,6,5,LAX,BZN,2025-06-06 18:00:00,18:08:00,8,21:39:00,21:38:00,-1,2025-06-06,64800,77940,4
2025,6,6,5,LAX,CLE,2025-06-06 11:42:00,11:35:00,-7,19:15:00,18:40:00,-35,2025-06-06,42120,69300,4
2025,6,6,5,LAX,CLE,2025-06-06 21:20:00,21:11:00,-9,04:53:00,04:39:00,-14,2025-06-06,76800,17580,4
2025,6,6,5,LAX,CLT,2025-06-06 06:05:00,06:02:00,-3,13:54:00,13:46:00,-8,2025-06-06,21900,50040,4
2025,6,6,5,LAX,CLT,2025-06-06 09:11:00,09:35:00,24,17:00:00,17:49:00,49,2025-06-06,33060,61200,4
2025,6,6,5,LAX,CLT,2025-06-06 11:54:00,11:57:00,3,19:45:00,19:36:00,-9,2025-06-06,42840,71100,4
2025,6,6,5,LAX,CLT,2025-06-06 14:02:00,14:00:00,-2,21:55:00,21:23:00,-32,2025-06-06,50520,78900,4
2025,6,6,5,LAX,CLT,2025-06-06 15:18:00,15:11:00,-7,22:38:00,22:36:00,-2,2025-06-06,55080,81480,4
2025,6,6,5,LAX,CLT,2025-06-06 21:48:00,21:39:00,-9,05:29:00,04:52:00,-37,2025-06-06,78480,19740,4
2025,6,6,5,LAX,CLT,2025-06-06 22:49:00,22:42:00,-7,06:35:00,06:04:00,-31,2025-06-06,82140,23700,4
2025,6,6,5,LAX,CLT,2025-06-06 23:49:00,23:57:00,8,07:35:00,07:21:00,-14,2025-06-06,85740,27300,4
2025,6,6,5,LAX,CMH,2025-06-06 09:25:00,09:16:00,-9,17:01:00,16:56:00,-5,2025-06-06,33900,61260,4
2025,6,6,5,LAX,CVG,2025-06-06 22:45:00,23:22:00,37,05:55:00,06:14:00,19,2025-06-06,81900,21300,4
2025,6,6,5,LAX,DAL,2025-06-06 05:05:00,05:04:00,-1,10:10:00,10:01:00,-9,2025-06-06,18300,36600,4
2025,6,6,5,LAX,DAL,2025-06-06 06:45:00,06:50:00,5,11:50:00,11:48:00,-2,2025-06-06,24300,42600,4
2025,6,6,5,LAX,DAL,2025-06-06 11:20:00,11:18:00,-2,16:30:00,16:13:00,-17,2025-06-06,40800,59400,4
2025,6,6,5,LAX,DAL,2025-06-06 16:30:00,16:43:00,13,21:45:00,21:50:00,5,2025-06-06,59400,78300,4
2025,6,6,5,LAX,DAL,2025-06-06 18:10:00,18:06:00,-4,23:20:00,23:09:00,-11,2025-06-06,65400,84000,4
2025,6,6,5,LAX,DCA,2025-06-06 08:00:00,07:55:00,-5,16:05:00,15:32:00,-33,2025-06-06,28800,57900,4
2025,6,6,5,LAX,DCA,2025-06-06 08:19:00,08:17:00,-2,16:22:00,15:59:00,-23,2025-06-06,29940,58920,4
2025,6,6,5,LAX,DCA,2025-06-06 12:28:00,12:32:00,4,20:29:00,20:05:00,-24,2025-06-06,44880,73740,4
2025,6,6,5,LAX,DCA,2025-06-06 12:48:00,12:52:00,4,20:59:00,20:21:00,-38,2025-06-06,46080,75540,4
2025,6,6,5,LAX,DEN,2025-06-06 05:05:00,05:01:00,-4,08:24:00,08:09:00,-15,2025-06-06,18300,30240,4
2025,6,6,5,LAX,DEN,2025-06-06 05:45:00,05:42:00,-3,09:10:00,08:57:00,-13,2025-06-06,20700,33000,4
2025,6,6,5,LAX,DEN,2025-06-06 07:06:00,06:59:00,-7,10:31:00,10:32:00,1,2025-06-06,25560,37860,4
2025,6,6,5,LAX,DEN,2025-06-06 07:46:00,07:45:00,-1,11:10:00,11:17:00,7,2025-06-06,27960,40200,4
2025,6,6,5,LAX,DEN,2025-06-06 08:05:00,08:05:00,0,11:30:00,11:17:00,-13,2025-06-06,29100,41400,4
2025,6,6,5,LAX,DEN,2025-06-06 08:15:00,08:08:00,-7,11:39:00,11:34:00,-5,2025-06-06,29700,41940,4
2025,6,6,5,LAX,DEN,2025-06-06 09:00:00,08:55:00,-5,12:27:00,12:40:00,13,2025-06-06,32400,44820,4
2025,6,6,5,LAX,DEN,2025-06-06 10:30:00,11:02:00,32,13:55:00,14:26:00,31,2025-06-06,37800,50100,4
2025,6,6,5,LAX,DEN,2025-06-06 10:50:00,11:09:00,19,14:25:00,14:42:00,17,2025-06-06,39000,51900,4
2025,6,6,5,LAX,DEN,2025-06-06 10:52:00,10:55:00,3,14:19:00,14:57:00,38,2025-06-06,39120,51540,4
2025,6,6,5,LAX,DEN,2025-06-06 12:55:00,12:55:00,0,16:23:00,16:14:00,-9,2025-06-06,46500,58980,4
2025,6,6,5,LAX,DEN,2025-06-06 14:35:00,14:31:00,-4,18:05:00,18:12:00,7,2025-06-06,52500,65100,4
2025,6,6,5,LAX,DEN,2025-06-06 14:57:00,15:30:00,33,18:19:00,18:55:00,36,2025-06-06,53820,65940,4
2025,6,6,5,LAX,DEN,2025-06-06 16:05:00,17:02:00,57,19:30:00,20:19:00,49,2025-06-06,57900,70200,4
2025,6,6,5,LAX,DEN,2025-06-06 16:11:00,16:10:00,-1,19:40:00,19:20:00,-20,2025-06-06,58260,70800,4
2025,6,6,5,LAX,DEN,2025-06-06 18:30:00,18:20:00,-10,22:00:00,21:53:00,-7,2025-06-06,66600,79200,4
2025,6,6,5,LAX,DEN,2025-06-06 19:18:00,19:14:00,-4,22:47:00,22:29:00,-18,2025-06-06,69480,82020,4
2025,6,6,5,LAX,DEN,2025-06-06 19:45:00,20:39:00,54,23:09:00,00:07:00,58,2025-06-06,71100,83340,4
2025,6,6,5,LAX,DEN,2025-06-06 20:20:00,20:56:00,36,23:50:00,00:07:00,17,2025-06-06,73200,85800,4
2025,6,6,5,LAX,DEN,2025-06-06 20:30:00,20:34:00,4,23:54:00,23:44:00,-10,2025-06-06,73800,86040,4
2025,6,6,5,LAX,DFW,2025-06-06 00:35:00,00:27:00,-8,05:32:00,05:28:00,-4,2025-06-06,2100,19920,4
2025,6,6,5,LAX,DFW,2025-06-06 00:40:00,00:40:00,0,05:45:00,05:33:00,-12,2025-06-06,2400,20700,4
2025,6,6,5,LAX,DFW,2025-06-06 05:30:00,05:31:00,1,10:38:00,10:39:00,1,2025-06-06,19800,38280,4
2025,6,6,5,LAX,DFW,2025-06-06 07:00:00,06:59:00,-1,12:09:00,11:58:00,-11,2025-06-06,25200,43740,4
2025,6,6,5,LAX,DFW,2025-06-06 08:26:00,08:22:00,-4,13:39:00,13:29:00,-10,2025-06-06,30360,49140,4
2025,6,6,5,LAX,DFW,2025-06-06 08:35:00,08:30:00,-5,13:43:00,13:35:00,-8,2025-06-06,30900,49380,4
2025,6,6,5,LAX,DFW,2025-06-06 09:30:00,09:35:00,5,14:43:00,15:00:00,17,2025-06-06,34200,52980,4
2025,6,6,5,LAX,DFW,2025-06-06 10:37:00,10:43:00,6,15:45:00,15:59:00,14,2025-06-06,38220,56700,4
2025,6,6,5,LAX,DFW,2025-06-06 12:30:00,12:56:00,26,17:37:00,17:44:00,7,2025-06-06,45000,63420,4
2025,6,6,5,LAX,DFW,2025-06-06 13:48:00,13:47:00,-1,18:59:00,18:36:00,-23,2025-06-06,49680,68340,4
2025,6,6,5,LAX,DFW,2025-06-06 14:33:00,14:51:00,18,19:43:00,19:55:00,12,2025-06-06,52380,70980,4
2025,6,6,5,LAX,DFW,2025-06-06 15:48:00,16:32:00,44,20:59:00,21:27:00,28,2025-06-06,56880,75540,4
2025,6,6,5,LAX,DFW,2025-06-06 16:36:00,16:31:00,-5,21:47:00,21:33:00,-14,2025-06-06,59760,78420,4
2025,6,6,5,LAX,DFW,2025-06-06 18:35:00,18:53:00,18,23:47:00,23:53:00,6,2025-06-06,66900,85620,4
2025,6,6,5,LAX,DFW,2025-06-06 18:59:00,18:42:00,-17,23:59:00,23:44:00,-15,2025-06-06,68340,86340,4
2025,6,6,5,LAX,DFW,2025-06-06 19:00:00,19:15:00,15,00:23:00,00:22:00,-1,2025-06-06,68400,1380,4
2025,6,6,5,LAX,DFW,2025-06-06 23:59:00,00:18:00,19,05:09:00,05:31:00,22,2025-06-06,86340,18540,4
2025,6,6,5,LAX,DTW,2025-06-06 00:59:00,01:04:00,5,08:25:00,07:57:00,-28,2025-06-06,3540,30300,4
2025,6,6,5,LAX,DTW,2025-06-06 05:35:00,05:33:00,-2,13:01:00,12:42:00,-19,2025-06-06,20100,46860,4
2025,6,6,5,LAX,DTW,2025-06-06 09:50:00,09:45:00,-5,17:10:00,16:49:00,-21,2025-06-06,35400,61800,4
2025,6,6,5,LAX,DTW,2025-06-06 09:59:00,09:54:00,-5,17:23:00,17:08:00,-15,2025-06-06,35940,62580,4
2025,6,6,5,LAX,DTW,2025-06-06 11:47:00,11:58:00,11,19:11:00,19:15:00,4,2025-06-06,42420,69060,4
2025,6,6,5,LAX,DTW,2025-06-06 15:52:00,15:44:00,-8,23:18:00,22:51:00,-27,2025-06-06,57120,83880,4
2025,6,6,5,LAX,DTW,2025-06-06 21:26:00,21:20:00,-6,04:43:00,04:27:00,-16,2025-06-06,77160,16980,4
2025,6,6,5,LAX,ELP,2025-06-06 12:45:00,12:52:00,7,15:45:00,15:30:00,-15,2025-06-06,45900,56700,4
2025,6,6,5,LAX,ELP,2025-06-06 14:30:00,14:25:00,-5,17:31:00,17:14:00,-17,2025-06-06,52200,63060,4
2025,6,6,5,LAX,ELP,2025-06-06 19:47:00,19:40:00,-7,22:47:00,22:29:00,-18,2025-06-06,71220,82020,4
2025,6,6,5,LAX,EUG,2025-06-06 20:59:00,20:58:00,-1,23:20:00,23:10:00,-10,2025-06-06,75540,84000,4
2025,6,6,5,LAX,EWR,2025-06-06 06:00:00,05:57:00,-3,14:34:00,13:42:00,-52,2025-06-06,21600,52440,4
2025,6,6,5,LAX,EWR,2025-06-06 07:00:00,06:48:00,-12,15:40:00,14:40:00,-60,2025-06-06,25200,56400,4
2025,6,6,5,LAX,EWR,2025-06-06 07:00:00,06:54:00,-6,15:34:00,14:48:00,-46,2025-06-06,25200,56040,4
2025,6,6,5,LAX,EWR,2025-06-06 07:54:00,08:04:00,10,16:29:00,16:28:00,-1,2025-06-06,28440,59340,4
2025,6,6,5,LAX,EWR,2025-06-06 08:20:00,08:21:00,1,16:45:00,16:30:00,-15,2025-06-06,30000,60300,4
2025,6,6,5,LAX,EWR,2025-06-06 10:15:00,10:25:00,10,18:54:00,19:24:00,30,2025-06-06,36900,68040,4
2025,6,6,5,LAX,EWR,2025-06-06 10:21:00,10:15:00,-6,19:00:00,19:13:00,13,2025-06-06,37260,68400,4
2025,6,6,5,LAX,EWR,2025-06-06 12:15:00,12:11:00,-4,20:54:00,20:52:00,-2,2025-06-06,44100,75240,4
2025,6,6,5,LAX,EWR,2025-06-06 13:30:00,13:30:00,0,21:52:00,21:47:00,-5,2025-06-06,48600,78720,4
2025,6,6,5,LAX,EWR,2025-06-06 16:30:00,16:27:00,-3,00:57:00,00:26:00,-31,2025-06-06,59400,3420,4
2025,6,6,5,LAX,EWR,2025-06-06 21:43:00,21:43:00,0,05:59:00,05:31:00,-28,2025-06-06,78180,21540,4
2025,6,6,5,LAX,EWR,2025-06-06 22:20:00,22:15:00,-5,06:48:00,06:22:00,-26,2025-06-06,80400,24480,4
2025,6,6,5,LAX,EWR,2025-06-06 23:59:00,23:58:00,-1,08:12:00,07:51:00,-21,2025-06-06,86340,29520,4
2025,6,6,5,LAX,FAT,2025-06-06 10:30:00,10:30:00,0,11:48:00,11:39:00,-9,2025-06-06,37800,42480,4
2025,6,6,5,LAX,FAT,2025-06-06 19:10:00,19:03:00,-7,20:24:00,20:06:00,-18,2025-06-06,69000,73440,4
2025,6,6,5,LAX,FAT,2025-06-06 22:38:00,22:50:00,12,23:52:00,00:17:00,25,2025-06-06,81480,85920,4
2025,6,6,5,LAX,FCA,2025-06-06 09:22:00,09:13:00,-9,13:21:00,13:21:00,0,2025-06-06,33720,48060,4
2025,6,6,5,LAX,FLL,2025-06-06 08:30:00,08:25:00,-5,16:37:00,16:20:00,-17,2025-06-06,30600,59820,4
2025,6,6,5,LAX,FLL,2025-06-06 10:47:00,10:46:00,-1,18:59:00,18:57:00,-2,2025-06-06,38820,68340,4
2025,6,6,5,LAX,FLL,2025-06-06 13:53:00,13:51:00,-2,22:00:00,21:38:00,-22,2025-06-06,49980,79200,4
2025,6,6,5,LAX,FLL,2025-06-06 21:00:00,21:03:00,3,05:04:00,04:50:00,-14,2025-06-06,75600,18240,4
2025,6,6,5,LAX,FLL,2025-06-06 23:05:00,23:00:00,-5,06:55:00,06:41:00,-14,2025-06-06,83100,24900,4
2025,6,6,5,LAX,FSD,2025-06-06 16:05:00,16:02:00,-3,21:19:00,21:24:00,5,2025-06-06,57900,76740,4
2025,6,6,5,LAX,GEG,2025-06-06 11:16:00,11:09:00,-7,13:56:00,13:46:00,-10,2025-06-06,40560,50160,4
2025,6,6,5,LAX,GEG,2025-06-06 14:32:00,14:27:00,-5,17:07:00,16:55:00,-12,2025-06-06,52320,61620,4
2025,6,6,5,LAX,GEG,2025-06-06 19:05:00,19:02:00,-3,21:40:00,21:40:00,0,2025-06-06,68700,78000,4
2025,6,6,5,LAX,GEG,2025-06-06 19:45:00,19:38:00,-7,22:22:00,22:20:00,-2,2025-06-06,71100,80520,4
2025,6,6,5,LAX,HNL,2025-06-06 07:00:00,06:57:00,-3,09:40:00,09:35:00,-5,2025-06-06,25200,34800,4
2025,6,6,5,LAX,HNL,2025-06-06 07:05:00,06:54:00,-11,10:10:00,09:31:00,-39,2025-06-06,25500,36600,4
2025,6,6,5,LAX,HNL,2025-06-06 08:30:00,08:28:00,-2,11:21:00,10:56:00,-25,2025-06-06,30600,40860,4
2025,6,6,5,LAX,HNL,2025-06-06 08:35:00,08:35:00,0,11:17:00,11:24:00,7,2025-06-06,30900,40620,4
2025,6,6,5,LAX,HNL,2025-06-06 08:49:00,08:46:00,-3,11:37:00,11:26:00,-11,2025-06-06,31740,41820,4
2025,6,6,5,LAX,HNL,2025-06-06 10:00:00,09:53:00,-7,12:40:00,12:34:00,-6,2025-06-06,36000,45600,4
2025,6,6,5,LAX,HNL,2025-06-06 11:15:00,11:11:00,-4,14:04:00,13:52:00,-12,2025-06-06,40500,50640,4
2025,6,6,5,LAX,HNL,2025-06-06 13:15:00,13:07:00,-8,16:01:00,15:39:00,-22,2025-06-06,47700,57660,4
2025,6,6,5,LAX,HNL,2025-06-06 13:45:00,13:38:00,-7,16:32:00,16:10:00,-22,2025-06-06,49500,59520,4
2025,6,6,5,LAX,HNL,2025-06-06 14:44:00,14:34:00,-10,17:28:00,17:03:00,-25,2025-06-06,53040,62880,4
2025,6,6,5,LAX,HNL,2025-06-06 17:10:00,17:17:00,7,19:44:00,19:58:00,14,2025-06-06,61800,71040,4
2025,6,6,5,LAX,HNL,2025-06-06 17:55:00,17:52:00,-3,20:40:00,20:28:00,-12,2025-06-06,64500,74400,4
2025,6,6,5,LAX,HNL,2025-06-06 18:25:00,19:04:00,39,21:15:00,21:50:00,35,2025-06-06,66300,76500,4
2025,6,6,5,LAX,HNL,2025-06-06 18:45:00,18:48:00,3,21:28:00,21:24:00,-4,2025-06-06,67500,77280,4
2025,6,6,5,LAX,HNL,2025-06-06 19:13:00,19:41:00,28,21:55:00,22:10:00,15,2025-06-06,69180,78900,4
2025,6,6,5,LAX,HOU,2025-06-06 05:05:00,05:12:00,7,10:30:00,10:25:00,-5,2025-06-06,18300,37800,4
2025,6,6,5,LAX,HOU,2025-06-06 13:35:00,13:40:00,5,19:00:00,18:41:00,-19,2025-06-06,48900,68400,4
2025,6,6,5,LAX,HOU,2025-06-06 17:45:00,17:40:00,-5,23:05:00,22:41:00,-24,2025-06-06,63900,83100,4
2025,6,6,5,LAX,HOU,2025-06-06 23:50:00,23:50:00,0,05:15:00,05:37:00,22,2025-06-06,85800,18900,4
2025,6,6,5,LAX,IAD,2025-06-06 06:20:00,06:21:00,1,14:23:00,14:27:00,4,2025-06-06,22800,51780,4
2025,6,6,5,LAX,IAD,2025-06-06 08:00:00,08:00:00,0,16:14:00,16:03:00,-11,2025-06-06,28800,58440,4
2025,6,6,5,LAX,IAD,2025-06-06 08:15:00,08:11:00,-4,16:21:00,17:12:00,51,2025-06-06,29700,58860,4
2025,6,6,5,LAX,IAD,2025-06-06 10:15:00,10:22:00,7,18:20:00,19:25:00,65,2025-06-06,36900,66000,4
2025,6,6,5,LAX,IAD,2025-06-06 13:15:00,13:13:00,-2,21:20:00,21:01:00,-19,2025-06-06,47700,76800,4
2025,6,6,5,LAX,IAD,2025-06-06 16:45:00,16:50:00,5,00:44:00,00:41:00,-3,2025-06-06,60300,2640,4
2025,6,6,5,LAX,IAD,2025-06-06 22:50:00,22:46:00,-4,06:39:00,06:27:00,-12,2025-06-06,82200,23940,4
2025,6,6,5,LAX,IAH,2025-06-06 00:56:00,00:58:00,2,06:18:00,06:03:00,-15,2025-06-06,3360,22680,4
2025,6,6,5,LAX,IAH,2025-06-06 05:15:00,05:40:00,25,10:42:00,10:55:00,13,2025-06-06,18900,38520,4
2025,6,6,5,LAX,IAH,2025-06-06 07:15:00,07:14:00,-1,12:44:00,12:30:00,-14,2025-06-06,26100,45840,4
2025,6,6,5,LAX,IAH,2025-06-06 08:40:00,08:38:00,-2,14:09:00,13:45:00,-24,2025-06-06,31200,50940,4
2025,6,6,5,LAX,IAH,2025-06-06 08:50:00,08:42:00,-8,14:12:00,13:41:00,-31,2025-06-06,31800,51120,4
2025,6,6,5,LAX,IAH,2025-06-06 10:15:00,10:15:00,0,15:40:00,15:46:00,6,2025-06-06,36900,56400,4
2025,6,6,5,LAX,IAH,2025-06-06 11:33:00,11:26:00,-7,16:53:00,16:20:00,-33,2025-06-06,41580,60780,4
2025,6,6,5,LAX,IAH,2025-06-06 12:07:00,12:21:00,14,17:24:00,17:21:00,-3,2025-06-06,43620,62640,4
2025,6,6,5,LAX,IAH,2025-06-06 13:10:00,13:04:00,-6,18:40:00,18:32:00,-8,2025-06-06,47400,67200,4
2025,6,6,5,LAX,IAH,2025-06-06 13:58:00,13:50:00,-8,19:25:00,19:02:00,-23,2025-06-06,50280,69900,4
2025,6,6,5,LAX,IAH,2025-06-06 18:10:00,18:04:00,-6,23:33:00,23:05:00,-28,2025-06-06,65400,84780,4
2025,6,6,5,LAX,IAH,2025-06-06 18:10:00,18:30:00,20,23:21:00,23:35:00,14,2025-06-06,65400,84060,4
2025,6,6,5,LAX,IAH,2025-06-06 19:20:00,19:15:00,-5,00:43:00,00:28:00,-15,2025-06-06,69600,2580,4
2025,6,6,5,LAX,IND,2025-06-06 10:36:00,10:37:00,1,17:47:00,17:32:00,-15,2025-06-06,38160,64020,4
2025,6,6,5,LAX,IND,2025-06-06 12:13:00,12:14:00,1,19:15:00,19:10:00,-5,2025-06-06,43980,69300,4
2025,6,6,5,LAX,IND,2025-06-06 23:00:00,22:59:00,-1,06:00:00,05:38:00,-22,2025-06-06,82800,21600,4
2025,6,6,5,LAX,JAC,2025-06-06 09:00:00,08:52:00,-8,12:18:00,12:41:00,23,2025-06-06,32400,44280,4
2025,6,6,5,LAX,JAC,2025-06-06 10:30:00,10:29:00,-1,13:48:00,13:50:00,2,2025-06-06,37800,49680,4
2025,6,6,5,LAX,JAC,2025-06-06 12:35:00,13:00:00,25,15:52:00,16:11:00,19,2025-06-06,45300,57120,4
2025,6,6,5,LAX,JFK,2025-06-06 06:00:00,05:56:00,-4,14:30:00,14:27:00,-3,2025-06-06,21600,52200,4
2025,6,6,5,LAX,JFK,2025-06-06 06:00:00,05:58:00,-2,14:34:00,14:03:00,-31,2025-06-06,21600,52440,4
2025,6,6,5,LAX,JFK,2025-06-06 07:00:00,06:51:00,-9,15:35:00,14:46:00,-49,2025-06-06,25200,56100,4
2025,6,6,5,LAX,JFK,2025-06-06 07:00:00,06:58:00,-2,15:25:00,15:07:00,-18,2025-06-06,25200,55500,4
2025,6,6,5,LAX,JFK,2025-06-06 07:55:00,07:47:00,-8,16:32:00,16:15:00,-17,2025-06-06,28500,59520,4
2025,6,6,5,LAX,JFK,2025-06-06 08:19:00,08:12:00,-7,16:58:00,16:24:00,-34,2025-06-06,29940,61080,4
2025,6,6,5,LAX,JFK,2025-06-06 09:20:00,09:23:00,3,18:10:00,18:30:00,20,2025-06-06,33600,65400,4
2025,6,6,5,LAX,JFK,2025-06-06 09:55:00,10:02:00,7,18:35:00,19:14:00,39,2025-06-06,35700,66900,4
2025,6,6,5,LAX,JFK,2025-06-06 10:20:00,10:29:00,9,19:10:00,19:48:00,38,2025-06-06,37200,69000,4
2025,6,6,5,LAX,JFK,2025-06-06 10:21:00,10:26:00,5,18:59:00,19:41:00,42,2025-06-06,37260,68340,4
2025,6,6,5,LAX,JFK,2025-06-06 11:15:00,11:14:00,-1,19:59:00,20:03:00,4,2025-06-06,40500,71940,4
2025,6,6,5,LAX,JFK,2025-06-06 11:20:00,11:39:00,19,19:50:00,20:31:00,41,2025-06-06,40800,71400,4
2025,6,6,5,LAX,JFK,2025-06-06 11:30:00,11:35:00,5,20:06:00,20:33:00,27,2025-06-06,41400,72360,4
2025,6,6,5,LAX,JFK,2025-06-06 12:20:00,12:21:00,1,21:02:00,21:05:00,3,2025-06-06,44400,75720,4
2025,6,6,5,LAX,JFK,2025-06-06 12:30:00,12:34:00,4,21:07:00,21:48:00,41,2025-06-06,45000,76020,4
2025,6,6,5,LAX,JFK,2025-06-06 13:05:00,13:04:00,-1,21:44:00,21:51:00,7,2025-06-06,47100,78240,4
2025,6,6,5,LAX,JFK,2025-06-06 14:20:00,14:38:00,18,22:55:00,23:00:00,5,2025-06-06,51600,82500,4
2025,6,6,5,LAX,JFK,2025-06-06 14:30:00,14:20:00,-10,23:10:00,23:00:00,-10,2025-06-06,52200,83400,4
2025,6,6,5,LAX,JFK,2025-06-06 15:20:00,15:15:00,-5,23:54:00,00:12:00,18,2025-06-06,55200,86040,4
2025,6,6,5,LAX,JFK,2025-06-06 15:20:00,15:59:00,39,23:58:00,00:44:00,46,2025-06-06,55200,86280,4
2025,6,6,5,LAX,JFK,2025-06-06 16:20:00,16:12:00,-8,00:57:00,00:17:00,-40,2025-06-06,58800,3420,4
2025,6,6,5,LAX,JFK,2025-06-06 16:25:00,16:47:00,22,00:55:00,00:54:00,-1,2025-06-06,59100,3300,4
2025,6,6,5,LAX,JFK,2025-06-06 20:53:00,20:57:00,4,05:30:00,05:14:00,-16,2025-06-06,75180,19800,4
2025,6,6,5,LAX,JFK,2025-06-06 21:15:00,22:10:00,55,05:42:00,06:01:00,19,2025-06-06,76500,20520,4
2025,6,6,5,LAX,JFK,2025-06-06 21:25:00,21:24:00,-1,05:59:00,05:29:00,-30,2025-06-06,77100,21540,4
2025,6,6,5,LAX,JFK,2025-06-06 21:25:00,21:56:00,31,05:59:00,06:10:00,11,2025-06-06,77100,21540,4
2025,6,6,5,LAX,JFK,2025-06-06 22:52:00,22:59:00,7,07:32:00,07:09:00,-23,2025-06-06,82320,27120,4
2025,6,6,5,LAX,JFK,2025-06-06 22:55:00,22:47:00,-8,07:25:00,06:49:00,-36,2025-06-06,82500,26700,4
2025,6,6,5,LAX,JFK,2025-06-06 23:55:00,23:50:00,-5,08:30:00,08:24:00,-6,2025-06-06,86100,30600,4
2025,6,6,5,LAX,JFK,2025-06-06 23:59:00,00:18:00,19,08:37:00,08:44:00,7,2025-06-06,86340,31020,4
2025,6,6,5,LAX,KOA,2025-06-06 09:10:00,09:04:00,-6,11:50:00,11:58:00,8,2025-06-06,33000,42600,4
2025,6,6,5,LAX,KOA,2025-06-06 11:00:00,10:53:00,-7,13:35:00,13:26:00,-9,2025-06-06,39600,48900,4
2025,6,6,5,LAX,KOA,2025-06-06 11:19:00,11:06:00,-13,13:55:00,13:47:00,-8,2025-06-06,40740,50100,4
2025,6,6,5,LAX,KOA,2025-06-06 16:29:00,16:21:00,-8,19:10:00,18:40:00,-30,2025-06-06,59340,69000,4
2025,6,6,5,LAX,KOA,2025-06-06 17:25:00,17:20:00,-5,20:03:00,19:48:00,-15,2025-06-06,62700,72180,4
2025,6,6,5,LAX,LAS,2025-06-06 06:00:00,05:59:00,-1,07:19:00,07:01:00,-18,2025-06-06,21600,26340,4
2025,6,6,5,LAX,LAS,2025-06-06 07:25:00,07:30:00,5,08:45:00,08:51:00,6,2025-06-06,26700,31500,4
2025,6,6,5,LAX,LAS,2025-06-06 07:30:00,07:27:00,-3,08:42:00,08:38:00,-4,2025-06-06,27000,31320,4
2025,6,6,5,LAX,LAS,2025-06-06 08:26:00,08:25:00,-1,09:51:00,10:01:00,10,2025-06-06,30360,35460,4
2025,6,6,5,LAX,LAS,2025-06-06 08:45:00,08:46:00,1,10:05:00,09:53:00,-12,2025-06-06,31500,36300,4
2025,6,6,5,LAX,LAS,2025-06-06 10:19:00,10:11:00,-8,11:31:00,11:43:00,12,2025-06-06,37140,41460,4
2025,6,6,5,LAX,LAS,2025-06-06 10:30:00,10:29:00,-1,11:47:00,11:56:00,9,2025-06-06,37800,42420,4
2025,6,6,5,LAX,LAS,2025-06-06 11:37:00,11:42:00,5,12:52:00,13:36:00,44,2025-06-06,41820,46320,4
2025,6,6,5,LAX,LAS,2025-06-06 14:45:00,14:35:00,-10,16:07:00,16:05:00,-2,2025-06-06,53100,58020,4
2025,6,6,5,LAX,LAS,2025-06-06 15:13:00,15:11:00,-2,16:25:00,16:27:00,2,2025-06-06,54780,59100,4
2025,6,6,5,LAX,LAS,2025-06-06 15:48:00,16:01:00,13,17:13:00,17:39:00,26,2025-06-06,56880,61980,4
2025,6,6,5,LAX,LAS,2025-06-06 17:35:00,17:53:00,18,18:49:00,19:08:00,19,2025-06-06,63300,67740,4
2025,6,6,5,LAX,LAS,2025-06-06 17:40:00,18:01:00,21,18:55:00,19:10:00,15,2025-06-06,63600,68100,4
2025,6,6,5,LAX,LAS,2025-06-06 17:53:00,17:44:00,-9,19:11:00,19:00:00,-11,2025-06-06,64380,69060,4
2025,6,6,5,LAX,LAS,2025-06-06 18:50:00,18:50:00,0,20:00:00,20:03:00,3,2025-06-06,67800,72000,4
2025,6,6,5,LAX,LAS,2025-06-06 18:52:00,18:44:00,-8,20:10:00,19:41:00,-29,2025-06-06,67920,72600,4
2025,6,6,5,LAX,LAS,2025-06-06 19:45:00,19:50:00,5,21:08:00,20:51:00,-17,2025-06-06,71100,76080,4
2025,6,6,5,LAX,LAS,2025-06-06 19:48:00,20:07:00,19,21:00:00,21:23:00,23,2025-06-06,71280,75600,4
2025,6,6,5,LAX,LAS,2025-06-06 21:55:00,22:11:00,16,23:15:00,23:06:00,-9,2025-06-06,78900,83700,4
2025,6,6,5,LAX,LAS,2025-06-06 22:05:00,21:57:00,-8,23:25:00,23:12:00,-13,2025-06-06,79500,84300,4
2025,6,6,5,LAX,LAS,2025-06-06 22:10:00,22:08:00,-2,23:28:00,23:13:00,-15,2025-06-06,79800,84480,4
2025,6,6,5,LAX,LAS,2025-06-06 23:35:00,23:31:00,-4,00:57:00,00:53:00,-4,2025-06-06,84900,3420,4
2025,6,6,5,LAX,LIH,2025-06-06 08:42:00,08:36:00,-6,11:40:00,11:23:00,-17,2025-06-06,31320,42000,4
2025,6,6,5,LAX,LIH,2025-06-06 09:00:00,08:52:00,-8,11:45:00,11:58:00,13,2025-06-06,32400,42300,4
2025,6,6,5,LAX,LIH,2025-06-06 09:03:00,09:01:00,-2,12:04:00,12:13:00,9,2025-06-06,32580,43440,4
2025,6,6,5,LAX,LIH,2025-06-06 15:00:00,15:08:00,8,17:49:00,17:47:00,-2,2025-06-06,54000,64140,4
2025,6,6,5,LAX,MCI,2025-06-06 08:00:00,08:13:00,13,13:15:00,13:12:00,-3,2025-06-06,28800,47700,4
2025,6,6,5,LAX,MCI,2025-06-06 09:15:00,09:07:00,-8,14:24:00,14:43:00,19,2025-06-06,33300,51840,4
2025,6,6,5,LAX,MCI,2025-06-06 15:01:00,15:06:00,5,20:12:00,19:58:00,-14,2025-06-06,54060,72720,4
2025,6,6,5,LAX,MCI,2025-06-06 18:15:00,18:14:00,-1,23:24:00,23:10:00,-14,2025-06-06,65700,84240,4
2025,6,6,5,LAX,MCO,2025-06-06 07:00:00,07:12:00,12,14:49:00,14:52:00,3,2025-06-06,25200,53340,4
2025,6,6,5,LAX,MCO,2025-06-06 10:02:00,09:54:00,-8,18:04:00,17:52:00,-12,2025-06-06,36120,65040,4
2025,6,6,5,LAX,MCO,2025-06-06 11:15:00,11:09:00,-6,19:10:00,19:07:00,-3,2025-06-06,40500,69000,4
2025,6,6,5,LAX,MCO,2025-06-06 11:20:00,11:51:00,31,19:14:00,19:39:00,25,2025-06-06,40800,69240,4
2025,6,6,5,LAX,MCO,2025-06-06 14:01:00,14:22:00,21,22:14:00,22:07:00,-7,2025-06-06,50460,80040,4
2025,6,6,5,LAX,MCO,2025-06-06 16:11:00,16:04:00,-7,23:57:00,23:48:00,-9,2025-06-06,58260,86220,4
2025,6,6,5,LAX,MCO,2025-06-06 21:35:00,21:25:00,-10,05:36:00,05:02:00,-34,2025-06-06,77700,20160,4
2025,6,6,5,LAX,MDW,2025-06-06 06:20:00,06:26:00,6,12:25:00,12:08:00,-17,2025-06-06,22800,44700,4
2025,6,6,5,LAX,MDW,2025-06-06 08:40:00,08:47:00,7,14:45:00,14:27:00,-18,2025-06-06,31200,53100,4
2025,6,6,5,LAX,MDW,2025-06-06 13:15:00,13:12:00,-3,19:20:00,18:46:00,-34,2025-06-06,47700,69600,4
2025,6,6,5,LAX,MDW,2025-06-06 16:10:00,16:10:00,0,22:10:00,21:51:00,-19,2025-06-06,58200,79800,4
2025,6,6,5,LAX,MDW,2025-06-06 22:55:00,23:38:00,43,05:00:00,05:08:00,8,2025-06-06,82500,18000,4
2025,6,6,5,LAX,MIA,2025-06-06 06:00:00,05:53:00,-7,14:13:00,13:42:00,-31,2025-06-06,21600,51180,4
2025,6,6,5,LAX,MIA,2025-06-06 07:45:00,07:42:00,-3,15:54:00,15:24:00,-30,2025-06-06,27900,57240,4
2025,6,6,5,LAX,MIA,2025-06-06 09:55:00,09:50:00,-5,17:55:00,18:08:00,13,2025-06-06,35700,64500,4
2025,6,6,5,LAX,MIA,2025-06-06 10:05:00,10:03:00,-2,18:16:00,18:17:00,1,2025-06-06,36300,65760,4
2025,6,6,5,LAX,MIA,2025-06-06 12:10:00,12:08:00,-2,20:20:00,20:08:00,-12,2025-06-06,43800,73200,4
2025,6,6,5,LAX,MIA,2025-06-06 15:00:00,14:49:00,-11,23:10:00,22:25:00,-45,2025-06-06,54000,83400,4
2025,6,6,5,LAX,MIA,2025-06-06 21:40:00,21:48:00,8,05:50:00,05:27:00,-23,2025-06-06,78000,21000,4
2025,6,6,5,LAX,MIA,2025-06-06 22:49:00,22:44:00,-5,07:01:00,06:40:00,-21,2025-06-06,82140,25260,4
2025,6,6,5,LAX,MIA,2025-06-06 23:43:00,23:46:00,3,07:50:00,07:32:00,-18,2025-06-06,85380,28200,4
2025,6,6,5,LAX,MRY,2025-06-06 08:20:00,08:10:00,-10,09:42:00,09:35:00,-7,2025-06-06,30000,34920,4
2025,6,6,5,LAX,MRY,2025-06-06 18:23:00,18:16:00,-7,19:37:00,19:30:00,-7,2025-06-06,66180,70620,4
2025,6,6,5,LAX,MSO,2025-06-06 11:31:00,11:30:00,-1,15:10:00,15:25:00,15,2025-06-06,41460,54600,4
2025,6,6,5,LAX,MSP,2025-06-06 00:50:00,00:58:00,8,06:33:00,06:14:00,-19,2025-06-06,3000,23580,4
2025,6,6,5,LAX,MSP,2025-06-06 06:15:00,06:10:00,-5,11:53:00,11:36:00,-17,2025-06-06,22500,42780,4
2025,6,6,5,LAX,MSP,2025-06-06 08:35:00,08:29:00,-6,14:17:00,13:46:00,-31,2025-06-06,30900,51420,4
2025,6,6,5,LAX,MSP,2025-06-06 12:00:00,11:56:00,-4,17:40:00,17:15:00,-25,2025-06-06,43200,63600,4
2025,6,6,5,LAX,MSP,2025-06-06 13:17:00,13:13:00,-4,18:55:00,18:34:00,-21,2025-06-06,47820,68100,4
2025,6,6,5,LAX,MSP,2025-06-06 18:40:00,18:27:00,-13,00:14:00,23:41:00,-33,2025-06-06,67200,840,4
2025,6,6,5,LAX,MSP,2025-06-06 23:59:00,23:49:00,-10,05:43:00,05:10:00,-33,2025-06-06,86340,20580,4
2025,6,6,5,LAX,MSY,2025-06-06 07:15:00,07:07:00,-8,12:52:00,12:38:00,-14,2025-06-06,26100,46320,4
2025,6,6,5,LAX,MSY,2025-06-06 16:43:00,17:37:00,54,22:20:00,23:02:00,42,2025-06-06,60180,80400,4
2025,6,6,5,LAX,MSY,2025-06-06 18:00:00,18:04:00,4,23:34:00,23:35:00,1,2025-06-06,64800,84840,4
2025,6,6,5,LAX,OAK,2025-06-06 06:10:00,06:04:00,-6,07:35:00,07:30:00,-5,2025-06-06,22200,27300,4
2025,6,6,5,LAX,OAK,2025-06-06 08:05:00,08:01:00,-4,09:30:00,09:08:00,-22,2025-06-06,29100,34200,4
2025,6,6,5,LAX,OAK,2025-06-06 11:50:00,11:50:00,0,13:15:00,13:02:00,-13,2025-06-06,42600,47700,4
2025,6,6,5,LAX,OAK,2025-06-06 15:05:00,15:29:00,24,16:25:00,16:35:00,10,2025-06-06,54300,59100,4
2025,6,6,5,LAX,OAK,2025-06-06 18:45:00,19:09:00,24,20:10:00,20:18:00,8,2025-06-06,67500,72600,4
2025,6,6,5,LAX,OGG,2025-06-06 07:45:00,07:41:00,-4,10:25:00,10:12:00,-13,2025-06-06,27900,37500,4
2025,6,6,5,LAX,OGG,2025-06-06 08:00:00,07:52:00,-8,10:35:00,10:11:00,-24,2025-06-06,28800,38100,4
2025,6,6,5,LAX,OGG,2025-06-06 08:15:00,08:17:00,2,10:55:00,10:46:00,-9,2025-06-06,29700,39300,4
2025,6,6,5,LAX,OGG,2025-06-06 09:02:00,09:13:00,11,11:47:00,11:51:00,4,2025-06-06,32520,42420,4
2025,6,6,5,LAX,OGG,2025-06-06 16:50:00,16:54:00,4,19:25:00,19:23:00,-2,2025-06-06,60600,69900,4
2025,6,6,5,LAX,OGG,2025-06-06 16:55:00,16:51:00,-4,19:34:00,19:25:00,-9,2025-06-06,60900,70440,4
2025,6,6,5,LAX,OKC,2025-06-06 09:00:00,09:00:00,0,14:00:00,14:22:00,22,2025-06-06,32400,50400,4
2025,6,6,5,LAX,OKC,2025-06-06 17:32:00,17:39:00,7,22:30:00,22:38:00,8,2025-06-06,63120,81000,4
2025,6,6,5,LAX,OMA,2025-06-06 12:36:00,12:27:00,-9,17:52:00,17:27:00,-25,2025-06-06,45360,64320,4
2025,6,6,5,LAX,ORD,2025-06-06 00:30:00,00:30:00,0,06:42:00,06:21:00,-21,2025-06-06,1800,24120,4
2025,6,6,5,LAX,ORD,2025-06-06 00:32:00,00:39:00,7,06:38:00,06:31:00,-7,2025-06-06,1920,23880,4
2025,6,6,5,LAX,ORD,2025-06-06 00:41:00,00:52:00,11,06:42:00,06:37:00,-5,2025-06-06,2460,24120,4
2025,6,6,5,LAX,ORD,2025-06-06 05:30:00,05:25:00,-5,11:36:00,11:08:00,-28,2025-06-06,19800,41760,4
2025,6,6,5,LAX,ORD,2025-06-06 05:45:00,05:37:00,-8,11:57:00,11:31:00,-26,2025-06-06,20700,43020,4
2025,6,6,5,LAX,ORD,2025-06-06 06:05:00,06:01:00,-4,12:21:00,11:56:00,-25,2025-06-06,21900,44460,4
2025,6,6,5,LAX,ORD,2025-06-06 06:20:00,06:11:00,-9,12:42:00,12:08:00,-34,2025-06-06,22800,45720,4
2025,6,6,5,LAX,ORD,2025-06-06 08:00:00,07:55:00,-5,14:15:00,13:58:00,-17,2025-06-06,28800,51300,4
2025,6,6,5,LAX,ORD,2025-06-06 08:15:00,08:15:00,0,14:39:00,14:13:00,-26,2025-06-06,29700,52740,4
2025,6,6,5,LAX,ORD,2025-06-06 09:36:00,09:45:00,9,15:44:00,16:15:00,31,2025-06-06,34560,56640,4
2025,6,6,5,LAX,ORD,2025-06-06 10:40:00,10:42:00,2,16:56:00,16:49:00,-7,2025-06-06,38400,60960,4
2025,6,6,5,LAX,ORD,2025-06-06 11:05:00,11:11:00,6,17:17:00,16:57:00,-20,2025-06-06,39900,62220,4
2025,6,6,5,LAX,ORD,2025-06-06 11:45:00,11:57:00,12,17:53:00,17:49:00,-4,2025-06-06,42300,64380,4
2025,6,6,5,LAX,ORD,2025-06-06 12:37:00,12:33:00,-4,18:55:00,18:32:00,-23,2025-06-06,45420,68100,4
2025,6,6,5,LAX,ORD,2025-06-06 14:01:00,13:56:00,-5,20:25:00,20:08:00,-17,2025-06-06,50460,73500,4
2025,6,6,5,LAX,ORD,2025-06-06 16:36:00,16:56:00,20,22:55:00,22:59:00,4,2025-06-06,59760,82500,4
2025,6,6,5,LAX,ORD,2025-06-06 16:40:00,16:40:00,0,23:04:00,22:37:00,-27,2025-06-06,60000,83040,4
2025,6,6,5,LAX,ORD,2025-06-06 17:29:00,17:28:00,-1,23:35:00,23:28:00,-7,2025-06-06,62940,84900,4
2025,6,6,5,LAX,ORD,2025-06-06 17:38:00,17:27:00,-11,23:59:00,23:16:00,-43,2025-06-06,63480,86340,4
2025,6,6,5,LAX,ORD,2025-06-06 22:40:00,22:40:00,0,04:51:00,04:30:00,-21,2025-06-06,81600,17460,4
2025,6,6,5,LAX,ORD,2025-06-06 23:00:00,22:55:00,-5,05:13:00,04:52:00,-21,2025-06-06,82800,18780,4
2025,6,6,5,LAX,ORD,2025-06-06 23:25:00,23:19:00,-6,05:33:00,05:02:00,-31,2025-06-06,84300,19980,4
2025,6,6,5,LAX,PDX,2025-06-06 07:00:00,06:54:00,-6,09:28:00,09:18:00,-10,2025-06-06,25200,34080,4
2025,6,6,5,LAX,PDX,2025-06-06 07:00:00,06:56:00,-4,09:24:00,09:16:00,-8,2025-06-06,25200,33840,4
2025,6,6,5,LAX,PDX,2025-06-06 09:25:00,09:19:00,-6,11:52:00,11:55:00,3,2025-06-06,33900,42720,4
2025,6,6,5,LAX,PDX,2025-06-06 09:40:00,09:35:00,-5,12:04:00,11:58:00,-6,2025-06-06,34800,43440,4
2025,6,6,5,LAX,PDX,2025-06-06 09:43:00,10:08:00,25,12:14:00,12:29:00,15,2025-06-06,34980,44040,4
2025,6,6,5,LAX,PDX,2025-06-06 11:10:00,11:07:00,-3,13:48:00,13:50:00,2,2025-06-06,40200,49680,4
2025,6,6,5,LAX,PDX,2025-06-06 13:43:00,13:35:00,-8,16:08:00,15:47:00,-21,2025-06-06,49380,58080,4
2025,6,6,5,LAX,PDX,2025-06-06 15:05:00,15:01:00,-4,17:33:00,17:19:00,-14,2025-06-06,54300,63180,4
2025,6,6,5,LAX,PDX,2025-06-06 16:38:00,16:27:00,-11,19:04:00,18:40:00,-24,2025-06-06,59880,68640,4
2025,6,6,5,LAX,PDX,2025-06-06 18:20:00,18:16:00,-4,20:48:00,20:36:00,-12,2025-06-06,66000,74880,4
2025,6,6,5,LAX,PDX,2025-06-06 20:20:00,21:20:00,60,22:41:00,23:35:00,54,2025-06-06,73200,81660,4
2025,6,6,5,LAX,PDX,2025-06-06 21:33:00,21:29:00,-4,23:59:00,23:45:00,-14,2025-06-06,77580,86340,4
2025,6,6,5,LAX,PHL,2025-06-06 01:08:00,01:01:00,-7,09:16:00,09:16:00,0,2025-06-06,4080,33360,4
2025,6,6,5,LAX,PHL,2025-06-06 06:45:00,06:38:00,-7,14:54:00,14:36:00,-18,2025-06-06,24300,53640,4
2025,6,6,5,LAX,PHL,2025-06-06 07:45:00,07:39:00,-6,15:56:00,15:34:00,-22,2025-06-06,27900,57360,4
2025,6,6,5,LAX,PHL,2025-06-06 09:00:00,09:15:00,15,17:18:00,18:16:00,58,2025-06-06,32400,62280,4
2025,6,6,5,LAX,PHL,2025-06-06 11:40:00,12:11:00,31,19:56:00,20:39:00,43,2025-06-06,42000,71760,4
2025,6,6,5,LAX,PHL,2025-06-06 14:42:00,14:35:00,-7,22:54:00,22:57:00,3,2025-06-06,52920,82440,4
2025,6,6,5,LAX,PHL,2025-06-06 16:30:00,16:19:00,-11,00:43:00,00:05:00,-38,2025-06-06,59400,2580,4
2025,6,6,5,LAX,PHL,2025-06-06 22:20:00,22:24:00,4,06:30:00,06:09:00,-21,2025-06-06,80400,23400,4
2025,6,6,5,LAX,PHL,2025-06-06 22:53:00,22:49:00,-4,07:05:00,06:46:00,-19,2025-06-06,82380,25500,4
2025,6,6,5,LAX,PHX,2025-06-06 05:25:00,05:28:00,3,06:55:00,07:03:00,8,2025-06-06,19500,24900,4
2025,6,6,5,LAX,PHX,2025-06-06 06:10:00,06:04:00,-6,07:39:00,07:33:00,-6,2025-06-06,22200,27540,4
2025,6,6,5,LAX,PHX,2025-06-06 07:13:00,07:20:00,7,08:34:00,08:41:00,7,2025-06-06,25980,30840,4
2025,6,6,5,LAX,PHX,2025-06-06 07:50:00,07:49:00,-1,09:15:00,09:08:00,-7,2025-06-06,28200,33300,4
2025,6,6,5,LAX,PHX,2025-06-06 08:15:00,08:05:00,-10,09:51:00,09:32:00,-19,2025-06-06,29700,35460,4
2025,6,6,5,LAX,PHX,2025-06-06 10:00:00,09:52:00,-8,11:27:00,11:45:00,18,2025-06-06,36000,41220,4
2025,6,6,5,LAX,PHX,2025-06-06 10:15:00,10:06:00,-9,11:45:00,11:52:00,7,2025-06-06,36900,42300,4
2025,6,6,5,LAX,PHX,2025-06-06 11:05:00,11:03:00,-2,12:35:00,12:30:00,-5,2025-06-06,39900,45300,4
2025,6,6,5,LAX,PHX,2025-06-06 13:25:00,13:16:00,-9,14:50:00,14:39:00,-11,2025-06-06,48300,53400,4
2025,6,6,5,LAX,PHX,2025-06-06 13:25:00,13:16:00,-9,15:03:00,14:45:00,-18,2025-06-06,48300,54180,4
2025,6,6,5,LAX,PHX,2025-06-06 14:28:00,14:22:00,-6,16:07:00,15:45:00,-22,2025-06-06,52080,58020,4
2025,6,6,5,LAX,PHX,2025-06-06 14:30:00,14:29:00,-1,15:55:00,15:54:00,-1,2025-06-06,52200,57300,4
2025,6,6,5,LAX,PHX,2025-06-06 14:40:00,15:07:00,27,16:10:00,16:24:00,14,2025-06-06,52800,58200,4
2025,6,6,5,LAX,PHX,2025-06-06 16:32:00,16:37:00,5,17:59:00,18:03:00,4,2025-06-06,59520,64740,4
2025,6,6,5,LAX,PHX,2025-06-06 17:44:00,17:34:00,-10,19:09:00,18:52:00,-17,2025-06-06,63840,68940,4
2025,6,6,5,LAX,PHX,2025-06-06 19:10:00,19:08:00,-2,20:39:00,20:25:00,-14,2025-06-06,69000,74340,4
2025,6,6,5,LAX,PHX,2025-06-06 21:30:00,21:20:00,-10,22:57:00,22:44:00,-13,2025-06-06,77400,82620,4
2025,6,6,5,LAX,PHX,2025-06-06 22:35:00,22:35:00,0,00:13:00,00:11:00,-2,2025-06-06,81300,780,4
2025,6,6,5,LAX,PIT,2025-06-06 09:15:00,09:10:00,-5,17:00:00,17:30:00,30,2025-06-06,33300,61200,4
2025,6,6,5,LAX,PSC,2025-06-06 20:22:00,20:48:00,26,22:57:00,23:35:00,38,2025-06-06,73320,82620,4
2025,6,6,5,LAX,RDD,2025-06-06 12:50:00,12:43:00,-7,14:39:00,14:17:00,-22,2025-06-06,46200,52740,4
2025,6,6,5,LAX,RDM,2025-06-06 12:45:00,12:54:00,9,15:03:00,15:01:00,-2,2025-06-06,45900,54180,4
2025,6,6,5,LAX,RDU,2025-06-06 08:57:00,08:50:00,-7,16:54:00,17:11:00,17,2025-06-06,32220,60840,4
2025,6,6,5,LAX,RDU,2025-06-06 11:50:00,11:54:00,4,19:40:00,19:57:00,17,2025-06-06,42600,70800,4
2025,6,6,5,LAX,RDU,2025-06-06 22:20:00,22:22:00,2,06:18:00,06:11:00,-7,2025-06-06,80400,22680,4
2025,6,6,5,LAX,RNO,2025-06-06 09:59:00,09:54:00,-5,11:28:00,11:12:00,-16,2025-06-06,35940,41280,4
2025,6,6,5,LAX,RNO,2025-06-06 10:19:00,10:12:00,-7,12:00:00,11:42:00,-18,2025-06-06,37140,43200,4
2025,6,6,5,LAX,RNO,2025-06-06 14:25:00,14:43:00,18,15:50:00,16:01:00,11,2025-06-06,51900,57000,4
2025,6,6,5,LAX,RNO,2025-06-06 15:04:00,14:57:00,-7,16:32:00,16:24:00,-8,2025-06-06,54240,59520,4
2025,6,6,5,LAX,RNO,2025-06-06 17:10:00,17:34:00,24,18:44:00,18:56:00,12,2025-06-06,61800,67440,4
2025,6,6,5,LAX,RNO,2025-06-06 20:55:00,20:50:00,-5,22:21:00,22:28:00,7,2025-06-06,75300,80460,4
2025,6,6,5,LAX,RNO,2025-06-06 21:59:00,21:51:00,-8,23:32:00,23:20:00,-12,2025-06-06,79140,84720,4
2025,6,6,5,LAX,SAN,2025-06-06 08:25:00,08:15:00,-10,09:21:00,09:10:00,-11,2025-06-06,30300,33660,4
2025,6,6,5,LAX,SAN,2025-06-06 09:20:00,09:18:00,-2,10:24:00,10:39:00,15,2025-06-06,33600,37440,4
2025,6,6,5,LAX,SAN,2025-06-06 14:06:00,14:00:00,-6,14:57:00,14:57:00,0,2025-06-06,50760,53820,4
2025,6,6,5,LAX,SAN,2025-06-06 17:59:00,17:48:00,-11,18:51:00,18:47:00,-4,2025-06-06,64740,67860,4
2025,6,6,5,LAX,SAN,2025-06-06 18:46:00,18:47:00,1,19:47:00,19:48:00,1,2025-06-06,67560,71220,4
2025,6,6,5,LAX,SAN,2025-06-06 22:17:00,22:11:00,-6,23:11:00,23:02:00,-9,2025-06-06,80220,83460,4
2025,6,6,5,LAX,SAN,2025-06-06 22:45:00,22:46:00,1,23:46:00,00:02:00,16,2025-06-06,81900,85560,4
2025,6,6,5,LAX,SAT,2025-06-06 08:54:00,08:51:00,-3,13:42:00,13:51:00,9,2025-06-06,32040,49320,4
2025,6,6,5,LAX,SAT,2025-06-06 08:55:00,08:52:00,-3,13:50:00,14:12:00,22,2025-06-06,32100,49800,4
2025,6,6,5,LAX,SAT,2025-06-06 09:12:00,09:06:00,-6,14:19:00,14:24:00,5,2025-06-06,33120,51540,4
2025,6,6,5,LAX,SAT,2025-06-06 14:10:00,14:11:00,1,19:10:00,18:45:00,-25,2025-06-06,51000,69000,4
2025,6,6,5,LAX,SAT,2025-06-06 17:00:00,16:50:00,-10,21:58:00,21:34:00,-24,2025-06-06,61200,79080,4
2025,6,6,5,LAX,SAT,2025-06-06 18:57:00,18:49:00,-8,23:42:00,23:28:00,-14,2025-06-06,68220,85320,4
2025,6,6,5,LAX,SBA,2025-06-06 15:20:00,15:14:00,-6,16:12:00,15:57:00,-15,2025-06-06,55200,58320,4
2025,6,6,5,LAX,SBA,2025-06-06 23:00:00,23:13:00,13,23:58:00,00:19:00,21,2025-06-06,82800,86280,4
2025,6,6,5,LAX,SBP,2025-06-06 15:00:00,15:57:00,57,16:01:00,17:07:00,66,2025-06-06,54000,57660,4
2025,6,6,5,LAX,SBP,2025-06-06 22:32:00,22:32:00,0,23:36:00,23:27:00,-9,2025-06-06,81120,84960,4
2025,6,6,5,LAX,SDF,2025-06-06 07:46:00,07:40:00,-6,14:56:00,14:23:00,-33,2025-06-06,27960,53760,4
2025,6,6,5,LAX,SEA,2025-06-06 06:00:00,05:57:00,-3,08:56:00,09:01:00,5,2025-06-06,21600,32160,4
2025,6,6,5,LAX,SEA,2025-06-06 07:00:00,06:53:00,-7,09:55:00,09:35:00,-20,2025-06-06,25200,35700,4
2025,6,6,5,LAX,SEA,2025-06-06 07:00:00,06:53:00,-7,10:03:00,09:32:00,-31,2025-06-06,25200,36180,4
2025,6,6,5,LAX,SEA,2025-06-06 08:00:00,07:55:00,-5,10:58:00,11:31:00,33,2025-06-06,28800,39480,4
2025,6,6,5,LAX,SEA,2025-06-06 08:38:00,08:27:00,-11,11:33:00,11:11:00,-22,2025-06-06,31080,41580,4
2025,6,6,5,LAX,SEA,2025-06-06 09:35:00,09:26:00,-9,12:30:00,12:34:00,4,2025-06-06,34500,45000,4
2025,6,6,5,LAX,SEA,2025-06-06 09:35:00,09:36:00,1,12:33:00,12:25:00,-8,2025-06-06,34500,45180,4
2025,6,6,5,LAX,SEA,2025-06-06 11:10:00,11:03:00,-7,14:01:00,14:02:00,1,2025-06-06,40200,50460,4
2025,6,6,5,LAX,SEA,2025-06-06 11:15:00,11:07:00,-8,14:09:00,13:58:00,-11,2025-06-06,40500,50940,4
2025,6,6,5,LAX,SEA,2025-06-06 11:30:00,11:21:00,-9,14:30:00,14:05:00,-25,2025-06-06,41400,52200,4
2025,6,6,5,LAX,SEA,2025-06-06 11:55:00,11:51:00,-4,14:50:00,14:33:00,-17,2025-06-06,42900,53400,4
2025,6,6,5,LAX,SEA,2025-06-06 13:51:00,13:50:00,-1,16:45:00,16:21:00,-24,2025-06-06,49860,60300,4
2025,6,6,5,LAX,SEA,2025-06-06 13:58:00,14:12:00,14,16:53:00,17:09:00,16,2025-06-06,50280,60780,4
2025,6,6,5,LAX,SEA,2025-06-06 15:36:00,15:30:00,-6,18:27:00,18:14:00,-13,2025-06-06,56160,66420,4
2025,6,6,5,LAX,SEA,2025-06-06 17:45:00,17:48:00,3,20:35:00,20:29:00,-6,2025-06-06,63900,74100,4
2025,6,6,5,LAX,SEA,2025-06-06 17:55:00,17:51:00,-4,20:49:00,20:36:00,-13,2025-06-06,64500,74940,4
2025,6,6,5,LAX,SEA,2025-06-06 19:07:00,18:59:00,-8,21:58:00,21:44:00,-14,2025-06-06,68820,79080,4
2025,6,6,5,LAX,SEA,2025-06-06 19:55:00,19:54:00,-1,22:47:00,23:30:00,43,2025-06-06,71700,82020,4
2025,6,6,5,LAX,SEA,2025-06-06 19:55:00,20:16:00,21,22:51:00,22:58:00,7,2025-06-06,71700,82260,4
2025,6,6,5,LAX,SEA,2025-06-06 21:10:00,21:03:00,-7,23:59:00,23:52:00,-7,2025-06-06,76200,86340,4
2025,6,6,5,LAX,SFO,2025-06-06 06:00:00,05:52:00,-8,07:38:00,07:19:00,-19,2025-06-06,21600,27480,4
2025,6,6,5,LAX,SFO,2025-06-06 06:00:00,06:18:00,18,07:31:00,07:37:00,6,2025-06-06,21600,27060,4
2025,6,6,5,LAX,SFO,2025-06-06 06:30:00,06:23:00,-7,07:53:00,07:37:00,-16,2025-06-06,23400,28380,4
2025,6,6,5,LAX,SFO,2025-06-06 06:30:00,06:28:00,-2,07:50:00,07:44:00,-6,2025-06-06,23400,28200,4
2025,6,6,5,LAX,SFO,2025-06-06 07:00:00,07:04:00,4,08:36:00,08:14:00,-22,2025-06-06,25200,30960,4
2025,6,6,5,LAX,SFO,2025-06-06 08:05:00,08:04:00,-1,09:45:00,10:01:00,16,2025-06-06,29100,35100,4
2025,6,6,5,LAX,SFO,2025-06-06 08:40:00,08:36:00,-4,10:10:00,10:21:00,11,2025-06-06,31200,36600,4
2025,6,6,5,LAX,SFO,2025-06-06 09:10:00,09:03:00,-7,10:45:00,10:48:00,3,2025-06-06,33000,38700,4
2025,6,6,5,LAX,SFO,2025-06-06 10:00:00,10:06:00,6,11:20:00,11:15:00,-5,2025-06-06,36000,40800,4
2025,6,6,5,LAX,SFO,2025-06-06 10:15:00,10:09:00,-6,11:45:00,11:53:00,8,2025-06-06,36900,42300,4
2025,6,6,5,LAX,SFO,2025-06-06 10:26:00,10:19:00,-7,11:59:00,11:43:00,-16,2025-06-06,37560,43140,4
2025,6,6,5,LAX,SFO,2025-06-06 11:00:00,10:55:00,-5,12:31:00,12:21:00,-10,2025-06-06,39600,45060,4
2025,6,6,5,LAX,SFO,2025-06-06 12:20:00,12:20:00,0,13:43:00,13:38:00,-5,2025-06-06,44400,49380,4
2025,6,6,5,LAX,SFO,2025-06-06 13:39:00,13:59:00,20,15:07:00,15:06:00,-1,2025-06-06,49140,54420,4
2025,6,6,5,LAX,SFO,2025-06-06 13:55:00,14:04:00,9,15:15:00,15:12:00,-3,2025-06-06,50100,54900,4
2025,6,6,5,LAX,SFO,2025-06-06 14:22:00,14:17:00,-5,15:48:00,15:35:00,-13,2025-06-06,51720,56880,4
2025,6,6,5,LAX,SFO,2025-06-06 16:00:00,15:56:00,-4,17:28:00,17:13:00,-15,2025-06-06,57600,62880,4
2025,6,6,5,LAX,SFO,2025-06-06 16:10:00,16:01:00,-9,17:39:00,17:13:00,-26,2025-06-06,58200,63540,4
2025,6,6,5,LAX,SFO,2025-06-06 16:25:00,16:47:00,22,17:48:00,17:56:00,8,2025-06-06,59100,64080,4
2025,6,6,5,LAX,SFO,2025-06-06 16:30:00,16:41:00,11,17:55:00,17:44:00,-11,2025-06-06,59400,64500,4
2025,6,6,5,LAX,SFO,2025-06-06 17:10:00,17:06:00,-4,18:40:00,18:20:00,-20,2025-06-06,61800,67200,4
2025,6,6,5,LAX,SFO,2025-06-06 17:40:00,17:39:00,-1,19:02:00,18:57:00,-5,2025-06-06,63600,68520,4
2025,6,6,5,LAX,SFO,2025-06-06 18:13:00,18:22:00,9,19:48:00,19:34:00,-14,2025-06-06,65580,71280,4
2025,6,6,5,LAX,SFO,2025-06-06 18:31:00,18:22:00,-9,19:58:00,19:36:00,-22,2025-06-06,66660,71880,4
2025,6,6,5,LAX,SFO,2025-06-06 18:40:00,18:35:00,-5,20:09:00,19:48:00,-21,2025-06-06,67200,72540,4
2025,6,6,5,LAX,SFO,2025-06-06 18:55:00,18:51:00,-4,20:15:00,20:05:00,-10,2025-06-06,68100,72900,4
2025,6,6,5,LAX,SFO,2025-06-06 19:25:00,19:19:00,-6,20:57:00,20:47:00,-10,2025-06-06,69900,75420,4
2025,6,6,5,LAX,SFO,2025-06-06 19:35:00,19:31:00,-4,20:58:00,20:54:00,-4,2025-06-06,70500,75480,4
2025,6,6,5,LAX,SFO,2025-06-06 19:55:00,20:09:00,14,21:25:00,21:13:00,-12,2025-06-06,71700,77100,4
2025,6,6,5,LAX,SFO,2025-06-06 21:30:00,21:30:00,0,23:02:00,22:51:00,-11,2025-06-06,77400,82920,4
2025,6,6,5,LAX,SFO,2025-06-06 21:45:00,21:36:00,-9,23:09:00,22:48:00,-21,2025-06-06,78300,83340,4
2025,6,6,5,LAX,SFO,2025-06-06 22:25:00,22:19:00,-6,23:52:00,23:54:00,2,2025-06-06,80700,85920,4
2025,6,6,5,LAX,SGF,2025-06-06 06:00:00,05:57:00,-3,11:17:00,11:11:00,-6,2025-06-06,21600,40620,4
2025,6,6,5,LAX,SJC,2025-06-06 06:05:00,05:58:00,-7,07:25:00,07:20:00,-5,2025-06-06,21900,26700,4
2025,6,6,5,LAX,SJC,2025-06-06 06:55:00,07:16:00,21,08:10:00,08:27:00,17,2025-06-06,24900,29400,4
2025,6,6,5,LAX,SJC,2025-06-06 09:00:00,08:54:00,-6,10:20:00,10:04:00,-16,2025-06-06,32400,37200,4
2025,6,6,5,LAX,SJC,2025-06-06 09:14:00,09:06:00,-8,10:33:00,10:29:00,-4,2025-06-06,33240,37980,4
2025,6,6,5,LAX,SJC,2025-06-06 10:25:00,10:32:00,7,11:40:00,11:36:00,-4,2025-06-06,37500,42000,4
2025,6,6,5,LAX,SJC,2025-06-06 11:39:00,11:32:00,-7,12:57:00,12:36:00,-21,2025-06-06,41940,46620,4
2025,6,6,5,LAX,SJC,2025-06-06 14:05:00,14:32:00,27,15:20:00,15:30:00,10,2025-06-06,50700,55200,4
2025,6,6,5,LAX,SJC,2025-06-06 14:06:00,13:58:00,-8,15:20:00,15:04:00,-16,2025-06-06,50760,55200,4
2025,6,6,5,LAX,SJC,2025-06-06 16:28:00,17:09:00,41,17:45:00,18:13:00,28,2025-06-06,59280,63900,4
2025,6,6,5,LAX,SJC,2025-06-06 16:35:00,16:38:00,3,17:50:00,17:39:00,-11,2025-06-06,59700,64200,4
2025,6,6,5,LAX,SJC,2025-06-06 18:10:00,18:05:00,-5,19:25:00,19:12:00,-13,2025-06-06,65400,69900,4
2025,6,6,5,LAX,SJC,2025-06-06 20:59:00,20:54:00,-5,22:13:00,22:00:00,-13,2025-06-06,75540,79980,4
2025,6,6,5,LAX,SJC,2025-06-06 21:20:00,22:12:00,52,22:45:00,23:15:00,30,2025-06-06,76800,81900,4
2025,6,6,5,LAX,SLC,2025-06-06 06:00:00,05:53:00,-7,08:55:00,08:50:00,-5,2025-06-06,21600,32100,4
2025,6,6,5,LAX,SLC,2025-06-06 07:00:00,06:53:00,-7,09:55:00,09:32:00,-23,2025-06-06,25200,35700,4
2025,6,6,5,LAX,SLC,2025-06-06 09:15:00,09:12:00,-3,12:11:00,12:07:00,-4,2025-06-06,33300,43860,4
2025,6,6,5,LAX,SLC,2025-06-06 10:05:00,10:07:00,2,12:55:00,13:07:00,12,2025-06-06,36300,46500,4
2025,6,6,5,LAX,SLC,2025-06-06 11:35:00,11:28:00,-7,14:29:00,14:11:00,-18,2025-06-06,41700,52140,4
2025,6,6,5,LAX,SLC,2025-06-06 13:09:00,13:06:00,-3,16:08:00,15:55:00,-13,2025-06-06,47340,58080,4
2025,6,6,5,LAX,SLC,2025-06-06 13:13:00,13:12:00,-1,16:08:00,16:01:00,-7,2025-06-06,47580,58080,4
2025,6,6,5,LAX,SLC,2025-06-06 17:05:00,16:58:00,-7,20:00:00,19:59:00,-1,2025-06-06,61500,72000,4
2025,6,6,5,LAX,SLC,2025-06-06 18:45:00,18:38:00,-7,21:39:00,21:19:00,-20,2025-06-06,67500,77940,4
2025,6,6,5,LAX,SLC,2025-06-06 19:25:00,19:16:00,-9,22:15:00,21:52:00,-23,2025-06-06,69900,80100,4
2025,6,6,5,LAX,SMF,2025-06-06 06:00:00,05:52:00,-8,07:25:00,07:24:00,-1,2025-06-06,21600,26700,4
2025,6,6,5,LAX,SMF,2025-06-06 07:58:00,08:14:00,16,09:24:00,09:30:00,6,2025-06-06,28680,33840,4
2025,6,6,5,LAX,SMF,2025-06-06 08:10:00,08:07:00,-3,09:40:00,09:20:00,-20,2025-06-06,29400,34800,4
2025,6,6,5,LAX,SMF,2025-06-06 08:15:00,08:11:00,-4,09:52:00,09:37:00,-15,2025-06-06,29700,35520,4
2025,6,6,5,LAX,SMF,2025-06-06 09:46:00,10:08:00,22,11:23:00,11:39:00,16,2025-06-06,35160,40980,4
2025,6,6,5,LAX,SMF,2025-06-06 10:13:00,10:03:00,-10,11:45:00,11:27:00,-18,2025-06-06,36780,42300,4
2025,6,6,5,LAX,SMF,2025-06-06 11:40:00,11:52:00,12,13:05:00,13:06:00,1,2025-06-06,42000,47100,4
2025,6,6,5,LAX,SMF,2025-06-06 13:25:00,13:18:00,-7,14:57:00,14:33:00,-24,2025-06-06,48300,53820,4
2025,6,6,5,LAX,SMF,2025-06-06 15:57:00,16:08:00,11,17:26:00,17:29:00,3,2025-06-06,57420,62760,4
2025,6,6,5,LAX,SMF,2025-06-06 16:20:00,17:04:00,44,17:45:00,18:29:00,44,2025-06-06,58800,63900,4
2025,6,6,5,LAX,SMF,2025-06-06 16:30:00,16:33:00,3,18:01:00,17:56:00,-5,2025-06-06,59400,64860,4
2025,6,6,5,LAX,SMF,2025-06-06 17:05:00,16:56:00,-9,18:37:00,18:26:00,-11,2025-06-06,61500,67020,4
2025,6,6,5,LAX,SMF,2025-06-06 18:10:00,18:13:00,3,19:37:00,19:32:00,-5,2025-06-06,65400,70620,4
2025,6,6,5,LAX,SMF,2025-06-06 19:22:00,19:21:00,-1,21:01:00,20:46:00,-15,2025-06-06,69720,75660,4
2025,6,6,5,LAX,SMF,2025-06-06 20:30:00,20:49:00,19,21:55:00,22:03:00,8,2025-06-06,73800,78900,4
2025,6,6,5,LAX,SMF,2025-06-06 20:56:00,20:49:00,-7,22:28:00,22:24:00,-4,2025-06-06,75360,80880,4
2025,6,6,5,LAX,STL,2025-06-06 05:10:00,05:37:00,27,10:50:00,11:02:00,12,2025-06-06,18600,39000,4
2025,6,6,5,LAX,STL,2025-06-06 17:33:00,18:11:00,38,22:59:00,23:32:00,33,2025-06-06,63180,82740,4
2025,6,6,5,LAX,STL,2025-06-06 19:05:00,19:04:00,-1,00:40:00,00:34:00,-6,2025-06-06,68700,2400,4
2025,6,6,5,LAX,STS,2025-06-06 09:25:00,09:24:00,-1,11:06:00,11:09:00,3,2025-06-06,33900,39960,4
2025,6,6,5,LAX,STS,2025-06-06 21:56:00,22:10:00,14,23:30:00,23:29:00,-1,2025-06-06,78960,84600,4
2025,6,6,5,LAX,SUN,2025-06-06 08:30:00,08:26:00,-4,11:43:00,11:48:00,5,2025-06-06,30600,42180,4
2025,6,6,5,LAX,TPA,2025-06-06 10:25:00,10:21:00,-4,18:06:00,18:07:00,1,2025-06-06,37500,65160,4
2025,6,6,5,LAX,TPA,2025-06-06 22:10:00,21:59:00,-11,05:40:00,05:16:00,-24,2025-06-06,79800,20400,4
2025,6,6,5,LAX,TPA,2025-06-06 23:59:00,23:53:00,-6,07:56:00,07:24:00,-32,2025-06-06,86340,28560,4
2025,6,6,5,LAX,TUL,2025-06-06 07:45:00,07:41:00,-4,12:43:00,12:29:00,-14,2025-06-06,27900,45780,4
2025,6,6,5,LAX,TUL,2025-06-06 09:30:00,09:30:00,0,14:40:00,14:56:00,16,2025-06-06,34200,52800,4
2025,6,6,5,LAX,TUS,2025-06-06 08:22:00,08:12:00,-10,10:03:00,09:53:00,-10,2025-06-06,30120,36180,4
2025,6,6,5,LAX,TUS,2025-06-06 09:35:00,09:37:00,2,11:06:00,11:37:00,31,2025-06-06,34500,39960,4
2025,6,6,5,LAX,TUS,2025-06-06 12:40:00,12:40:00,0,14:10:00,13:55:00,-15,2025-06-06,45600,51000,4
2025,6,6,5,LAX,TUS,2025-06-06 14:18:00,14:26:00,8,15:49:00,15:51:00,2,2025-06-06,51480,56940,4
2025,6,6,5,LAX,TUS,2025-06-06 14:58:00,15:13:00,15,16:27:00,16:43:00,16,2025-06-06,53880,59220,4
2025,6,6,5,LAX,TUS,2025-06-06 18:18:00,18:13:00,-5,19:49:00,19:47:00,-2,2025-06-06,65880,71340,4
2025,6,6,5,LAX,TUS,2025-06-06 18:59:00,18:54:00,-5,20:31:00,20:30:00,-1,2025-06-06,68340,73860,4
2025,6,6,5,LAX,XNA,2025-06-06 09:14:00,09:44:00,30,14:38:00,15:19:00,41,2025-06-06,33240,52680,4
2025,6,7,6,LAX,ABQ,2025-06-07 07:25:00,07:22:00,-3,10:25:00,10:01:00,-24,2025-06-07,26700,37500,5
2025,6,7,6,LAX,ABQ,2025-06-07 08:00:00,07:50:00,-10,11:08:00,10:42:00,-26,2025-06-07,28800,40080,5
2025,6,7,6,LAX,ABQ,2025-06-07 08:59:00,08:49:00,-10,12:04:00,11:36:00,-28,2025-06-07,32340,43440,5
2025,6,7,6,LAX,ABQ,2025-06-07 18:49:00,19:04:00,15,21:52:00,21:48:00,-4,2025-06-07,67740,78720,5
2025,6,7,6,LAX,ABQ,2025-06-07 19:59:00,19:55:00,-4,22:55:00,22:40:00,-15,2025-06-07,71940,82500,5
2025,6,7,6,LAX,ACV,2025-06-07 13:15:00,13:06:00,-9,15:13:00,15:03:00,-10,2025-06-07,47700,54780,5
2025,6,7,6,LAX,ANC,2025-06-07 09:00:00,08:51:00,-9,13:19:00,12:48:00,-31,2025-06-07,32400,47940,5
2025,6,7,6,LAX,ANC,2025-06-07 19:45:00,20:03:00,18,00:20:00,00:16:00,-4,2025-06-07,71100,1200,5
2025,6,7,6,LAX,ASE,2025-06-07 10:40:00,10:36:00,-4,13:56:00,13:43:00,-13,2025-06-07,38400,50160,5
2025,6,7,6,LAX,ATL,2025-06-07 06:15:00,06:12:00,-3,13:38:00,13:34:00,-4,2025-06-07,22500,49080,5
2025,6,7,6,LAX,ATL,2025-06-07 07:30:00,07:27:00,-3,14:47:00,14:25:00,-22,2025-06-07,27000,53220,5
2025,6,7,6,LAX,ATL,2025-06-07 08:35:00,09:03:00,28,16:04:00,16:28:00,24,2025-06-07,30900,57840,5
2025,6,7,6,LAX,ATL,2025-06-07 09:35:00,09:35:00,0,16:58:00,16:39:00,-19,2025-06-07,34500,61080,5
2025,6,7,6,LAX,ATL,2025-06-07 11:05:00,11:05:00,0,18:30:00,19:06:00,36,2025-06-07,39900,66600,5
2025,6,7,6,LAX,ATL,2025-06-07 12:05:00,12:15:00,10,19:24:00,19:10:00,-14,2025-06-07,43500,69840,5
2025,6,7,6,LAX,ATL,2025-06-07 12:37:00,12:34:00,-3,19:59:00,19:56:00,-3,2025-06-07,45420,71940,5
2025,6,7,6,LAX,ATL,2025-06-07 13:05:00,13:00:00,-5,20:35:00,19:58:00,-37,2025-06-07,47100,74100,5
2025,6,7,6,LAX,ATL,2025-06-07 16:00:00,15:45:00,-15,23:22:00,23:04:00,-18,2025-06-07,57600,84120,5
2025,6,7,6,LAX,ATL,2025-06-07 17:00:00,17:31:00,31,00:21:00,00:39:00,18,2025-06-07,61200,1260,5
2025,6,7,6,LAX,ATL,2025-06-07 21:45:00,21:44:00,-1,05:01:00,04:41:00,-20,2025-06-07,78300,18060,5
2025,6,7,6,LAX,ATL,2025-06-07 22:50:00,23:38:00,48,06:10:00,06:39:00,29,2025-06-07,82200,22200,5
2025,6,7,6,LAX,ATL,2025-06-07 23:10:00,23:02:00,-8,06:33:00,06:03:00,-30,2025-06-07,83400,23580,5
2025,6,7,6,LAX,ATL,2025-06-07 23:45:00,00:06:00,21,07:06:00,07:04:00,-2,2025-06-07,85500,25560,5
2025,6,7,6,LAX,AUS,2025-06-07 06:00:00,05:54:00,-6,11:05:00,10:37:00,-28,2025-06-07,21600,39900,5
2025,6,7,6,LAX,AUS,2025-06-07 06:45:00,06:40:00,-5,11:40:00,11:21:00,-19,2025-06-07,24300,42000,5
2025,6,7,6,LAX,AUS,2025-06-07 07:45:00,08:33:00,48,12:46:00,13:26:00,40,2025-06-07,27900,45960,5
2025,6,7,6,LAX,AUS,2025-06-07 09:25:00,09:16:00,-9,14:51:00,13:59:00,-52,2025-06-07,33900,53460,5
2025,6,7,6,LAX,AUS,2025-06-07 10:15:00,10:00:00,-15,15:21:00,15:03:00,-18,2025-06-07,36900,55260,5
2025,6,7,6,LAX,AUS,2025-06-07 15:55:00,15:45:00,-10,20:54:00,20:25:00,-29,2025-06-07,57300,75240,5
2025,6,7,6,LAX,AUS,2025-06-07 16:14:00,16:09:00,-5,21:14:00,20:50:00,-24,2025-06-07,58440,76440,5
2025,6,7,6,LAX,AUS,2025-06-07 18:35:00,18:18:00,-17,23:38:00,23:01:00,-37,2025-06-07,66900,85080,5
2025,6,7,6,LAX,AUS,2025-06-07 18:40:00,18:31:00,-9,23:58:00,23:18:00,-40,2025-06-07,67200,86280,5
2025,6,7,6,LAX,BNA,2025-06-07 06:45:00,07:08:00,23,12:50:00,13:17:00,27,2025-06-07,24300,46200,5
2025,6,7,6,LAX,BNA,2025-06-07 06:55:00,06:48:00,-7,12:50:00,12:36:00,-14,2025-06-07,24900,46200,5
2025,6,7,6,LAX,BNA,2025-06-07 15:00:00,14:57:00,-3,20:56:00,20:32:00,-24,2025-06-07,54000,75360,5
2025,6,7,6,LAX,BNA,2025-06-07 22:50:00,22:44:00,-6,05:00:00,04:13:00,-47,2025-06-07,82200,18000,5
2025,6,7,6,LAX,BOI,2025-06-07 11:55:00,12:10:00,15,14:59:00,15:02:00,3,2025-06-07,42900,53940,5
2025,6,7,6,LAX,BOI,2025-06-07 12:40:00,12:35:00,-5,15:54:00,15:31:00,-23,2025-06-07,45600,57240,5
2025,6,7,6,LAX,BOI,2025-06-07 19:45:00,19:40:00,-5,22:52:00,22:45:00,-7,2025-06-07,71100,82320,5
2025,6,7,6,LAX,BOI,2025-06-07 20:25:00,20:17:00,-8,23:28:00,23:28:00,0,2025-06-07,73500,84480,5
2025,6,7,6,LAX,BOS,2025-06-07 06:00:00,05:47:00,-13,14:39:00,14:10:00,-29,2025-06-07,21600,52740,5
2025,6,7,6,LAX,BOS,2025-06-07 07:00:00,06:56:00,-4,15:35:00,15:24:00,-11,2025-06-07,25200,56100,5
2025,6,7,6,LAX,BOS,2025-06-07 07:50:00,07:43:00,-7,16:32:00,16:03:00,-29,2025-06-07,28200,59520,5
2025,6,7,6,LAX,BOS,2025-06-07 08:30:00,08:25:00,-5,17:13:00,16:39:00,-34,2025-06-07,30600,61980,5
2025,6,7,6,LAX,BOS,2025-06-07 08:40:00,08:34:00,-6,17:16:00,16:50:00,-26,2025-06-07,31200,62160,5
2025,6,7,6,LAX,BOS,2025-06-07 11:30:00,11:25:00,-5,20:03:00,19:34:00,-29,2025-06-07,41400,72180,5
2025,6,7,6,LAX,BOS,2025-06-07 15:20:00,15:14:00,-6,23:48:00,23:29:00,-19,2025-06-07,55200,85680,5
2025,6,7,6,LAX,BOS,2025-06-07 22:34:00,22:26:00,-8,07:15:00,06:47:00,-28,2025-06-07,81240,26100,5
2025,6,7,6,LAX,BOS,2025-06-07 22:50:00,22:46:00,-4,07:28:00,07:13:00,-15,2025-06-07,82200,26880,5
2025,6,7,6,LAX,BUF,2025-06-07 14:10:00,14:04:00,-6,22:00:00,21:29:00,-31,2025-06-07,51000,79200,5
2025,6,7,6,LAX,BWI,2025-06-07 06:30:00,06:31:00,1,14:30:00,14:07:00,-23,2025-06-07,23400,52200,5
2025,6,7,6,LAX,BWI,2025-06-07 11:36:00,11:37:00,1,19:39:00,19:18:00,-21,2025-06-07,41760,70740,5
2025,6,7,6,LAX,BWI,2025-06-07 20:55:00,21:04:00,9,05:00:00,04:44:00,-16,2025-06-07,75300,18000,5
2025,6,7,6,LAX,BWI,2025-06-07 23:59:00,23:58:00,-1,08:07:00,08:13:00,6,2025-06-07,86340,29220,5
2025,6,7,6,LAX,BZN,2025-06-07 11:21:00,11:17:00,-4,14:50:00,14:37:00,-13,2025-06-07,40860,53400,5
2025,6,7,6,LAX,BZN,2025-06-07 18:00:00,17:52:00,-8,21:39:00,21:21:00,-18,2025-06-07,64800,77940,5
2025,6,7,6,LAX,CID,2025-06-07 06:40:00,06:34:00,-6,12:15:00,11:51:00,-24,2025-06-07,24000,44100,5
2025,6,7,6,LAX,CLE,2025-06-07 12:22:00,12:16:00,-6,19:55:00,19:36:00,-19,2025-06-07,44520,71700,5
2025,6,7,6,LAX,CLE,2025-06-07 22:45:00,22:38:00,-7,06:17:00,06:10:00,-7,2025-06-07,81900,22620,5
2025,6,7,6,LAX,CLT,2025-06-07 06:05:00,06:04:00,-1,13:54:00,13:35:00,-19,2025-06-07,21900,50040,5
2025,6,7,6,LAX,CLT,2025-06-07 07:59:00,08:55:00,56,15:45:00,16:18:00,33,2025-06-07,28740,56700,5
2025,6,7,6,LAX,CLT,2025-06-07 09:11:00,09:05:00,-6,17:00:00,16:47:00,-13,2025-06-07,33060,61200,5
2025,6,7,6,LAX,CLT,2025-06-07 11:54:00,12:04:00,10,19:45:00,19:46:00,1,2025-06-07,42840,71100,5
2025,6,7,6,LAX,CLT,2025-06-07 14:13:00,15:03:00,50,22:02:00,22:50:00,48,2025-06-07,51180,79320,5
2025,6,7,6,LAX,CLT,2025-06-07 21:48:00,21:47:00,-1,05:29:00,04:59:00,-30,2025-06-07,78480,19740,5
2025,6,7,6,LAX,CLT,2025-06-07 23:49:00,00:05:00,16,07:35:00,07:23:00,-12,2025-06-07,85740,27300,5
2025,6,7,6,LAX,CMH,2025-06-07 09:02:00,08:52:00,-10,16:41:00,15:52:00,-49,2025-06-07,32520,60060,5
2025,6,7,6,LAX,DAL,2025-06-07 05:00:00,04:55:00,-5,10:05:00,09:50:00,-15,2025-06-07,18000,36300,5
2025,6,7,6,LAX,DAL,2025-06-07 08:15:00,08:14:00,-1,13:30:00,12:57:00,-33,2025-06-07,29700,48600,5
2025,6,7,6,LAX,DAL,2025-06-07 13:20:00,13:39:00,19,18:30:00,18:23:00,-7,2025-06-07,48000,66600,5
2025,6,7,6,LAX,DAL,2025-06-07 18:10:00,18:14:00,4,23:20:00,22:50:00,-30,2025-06-07,65400,84000,5
2025,6,7,6,LAX,DCA,2025-06-07 08:00:00,07:53:00,-7,16:05:00,15:28:00,-37,2025-06-07,28800,57900,5
2025,6,7,6,LAX,DCA,2025-06-07 08:19:00,08:12:00,-7,16:22:00,15:47:00,-35,2025-06-07,29940,58920,5
2025,6,7,6,LAX,DCA,2025-06-07 12:28:00,12:25:00,-3,20:29:00,19:57:00,-32,2025-06-07,44880,73740,5
2025,6,7,6,LAX,DCA,2025-06-07 12:48:00,12:49:00,1,20:59:00,20:21:00,-38,2025-06-07,46080,75540,5
2025,6,7,6,LAX,DEN,2025-06-07 05:15:00,05:11:00,-4,08:40:00,08:23:00,-17,2025-06-07,18900,31200,5
2025,6,7,6,LAX,DEN,2025-06-07 05:22:00,05:15:00,-7,08:41:00,08:27:00,-14,2025-06-07,19320,31260,5
2025,6,7,6,LAX,DEN,2025-06-07 06:15:00,06:18:00,3,09:48:00,09:56:00,8,2025-06-07,22500,35280,5
2025,6,7,6,LAX,DEN,2025-06-07 07:04:00,06:56:00,-8,10:29:00,10:14:00,-15,2025-06-07,25440,37740,5
2025,6,7,6,LAX,DEN,2025-06-07 07:40:00,07:39:00,-1,11:00:00,10:48:00,-12,2025-06-07,27600,39600,5
2025,6,7,6,LAX,DEN,2025-06-07 07:46:00,07:38:00,-8,11:10:00,10:57:00,-13,2025-06-07,27960,40200,5
2025,6,7,6,LAX,DEN,2025-06-07 08:15:00,08:14:00,-1,11:39:00,11:21:00,-18,2025-06-07,29700,41940,5
2025,6,7,6,LAX,DEN,2025-06-07 09:00:00,08:55:00,-5,12:27:00,12:01:00,-26,2025-06-07,32400,44820,5
2025,6,7,6,LAX,DEN,2025-06-07 10:20:00,10:19:00,-1,13:45:00,13:39:00,-6,2025-06-07,37200,49500,5
2025,6,7,6,LAX,DEN,2025-06-07 10:50:00,10:42:00,-8,14:25:00,13:54:00,-31,2025-06-07,39000,51900,5
2025,6,7,6,LAX,DEN,2025-06-07 10:52:00,10:46:00,-6,14:19:00,14:08:00,-11,2025-06-07,39120,51540,5
2025,6,7,6,LAX,DEN,2025-06-07 12:55:00,13:33:00,38,16:23:00,16:49:00,26,2025-06-07,46500,58980,5
2025,6,7,6,LAX,DEN,2025-06-07 13:38:00,14:04:00,26,17:01:00,17:18:00,17,2025-06-07,49080,61260,5
2025,6,7,6,LAX,DEN,2025-06-07 14:35:00,14:33:00,-2,18:05:00,17:50:00,-15,2025-06-07,52500,65100,5
2025,6,7,6,LAX,DEN,2025-06-07 14:57:00,14:49:00,-8,18:19:00,18:10:00,-9,2025-06-07,53820,65940,5
2025,6,7,6,LAX,DEN,2025-06-07 15:20:00,15:25:00,5,18:45:00,18:33:00,-12,2025-06-07,55200,67500,5
2025,6,7,6,LAX,DEN,2025-06-07 16:11:00,16:07:00,-4,19:40:00,19:23:00,-17,2025-06-07,58260,70800,5
2025,6,7,6,LAX,DEN,2025-06-07 19:18:00,19:13:00,-5,22:47:00,22:26:00,-21,2025-06-07,69480,82020,5
2025,6,7,6,LAX,DEN,2025-06-07 19:20:00,19:30:00,10,22:45:00,22:39:00,-6,2025-06-07,69600,81900,5
2025,6,7,6,LAX,DEN,2025-06-07 19:45:00,19:34:00,-11,23:09:00,22:47:00,-22,2025-06-07,71100,83340,5
2025,6,7,6,LAX,DEN,2025-06-07 20:30:00,20:24:00,-6,23:54:00,23:36:00,-18,2025-06-07,73800,86040,5
2025,6,7,6,LAX,DFW,2025-06-07 00:35:00,00:29:00,-6,05:32:00,05:36:00,4,2025-06-07,2100,19920,5
2025,6,7,6,LAX,DFW,2025-06-07 00:40:00,00:40:00,0,05:45:00,05:49:00,4,2025-06-07,2400,20700,5
2025,6,7,6,LAX,DFW,2025-06-07 01:30:00,01:29:00,-1,06:33:00,06:24:00,-9,2025-06-07,5400,23580,5
2025,6,7,6,LAX,DFW,2025-06-07 05:30:00,05:24:00,-6,10:38:00,10:04:00,-34,2025-06-07,19800,38280,5
2025,6,7,6,LAX,DFW,2025-06-07 06:00:00,06:09:00,9,11:20:00,11:11:00,-9,2025-06-07,21600,40800,5
2025,6,7,6,LAX,DFW,2025-06-07 07:00:00,06:57:00,-3,12:09:00,11:54:00,-15,2025-06-07,25200,43740,5
2025,6,7,6,LAX,DFW,2025-06-07 08:00:00,07:57:00,-3,13:12:00,12:49:00,-23,2025-06-07,28800,47520,5
2025,6,7,6,LAX,DFW,2025-06-07 08:45:00,08:40:00,-5,13:53:00,13:40:00,-13,2025-06-07,31500,49980,5
2025,6,7,6,LAX,DFW,2025-06-07 10:37:00,10:51:00,14,15:45:00,15:59:00,14,2025-06-07,38220,56700,5
2025,6,7,6,LAX,DFW,2025-06-07 14:33:00,14:25:00,-8,19:43:00,19:16:00,-27,2025-06-07,52380,70980,5
2025,6,7,6,LAX,DFW,2025-06-07 15:45:00,15:45:00,0,20:56:00,21:14:00,18,2025-06-07,56700,75360,5
2025,6,7,6,LAX,DFW,2025-06-07 16:36:00,16:32:00,-4,21:47:00,21:23:00,-24,2025-06-07,59760,78420,5
2025,6,7,6,LAX,DFW,2025-06-07 18:35:00,18:46:00,11,23:47:00,23:28:00,-19,2025-06-07,66900,85620,5
2025,6,7,6,LAX,DFW,2025-06-07 18:59:00,18:52:00,-7,23:59:00,23:39:00,-20,2025-06-07,68340,86340,5
2025,6,7,6,LAX,DFW,2025-06-07 19:00:00,18:53:00,-7,00:23:00,23:51:00,-32,2025-06-07,68400,1380,5
2025,6,7,6,LAX,DFW,2025-06-07 23:59:00,00:11:00,12,05:06:00,05:01:00,-5,2025-06-07,86340,18360,5
2025,6,7,6,LAX,DTW,2025-06-07 00:59:00,01:48:00,49,08:25:00,08:56:00,31,2025-06-07,3540,30300,5
2025,6,7,6,LAX,DTW,2025-06-07 05:35:00,05:26:00,-9,13:01:00,12:39:00,-22,2025-06-07,20100,46860,5
2025,6,7,6,LAX,DTW,2025-06-07 09:50:00,09:47:00,-3,17:10:00,16:51:00,-19,2025-06-07,35400,61800,5
2025,6,7,6,LAX,DTW,2025-06-07 09:59:00,09:54:00,-5,17:23:00,17:11:00,-12,2025-06-07,35940,62580,5
2025,6,7,6,LAX,DTW,2025-06-07 11:47:00,11:42:00,-5,19:11:00,18:51:00,-20,2025-06-07,42420,69060,5
2025,6,7,6,LAX,DTW,2025-06-07 15:52:00,15:56:00,4,23:18:00,23:15:00,-3,2025-06-07,57120,83880,5
2025,6,7,6,LAX,DTW,2025-06-07 22:35:00,22:28:00,-7,06:00:00,05:49:00,-11,2025-06-07,81300,21600,5
2025,6,7,6,LAX,ELP,2025-06-07 11:20:00,11:22:00,2,14:20:00,14:12:00,-8,2025-06-07,40800,51600,5
2025,6,7,6,LAX,ELP,2025-06-07 14:30:00,14:30:00,0,17:31:00,17:27:00,-4,2025-06-07,52200,63060,5
2025,6,7,6,LAX,ELP,2025-06-07 19:47:00,19:47:00,0,22:47:00,22:40:00,-7,2025-06-07,71220,82020,5
2025,6,7,6,LAX,EUG,2025-06-07 20:59:00,20:58:00,-1,23:20:00,23:08:00,-12,2025-06-07,75540,84000,5
2025,6,7,6,LAX,EWR,2025-06-07 06:00:00,05:56:00,-4,14:34:00,14:14:00,-20,2025-06-07,21600,52440,5
2025,6,7,6,LAX,EWR,2025-06-07 07:00:00,06:48:00,-12,15:40:00,14:58:00,-42,2025-06-07,25200,56400,5
2025,6,7,6,LAX,EWR,2025-06-07 07:00:00,06:59:00,-1,15:34:00,15:31:00,-3,2025-06-07,25200,56040,5
2025,6,7,6,LAX,EWR,2025-06-07 07:54:00,08:11:00,17,16:29:00,16:18:00,-11,2025-06-07,28440,59340,5
2025,6,7,6,LAX,EWR,2025-06-07 10:15:00,10:14:00,-1,18:54:00,18:04:00,-50,2025-06-07,36900,68040,5
2025,6,7,6,LAX,EWR,2025-06-07 10:21:00,10:20:00,-1,19:00:00,18:24:00,-36,2025-06-07,37260,68400,5
2025,6,7,6,LAX,EWR,2025-06-07 11:45:00,11:41:00,-4,20:24:00,19:44:00,-40,2025-06-07,42300,73440,5
2025,6,7,6,LAX,EWR,2025-06-07 13:30:00,13:35:00,5,21:52:00,21:29:00,-23,2025-06-07,48600,78720,5
2025,6,7,6,LAX,EWR,2025-06-07 14:23:00,14:22:00,-1,22:49:00,22:26:00,-23,2025-06-07,51780,82140,5
2025,6,7,6,LAX,EWR,2025-06-07 20:55:00,21:40:00,45,05:08:00,05:33:00,25,2025-06-07,75300,18480,5
2025,6,7,6,LAX,EWR,2025-06-07 22:20:00,22:16:00,-4,06:48:00,06:16:00,-32,2025-06-07,80400,24480,5
2025,6,7,6,LAX,EWR,2025-06-07 22:43:00,22:43:00,0,06:59:00,06:52:00,-7,2025-06-07,81780,25140,5
2025,6,7,6,LAX,EWR,2025-06-07 23:59:00,00:03:00,4,08:12:00,08:13:00,1,2025-06-07,86340,29520,5
2025,6,7,6,LAX,FAT,2025-06-07 19:10:00,19:04:00,-6,20:24:00,20:20:00,-4,2025-06-07,69000,73440,5
2025,6,7,6,LAX,FAT,2025-06-07 22:38:00,22:28:00,-10,23:52:00,23:31:00,-21,2025-06-07,81480,85920,5
2025,6,7,6,LAX,FCA,2025-06-07 09:22:00,09:13:00,-9,13:21:00,13:17:00,-4,2025-06-07,33720,48060,5
2025,6,7,6,LAX,FLL,2025-06-07 08:30:00,08:25:00,-5,16:37:00,16:11:00,-26,2025-06-07,30600,59820,5
2025,6,7,6,LAX,FLL,2025-06-07 10:47:00,10:41:00,-6,18:59:00,18:24:00,-35,2025-06-07,38820,68340,5
2025,6,7,6,LAX,FLL,2025-06-07 13:53:00,13:43:00,-10,22:00:00,21:24:00,-36,2025-06-07,49980,79200,5
2025,6,7,6,LAX,FLL,2025-06-07 23:05:00,23:01:00,-4,06:55:00,06:43:00,-12,2025-06-07,83100,24900,5
2025,6,7,6,LAX,GEG,2025-06-07 11:16:00,11:24:00,8,13:56:00,13:50:00,-6,2025-06-07,40560,50160,5
2025,6,7,6,LAX,GEG,2025-06-07 19:05:00,18:54:00,-11,21:40:00,21:34:00,-6,2025-06-07,68700,78000,5
2025,6,7,6,LAX,GEG,2025-06-07 19:45:00,19:34:00,-11,22:22:00,22:02:00,-20,2025-06-07,71100,80520,5
2025,6,7,6,LAX,GRR,2025-06-07 16:21:00,16:41:00,20,23:27:00,23:32:00,5,2025-06-07,58860,84420,5
2025,6,7,6,LAX,HNL,2025-06-07 07:00:00,06:55:00,-5,09:40:00,09:35:00,-5,2025-06-07,25200,34800,5
2025,6,7,6,LAX,HNL,2025-06-07 07:05:00,06:56:00,-9,10:10:00,09:45:00,-25,2025-06-07,25500,36600,5
2025,6,7,6,LAX,HNL,2025-06-07 08:30:00,08:25:00,-5,11:21:00,11:01:00,-20,2025-06-07,30600,40860,5
2025,6,7,6,LAX,HNL,2025-06-07 08:35:00,08:29:00,-6,11:17:00,11:00:00,-17,2025-06-07,30900,40620,5
2025,6,7,6,LAX,HNL,2025-06-07 08:49:00,09:07:00,18,11:37:00,11:31:00,-6,2025-06-07,31740,41820,5
2025,6,7,6,LAX,HNL,2025-06-07 10:00:00,09:56:00,-4,12:40:00,12:23:00,-17,2025-06-07,36000,45600,5
2025,6,7,6,LAX,HNL,2025-06-07 11:15:00,11:12:00,-3,14:04:00,13:59:00,-5,2025-06-07,40500,50640,5
2025,6,7,6,LAX,HNL,2025-06-07 13:15:00,13:11:00,-4,16:01:00,15:57:00,-4,2025-06-07,47700,57660,5
2025,6,7,6,LAX,HNL,2025-06-07 13:45:00,13:47:00,2,16:32:00,16:27:00,-5,2025-06-07,49500,59520,5
2025,6,7,6,LAX,HNL,2025-06-07 14:44:00,15:10:00,26,17:28:00,18:05:00,37,2025-06-07,53040,62880,5
2025,6,7,6,LAX,HNL,2025-06-07 17:10:00,17:02:00,-8,19:44:00,19:43:00,-1,2025-06-07,61800,71040,5
2025,6,7,6,LAX,HNL,2025-06-07 17:55:00,17:52:00,-3,20:40:00,20:47:00,7,2025-06-07,64500,74400,5
2025,6,7,6,LAX,HNL,2025-06-07 18:25:00,18:38:00,13,21:15:00,21:24:00,9,2025-06-07,66300,76500,5
2025,6,7,6,LAX,HNL,2025-06-07 18:45:00,18:39:00,-6,21:28:00,21:15:00,-13,2025-06-07,67500,77280,5
2025,6,7,6,LAX,HNL,2025-06-07 19:13:00,19:15:00,2,21:55:00,22:09:00,14,2025-06-07,69180,78900,5
2025,6,7,6,LAX,HNL,2025-06-07 20:50:00,20:47:00,-3,23:29:00,00:01:00,32,2025-06-07,75000,84540,5
2025,6,7,6,LAX,HOU,2025-06-07 05:05:00,05:04:00,-1,10:30:00,10:13:00,-17,2025-06-07,18300,37800,5
2025,6,7,6,LAX,HOU,2025-06-07 13:20:00,13:40:00,20,18:45:00,18:41:00,-4,2025-06-07,48000,67500,5
2025,6,7,6,LAX,HOU,2025-06-07 23:50:00,23:44:00,-6,05:15:00,04:31:00,-44,2025-06-07,85800,18900,5
2025,6,7,6,LAX,IAD,2025-06-07 06:20:00,06:13:00,-7,14:23:00,14:04:00,-19,2025-06-07,22800,51780,5
2025,6,7,6,LAX,IAD,2025-06-07 08:00:00,07:54:00,-6,16:14:00,15:22:00,-52,2025-06-07,28800,58440,5
2025,6,7,6,LAX,IAD,2025-06-07 08:15:00,08:12:00,-3,16:21:00,15:56:00,-25,2025-06-07,29700,58860,5
2025,6,7,6,LAX,IAD,2025-06-07 11:15:00,11:17:00,2,19:20:00,19:14:00,-6,2025-06-07,40500,69600,5
2025,6,7,6,LAX,IAD,2025-06-07 12:45:00,12:39:00,-6,20:50:00,20:14:00,-36,2025-06-07,45900,75000,5
2025,6,7,6,LAX,IAD,2025-06-07 22:50:00,23:50:00,60,06:39:00,07:36:00,57,2025-06-07,82200,23940,5
2025,6,7,6,LAX,IAH,2025-06-07 00:56:00,00:48:00,-8,06:18:00,06:11:00,-7,2025-06-07,3360,22680,5
2025,6,7,6,LAX,IAH,2025-06-07 05:15:00,05:11:00,-4,10:42:00,10:21:00,-21,2025-06-07,18900,38520,5
2025,6,7,6,LAX,IAH,2025-06-07 07:15:00,07:09:00,-6,12:44:00,12:21:00,-23,2025-06-07,26100,45840,5
2025,6,7,6,LAX,IAH,2025-06-07 08:40:00,08:35:00,-5,14:09:00,13:36:00,-33,2025-06-07,31200,50940,5
2025,6,7,6,LAX,IAH,2025-06-07 09:20:00,09:06:00,-14,14:39:00,14:38:00,-1,2025-06-07,33600,52740,5
2025,6,7,6,LAX,IAH,2025-06-07 10:15:00,10:14:00,-1,15:40:00,15:22:00,-18,2025-06-07,36900,56400,5
2025,6,7,6,LAX,IAH,2025-06-07 11:33:00,11:28:00,-5,16:53:00,16:33:00,-20,2025-06-07,41580,60780,5
2025,6,7,6,LAX,IAH,2025-06-07 13:10:00,13:38:00,28,18:40:00,18:50:00,10,2025-06-07,47400,67200,5
2025,6,7,6,LAX,IAH,2025-06-07 13:58:00,13:49:00,-9,19:25:00,19:03:00,-22,2025-06-07,50280,69900,5
2025,6,7,6,LAX,IAH,2025-06-07 14:18:00,14:56:00,38,19:56:00,20:03:00,7,2025-06-07,51480,71760,5
2025,6,7,6,LAX,IAH,2025-06-07 18:10:00,18:03:00,-7,23:33:00,23:08:00,-25,2025-06-07,65400,84780,5
2025,6,7,6,LAX,IAH,2025-06-07 19:20:00,19:14:00,-6,00:43:00,00:17:00,-26,2025-06-07,69600,2580,5
2025,6,7,6,LAX,IND,2025-06-07 10:36:00,10:34:00,-2,17:47:00,17:22:00,-25,2025-06-07,38160,64020,5
2025,6,7,6,LAX,JAC,2025-06-07 10:30:00,10:22:00,-8,13:48:00,13:27:00,-21,2025-06-07,37800,49680,5
2025,6,7,6,LAX,JAC,2025-06-07 12:35:00,13:07:00,32,15:52:00,16:37:00,45,2025-06-07,45300,57120,5
2025,6,7,6,LAX,JFK,2025-06-07 06:00:00,05:53:00,-7,14:34:00,14:15:00,-19,2025-06-07,21600,52440,5
2025,6,7,6,LAX,JFK,2025-06-07 06:00:00,05:54:00,-6,14:30:00,14:34:00,4,2025-06-07,21600,52200,5
2025,6,7,6,LAX,JFK,2025-06-07 07:00:00,06:51:00,-9,15:35:00,15:08:00,-27,2025-06-07,25200,56100,5
2025,6,7,6,LAX,JFK,2025-06-07 07:00:00,06:57:00,-3,15:25:00,15:09:00,-16,2025-06-07,25200,55500,5
2025,6,7,6,LAX,JFK,2025-06-07 07:55:00,07:49:00,-6,16:32:00,16:12:00,-20,2025-06-07,28500,59520,5
2025,6,7,6,LAX,JFK,2025-06-07 08:19:00,08:19:00,0,16:58:00,16:44:00,-14,2025-06-07,29940,61080,5
2025,6,7,6,LAX,JFK,2025-06-07 10:21:00,10:22:00,1,18:59:00,19:25:00,26,2025-06-07,37260,68340,5
2025,6,7,6,LAX,JFK,2025-06-07 11:30:00,11:22:00,-8,20:06:00,20:14:00,8,2025-06-07,41400,72360,5
2025,6,7,6,LAX,JFK,2025-06-07 11:45:00,11:45:00,0,20:30:00,20:42:00,12,2025-06-07,42300,73800,5
2025,6,7,6,LAX,JFK,2025-06-07 12:25:00,12:21:00,-4,20:59:00,21:36:00,37,2025-06-07,44700,75540,5
2025,6,7,6,LAX,JFK,2025-06-07 13:20:00,13:45:00,25,22:05:00,22:13:00,8,2025-06-07,48000,79500,5
2025,6,7,6,LAX,JFK,2025-06-07 15:20:00,15:35:00,15,23:54:00,23:55:00,1,2025-06-07,55200,86040,5
2025,6,7,6,LAX,JFK,2025-06-07 16:20:00,16:15:00,-5,00:57:00,00:43:00,-14,2025-06-07,58800,3420,5
2025,6,7,6,LAX,JFK,2025-06-07 20:53:00,21:17:00,24,05:30:00,05:29:00,-1,2025-06-07,75180,19800,5
2025,6,7,6,LAX,JFK,2025-06-07 21:21:00,21:46:00,25,05:55:00,05:53:00,-2,2025-06-07,76860,21300,5
2025,6,7,6,LAX,JFK,2025-06-07 21:25:00,21:56:00,31,05:59:00,06:13:00,14,2025-06-07,77100,21540,5
2025,6,7,6,LAX,JFK,2025-06-07 22:52:00,23:04:00,12,07:32:00,07:28:00,-4,2025-06-07,82320,27120,5
2025,6,7,6,LAX,JFK,2025-06-07 23:55:00,23:46:00,-9,08:30:00,08:07:00,-23,2025-06-07,86100,30600,5
2025,6,7,6,LAX,JFK,2025-06-07 23:59:00,00:29:00,30,08:37:00,09:01:00,24,2025-06-07,86340,31020,5
2025,6,7,6,LAX,KOA,2025-06-07 07:25:00,07:27:00,2,10:05:00,10:04:00,-1,2025-06-07,26700,36300,5
2025,6,7,6,LAX,KOA,2025-06-07 09:03:00,08:53:00,-10,11:43:00,11:23:00,-20,2025-06-07,32580,42180,5
2025,6,7,6,LAX,KOA,2025-06-07 11:00:00,10:50:00,-10,13:35:00,13:23:00,-12,2025-06-07,39600,48900,5
2025,6,7,6,LAX,KOA,2025-06-07 11:19:00,11:17:00,-2,13:55:00,13:48:00,-7,2025-06-07,40740,50100,5
2025,6,7,6,LAX,KOA,2025-06-07 16:29:00,16:40:00,11,19:10:00,19:09:00,-1,2025-06-07,59340,69000,5
2025,6,7,6,LAX,KOA,2025-06-07 17:25:00,17:13:00,-12,20:03:00,19:55:00,-8,2025-06-07,62700,72180,5
2025,6,7,6,LAX,LAS,2025-06-07 05:25:00,05:26:00,1,06:40:00,06:36:00,-4,2025-06-07,19500,24000,5
2025,6,7,6,LAX,LAS,2025-06-07 07:30:00,07:18:00,-12,08:42:00,08:27:00,-15,2025-06-07,27000,31320,5
2025,6,7,6,LAX,LAS,2025-06-07 08:20:00,08:22:00,2,09:45:00,09:21:00,-24,2025-06-07,30000,35100,5
2025,6,7,6,LAX,LAS,2025-06-07 08:26:00,08:21:00,-5,09:51:00,09:37:00,-14,2025-06-07,30360,35460,5
2025,6,7,6,LAX,LAS,2025-06-07 10:19:00,10:17:00,-2,11:31:00,11:20:00,-11,2025-06-07,37140,41460,5
2025,6,7,6,LAX,LAS,2025-06-07 10:30:00,10:25:00,-5,11:47:00,11:30:00,-17,2025-06-07,37800,42420,5
2025,6,7,6,LAX,LAS,2025-06-07 11:37:00,11:39:00,2,12:52:00,12:48:00,-4,2025-06-07,41820,46320,5
2025,6,7,6,LAX,LAS,2025-06-07 13:30:00,13:38:00,8,14:52:00,14:44:00,-8,2025-06-07,48600,53520,5
2025,6,7,6,LAX,LAS,2025-06-07 14:10:00,14:16:00,6,15:30:00,15:10:00,-20,2025-06-07,51000,55800,5
2025,6,7,6,LAX,LAS,2025-06-07 15:13:00,15:12:00,-1,16:25:00,16:12:00,-13,2025-06-07,54780,59100,5
2025,6,7,6,LAX,LAS,2025-06-07 15:48:00,16:37:00,49,17:13:00,17:56:00,43,2025-06-07,56880,61980,5
2025,6,7,6,LAX,LAS,2025-06-07 16:10:00,16:09:00,-1,17:25:00,17:07:00,-18,2025-06-07,58200,62700,5
2025,6,7,6,LAX,LAS,2025-06-07 18:50:00,19:06:00,16,20:00:00,20:12:00,12,2025-06-07,67800,72000,5
2025,6,7,6,LAX,LAS,2025-06-07 18:52:00,18:45:00,-7,20:10:00,19:56:00,-14,2025-06-07,67920,72600,5
2025,6,7,6,LAX,LAS,2025-06-07 19:30:00,19:25:00,-5,20:52:00,20:29:00,-23,2025-06-07,70200,75120,5
2025,6,7,6,LAX,LAS,2025-06-07 19:48:00,20:34:00,46,21:00:00,21:39:00,39,2025-06-07,71280,75600,5
2025,6,7,6,LAX,LAS,2025-06-07 22:05:00,21:56:00,-9,23:25:00,23:01:00,-24,2025-06-07,79500,84300,5
2025,6,7,6,LAX,LAS,2025-06-07 23:05:00,23:25:00,20,00:27:00,00:32:00,5,2025-06-07,83100,1620,5
2025,6,7,6,LAX,LIH,2025-06-07 07:20:00,07:14:00,-6,10:20:00,10:00:00,-20,2025-06-07,26400,37200,5
2025,6,7,6,LAX,LIH,2025-06-07 08:42:00,08:38:00,-4,11:38:00,11:27:00,-11,2025-06-07,31320,41880,5
2025,6,7,6,LAX,LIH,2025-06-07 09:03:00,08:59:00,-4,12:04:00,11:54:00,-10,2025-06-07,32580,43440,5
2025,6,7,6,LAX,LIH,2025-06-07 15:00:00,15:00:00,0,17:49:00,17:53:00,4,2025-06-07,54000,64140,5
2025,6,7,6,LAX,LIH,2025-06-07 17:30:00,17:24:00,-6,20:25:00,20:12:00,-13,2025-06-07,63000,73500,5
2025,6,7,6,LAX,LIT,2025-06-07 15:42:00,15:39:00,-3,21:06:00,20:58:00,-8,2025-06-07,56520,75960,5
2025,6,7,6,LAX,MCI,2025-06-07 07:30:00,07:26:00,-4,12:45:00,12:35:00,-10,2025-06-07,27000,45900,5
2025,6,7,6,LAX,MCI,2025-06-07 15:01:00,14:53:00,-8,20:12:00,19:47:00,-25,2025-06-07,54060,72720,5
2025,6,7,6,LAX,MCI,2025-06-07 18:15:00,18:10:00,-5,23:24:00,23:21:00,-3,2025-06-07,65700,84240,5
2025,6,7,6,LAX,MCI,2025-06-07 18:25:00,19:00:00,35,23:40:00,00:00,20,2025-06-07,66300,85200,5
2025,6,7,6,LAX,MCO,2025-06-07 07:00:00,06:52:00,-8,14:49:00,14:31:00,-18,2025-06-07,25200,53340,5
2025,6,7,6,LAX,MCO,2025-06-07 07:00:00,06:54:00,-6,15:08:00,14:34:00,-34,2025-06-07,25200,54480,5
2025,6,7,6,LAX,MCO,2025-06-07 11:15:00,11:12:00,-3,19:10:00,18:54:00,-16,2025-06-07,40500,69000,5
2025,6,7,6,LAX,MCO,2025-06-07 11:20:00,11:23:00,3,19:14:00,18:57:00,-17,2025-06-07,40800,69240,5
2025,6,7,6,LAX,MCO,2025-06-07 14:01:00,14:39:00,38,22:14:00,22:21:00,7,2025-06-07,50460,80040,5
2025,6,7,6,LAX,MCO,2025-06-07 16:11:00,16:14:00,3,23:57:00,23:46:00,-11,2025-06-07,58260,86220,5
2025,6,7,6,LAX,MCO,2025-06-07 21:35:00,21:32:00,-3,05:36:00,05:09:00,-27,2025-06-07,77700,20160,5
2025,6,7,6,LAX,MCO,2025-06-07 22:00:00,21:58:00,-2,05:42:00,05:29:00,-13,2025-06-07,79200,20520,5
2025,6,7,6,LAX,MCO,2025-06-07 22:49:00,22:51:00,2,06:47:00,06:26:00,-21,2025-06-07,82140,24420,5
2025,6,7,6,LAX,MDW,2025-06-07 05:40:00,06:03:00,23,11:45:00,11:57:00,12,2025-06-07,20400,42300,5
2025,6,7,6,LAX,MDW,2025-06-07 11:55:00,12:10:00,15,17:55:00,17:44:00,-11,2025-06-07,42900,64500,5
2025,6,7,6,LAX,MDW,2025-06-07 16:40:00,17:05:00,25,22:45:00,22:37:00,-8,2025-06-07,60000,81900,5
2025,6,7,6,LAX,MDW,2025-06-07 22:55:00,22:51:00,-4,05:00:00,04:33:00,-27,2025-06-07,82500,18000,5
2025,6,7,6,LAX,MIA,2025-06-07 06:00:00,05:52:00,-8,14:13:00,13:28:00,-45,2025-06-07,21600,51180,5
2025,6,7,6,LAX,MIA,2025-06-07 07:45:00,07:42:00,-3,15:54:00,15:19:00,-35,2025-06-07,27900,57240,5
2025,6,7,6,LAX,MIA,2025-06-07 09:55:00,09:50:00,-5,17:55:00,17:25:00,-30,2025-06-07,35700,64500,5
2025,6,7,6,LAX,MIA,2025-06-07 10:05:00,10:07:00,2,18:16:00,17:55:00,-21,2025-06-07,36300,65760,5
2025,6,7,6,LAX,MIA,2025-06-07 15:00:00,15:03:00,3,23:10:00,22:45:00,-25,2025-06-07,54000,83400,5
2025,6,7,6,LAX,MIA,2025-06-07 21:40:00,21:42:00,2,05:50:00,05:19:00,-31,2025-06-07,78000,21000,5
2025,6,7,6,LAX,MIA,2025-06-07 22:49:00,22:44:00,-5,07:01:00,06:16:00,-45,2025-06-07,82140,25260,5
2025,6,7,6,LAX,MIA,2025-06-07 23:43:00,23:42:00,-1,07:50:00,07:25:00,-25,2025-06-07,85380,28200,5
2025,6,7,6,LAX,MRY,2025-06-07 08:20:00,08:16:00,-4,09:42:00,09:36:00,-6,2025-06-07,30000,34920,5
2025,6,7,6,LAX,MRY,2025-06-07 18:23:00,18:16:00,-7,19:37:00,19:24:00,-13,2025-06-07,66180,70620,5
2025,6,7,6,LAX,MSO,2025-06-07 11:31:00,11:38:00,7,15:10:00,15:07:00,-3,2025-06-07,41460,54600,5
2025,6,7,6,LAX,MSP,2025-06-07 00:50:00,01:12:00,22,06:33:00,06:39:00,6,2025-06-07,3000,23580,5
2025,6,7,6,LAX,MSP,2025-06-07 06:15:00,06:06:00,-9,11:53:00,11:46:00,-7,2025-06-07,22500,42780,5
2025,6,7,6,LAX,MSP,2025-06-07 08:35:00,08:34:00,-1,14:17:00,13:52:00,-25,2025-06-07,30900,51420,5
2025,6,7,6,LAX,MSP,2025-06-07 12:00:00,11:56:00,-4,17:40:00,17:16:00,-24,2025-06-07,43200,63600,5
2025,6,7,6,LAX,MSP,2025-06-07 13:17:00,13:18:00,1,18:55:00,18:51:00,-4,2025-06-07,47820,68100,5
2025,6,7,6,LAX,MSP,2025-06-07 18:40:00,18:53:00,13,00:14:00,00:15:00,1,2025-06-07,67200,840,5
2025,6,7,6,LAX,MSP,2025-06-07 23:59:00,23:51:00,-8,05:43:00,05:38:00,-5,2025-06-07,86340,20580,5
2025,6,7,6,LAX,MSY,2025-06-07 07:15:00,07:06:00,-9,12:52:00,12:52:00,0,2025-06-07,26100,46320,5
2025,6,7,6,LAX,MSY,2025-06-07 10:50:00,10:56:00,6,16:40:00,16:23:00,-17,2025-06-07,39000,60000,5
2025,6,7,6,LAX,MSY,2025-06-07 18:00:00,18:15:00,15,23:34:00,23:41:00,7,2025-06-07,64800,84840,5
2025,6,7,6,LAX,OAK,2025-06-07 05:35:00,05:27:00,-8,06:55:00,06:42:00,-13,2025-06-07,20100,24900,5
2025,6,7,6,LAX,OAK,2025-06-07 08:50:00,08:56:00,6,10:15:00,10:05:00,-10,2025-06-07,31800,36900,5
2025,6,7,6,LAX,OAK,2025-06-07 12:45:00,12:48:00,3,14:05:00,13:55:00,-10,2025-06-07,45900,50700,5
2025,6,7,6,LAX,OAK,2025-06-07 17:20:00,17:19:00,-1,18:45:00,18:26:00,-19,2025-06-07,62400,67500,5
2025,6,7,6,LAX,OAK,2025-06-07 20:40:00,20:40:00,0,22:05:00,21:46:00,-19,2025-06-07,74400,79500,5
2025,6,7,6,LAX,OGG,2025-06-07 07:45:00,07:40:00,-5,10:25:00,10:18:00,-7,2025-06-07,27900,37500,5
2025,6,7,6,LAX,OGG,2025-06-07 08:00:00,07:57:00,-3,10:35:00,10:37:00,2,2025-06-07,28800,38100,5
2025,6,7,6,LAX,OGG,2025-06-07 09:02:00,09:01:00,-1,11:47:00,11:33:00,-14,2025-06-07,32520,42420,5
2025,6,7,6,LAX,OGG,2025-06-07 09:08:00,09:06:00,-2,11:45:00,11:30:00,-15,2025-06-07,32880,42300,5
2025,6,7,6,LAX,OGG,2025-06-07 10:48:00,10:40:00,-8,13:27:00,13:22:00,-5,2025-06-07,38880,48420,5
2025,6,7,6,LAX,OGG,2025-06-07 16:50:00,17:05:00,15,19:25:00,19:42:00,17,2025-06-07,60600,69900,5
2025,6,7,6,LAX,OGG,2025-06-07 16:55:00,16:45:00,-10,19:34:00,19:29:00,-5,2025-06-07,60900,70440,5
2025,6,7,6,LAX,OGG,2025-06-07 17:54:00,17:51:00,-3,20:30:00,20:26:00,-4,2025-06-07,64440,73800,5
2025,6,7,6,LAX,OKC,2025-06-07 09:00:00,08:52:00,-8,14:00:00,13:34:00,-26,2025-06-07,32400,50400,5
2025,6,7,6,LAX,OKC,2025-06-07 17:32:00,17:58:00,26,22:30:00,22:36:00,6,2025-06-07,63120,81000,5
2025,6,7,6,LAX,OMA,2025-06-07 06:20:00,06:15:00,-5,11:32:00,11:19:00,-13,2025-06-07,22800,41520,5
2025,6,7,6,LAX,OMA,2025-06-07 12:36:00,12:27:00,-9,17:52:00,17:41:00,-11,2025-06-07,45360,64320,5
2025,6,7,6,LAX,ORD,2025-06-07 00:23:00,00:45:00,22,06:35:00,06:45:00,10,2025-06-07,1380,23700,5
2025,6,7,6,LAX,ORD,2025-06-07 00:32:00,00:37:00,5,06:38:00,06:33:00,-5,2025-06-07,1920,23880,5
2025,6,7,6,LAX,ORD,2025-06-07 00:41:00,00:38:00,-3,06:42:00,06:44:00,2,2025-06-07,2460,24120,5
2025,6,7,6,LAX,ORD,2025-06-07 05:30:00,05:25:00,-5,11:36:00,11:05:00,-31,2025-06-07,19800,41760,5
2025,6,7,6,LAX,ORD,2025-06-07 05:45:00,05:39:00,-6,11:57:00,11:35:00,-22,2025-06-07,20700,43020,5
2025,6,7,6,LAX,ORD,2025-06-07 06:05:00,05:58:00,-7,12:21:00,12:12:00,-9,2025-06-07,21900,44460,5
2025,6,7,6,LAX,ORD,2025-06-07 08:00:00,08:04:00,4,14:15:00,14:11:00,-4,2025-06-07,28800,51300,5
2025,6,7,6,LAX,ORD,2025-06-07 08:15:00,08:09:00,-6,14:39:00,14:42:00,3,2025-06-07,29700,52740,5
2025,6,7,6,LAX,ORD,2025-06-07 09:36:00,09:32:00,-4,15:44:00,15:29:00,-15,2025-06-07,34560,56640,5
2025,6,7,6,LAX,ORD,2025-06-07 10:40:00,10:40:00,0,16:56:00,16:45:00,-11,2025-06-07,38400,60960,5
2025,6,7,6,LAX,ORD,2025-06-07 14:01:00,13:54:00,-7,20:25:00,20:21:00,-4,2025-06-07,50460,73500,5
2025,6,7,6,LAX,ORD,2025-06-07 16:40:00,16:32:00,-8,23:04:00,22:33:00,-31,2025-06-07,60000,83040,5
2025,6,7,6,LAX,ORD,2025-06-07 22:40:00,22:34:00,-6,04:51:00,04:34:00,-17,2025-06-07,81600,17460,5
2025,6,7,6,LAX,ORD,2025-06-07 23:00:00,23:03:00,3,05:13:00,04:51:00,-22,2025-06-07,82800,18780,5
2025,6,7,6,LAX,ORD,2025-06-07 23:25:00,00:01:00,36,05:33:00,05:42:00,9,2025-06-07,84300,19980,5
2025,6,7,6,LAX,PDX,2025-06-07 07:00:00,06:53:00,-7,09:24:00,09:12:00,-12,2025-06-07,25200,33840,5
2025,6,7,6,LAX,PDX,2025-06-07 07:00:00,06:55:00,-5,09:28:00,09:21:00,-7,2025-06-07,25200,34080,5
2025,6,7,6,LAX,PDX,2025-06-07 09:25:00,09:12:00,-13,11:52:00,11:33:00,-19,2025-06-07,33900,42720,5
2025,6,7,6,LAX,PDX,2025-06-07 09:40:00,09:34:00,-6,12:04:00,11:45:00,-19,2025-06-07,34800,43440,5
2025,6,7,6,LAX,PDX,2025-06-07 13:43:00,13:30:00,-13,16:08:00,16:05:00,-3,2025-06-07,49380,58080,5
2025,6,7,6,LAX,PDX,2025-06-07 13:57:00,13:56:00,-1,16:24:00,16:14:00,-10,2025-06-07,50220,59040,5
2025,6,7,6,LAX,PDX,2025-06-07 16:00:00,15:51:00,-9,18:28:00,18:05:00,-23,2025-06-07,57600,66480,5
2025,6,7,6,LAX,PDX,2025-06-07 18:20:00,18:15:00,-5,20:48:00,20:25:00,-23,2025-06-07,66000,74880,5
2025,6,7,6,LAX,PDX,2025-06-07 20:06:00,20:05:00,-1,22:30:00,22:24:00,-6,2025-06-07,72360,81000,5
2025,6,7,6,LAX,PDX,2025-06-07 20:20:00,20:09:00,-11,22:41:00,22:43:00,2,2025-06-07,73200,81660,5
2025,6,7,6,LAX,PHL,2025-06-07 01:08:00,01:40:00,32,09:16:00,09:25:00,9,2025-06-07,4080,33360,5
2025,6,7,6,LAX,PHL,2025-06-07 06:45:00,07:05:00,20,14:54:00,14:50:00,-4,2025-06-07,24300,53640,5
2025,6,7,6,LAX,PHL,2025-06-07 07:45:00,07:49:00,4,15:56:00,15:44:00,-12,2025-06-07,27900,57360,5
2025,6,7,6,LAX,PHL,2025-06-07 09:00:00,08:55:00,-5,17:18:00,16:52:00,-26,2025-06-07,32400,62280,5
2025,6,7,6,LAX,PHL,2025-06-07 12:15:00,12:15:00,0,20:25:00,20:04:00,-21,2025-06-07,44100,73500,5
2025,6,7,6,LAX,PHL,2025-06-07 14:42:00,14:35:00,-7,22:54:00,22:27:00,-27,2025-06-07,52920,82440,5
2025,6,7,6,LAX,PHL,2025-06-07 16:30:00,16:23:00,-7,00:43:00,00:07:00,-36,2025-06-07,59400,2580,5
2025,6,7,6,LAX,PHL,2025-06-07 22:35:00,22:49:00,14,06:58:00,06:47:00,-11,2025-06-07,81300,25080,5
2025,6,7,6,LAX,PHL,2025-06-07 22:53:00,22:53:00,0,07:05:00,06:49:00,-16,2025-06-07,82380,25500,5
2025,6,7,6,LAX,PHX,2025-06-07 05:00:00,04:53:00,-7,06:30:00,06:05:00,-25,2025-06-07,18000,23400,5
2025,6,7,6,LAX,PHX,2025-06-07 06:10:00,06:01:00,-9,07:39:00,07:26:00,-13,2025-06-07,22200,27540,5
2025,6,7,6,LAX,PHX,2025-06-07 07:13:00,07:05:00,-8,08:34:00,08:38:00,4,2025-06-07,25980,30840,5
2025,6,7,6,LAX,PHX,2025-06-07 08:15:00,08:15:00,0,09:51:00,09:45:00,-6,2025-06-07,29700,35460,5
2025,6,7,6,LAX,PHX,2025-06-07 09:40:00,09:46:00,6,11:10:00,11:03:00,-7,2025-06-07,34800,40200,5
2025,6,7,6,LAX,PHX,2025-06-07 10:00:00,09:54:00,-6,11:27:00,11:14:00,-13,2025-06-07,36000,41220,5
2025,6,7,6,LAX,PHX,2025-06-07 10:15:00,10:11:00,-4,11:45:00,11:33:00,-12,2025-06-07,36900,42300,5
2025,6,7,6,LAX,PHX,2025-06-07 12:30:00,12:49:00,19,13:55:00,14:09:00,14,2025-06-07,45000,50100,5
2025,6,7,6,LAX,PHX,2025-06-07 13:25:00,13:30:00,5,14:50:00,14:47:00,-3,2025-06-07,48300,53400,5
2025,6,7,6,LAX,PHX,2025-06-07 14:28:00,14:30:00,2,16:07:00,16:01:00,-6,2025-06-07,52080,58020,5
2025,6,7,6,LAX,PHX,2025-06-07 14:30:00,14:24:00,-6,15:55:00,15:51:00,-4,2025-06-07,52200,57300,5
2025,6,7,6,LAX,PHX,2025-06-07 17:44:00,17:40:00,-4,19:09:00,19:03:00,-6,2025-06-07,63840,68940,5
2025,6,7,6,LAX,PHX,2025-06-07 19:10:00,19:02:00,-8,20:39:00,20:19:00,-20,2025-06-07,69000,74340,5
2025,6,7,6,LAX,PHX,2025-06-07 19:20:00,19:28:00,8,20:50:00,20:48:00,-2,2025-06-07,69600,75000,5
2025,6,7,6,LAX,PHX,2025-06-07 19:35:00,19:27:00,-8,21:03:00,21:00:00,-3,2025-06-07,70500,75780,5
2025,6,7,6,LAX,PHX,2025-06-07 20:55:00,20:59:00,4,22:25:00,22:17:00,-8,2025-06-07,75300,80700,5
2025,6,7,6,LAX,PHX,2025-06-07 21:30:00,21:21:00,-9,22:57:00,22:39:00,-18,2025-06-07,77400,82620,5
2025,6,7,6,LAX,PHX,2025-06-07 22:35:00,22:27:00,-8,00:13:00,23:59:00,-14,2025-06-07,81300,780,5
2025,6,7,6,LAX,PIT,2025-06-07 09:15:00,09:08:00,-7,17:00:00,16:26:00,-34,2025-06-07,33300,61200,5
2025,6,7,6,LAX,PSC,2025-06-07 20:22:00,20:20:00,-2,22:57:00,22:43:00,-14,2025-06-07,73320,82620,5
2025,6,7,6,LAX,RDD,2025-06-07 12:57:00,12:53:00,-4,14:46:00,14:44:00,-2,2025-06-07,46620,53160,5
2025,6,7,6,LAX,RDM,2025-06-07 12:45:00,12:43:00,-2,15:03:00,14:39:00,-24,2025-06-07,45900,54180,5
2025,6,7,6,LAX,RDU,2025-06-07 11:50:00,11:46:00,-4,19:40:00,19:16:00,-24,2025-06-07,42600,70800,5
2025,6,7,6,LAX,RDU,2025-06-07 22:20:00,22:15:00,-5,06:18:00,05:37:00,-41,2025-06-07,80400,22680,5
2025,6,7,6,LAX,RNO,2025-06-07 09:59:00,09:51:00,-8,11:28:00,11:03:00,-25,2025-06-07,35940,41280,5
2025,6,7,6,LAX,RNO,2025-06-07 15:04:00,14:59:00,-5,16:32:00,16:11:00,-21,2025-06-07,54240,59520,5
2025,6,7,6,LAX,RNO,2025-06-07 17:20:00,17:25:00,5,18:54:00,18:57:00,3,2025-06-07,62400,68040,5
2025,6,7,6,LAX,RNO,2025-06-07 20:15:00,20:06:00,-9,21:49:00,21:29:00,-20,2025-06-07,72900,78540,5
2025,6,7,6,LAX,RNO,2025-06-07 20:55:00,20:50:00,-5,22:21:00,22:13:00,-8,2025-06-07,75300,80460,5
2025,6,7,6,LAX,RNO,2025-06-07 21:10:00,21:17:00,7,22:40:00,22:27:00,-13,2025-06-07,76200,81600,5
2025,6,7,6,LAX,RNO,2025-06-07 21:59:00,21:48:00,-11,23:32:00,23:10:00,-22,2025-06-07,79140,84720,5
2025,6,7,6,LAX,SAN,2025-06-07 08:25:00,08:33:00,8,09:21:00,09:24:00,3,2025-06-07,30300,33660,5
2025,6,7,6,LAX,SAN,2025-06-07 09:20:00,09:18:00,-2,10:24:00,10:04:00,-20,2025-06-07,33600,37440,5
2025,6,7,6,LAX,SAN,2025-06-07 14:06:00,14:50:00,44,14:57:00,15:33:00,36,2025-06-07,50760,53820,5
2025,6,7,6,LAX,SAN,2025-06-07 17:59:00,17:51:00,-8,18:51:00,18:41:00,-10,2025-06-07,64740,67860,5
2025,6,7,6,LAX,SAN,2025-06-07 18:52:00,18:49:00,-3,19:53:00,19:39:00,-14,2025-06-07,67920,71580,5
2025,6,7,6,LAX,SAN,2025-06-07 22:17:00,22:08:00,-9,23:11:00,22:52:00,-19,2025-06-07,80220,83460,5
2025,6,7,6,LAX,SAN,2025-06-07 22:45:00,22:44:00,-1,23:46:00,23:45:00,-1,2025-06-07,81900,85560,5
2025,6,7,6,LAX,SAT,2025-06-07 08:50:00,08:44:00,-6,13:45:00,13:32:00,-13,2025-06-07,31800,49500,5
2025,6,7,6,LAX,SAT,2025-06-07 08:54:00,08:43:00,-11,13:42:00,13:19:00,-23,2025-06-07,32040,49320,5
2025,6,7,6,LAX,SAT,2025-06-07 09:12:00,09:33:00,21,14:19:00,14:24:00,5,2025-06-07,33120,51540,5
2025,6,7,6,LAX,SAT,2025-06-07 17:00:00,16:49:00,-11,21:58:00,21:30:00,-28,2025-06-07,61200,79080,5
2025,6,7,6,LAX,SAT,2025-06-07 18:10:00,18:16:00,6,23:05:00,22:55:00,-10,2025-06-07,65400,83100,5
2025,6,7,6,LAX,SAT,2025-06-07 18:57:00,18:48:00,-9,23:42:00,23:23:00,-19,2025-06-07,68220,85320,5
2025,6,7,6,LAX,SBA,2025-06-07 15:20:00,15:15:00,-5,16:12:00,15:56:00,-16,2025-06-07,55200,58320,5
2025,6,7,6,LAX,SBA,2025-06-07 23:00:00,22:57:00,-3,23:58:00,23:54:00,-4,2025-06-07,82800,86280,5
2025,6,7,6,LAX,SBP,2025-06-07 15:00:00,14:49:00,-11,16:01:00,15:43:00,-18,2025-06-07,54000,57660,5
2025,6,7,6,LAX,SBP,2025-06-07 22:32:00,22:28:00,-4,23:36:00,23:24:00,-12,2025-06-07,81120,84960,5
2025,6,7,6,LAX,SDF,2025-06-07 07:30:00,07:27:00,-3,14:40:00,14:17:00,-23,2025-06-07,27000,52800,5
2025,6,7,6,LAX,SEA,2025-06-07 07:00:00,06:51:00,-9,09:55:00,09:41:00,-14,2025-06-07,25200,35700,5
2025,6,7,6,LAX,SEA,2025-06-07 08:00:00,08:01:00,1,10:58:00,10:53:00,-5,2025-06-07,28800,39480,5
2025,6,7,6,LAX,SEA,2025-06-07 08:38:00,08:38:00,0,11:33:00,11:20:00,-13,2025-06-07,31080,41580,5
2025,6,7,6,LAX,SEA,2025-06-07 09:35:00,09:31:00,-4,12:33:00,12:00:00,-33,2025-06-07,34500,45180,5
2025,6,7,6,LAX,SEA,2025-06-07 11:15:00,11:44:00,29,14:09:00,14:27:00,18,2025-06-07,40500,50940,5
2025,6,7,6,LAX,SEA,2025-06-07 11:30:00,11:37:00,7,14:31:00,14:04:00,-27,2025-06-07,41400,52260,5
2025,6,7,6,LAX,SEA,2025-06-07 11:50:00,11:50:00,0,14:38:00,14:24:00,-14,2025-06-07,42600,52680,5
2025,6,7,6,LAX,SEA,2025-06-07 11:55:00,12:16:00,21,14:50:00,14:52:00,2,2025-06-07,42900,53400,5
2025,6,7,6,LAX,SEA,2025-06-07 13:51:00,13:45:00,-6,16:45:00,16:16:00,-29,2025-06-07,49860,60300,5
2025,6,7,6,LAX,SEA,2025-06-07 15:05:00,15:07:00,2,17:56:00,17:48:00,-8,2025-06-07,54300,64560,5
2025,6,7,6,LAX,SEA,2025-06-07 16:08:00,16:41:00,33,18:59:00,19:12:00,13,2025-06-07,58080,68340,5
2025,6,7,6,LAX,SEA,2025-06-07 17:45:00,17:37:00,-8,20:35:00,20:22:00,-13,2025-06-07,63900,74100,5
2025,6,7,6,LAX,SEA,2025-06-07 17:55:00,17:45:00,-10,20:49:00,20:13:00,-36,2025-06-07,64500,74940,5
2025,6,7,6,LAX,SEA,2025-06-07 18:45:00,18:37:00,-8,21:36:00,21:27:00,-9,2025-06-07,67500,77760,5
2025,6,7,6,LAX,SEA,2025-06-07 18:50:00,19:00:00,10,21:45:00,21:59:00,14,2025-06-07,67800,78300,5
2025,6,7,6,LAX,SEA,2025-06-07 19:07:00,19:00:00,-7,21:58:00,21:36:00,-22,2025-06-07,68820,79080,5
2025,6,7,6,LAX,SEA,2025-06-07 19:55:00,19:46:00,-9,22:51:00,22:29:00,-22,2025-06-07,71700,82260,5
2025,6,7,6,LAX,SEA,2025-06-07 19:55:00,19:53:00,-2,22:47:00,23:02:00,15,2025-06-07,71700,82020,5
2025,6,7,6,LAX,SEA,2025-06-07 21:10:00,20:59:00,-11,23:59:00,00:00,1,2025-06-07,76200,86340,5
2025,6,7,6,LAX,SFO,2025-06-07 05:20:00,05:16:00,-4,06:40:00,06:28:00,-12,2025-06-07,19200,24000,5
2025,6,7,6,LAX,SFO,2025-06-07 06:00:00,05:58:00,-2,07:38:00,07:14:00,-24,2025-06-07,21600,27480,5
2025,6,7,6,LAX,SFO,2025-06-07 06:30:00,06:20:00,-10,07:53:00,07:33:00,-20,2025-06-07,23400,28380,5
2025,6,7,6,LAX,SFO,2025-06-07 07:00:00,06:51:00,-9,08:36:00,08:17:00,-19,2025-06-07,25200,30960,5
2025,6,7,6,LAX,SFO,2025-06-07 08:05:00,07:59:00,-6,09:49:00,09:20:00,-29,2025-06-07,29100,35340,5
2025,6,7,6,LAX,SFO,2025-06-07 08:37:00,08:31:00,-6,10:07:00,10:16:00,9,2025-06-07,31020,36420,5
2025,6,7,6,LAX,SFO,2025-06-07 09:10:00,09:01:00,-9,10:45:00,10:35:00,-10,2025-06-07,33000,38700,5
2025,6,7,6,LAX,SFO,2025-06-07 09:27:00,09:28:00,1,10:58:00,10:46:00,-12,2025-06-07,34020,39480,5
2025,6,7,6,LAX,SFO,2025-06-07 09:45:00,10:03:00,18,11:10:00,11:45:00,35,2025-06-07,35100,40200,5
2025,6,7,6,LAX,SFO,2025-06-07 10:15:00,10:13:00,-2,11:45:00,12:00:00,15,2025-06-07,36900,42300,5
2025,6,7,6,LAX,SFO,2025-06-07 10:26:00,10:19:00,-7,12:03:00,11:56:00,-7,2025-06-07,37560,43380,5
2025,6,7,6,LAX,SFO,2025-06-07 12:20:00,12:11:00,-9,13:43:00,13:28:00,-15,2025-06-07,44400,49380,5
2025,6,7,6,LAX,SFO,2025-06-07 13:39:00,14:36:00,57,15:07:00,15:52:00,45,2025-06-07,49140,54420,5
2025,6,7,6,LAX,SFO,2025-06-07 13:53:00,14:28:00,35,15:16:00,15:33:00,17,2025-06-07,49980,54960,5
2025,6,7,6,LAX,SFO,2025-06-07 14:22:00,14:15:00,-7,15:48:00,15:32:00,-16,2025-06-07,51720,56880,5
2025,6,7,6,LAX,SFO,2025-06-07 16:00:00,15:55:00,-5,17:28:00,17:07:00,-21,2025-06-07,57600,62880,5
2025,6,7,6,LAX,SFO,2025-06-07 16:10:00,16:11:00,1,17:39:00,17:38:00,-1,2025-06-07,58200,63540,5
2025,6,7,6,LAX,SFO,2025-06-07 16:25:00,16:16:00,-9,17:48:00,17:24:00,-24,2025-06-07,59100,64080,5
2025,6,7,6,LAX,SFO,2025-06-07 16:40:00,16:41:00,1,18:00:00,17:44:00,-16,2025-06-07,60000,64800,5
2025,6,7,6,LAX,SFO,2025-06-07 17:10:00,17:03:00,-7,18:40:00,18:23:00,-17,2025-06-07,61800,67200,5
2025,6,7,6,LAX,SFO,2025-06-07 18:31:00,18:27:00,-4,19:58:00,19:35:00,-23,2025-06-07,66660,71880,5
2025,6,7,6,LAX,SFO,2025-06-07 19:35:00,19:28:00,-7,20:58:00,20:52:00,-6,2025-06-07,70500,75480,5
2025,6,7,6,LAX,SFO,2025-06-07 19:35:00,19:34:00,-1,21:07:00,21:26:00,19,2025-06-07,70500,76020,5
2025,6,7,6,LAX,SFO,2025-06-07 19:55:00,19:44:00,-11,21:18:00,20:53:00,-25,2025-06-07,71700,76680,5
2025,6,7,6,LAX,SFO,2025-06-07 19:55:00,19:54:00,-1,21:25:00,21:04:00,-21,2025-06-07,71700,77100,5
2025,6,7,6,LAX,SFO,2025-06-07 20:55:00,20:48:00,-7,22:21:00,22:40:00,19,2025-06-07,75300,80460,5
2025,6,7,6,LAX,SFO,2025-06-07 22:25:00,22:18:00,-7,23:52:00,23:29:00,-23,2025-06-07,80700,85920,5
2025,6,7,6,LAX,SGU,2025-06-07 13:15:00,13:42:00,27,15:47:00,16:04:00,17,2025-06-07,47700,56820,5
2025,6,7,6,LAX,SJC,2025-06-07 05:55:00,05:49:00,-6,07:10:00,07:01:00,-9,2025-06-07,21300,25800,5
2025,6,7,6,LAX,SJC,2025-06-07 06:55:00,06:46:00,-9,08:10:00,08:01:00,-9,2025-06-07,24900,29400,5
2025,6,7,6,LAX,SJC,2025-06-07 09:14:00,09:08:00,-6,10:33:00,10:21:00,-12,2025-06-07,33240,37980,5
2025,6,7,6,LAX,SJC,2025-06-07 11:39:00,11:29:00,-10,12:57:00,12:33:00,-24,2025-06-07,41940,46620,5
2025,6,7,6,LAX,SJC,2025-06-07 11:45:00,11:44:00,-1,13:00:00,12:40:00,-20,2025-06-07,42300,46800,5
2025,6,7,6,LAX,SJC,2025-06-07 14:05:00,14:24:00,19,15:20:00,15:25:00,5,2025-06-07,50700,55200,5
2025,6,7,6,LAX,SJC,2025-06-07 14:06:00,13:56:00,-10,15:20:00,15:07:00,-13,2025-06-07,50760,55200,5
2025,6,7,6,LAX,SJC,2025-06-07 16:28:00,16:16:00,-12,17:45:00,17:21:00,-24,2025-06-07,59280,63900,5
2025,6,7,6,LAX,SJC,2025-06-07 17:16:00,17:12:00,-4,18:34:00,18:25:00,-9,2025-06-07,62160,66840,5
2025,6,7,6,LAX,SJC,2025-06-07 18:10:00,18:07:00,-3,19:25:00,19:05:00,-20,2025-06-07,65400,69900,5
2025,6,7,6,LAX,SJC,2025-06-07 19:30:00,19:40:00,10,20:45:00,20:37:00,-8,2025-06-07,70200,74700,5
2025,6,7,6,LAX,SLC,2025-06-07 06:00:00,06:12:00,12,08:55:00,09:12:00,17,2025-06-07,21600,32100,5
2025,6,7,6,LAX,SLC,2025-06-07 07:00:00,06:53:00,-7,09:55:00,09:40:00,-15,2025-06-07,25200,35700,5
2025,6,7,6,LAX,SLC,2025-06-07 08:25:00,08:18:00,-7,11:26:00,11:25:00,-1,2025-06-07,30300,41160,5
2025,6,7,6,LAX,SLC,2025-06-07 09:15:00,09:31:00,16,12:11:00,12:09:00,-2,2025-06-07,33300,43860,5
2025,6,7,6,LAX,SLC,2025-06-07 10:20:00,10:24:00,4,13:10:00,13:09:00,-1,2025-06-07,37200,47400,5
2025,6,7,6,LAX,SLC,2025-06-07 11:35:00,11:32:00,-3,14:28:00,14:13:00,-15,2025-06-07,41700,52080,5
2025,6,7,6,LAX,SLC,2025-06-07 13:28:00,13:22:00,-6,16:23:00,16:04:00,-19,2025-06-07,48480,58980,5
2025,6,7,6,LAX,SLC,2025-06-07 18:45:00,18:45:00,0,21:39:00,21:33:00,-6,2025-06-07,67500,77940,5
2025,6,7,6,LAX,SMF,2025-06-07 05:30:00,05:20:00,-10,06:55:00,06:45:00,-10,2025-06-07,19800,24900,5
2025,6,7,6,LAX,SMF,2025-06-07 07:58:00,07:50:00,-8,09:24:00,09:11:00,-13,2025-06-07,28680,33840,5
2025,6,7,6,LAX,SMF,2025-06-07 09:46:00,09:39:00,-7,11:23:00,11:01:00,-22,2025-06-07,35160,40980,5
2025,6,7,6,LAX,SMF,2025-06-07 10:13:00,10:03:00,-10,11:45:00,11:24:00,-21,2025-06-07,36780,42300,5
2025,6,7,6,LAX,SMF,2025-06-07 11:50:00,11:54:00,4,13:15:00,13:10:00,-5,2025-06-07,42600,47700,5
2025,6,7,6,LAX,SMF,2025-06-07 13:25:00,13:18:00,-7,14:57:00,14:43:00,-14,2025-06-07,48300,53820,5
2025,6,7,6,LAX,SMF,2025-06-07 15:57:00,15:52:00,-5,17:26:00,17:13:00,-13,2025-06-07,57420,62760,5
2025,6,7,6,LAX,SMF,2025-06-07 16:30:00,16:36:00,6,18:01:00,17:57:00,-4,2025-06-07,59400,64860,5
2025,6,7,6,LAX,SMF,2025-06-07 17:05:00,17:05:00,0,18:37:00,18:33:00,-4,2025-06-07,61500,67020,5
2025,6,7,6,LAX,SMF,2025-06-07 18:10:00,18:03:00,-7,19:34:00,19:19:00,-15,2025-06-07,65400,70440,5
2025,6,7,6,LAX,SMF,2025-06-07 19:22:00,19:14:00,-8,21:01:00,20:31:00,-30,2025-06-07,69720,75660,5
2025,6,7,6,LAX,SMF,2025-06-07 20:35:00,20:31:00,-4,22:00:00,21:44:00,-16,2025-06-07,74100,79200,5
2025,6,7,6,LAX,SMF,2025-06-07 20:56:00,20:51:00,-5,22:28:00,22:13:00,-15,2025-06-07,75360,80880,5
2025,6,7,6,LAX,STL,2025-06-07 08:40:00,08:45:00,5,14:25:00,14:00:00,-25,2025-06-07,31200,51900,5
2025,6,7,6,LAX,STL,2025-06-07 17:33:00,17:24:00,-9,22:59:00,22:48:00,-11,2025-06-07,63180,82740,5
2025,6,7,6,LAX,STL,2025-06-07 18:05:00,18:20:00,15,23:45:00,23:36:00,-9,2025-06-07,65100,85500,5
2025,6,7,6,LAX,STS,2025-06-07 09:25:00,09:15:00,-10,11:06:00,11:00:00,-6,2025-06-07,33900,39960,5
2025,6,7,6,LAX,STS,2025-06-07 21:56:00,21:48:00,-8,23:30:00,23:07:00,-23,2025-06-07,78960,84600,5
2025,6,7,6,LAX,TPA,2025-06-07 10:25:00,10:17:00,-8,18:06:00,17:44:00,-22,2025-06-07,37500,65160,5
2025,6,7,6,LAX,TPA,2025-06-07 23:59:00,23:50:00,-9,07:56:00,07:27:00,-29,2025-06-07,86340,28560,5
2025,6,7,6,LAX,TUL,2025-06-07 09:30:00,09:26:00,-4,14:40:00,14:12:00,-28,2025-06-07,34200,52800,5
2025,6,7,6,LAX,TUS,2025-06-07 08:22:00,08:10:00,-12,10:03:00,09:30:00,-33,2025-06-07,30120,36180,5
2025,6,7,6,LAX,TUS,2025-06-07 09:35:00,09:28:00,-7,11:06:00,10:49:00,-17,2025-06-07,34500,39960,5
2025,6,7,6,LAX,TUS,2025-06-07 14:18:00,14:13:00,-5,15:49:00,15:35:00,-14,2025-06-07,51480,56940,5
2025,6,7,6,LAX,TUS,2025-06-07 18:18:00,18:16:00,-2,19:49:00,19:47:00,-2,2025-06-07,65880,71340,5
2025,6,7,6,LAX,TUS,2025-06-07 18:59:00,18:54:00,-5,20:31:00,20:37:00,6,2025-06-07,68340,73860,5
2025,6,7,6,LAX,TUS,2025-06-07 19:55:00,19:47:00,-8,21:35:00,21:06:00,-29,2025-06-07,71700,77700,5
2025,6,7,6,LAX,XNA,2025-06-07 09:14:00,09:03:00,-11,14:38:00,14:31:00,-7,2025-06-07,33240,52680,5
2025,6,7,6,LAX,XNA,2025-06-07 14:42:00,14:33:00,-9,19:52:00,19:30:00,-22,2025-06-07,52920,71520,5
2025,6,8,7,LAX,ABQ,2025-06-08 08:00:00,07:56:00,-4,11:08:00,11:00:00,-8,2025-06-08,28800,40080,6
2025,6,8,7,LAX,ABQ,2025-06-08 08:55:00,08:47:00,-8,11:58:00,11:33:00,-25,2025-06-08,32100,43080,6
2025,6,8,7,LAX,ABQ,2025-06-08 14:40:00,15:02:00,22,17:35:00,17:39:00,4,2025-06-08,52800,63300,6
2025,6,8,7,LAX,ABQ,2025-06-08 14:59:00,14:55:00,-4,18:02:00,18:22:00,20,2025-06-08,53940,64920,6
2025,6,8,7,LAX,ABQ,2025-06-08 19:58:00,20:06:00,8,22:58:00,22:58:00,0,2025-06-08,71880,82680,6
2025,6,8,7,LAX,ACV,2025-06-08 13:15:00,13:08:00,-7,15:13:00,15:06:00,-7,2025-06-08,47700,54780,6
2025,6,8,7,LAX,ANC,2025-06-08 19:45:00,19:58:00,13,00:20:00,00:15:00,-5,2025-06-08,71100,1200,6
2025,6,8,7,LAX,ASE,2025-06-08 10:40:00,10:35:00,-5,13:56:00,13:45:00,-11,2025-06-08,38400,50160,6
2025,6,8,7,LAX,ASE,2025-06-08 12:54:00,12:42:00,-12,16:05:00,16:42:00,37,2025-06-08,46440,57900,6
2025,6,8,7,LAX,ATL,2025-06-08 06:20:00,06:15:00,-5,13:42:00,13:17:00,-25,2025-06-08,22800,49320,6
2025,6,8,7,LAX,ATL,2025-06-08 07:35:00,07:36:00,1,14:48:00,14:30:00,-18,2025-06-08,27300,53280,6
2025,6,8,7,LAX,ATL,2025-06-08 08:45:00,08:37:00,-8,16:07:00,15:37:00,-30,2025-06-08,31500,58020,6
2025,6,8,7,LAX,ATL,2025-06-08 09:53:00,09:56:00,3,17:19:00,16:59:00,-20,2025-06-08,35580,62340,6
2025,6,8,7,LAX,ATL,2025-06-08 12:15:00,12:23:00,8,19:30:00,19:22:00,-8,2025-06-08,44100,70200,6
2025,6,8,7,LAX,ATL,2025-06-08 12:37:00,13:11:00,34,19:59:00,20:27:00,28,2025-06-08,45420,71940,6
2025,6,8,7,LAX,ATL,2025-06-08 13:15:00,13:07:00,-8,20:46:00,20:14:00,-32,2025-06-08,47700,74760,6
2025,6,8,7,LAX,ATL,2025-06-08 14:30:00,14:30:00,0,21:50:00,21:28:00,-22,2025-06-08,52200,78600,6
2025,6,8,7,LAX,ATL,2025-06-08 17:35:00,17:59:00,24,00:54:00,01:12:00,18,2025-06-08,63300,3240,6
2025,6,8,7,LAX,ATL,2025-06-08 21:21:00,21:46:00,25,05:00:00,05:02:00,2,2025-06-08,76860,18000,6
2025,6,8,7,LAX,ATL,2025-06-08 21:45:00,22:02:00,17,05:00:00,05:07:00,7,2025-06-08,78300,18000,6
2025,6,8,7,LAX,ATL,2025-06-08 22:45:00,22:42:00,-3,06:00:00,05:39:00,-21,2025-06-08,81900,21600,6
2025,6,8,7,LAX,ATL,2025-06-08 23:10:00,23:04:00,-6,06:33:00,06:06:00,-27,2025-06-08,83400,23580,6
2025,6,8,7,LAX,ATL,2025-06-08 23:45:00,23:40:00,-5,07:06:00,06:32:00,-34,2025-06-08,85500,25560,6
2025,6,8,7,LAX,AUS,2025-06-08 05:10:00,05:04:00,-6,10:10:00,09:46:00,-24,2025-06-08,18600,36600,6
2025,6,8,7,LAX,AUS,2025-06-08 06:15:00,06:09:00,-6,11:17:00,10:49:00,-28,2025-06-08,22500,40620,6
2025,6,8,7,LAX,AUS,2025-06-08 07:45:00,07:37:00,-8,12:46:00,12:21:00,-25,2025-06-08,27900,45960,6
2025,6,8,7,LAX,AUS,2025-06-08 07:46:00,07:38:00,-8,12:44:00,12:18:00,-26,2025-06-08,27960,45840,6
2025,6,8,7,LAX,AUS,2025-06-08 09:25:00,09:21:00,-4,14:51:00,14:20:00,-31,2025-06-08,33900,53460,6
2025,6,8,7,LAX,AUS,2025-06-08 10:35:00,10:31:00,-4,15:45:00,16:01:00,16,2025-06-08,38100,56700,6
2025,6,8,7,LAX,AUS,2025-06-08 10:40:00,10:40:00,0,15:45:00,15:26:00,-19,2025-06-08,38400,56700,6
2025,6,8,7,LAX,AUS,2025-06-08 16:14:00,17:03:00,49,21:14:00,21:45:00,31,2025-06-08,58440,76440,6
2025,6,8,7,LAX,AUS,2025-06-08 16:20:00,16:12:00,-8,21:21:00,20:52:00,-29,2025-06-08,58800,76860,6
2025,6,8,7,LAX,AUS,2025-06-08 18:35:00,18:28:00,-7,23:38:00,23:04:00,-34,2025-06-08,66900,85080,6
2025,6,8,7,LAX,AUS,2025-06-08 18:50:00,18:47:00,-3,23:50:00,23:30:00,-20,2025-06-08,67800,85800,6
2025,6,8,7,LAX,AUS,2025-06-08 18:52:00,18:53:00,1,00:10:00,23:49:00,-21,2025-06-08,67920,600,6
2025,6,8,7,LAX,AUS,2025-06-08 19:30:00,20:18:00,48,00:35:00,01:24:00,49,2025-06-08,70200,2100,6
2025,6,8,7,LAX,BLI,2025-06-08 18:50:00,18:51:00,1,21:32:00,21:31:00,-1,2025-06-08,67800,77520,6
2025,6,8,7,LAX,BNA,2025-06-08 07:00:00,06:59:00,-1,12:57:00,12:34:00,-23,2025-06-08,25200,46620,6
2025,6,8,7,LAX,BNA,2025-06-08 07:50:00,08:09:00,19,13:55:00,13:52:00,-3,2025-06-08,28200,50100,6
2025,6,8,7,LAX,BNA,2025-06-08 10:36:00,10:31:00,-5,16:45:00,16:19:00,-26,2025-06-08,38160,60300,6
2025,6,8,7,LAX,BNA,2025-06-08 18:39:00,18:49:00,10,00:37:00,00:34:00,-3,2025-06-08,67140,2220,6
2025,6,8,7,LAX,BNA,2025-06-08 22:50:00,22:55:00,5,05:00:00,04:28:00,-32,2025-06-08,82200,18000,6
2025,6,8,7,LAX,BOI,2025-06-08 11:57:00,12:11:00,14,15:03:00,15:00:00,-3,2025-06-08,43020,54180,6
2025,6,8,7,LAX,BOI,2025-06-08 12:45:00,12:38:00,-7,15:59:00,15:44:00,-15,2025-06-08,45900,57540,6
2025,6,8,7,LAX,BOI,2025-06-08 19:59:00,20:02:00,3,23:01:00,22:51:00,-10,2025-06-08,71940,82860,6
2025,6,8,7,LAX,BOS,2025-06-08 06:00:00,05:50:00,-10,14:39:00,14:15:00,-24,2025-06-08,21600,52740,6
2025,6,8,7,LAX,BOS,2025-06-08 06:40:00,06:33:00,-7,15:15:00,15:16:00,1,2025-06-08,24000,54900,6
2025,6,8,7,LAX,BOS,2025-06-08 07:50:00,07:48:00,-2,16:32:00,16:09:00,-23,2025-06-08,28200,59520,6
2025,6,8,7,LAX,BOS,2025-06-08 08:35:00,08:29:00,-6,17:18:00,17:11:00,-7,2025-06-08,30900,62280,6
2025,6,8,7,LAX,BOS,2025-06-08 15:25:00,16:12:00,47,23:55:00,00:34:00,39,2025-06-08,55500,86100,6
2025,6,8,7,LAX,BOS,2025-06-08 21:02:00,21:00:00,-2,05:32:00,05:16:00,-16,2025-06-08,75720,19920,6
2025,6,8,7,LAX,BOS,2025-06-08 22:13:00,22:22:00,9,06:44:00,06:41:00,-3,2025-06-08,79980,24240,6
2025,6,8,7,LAX,BOS,2025-06-08 22:34:00,22:28:00,-6,07:15:00,06:36:00,-39,2025-06-08,81240,26100,6
2025,6,8,7,LAX,BOS,2025-06-08 22:35:00,22:30:00,-5,07:13:00,06:53:00,-20,2025-06-08,81300,25980,6
2025,6,8,7,LAX,BUF,2025-06-08 14:10:00,14:08:00,-2,22:00:00,21:41:00,-19,2025-06-08,51000,79200,6
2025,6,8,7,LAX,BWI,2025-06-08 05:00:00,05:00:00,0,13:05:00,12:50:00,-15,2025-06-08,18000,47100,6
2025,6,8,7,LAX,BWI,2025-06-08 11:36:00,11:29:00,-7,19:39:00,19:33:00,-6,2025-06-08,41760,70740,6
2025,6,8,7,LAX,BWI,2025-06-08 13:45:00,14:14:00,29,21:50:00,22:01:00,11,2025-06-08,49500,78600,6
2025,6,8,7,LAX,BWI,2025-06-08 20:55:00,21:02:00,7,05:00:00,04:38:00,-22,2025-06-08,75300,18000,6
2025,6,8,7,LAX,BWI,2025-06-08 23:59:00,23:50:00,-9,08:07:00,07:29:00,-38,2025-06-08,86340,29220,6
2025,6,8,7,LAX,BZN,2025-06-08 11:21:00,11:15:00,-6,14:50:00,14:55:00,5,2025-06-08,40860,53400,6
2025,6,8,7,LAX,BZN,2025-06-08 18:00:00,17:52:00,-8,21:39:00,21:33:00,-6,2025-06-08,64800,77940,6
2025,6,8,7,LAX,CLE,2025-06-08 13:00:00,13:03:00,3,20:33:00,20:23:00,-10,2025-06-08,46800,73980,6
2025,6,8,7,LAX,CLE,2025-06-08 21:20:00,21:08:00,-12,04:53:00,04:26:00,-27,2025-06-08,76800,17580,6
2025,6,8,7,LAX,CLT,2025-06-08 06:05:00,05:59:00,-6,13:54:00,13:23:00,-31,2025-06-08,21900,50040,6
2025,6,8,7,LAX,CLT,2025-06-08 07:59:00,07:54:00,-5,15:45:00,15:29:00,-16,2025-06-08,28740,56700,6
2025,6,8,7,LAX,CLT,2025-06-08 14:02:00,15:01:00,59,21:55:00,22:50:00,55,2025-06-08,50520,78900,6
2025,6,8,7,LAX,CLT,2025-06-08 21:48:00,22:14:00,26,05:29:00,05:43:00,14,2025-06-08,78480,19740,6
2025,6,8,7,LAX,CLT,2025-06-08 22:49:00,22:42:00,-7,06:35:00,06:11:00,-24,2025-06-08,82140,23700,6
2025,6,8,7,LAX,CLT,2025-06-08 23:49:00,00:22:00,33,07:35:00,07:50:00,15,2025-06-08,85740,27300,6
2025,6,8,7,LAX,CMH,2025-06-08 09:25:00,10:02:00,37,17:01:00,17:19:00,18,2025-06-08,33900,61260,6
2025,6,8,7,LAX,CVG,2025-06-08 13:50:00,13:50:00,0,21:04:00,21:11:00,7,2025-06-08,49800,75840,6
2025,6,8,7,LAX,DAL,2025-06-08 05:20:00,05:43:00,23,10:25:00,10:39:00,14,2025-06-08,19200,37500,6
2025,6,8,7,LAX,DAL,2025-06-08 07:45:00,07:45:00,0,12:45:00,12:40:00,-5,2025-06-08,27900,45900,6
2025,6,8,7,LAX,DAL,2025-06-08 14:45:00,15:37:00,52,19:55:00,20:36:00,41,2025-06-08,53100,71700,6
2025,6,8,7,LAX,DAL,2025-06-08 17:20:00,17:58:00,38,22:30:00,22:46:00,16,2025-06-08,62400,81000,6
2025,6,8,7,LAX,DCA,2025-06-08 07:59:00,07:54:00,-5,16:00:00,16:06:00,6,2025-06-08,28740,57600,6
2025,6,8,7,LAX,DCA,2025-06-08 08:19:00,08:13:00,-6,16:22:00,16:16:00,-6,2025-06-08,29940,58920,6
2025,6,8,7,LAX,DCA,2025-06-08 12:28:00,12:27:00,-1,20:29:00,20:14:00,-15,2025-06-08,44880,73740,6
2025,6,8,7,LAX,DCA,2025-06-08 12:48:00,12:46:00,-2,20:59:00,20:50:00,-9,2025-06-08,46080,75540,6
2025,6,8,7,LAX,DEN,2025-06-08 05:22:00,05:22:00,0,08:41:00,08:33:00,-8,2025-06-08,19320,31260,6
2025,6,8,7,LAX,DEN,2025-06-08 06:10:00,06:04:00,-6,09:35:00,09:17:00,-18,2025-06-08,22200,34500,6
2025,6,8,7,LAX,DEN,2025-06-08 06:15:00,06:11:00,-4,09:48:00,09:49:00,1,2025-06-08,22500,35280,6
2025,6,8,7,LAX,DEN,2025-06-08 07:06:00,06:58:00,-8,10:31:00,11:08:00,37,2025-06-08,25560,37860,6
2025,6,8,7,LAX,DEN,2025-06-08 07:46:00,08:07:00,21,11:10:00,11:43:00,33,2025-06-08,27960,40200,6
2025,6,8,7,LAX,DEN,2025-06-08 08:00:00,08:07:00,7,11:25:00,11:25:00,0,2025-06-08,28800,41100,6
2025,6,8,7,LAX,DEN,2025-06-08 08:04:00,07:54:00,-10,11:33:00,11:24:00,-9,2025-06-08,29040,41580,6
2025,6,8,7,LAX,DEN,2025-06-08 09:00:00,08:56:00,-4,12:27:00,12:13:00,-14,2025-06-08,32400,44820,6
2025,6,8,7,LAX,DEN,2025-06-08 10:50:00,10:46:00,-4,14:25:00,14:15:00,-10,2025-06-08,39000,51900,6
2025,6,8,7,LAX,DEN,2025-06-08 10:52:00,10:49:00,-3,14:19:00,14:09:00,-10,2025-06-08,39120,51540,6
2025,6,8,7,LAX,DEN,2025-06-08 11:55:00,11:56:00,1,15:20:00,15:12:00,-8,2025-06-08,42900,55200,6
2025,6,8,7,LAX,DEN,2025-06-08 12:55:00,12:50:00,-5,16:23:00,16:24:00,1,2025-06-08,46500,58980,6
2025,6,8,7,LAX,DEN,2025-06-08 14:35:00,15:00:00,25,18:05:00,18:56:00,51,2025-06-08,52500,65100,6
2025,6,8,7,LAX,DEN,2025-06-08 15:05:00,15:41:00,36,18:30:00,18:55:00,25,2025-06-08,54300,66600,6
2025,6,8,7,LAX,DEN,2025-06-08 18:30:00,18:38:00,8,22:00:00,21:53:00,-7,2025-06-08,66600,79200,6
2025,6,8,7,LAX,DEN,2025-06-08 19:18:00,19:16:00,-2,22:47:00,22:37:00,-10,2025-06-08,69480,82020,6
2025,6,8,7,LAX,DEN,2025-06-08 19:45:00,19:35:00,-10,23:09:00,23:11:00,2,2025-06-08,71100,83340,6
2025,6,8,7,LAX,DEN,2025-06-08 20:25:00,20:18:00,-7,23:48:00,23:34:00,-14,2025-06-08,73500,85680,6
2025,6,8,7,LAX,DFW,2025-06-08 00:35:00,00:27:00,-8,05:32:00,05:33:00,1,2025-06-08,2100,19920,6
2025,6,8,7,LAX,DFW,2025-06-08 01:30:00,02:03:00,33,06:33:00,06:49:00,16,2025-06-08,5400,23580,6
2025,6,8,7,LAX,DFW,2025-06-08 05:30:00,05:24:00,-6,10:38:00,10:23:00,-15,2025-06-08,19800,38280,6
2025,6,8,7,LAX,DFW,2025-06-08 07:00:00,06:58:00,-2,12:09:00,11:45:00,-24,2025-06-08,25200,43740,6
2025,6,8,7,LAX,DFW,2025-06-08 08:26:00,08:32:00,6,13:39:00,13:26:00,-13,2025-06-08,30360,49140,6
2025,6,8,7,LAX,DFW,2025-06-08 08:35:00,08:28:00,-7,13:43:00,13:16:00,-27,2025-06-08,30900,49380,6
2025,6,8,7,LAX,DFW,2025-06-08 09:30:00,09:51:00,21,14:43:00,14:40:00,-3,2025-06-08,34200,52980,6
2025,6,8,7,LAX,DFW,2025-06-08 10:37:00,10:44:00,7,15:45:00,15:35:00,-10,2025-06-08,38220,56700,6
2025,6,8,7,LAX,DFW,2025-06-08 13:48:00,13:46:00,-2,18:59:00,19:12:00,13,2025-06-08,49680,68340,6
2025,6,8,7,LAX,DFW,2025-06-08 14:33:00,14:30:00,-3,19:43:00,19:27:00,-16,2025-06-08,52380,70980,6
2025,6,8,7,LAX,DFW,2025-06-08 18:55:00,19:49:00,54,23:56:00,01:03:00,67,2025-06-08,68100,86160,6
2025,6,8,7,LAX,DFW,2025-06-08 23:59:00,23:58:00,-1,05:09:00,04:53:00,-16,2025-06-08,86340,18540,6
2025,6,8,7,LAX,DTW,2025-06-08 05:30:00,05:28:00,-2,12:57:00,12:33:00,-24,2025-06-08,19800,46620,6
2025,6,8,7,LAX,DTW,2025-06-08 07:35:00,08:11:00,36,14:56:00,15:19:00,23,2025-06-08,27300,53760,6
2025,6,8,7,LAX,DTW,2025-06-08 09:25:00,09:24:00,-1,16:52:00,16:34:00,-18,2025-06-08,33900,60720,6
2025,6,8,7,LAX,DTW,2025-06-08 09:59:00,09:48:00,-11,17:23:00,16:56:00,-27,2025-06-08,35940,62580,6
2025,6,8,7,LAX,DTW,2025-06-08 12:09:00,12:13:00,4,19:31:00,19:24:00,-7,2025-06-08,43740,70260,6
2025,6,8,7,LAX,DTW,2025-06-08 15:36:00,15:29:00,-7,23:04:00,22:47:00,-17,2025-06-08,56160,83040,6
2025,6,8,7,LAX,DTW,2025-06-08 21:26:00,21:31:00,5,04:43:00,04:43:00,0,2025-06-08,77160,16980,6
2025,6,8,7,LAX,DTW,2025-06-08 22:15:00,22:11:00,-4,05:35:00,05:11:00,-24,2025-06-08,80100,20100,6
2025,6,8,7,LAX,ELP,2025-06-08 11:25:00,11:43:00,18,14:25:00,14:54:00,29,2025-06-08,41100,51900,6
2025,6,8,7,LAX,ELP,2025-06-08 19:47:00,19:43:00,-4,22:47:00,22:41:00,-6,2025-06-08,71220,82020,6
2025,6,8,7,LAX,EUG,2025-06-08 20:59:00,20:59:00,0,23:20:00,23:08:00,-12,2025-06-08,75540,84000,6
2025,6,8,7,LAX,EWR,2025-06-08 06:00:00,05:56:00,-4,14:34:00,14:04:00,-30,2025-06-08,21600,52440,6
2025,6,8,7,LAX,EWR,2025-06-08 07:00:00,06:53:00,-7,15:34:00,15:14:00,-20,2025-06-08,25200,56040,6
2025,6,8,7,LAX,EWR,2025-06-08 07:00:00,07:11:00,11,15:40:00,15:32:00,-8,2025-06-08,25200,56400,6
2025,6,8,7,LAX,EWR,2025-06-08 07:54:00,07:54:00,0,16:29:00,16:18:00,-11,2025-06-08,28440,59340,6
2025,6,8,7,LAX,EWR,2025-06-08 08:20:00,08:20:00,0,16:45:00,16:23:00,-22,2025-06-08,30000,60300,6
2025,6,8,7,LAX,EWR,2025-06-08 10:15:00,10:10:00,-5,18:54:00,18:16:00,-38,2025-06-08,36900,68040,6
2025,6,8,7,LAX,EWR,2025-06-08 10:21:00,10:19:00,-2,19:00:00,18:39:00,-21,2025-06-08,37260,68400,6
2025,6,8,7,LAX,EWR,2025-06-08 11:00:00,11:06:00,6,19:39:00,19:06:00,-33,2025-06-08,39600,70740,6
2025,6,8,7,LAX,EWR,2025-06-08 11:45:00,11:39:00,-6,20:24:00,19:55:00,-29,2025-06-08,42300,73440,6
2025,6,8,7,LAX,EWR,2025-06-08 13:30:00,14:19:00,49,21:52:00,22:12:00,20,2025-06-08,48600,78720,6
2025,6,8,7,LAX,EWR,2025-06-08 14:23:00,14:15:00,-8,22:49:00,22:21:00,-28,2025-06-08,51780,82140,6
2025,6,8,7,LAX,EWR,2025-06-08 16:30:00,16:28:00,-2,00:57:00,00:32:00,-25,2025-06-08,59400,3420,6
2025,6,8,7,LAX,EWR,2025-06-08 21:43:00,21:38:00,-5,05:59:00,05:43:00,-16,2025-06-08,78180,21540,6
2025,6,8,7,LAX,EWR,2025-06-08 22:20:00,22:20:00,0,06:48:00,06:21:00,-27,2025-06-08,80400,24480,6
2025,6,8,7,LAX,EWR,2025-06-08 23:59:00,00:09:00,10,08:12:00,08:05:00,-7,2025-06-08,86340,29520,6
2025,6,8,7,LAX,FAT,2025-06-08 10:30:00,10:21:00,-9,11:48:00,11:46:00,-2,2025-06-08,37800,42480,6
2025,6,8,7,LAX,FAT,2025-06-08 19:10:00,19:04:00,-6,20:24:00,20:05:00,-19,2025-06-08,69000,73440,6
2025,6,8,7,LAX,FAT,2025-06-08 22:38:00,22:44:00,6,23:52:00,00:05:00,13,2025-06-08,81480,85920,6
2025,6,8,7,LAX,FCA,2025-06-08 09:22:00,09:17:00,-5,13:21:00,13:10:00,-11,2025-06-08,33720,48060,6
2025,6,8,7,LAX,FLL,2025-06-08 08:30:00,08:22:00,-8,16:37:00,16:02:00,-35,2025-06-08,30600,59820,6
2025,6,8,7,LAX,FLL,2025-06-08 10:47:00,10:37:00,-10,18:59:00,18:19:00,-40,2025-06-08,38820,68340,6
2025,6,8,7,LAX,FLL,2025-06-08 15:50:00,15:45:00,-5,23:41:00,23:18:00,-23,2025-06-08,57000,85260,6
2025,6,8,7,LAX,FLL,2025-06-08 21:00:00,21:10:00,10,05:04:00,04:45:00,-19,2025-06-08,75600,18240,6
2025,6,8,7,LAX,FLL,2025-06-08 23:09:00,23:31:00,22,07:05:00,07:04:00,-1,2025-06-08,83340,25500,6
2025,6,8,7,LAX,GEG,2025-06-08 11:14:00,11:09:00,-5,13:52:00,13:28:00,-24,2025-06-08,40440,49920,6
2025,6,8,7,LAX,GEG,2025-06-08 18:59:00,18:49:00,-10,21:33:00,21:27:00,-6,2025-06-08,68340,77580,6
2025,6,8,7,LAX,GEG,2025-06-08 19:45:00,19:33:00,-12,22:22:00,22:07:00,-15,2025-06-08,71100,80520,6
2025,6,8,7,LAX,HNL,2025-06-08 07:00:00,06:58:00,-2,09:40:00,09:43:00,3,2025-06-08,25200,34800,6
2025,6,8,7,LAX,HNL,2025-06-08 07:05:00,07:02:00,-3,10:10:00,09:54:00,-16,2025-06-08,25500,36600,6
2025,6,8,7,LAX,HNL,2025-06-08 08:25:00,08:24:00,-1,11:07:00,11:03:00,-4,2025-06-08,30300,40020,6
2025,6,8,7,LAX,HNL,2025-06-08 08:35:00,08:30:00,-5,11:17:00,11:19:00,2,2025-06-08,30900,40620,6
2025,6,8,7,LAX,HNL,2025-06-08 08:49:00,08:43:00,-6,11:37:00,11:33:00,-4,2025-06-08,31740,41820,6
2025,6,8,7,LAX,HNL,2025-06-08 10:00:00,09:58:00,-2,12:40:00,12:43:00,3,2025-06-08,36000,45600,6
2025,6,8,7,LAX,HNL,2025-06-08 11:15:00,11:14:00,-1,14:04:00,13:55:00,-9,2025-06-08,40500,50640,6
2025,6,8,7,LAX,HNL,2025-06-08 13:15:00,13:10:00,-5,16:01:00,15:59:00,-2,2025-06-08,47700,57660,6
2025,6,8,7,LAX,HNL,2025-06-08 13:35:00,13:34:00,-1,16:18:00,16:23:00,5,2025-06-08,48900,58680,6
2025,6,8,7,LAX,HNL,2025-06-08 14:44:00,14:59:00,15,17:28:00,17:45:00,17,2025-06-08,53040,62880,6
2025,6,8,7,LAX,HNL,2025-06-08 17:10:00,17:05:00,-5,19:44:00,19:52:00,8,2025-06-08,61800,71040,6
2025,6,8,7,LAX,HNL,2025-06-08 18:10:00,18:16:00,6,20:52:00,21:03:00,11,2025-06-08,65400,75120,6
2025,6,8,7,LAX,HNL,2025-06-08 18:20:00,18:35:00,15,20:57:00,21:19:00,22,2025-06-08,66000,75420,6
2025,6,8,7,LAX,HNL,2025-06-08 18:25:00,18:40:00,15,21:15:00,21:27:00,12,2025-06-08,66300,76500,6
2025,6,8,7,LAX,HNL,2025-06-08 18:45:00,18:41:00,-4,21:28:00,21:13:00,-15,2025-06-08,67500,77280,6
2025,6,8,7,LAX,HNL,2025-06-08 19:13:00,19:37:00,24,21:55:00,22:35:00,40,2025-06-08,69180,78900,6
2025,6,8,7,LAX,HNL,2025-06-08 20:50:00,21:07:00,17,23:29:00,00:01:00,32,2025-06-08,75000,84540,6
2025,6,8,7,LAX,HOU,2025-06-08 05:05:00,05:04:00,-1,10:30:00,10:06:00,-24,2025-06-08,18300,37800,6
2025,6,8,7,LAX,HOU,2025-06-08 14:05:00,14:34:00,29,19:30:00,19:34:00,4,2025-06-08,50700,70200,6
2025,6,8,7,LAX,HOU,2025-06-08 23:50:00,00:13:00,23,05:15:00,05:13:00,-2,2025-06-08,85800,18900,6
2025,6,8,7,LAX,IAD,2025-06-08 06:20:00,06:18:00,-2,14:23:00,13:57:00,-26,2025-06-08,22800,51780,6
2025,6,8,7,LAX,IAD,2025-06-08 08:00:00,07:56:00,-4,16:14:00,16:04:00,-10,2025-06-08,28800,58440,6
2025,6,8,7,LAX,IAD,2025-06-08 08:15:00,08:07:00,-8,16:21:00,16:10:00,-11,2025-06-08,29700,58860,6
2025,6,8,7,LAX,IAD,2025-06-08 10:58:00,10:59:00,1,19:03:00,18:58:00,-5,2025-06-08,39480,68580,6
2025,6,8,7,LAX,IAD,2025-06-08 13:15:00,13:13:00,-2,21:20:00,21:09:00,-11,2025-06-08,47700,76800,6
2025,6,8,7,LAX,IAD,2025-06-08 16:45:00,16:45:00,0,00:44:00,00:49:00,5,2025-06-08,60300,2640,6
2025,6,8,7,LAX,IAD,2025-06-08 21:35:00,21:31:00,-4,05:37:00,05:38:00,1,2025-06-08,77700,20220,6
2025,6,8,7,LAX,IAD,2025-06-08 22:50:00,23:18:00,28,06:39:00,06:47:00,8,2025-06-08,82200,23940,6
2025,6,8,7,LAX,IAH,2025-06-08 00:56:00,00:50:00,-6,06:18:00,05:42:00,-36,2025-06-08,3360,22680,6
2025,6,8,7,LAX,IAH,2025-06-08 05:15:00,05:13:00,-2,10:42:00,10:22:00,-20,2025-06-08,18900,38520,6
2025,6,8,7,LAX,IAH,2025-06-08 07:15:00,07:11:00,-4,12:44:00,12:21:00,-23,2025-06-08,26100,45840,6
2025,6,8,7,LAX,IAH,2025-06-08 08:40:00,08:34:00,-6,14:09:00,13:51:00,-18,2025-06-08,31200,50940,6
2025,6,8,7,LAX,IAH,2025-06-08 08:45:00,08:39:00,-6,14:07:00,13:44:00,-23,2025-06-08,31500,50820,6
2025,6,8,7,LAX,IAH,2025-06-08 10:15:00,10:31:00,16,15:40:00,15:31:00,-9,2025-06-08,36900,56400,6
2025,6,8,7,LAX,IAH,2025-06-08 11:33:00,11:30:00,-3,16:53:00,16:36:00,-17,2025-06-08,41580,60780,6
2025,6,8,7,LAX,IAH,2025-06-08 12:07:00,12:56:00,49,17:24:00,17:50:00,26,2025-06-08,43620,62640,6
2025,6,8,7,LAX,IAH,2025-06-08 13:10:00,13:07:00,-3,18:40:00,18:22:00,-18,2025-06-08,47400,67200,6
2025,6,8,7,LAX,IAH,2025-06-08 13:58:00,13:51:00,-7,19:25:00,19:55:00,30,2025-06-08,50280,69900,6
2025,6,8,7,LAX,IAH,2025-06-08 18:09:00,18:05:00,-4,23:28:00,23:12:00,-16,2025-06-08,65340,84480,6
2025,6,8,7,LAX,IAH,2025-06-08 18:10:00,19:05:00,55,23:33:00,23:57:00,24,2025-06-08,65400,84780,6
2025,6,8,7,LAX,IAH,2025-06-08 19:20:00,19:14:00,-6,00:43:00,00:12:00,-31,2025-06-08,69600,2580,6
2025,6,8,7,LAX,IAH,2025-06-08 23:42:00,23:37:00,-5,04:55:00,04:29:00,-26,2025-06-08,85320,17700,6
2025,6,8,7,LAX,ICT,2025-06-08 06:20:00,06:11:00,-9,11:14:00,10:48:00,-26,2025-06-08,22800,40440,6
2025,6,8,7,LAX,IND,2025-06-08 10:36:00,10:42:00,6,17:47:00,17:33:00,-14,2025-06-08,38160,64020,6
2025,6,8,7,LAX,IND,2025-06-08 14:12:00,14:35:00,23,21:14:00,21:28:00,14,2025-06-08,51120,76440,6
2025,6,8,7,LAX,IND,2025-06-08 23:14:00,23:14:00,0,06:14:00,06:03:00,-11,2025-06-08,83640,22440,6
2025,6,8,7,LAX,JAC,2025-06-08 09:00:00,08:51:00,-9,12:18:00,12:06:00,-12,2025-06-08,32400,44280,6
2025,6,8,7,LAX,JAC,2025-06-08 10:30:00,10:24:00,-6,13:48:00,13:31:00,-17,2025-06-08,37800,49680,6
2025,6,8,7,LAX,JAC,2025-06-08 12:35:00,13:23:00,48,15:52:00,16:44:00,52,2025-06-08,45300,57120,6
2025,6,8,7,LAX,JFK,2025-06-08 06:00:00,05:50:00,-10,14:34:00,14:01:00,-33,2025-06-08,21600,52440,6
2025,6,8,7,LAX,JFK,2025-06-08 06:00:00,06:11:00,11,14:30:00,14:26:00,-4,2025-06-08,21600,52200,6
2025,6,8,7,LAX,JFK,2025-06-08 07:00:00,06:53:00,-7,15:35:00,15:15:00,-20,2025-06-08,25200,56100,6
2025,6,8,7,LAX,JFK,2025-06-08 07:00:00,06:55:00,-5,15:35:00,15:32:00,-3,2025-06-08,25200,56100,6
2025,6,8,7,LAX,JFK,2025-06-08 07:55:00,07:49:00,-6,16:32:00,16:03:00,-29,2025-06-08,28500,59520,6
2025,6,8,7,LAX,JFK,2025-06-08 08:19:00,08:12:00,-7,16:58:00,16:40:00,-18,2025-06-08,29940,61080,6
2025,6,8,7,LAX,JFK,2025-06-08 09:05:00,09:00:00,-5,17:57:00,17:33:00,-24,2025-06-08,32700,64620,6
2025,6,8,7,LAX,JFK,2025-06-08 09:55:00,10:02:00,7,18:35:00,18:23:00,-12,2025-06-08,35700,66900,6
2025,6,8,7,LAX,JFK,2025-06-08 10:21:00,11:21:00,60,18:59:00,19:49:00,50,2025-06-08,37260,68340,6
2025,6,8,7,LAX,JFK,2025-06-08 15:20:00,15:44:00,24,23:54:00,00:10:00,16,2025-06-08,55200,86040,6
2025,6,8,7,LAX,JFK,2025-06-08 15:20:00,15:54:00,34,23:58:00,00:27:00,29,2025-06-08,55200,86280,6
2025,6,8,7,LAX,JFK,2025-06-08 16:20:00,16:14:00,-6,00:57:00,00:29:00,-28,2025-06-08,58800,3420,6
2025,6,8,7,LAX,JFK,2025-06-08 20:53:00,21:21:00,28,05:30:00,05:11:00,-19,2025-06-08,75180,19800,6
2025,6,8,7,LAX,JFK,2025-06-08 21:21:00,21:16:00,-5,05:55:00,05:27:00,-28,2025-06-08,76860,21300,6
2025,6,8,7,LAX,JFK,2025-06-08 21:25:00,21:22:00,-3,05:59:00,05:26:00,-33,2025-06-08,77100,21540,6
2025,6,8,7,LAX,JFK,2025-06-08 21:40:00,22:00:00,20,06:07:00,05:57:00,-10,2025-06-08,78000,22020,6
2025,6,8,7,LAX,JFK,2025-06-08 22:50:00,23:16:00,26,07:23:00,07:18:00,-5,2025-06-08,82200,26580,6
2025,6,8,7,LAX,JFK,2025-06-08 23:55:00,00:01:00,6,08:30:00,08:23:00,-7,2025-06-08,86100,30600,6
2025,6,8,7,LAX,JFK,2025-06-08 23:59:00,00:15:00,16,08:37:00,08:32:00,-5,2025-06-08,86340,31020,6
2025,6,8,7,LAX,KOA,2025-06-08 07:25:00,07:17:00,-8,10:05:00,10:02:00,-3,2025-06-08,26700,36300,6
2025,6,8,7,LAX,KOA,2025-06-08 09:10:00,09:06:00,-4,11:50:00,11:50:00,0,2025-06-08,33000,42600,6
2025,6,8,7,LAX,KOA,2025-06-08 11:00:00,10:50:00,-10,13:35:00,13:23:00,-12,2025-06-08,39600,48900,6
2025,6,8,7,LAX,KOA,2025-06-08 11:19:00,11:15:00,-4,13:55:00,14:02:00,7,2025-06-08,40740,50100,6
2025,6,8,7,LAX,KOA,2025-06-08 16:29:00,17:01:00,32,18:59:00,19:29:00,30,2025-06-08,59340,68340,6
2025,6,8,7,LAX,KOA,2025-06-08 17:25:00,17:19:00,-6,20:03:00,20:28:00,25,2025-06-08,62700,72180,6
2025,6,8,7,LAX,LAS,2025-06-08 05:55:00,05:51:00,-4,07:15:00,06:59:00,-16,2025-06-08,21300,26100,6
2025,6,8,7,LAX,LAS,2025-06-08 06:00:00,05:52:00,-8,07:19:00,07:04:00,-15,2025-06-08,21600,26340,6
2025,6,8,7,LAX,LAS,2025-06-08 07:30:00,07:21:00,-9,08:40:00,08:39:00,-1,2025-06-08,27000,31200,6
2025,6,8,7,LAX,LAS,2025-06-08 08:10:00,08:13:00,3,09:30:00,09:26:00,-4,2025-06-08,29400,34200,6
2025,6,8,7,LAX,LAS,2025-06-08 08:26:00,08:17:00,-9,09:51:00,09:29:00,-22,2025-06-08,30360,35460,6
2025,6,8,7,LAX,LAS,2025-06-08 09:35:00,09:35:00,0,10:50:00,10:34:00,-16,2025-06-08,34500,39000,6
2025,6,8,7,LAX,LAS,2025-06-08 10:30:00,10:23:00,-7,11:47:00,11:24:00,-23,2025-06-08,37800,42420,6
2025,6,8,7,LAX,LAS,2025-06-08 11:40:00,11:38:00,-2,12:54:00,13:09:00,15,2025-06-08,42000,46440,6
2025,6,8,7,LAX,LAS,2025-06-08 13:05:00,13:23:00,18,14:25:00,14:47:00,22,2025-06-08,47100,51900,6
2025,6,8,7,LAX,LAS,2025-06-08 14:45:00,14:40:00,-5,16:07:00,15:43:00,-24,2025-06-08,53100,58020,6
2025,6,8,7,LAX,LAS,2025-06-08 15:05:00,14:56:00,-9,16:15:00,16:14:00,-1,2025-06-08,54300,58500,6
2025,6,8,7,LAX,LAS,2025-06-08 15:48:00,15:44:00,-4,17:13:00,17:12:00,-1,2025-06-08,56880,61980,6
2025,6,8,7,LAX,LAS,2025-06-08 17:05:00,17:31:00,26,18:25:00,18:36:00,11,2025-06-08,61500,66300,6
2025,6,8,7,LAX,LAS,2025-06-08 17:53:00,17:57:00,4,19:11:00,19:14:00,3,2025-06-08,64380,69060,6
2025,6,8,7,LAX,LAS,2025-06-08 18:50:00,19:31:00,41,20:00:00,20:39:00,39,2025-06-08,67800,72000,6
2025,6,8,7,LAX,LAS,2025-06-08 18:52:00,19:44:00,52,20:10:00,21:05:00,55,2025-06-08,67920,72600,6
2025,6,8,7,LAX,LAS,2025-06-08 19:30:00,19:26:00,-4,20:52:00,20:34:00,-18,2025-06-08,70200,75120,6
2025,6,8,7,LAX,LAS,2025-06-08 19:48:00,19:45:00,-3,21:00:00,21:02:00,2,2025-06-08,71280,75600,6
2025,6,8,7,LAX,LAS,2025-06-08 19:59:00,19:51:00,-8,21:10:00,20:56:00,-14,2025-06-08,71940,76200,6
2025,6,8,7,LAX,LAS,2025-06-08 20:00:00,20:26:00,26,21:25:00,21:30:00,5,2025-06-08,72000,77100,6
2025,6,8,7,LAX,LAS,2025-06-08 22:10:00,22:00:00,-10,23:28:00,23:12:00,-16,2025-06-08,79800,84480,6
2025,6,8,7,LAX,LAS,2025-06-08 22:15:00,22:11:00,-4,23:27:00,23:21:00,-6,2025-06-08,80100,84420,6
2025,6,8,7,LAX,LAS,2025-06-08 23:05:00,22:57:00,-8,00:27:00,00:06:00,-21,2025-06-08,83100,1620,6
2025,6,8,7,LAX,LIH,2025-06-08 07:20:00,07:14:00,-6,10:20:00,10:03:00,-17,2025-06-08,26400,37200,6
2025,6,8,7,LAX,LIH,2025-06-08 08:42:00,08:39:00,-3,11:38:00,11:35:00,-3,2025-06-08,31320,41880,6
2025,6,8,7,LAX,LIH,2025-06-08 09:00:00,08:59:00,-1,11:45:00,11:44:00,-1,2025-06-08,32400,42300,6
2025,6,8,7,LAX,LIH,2025-06-08 09:03:00,08:56:00,-7,12:04:00,11:56:00,-8,2025-06-08,32580,43440,6
2025,6,8,7,LAX,LIH,2025-06-08 14:25:00,14:26:00,1,17:08:00,17:25:00,17,2025-06-08,51900,61680,6
2025,6,8,7,LAX,MCI,2025-06-08 07:45:00,07:43:00,-2,12:55:00,12:40:00,-15,2025-06-08,27900,46500,6
2025,6,8,7,LAX,MCI,2025-06-08 09:30:00,09:29:00,-1,14:44:00,14:41:00,-3,2025-06-08,34200,53040,6
2025,6,8,7,LAX,MCI,2025-06-08 15:01:00,14:57:00,-4,20:12:00,20:09:00,-3,2025-06-08,54060,72720,6
2025,6,8,7,LAX,MCI,2025-06-08 18:15:00,18:43:00,28,23:27:00,23:51:00,24,2025-06-08,65700,84420,6
2025,6,8,7,LAX,MCO,2025-06-08 07:00:00,06:51:00,-9,14:58:00,14:22:00,-36,2025-06-08,25200,53880,6
2025,6,8,7,LAX,MCO,2025-06-08 10:02:00,09:57:00,-5,18:04:00,17:30:00,-34,2025-06-08,36120,65040,6
2025,6,8,7,LAX,MCO,2025-06-08 10:35:00,10:41:00,6,18:38:00,18:22:00,-16,2025-06-08,38100,67080,6
2025,6,8,7,LAX,MCO,2025-06-08 14:01:00,14:44:00,43,22:14:00,22:12:00,-2,2025-06-08,50460,80040,6
2025,6,8,7,LAX,MCO,2025-06-08 16:05:00,16:11:00,6,23:59:00,23:39:00,-20,2025-06-08,57900,86340,6
2025,6,8,7,LAX,MCO,2025-06-08 21:45:00,21:44:00,-1,05:32:00,05:17:00,-15,2025-06-08,78300,19920,6
2025,6,8,7,LAX,MCO,2025-06-08 22:49:00,22:43:00,-6,06:47:00,06:22:00,-25,2025-06-08,82140,24420,6
2025,6,8,7,LAX,MCO,2025-06-08 22:56:00,22:59:00,3,06:57:00,06:38:00,-19,2025-06-08,82560,25020,6
2025,6,8,7,LAX,MDW,2025-06-08 06:30:00,06:28:00,-2,12:30:00,12:12:00,-18,2025-06-08,23400,45000,6
2025,6,8,7,LAX,MDW,2025-06-08 11:40:00,11:36:00,-4,17:40:00,17:50:00,10,2025-06-08,42000,63600,6
2025,6,8,7,LAX,MDW,2025-06-08 15:50:00,15:58:00,8,21:50:00,21:43:00,-7,2025-06-08,57000,78600,6
2025,6,8,7,LAX,MDW,2025-06-08 22:55:00,23:06:00,11,05:00:00,04:41:00,-19,2025-06-08,82500,18000,6
2025,6,8,7,LAX,MEM,2025-06-08 18:20:00,18:29:00,9,23:58:00,23:53:00,-5,2025-06-08,66000,86280,6
2025,6,8,7,LAX,MFE,2025-06-08 06:00:00,05:53:00,-7,11:09:00,11:06:00,-3,2025-06-08,21600,40140,6
2025,6,8,7,LAX,MIA,2025-06-08 06:00:00,05:56:00,-4,14:13:00,13:43:00,-30,2025-06-08,21600,51180,6
2025,6,8,7,LAX,MIA,2025-06-08 09:00:00,08:59:00,-1,17:19:00,16:33:00,-46,2025-06-08,32400,62340,6
2025,6,8,7,LAX,MIA,2025-06-08 10:05:00,10:11:00,6,18:16:00,17:41:00,-35,2025-06-08,36300,65760,6
2025,6,8,7,LAX,MIA,2025-06-08 12:10:00,12:10:00,0,20:20:00,19:54:00,-26,2025-06-08,43800,73200,6
2025,6,8,7,LAX,MIA,2025-06-08 21:40:00,21:44:00,4,05:50:00,05:21:00,-29,2025-06-08,78000,21000,6
2025,6,8,7,LAX,MIA,2025-06-08 22:49:00,22:47:00,-2,07:01:00,06:32:00,-29,2025-06-08,82140,25260,6
2025,6,8,7,LAX,MIA,2025-06-08 23:43:00,23:55:00,12,07:50:00,07:34:00,-16,2025-06-08,85380,28200,6
2025,6,8,7,LAX,MRY,2025-06-08 08:20:00,08:17:00,-3,09:42:00,09:46:00,4,2025-06-08,30000,34920,6
2025,6,8,7,LAX,MRY,2025-06-08 18:23:00,18:35:00,12,19:37:00,19:39:00,2,2025-06-08,66180,70620,6
2025,6,8,7,LAX,MSO,2025-06-08 11:31:00,11:54:00,23,15:10:00,15:25:00,15,2025-06-08,41460,54600,6
2025,6,8,7,LAX,MSP,2025-06-08 06:17:00,06:12:00,-5,11:48:00,11:41:00,-7,2025-06-08,22620,42480,6
2025,6,8,7,LAX,MSP,2025-06-08 08:00:00,07:58:00,-2,13:34:00,13:29:00,-5,2025-06-08,28800,48840,6
2025,6,8,7,LAX,MSP,2025-06-08 11:30:00,11:40:00,10,17:02:00,17:05:00,3,2025-06-08,41400,61320,6
2025,6,8,7,LAX,MSP,2025-06-08 13:25:00,13:30:00,5,18:55:00,19:14:00,19,2025-06-08,48300,68100,6
2025,6,8,7,LAX,MSP,2025-06-08 15:20:00,15:30:00,10,20:49:00,21:08:00,19,2025-06-08,55200,74940,6
2025,6,8,7,LAX,MSP,2025-06-08 18:50:00,19:29:00,39,00:20:00,01:13:00,53,2025-06-08,67800,1200,6
2025,6,8,7,LAX,MSP,2025-06-08 23:30:00,23:32:00,2,05:04:00,05:01:00,-3,2025-06-08,84600,18240,6
2025,6,8,7,LAX,MSY,2025-06-08 07:00:00,06:52:00,-8,12:40:00,12:19:00,-21,2025-06-08,25200,45600,6
2025,6,8,7,LAX,MSY,2025-06-08 09:00:00,08:59:00,-1,14:55:00,14:27:00,-28,2025-06-08,32400,53700,6
2025,6,8,7,LAX,MSY,2025-06-08 12:10:00,12:03:00,-7,17:53:00,17:31:00,-22,2025-06-08,43800,64380,6
2025,6,8,7,LAX,MSY,2025-06-08 12:13:00,12:06:00,-7,17:51:00,17:37:00,-14,2025-06-08,43980,64260,6
2025,6,8,7,LAX,MSY,2025-06-08 16:43:00,16:38:00,-5,22:20:00,22:06:00,-14,2025-06-08,60180,80400,6
2025,6,8,7,LAX,MSY,2025-06-08 18:18:00,18:45:00,27,23:58:00,00:29:00,31,2025-06-08,65880,86280,6
2025,6,8,7,LAX,OAK,2025-06-08 08:25:00,08:37:00,12,09:55:00,09:41:00,-14,2025-06-08,30300,35700,6
2025,6,8,7,LAX,OAK,2025-06-08 10:30:00,11:07:00,37,11:55:00,12:15:00,20,2025-06-08,37800,42900,6
2025,6,8,7,LAX,OAK,2025-06-08 14:20:00,14:31:00,11,15:45:00,15:41:00,-4,2025-06-08,51600,56700,6
2025,6,8,7,LAX,OAK,2025-06-08 21:05:00,21:15:00,10,22:30:00,22:25:00,-5,2025-06-08,75900,81000,6
2025,6,8,7,LAX,OGG,2025-06-08 07:45:00,07:39:00,-6,10:25:00,10:21:00,-4,2025-06-08,27900,37500,6
2025,6,8,7,LAX,OGG,2025-06-08 08:15:00,08:08:00,-7,10:55:00,10:45:00,-10,2025-06-08,29700,39300,6
2025,6,8,7,LAX,OGG,2025-06-08 16:55:00,16:51:00,-4,19:34:00,19:31:00,-3,2025-06-08,60900,70440,6
2025,6,8,7,LAX,OGG,2025-06-08 16:56:00,16:50:00,-6,19:28:00,19:34:00,6,2025-06-08,60960,70080,6
2025,6,8,7,LAX,OKC,2025-06-08 09:00:00,08:54:00,-6,14:00:00,13:43:00,-17,2025-06-08,32400,50400,6
2025,6,8,7,LAX,OKC,2025-06-08 17:32:00,17:25:00,-7,22:30:00,22:30:00,0,2025-06-08,63120,81000,6
2025,6,8,7,LAX,OMA,2025-06-08 12:36:00,12:33:00,-3,17:52:00,17:48:00,-4,2025-06-08,45360,64320,6
2025,6,8,7,LAX,ORD,2025-06-08 00:32:00,00:31:00,-1,06:38:00,06:16:00,-22,2025-06-08,1920,23880,6
2025,6,8,7,LAX,ORD,2025-06-08 00:41:00,00:36:00,-5,06:42:00,06:29:00,-13,2025-06-08,2460,24120,6
2025,6,8,7,LAX,ORD,2025-06-08 05:45:00,05:40:00,-5,11:57:00,11:43:00,-14,2025-06-08,20700,43020,6
2025,6,8,7,LAX,ORD,2025-06-08 06:05:00,06:21:00,16,12:21:00,12:15:00,-6,2025-06-08,21900,44460,6
2025,6,8,7,LAX,ORD,2025-06-08 06:20:00,06:15:00,-5,12:42:00,12:15:00,-27,2025-06-08,22800,45720,6
2025,6,8,7,LAX,ORD,2025-06-08 07:30:00,07:26:00,-4,13:35:00,13:14:00,-21,2025-06-08,27000,48900,6
2025,6,8,7,LAX,ORD,2025-06-08 08:15:00,08:09:00,-6,14:39:00,14:11:00,-28,2025-06-08,29700,52740,6
2025,6,8,7,LAX,ORD,2025-06-08 10:40:00,10:53:00,13,16:56:00,17:49:00,53,2025-06-08,38400,60960,6
2025,6,8,7,LAX,ORD,2025-06-08 12:37:00,12:32:00,-5,18:55:00,18:28:00,-27,2025-06-08,45420,68100,6
2025,6,8,7,LAX,ORD,2025-06-08 14:01:00,14:53:00,52,20:25:00,21:30:00,65,2025-06-08,50460,73500,6
2025,6,8,7,LAX,ORD,2025-06-08 15:02:00,15:32:00,30,21:08:00,21:47:00,39,2025-06-08,54120,76080,6
2025,6,8,7,LAX,ORD,2025-06-08 16:36:00,16:47:00,11,22:55:00,23:16:00,21,2025-06-08,59760,82500,6
2025,6,8,7,LAX,ORD,2025-06-08 16:40:00,16:42:00,2,23:04:00,23:10:00,6,2025-06-08,60000,83040,6
2025,6,8,7,LAX,ORD,2025-06-08 17:38:00,17:37:00,-1,23:59:00,23:43:00,-16,2025-06-08,63480,86340,6
2025,6,8,7,LAX,ORD,2025-06-08 22:40:00,22:43:00,3,04:51:00,04:40:00,-11,2025-06-08,81600,17460,6
2025,6,8,7,LAX,ORD,2025-06-08 23:00:00,23:12:00,12,05:13:00,04:51:00,-22,2025-06-08,82800,18780,6
2025,6,8,7,LAX,ORD,2025-06-08 23:37:00,00:19:00,42,05:45:00,06:21:00,36,2025-06-08,85020,20700,6
2025,6,8,7,LAX,PDX,2025-06-08 07:00:00,06:51:00,-9,09:21:00,09:13:00,-8,2025-06-08,25200,33660,6
2025,6,8,7,LAX,PDX,2025-06-08 07:00:00,06:56:00,-4,09:28:00,09:23:00,-5,2025-06-08,25200,34080,6
2025,6,8,7,LAX,PDX,2025-06-08 08:45:00,08:36:00,-9,11:10:00,10:44:00,-26,2025-06-08,31500,40200,6
2025,6,8,7,LAX,PDX,2025-06-08 09:25:00,09:18:00,-7,11:52:00,11:27:00,-25,2025-06-08,33900,42720,6
2025,6,8,7,LAX,PDX,2025-06-08 09:43:00,09:33:00,-10,12:14:00,11:46:00,-28,2025-06-08,34980,44040,6
2025,6,8,7,LAX,PDX,2025-06-08 11:20:00,11:20:00,0,13:47:00,13:40:00,-7,2025-06-08,40800,49620,6
2025,6,8,7,LAX,PDX,2025-06-08 13:40:00,13:31:00,-9,16:00:00,15:53:00,-7,2025-06-08,49200,57600,6
2025,6,8,7,LAX,PDX,2025-06-08 13:57:00,13:52:00,-5,16:24:00,16:15:00,-9,2025-06-08,50220,59040,6
2025,6,8,7,LAX,PDX,2025-06-08 15:05:00,15:01:00,-4,17:33:00,17:25:00,-8,2025-06-08,54300,63180,6
2025,6,8,7,LAX,PDX,2025-06-08 16:40:00,16:32:00,-8,18:59:00,18:41:00,-18,2025-06-08,60000,68340,6
2025,6,8,7,LAX,PDX,2025-06-08 18:20:00,18:24:00,4,20:48:00,20:36:00,-12,2025-06-08,66000,74880,6
2025,6,8,7,LAX,PDX,2025-06-08 20:25:00,20:15:00,-10,22:45:00,22:36:00,-9,2025-06-08,73500,81900,6
2025,6,8,7,LAX,PDX,2025-06-08 21:33:00,22:14:00,41,23:59:00,00:38:00,39,2025-06-08,77580,86340,6
2025,6,8,7,LAX,PHL,2025-06-08 06:45:00,06:43:00,-2,14:54:00,14:36:00,-18,2025-06-08,24300,53640,6
2025,6,8,7,LAX,PHL,2025-06-08 07:45:00,07:42:00,-3,15:56:00,15:47:00,-9,2025-06-08,27900,57360,6
2025,6,8,7,LAX,PHL,2025-06-08 09:00:00,09:44:00,44,17:18:00,17:45:00,27,2025-06-08,32400,62280,6
2025,6,8,7,LAX,PHL,2025-06-08 22:20:00,22:14:00,-6,06:30:00,06:13:00,-17,2025-06-08,80400,23400,6
2025,6,8,7,LAX,PHL,2025-06-08 22:53:00,22:51:00,-2,07:05:00,06:45:00,-20,2025-06-08,82380,25500,6
2025,6,8,7,LAX,PHX,2025-06-08 05:50:00,05:49:00,-1,07:20:00,06:58:00,-22,2025-06-08,21000,26400,6
2025,6,8,7,LAX,PHX,2025-06-08 06:10:00,06:24:00,14,07:39:00,07:46:00,7,2025-06-08,22200,27540,6
2025,6,8,7,LAX,PHX,2025-06-08 07:05:00,06:59:00,-6,08:30:00,08:19:00,-11,2025-06-08,25500,30600,6
2025,6,8,7,LAX,PHX,2025-06-08 08:15:00,08:12:00,-3,09:51:00,09:35:00,-16,2025-06-08,29700,35460,6
2025,6,8,7,LAX,PHX,2025-06-08 09:40:00,09:47:00,7,11:10:00,11:02:00,-8,2025-06-08,34800,40200,6
2025,6,8,7,LAX,PHX,2025-06-08 10:00:00,09:53:00,-7,11:30:00,11:11:00,-19,2025-06-08,36000,41400,6
2025,6,8,7,LAX,PHX,2025-06-08 10:15:00,10:13:00,-2,11:45:00,11:25:00,-20,2025-06-08,36900,42300,6
2025,6,8,7,LAX,PHX,2025-06-08 13:25:00,13:38:00,13,14:50:00,15:08:00,18,2025-06-08,48300,53400,6
2025,6,8,7,LAX,PHX,2025-06-08 14:00:00,13:57:00,-3,15:28:00,15:25:00,-3,2025-06-08,50400,55680,6
2025,6,8,7,LAX,PHX,2025-06-08 14:28:00,14:34:00,6,16:07:00,16:20:00,13,2025-06-08,52080,58020,6
2025,6,8,7,LAX,PHX,2025-06-08 15:15:00,15:18:00,3,16:45:00,16:44:00,-1,2025-06-08,54900,60300,6
2025,6,8,7,LAX,PHX,2025-06-08 16:32:00,16:28:00,-4,17:59:00,17:57:00,-2,2025-06-08,59520,64740,6
2025,6,8,7,LAX,PHX,2025-06-08 17:30:00,17:43:00,13,18:55:00,19:01:00,6,2025-06-08,63000,68100,6
2025,6,8,7,LAX,PHX,2025-06-08 18:00:00,18:21:00,21,19:30:00,19:41:00,11,2025-06-08,64800,70200,6
2025,6,8,7,LAX,PHX,2025-06-08 19:10:00,19:02:00,-8,20:39:00,20:36:00,-3,2025-06-08,69000,74340,6
2025,6,8,7,LAX,PHX,2025-06-08 19:35:00,20:06:00,31,21:03:00,21:39:00,36,2025-06-08,70500,75780,6
2025,6,8,7,LAX,PHX,2025-06-08 21:34:00,21:27:00,-7,23:05:00,22:56:00,-9,2025-06-08,77640,83100,6
2025,6,8,7,LAX,PHX,2025-06-08 22:20:00,23:06:00,46,23:50:00,00:25:00,35,2025-06-08,80400,85800,6
2025,6,8,7,LAX,PHX,2025-06-08 22:35:00,22:29:00,-6,00:13:00,23:51:00,-22,2025-06-08,81300,780,6
2025,6,8,7,LAX,PIT,2025-06-08 09:15:00,09:07:00,-8,17:00:00,16:41:00,-19,2025-06-08,33300,61200,6
2025,6,8,7,LAX,PSC,2025-06-08 20:22:00,20:19:00,-3,22:57:00,22:44:00,-13,2025-06-08,73320,82620,6
2025,6,8,7,LAX,RDD,2025-06-08 12:56:00,12:47:00,-9,14:45:00,14:40:00,-5,2025-06-08,46560,53100,6
2025,6,8,7,LAX,RDM,2025-06-08 12:45:00,12:43:00,-2,15:03:00,14:59:00,-4,2025-06-08,45900,54180,6
2025,6,8,7,LAX,RDU,2025-06-08 08:57:00,08:51:00,-6,16:54:00,16:18:00,-36,2025-06-08,32220,60840,6
2025,6,8,7,LAX,RDU,2025-06-08 10:37:00,10:31:00,-6,18:31:00,18:11:00,-20,2025-06-08,38220,66660,6
2025,6,8,7,LAX,RDU,2025-06-08 22:20:00,22:19:00,-1,06:18:00,06:08:00,-10,2025-06-08,80400,22680,6
2025,6,8,7,LAX,RNO,2025-06-08 09:35:00,09:38:00,3,11:00:00,10:53:00,-7,2025-06-08,34500,39600,6
2025,6,8,7,LAX,RNO,2025-06-08 09:59:00,09:57:00,-2,11:31:00,11:10:00,-21,2025-06-08,35940,41460,6
2025,6,8,7,LAX,RNO,2025-06-08 10:19:00,10:14:00,-5,12:00:00,11:30:00,-30,2025-06-08,37140,43200,6
2025,6,8,7,LAX,RNO,2025-06-08 15:02:00,14:59:00,-3,16:30:00,16:29:00,-1,2025-06-08,54120,59400,6
2025,6,8,7,LAX,RNO,2025-06-08 17:10:00,17:08:00,-2,18:44:00,18:57:00,13,2025-06-08,61800,67440,6
2025,6,8,7,LAX,RNO,2025-06-08 19:20:00,19:37:00,17,20:45:00,20:50:00,5,2025-06-08,69600,74700,6
2025,6,8,7,LAX,RNO,2025-06-08 20:15:00,20:10:00,-5,21:49:00,21:42:00,-7,2025-06-08,72900,78540,6
2025,6,8,7,LAX,RNO,2025-06-08 20:50:00,21:15:00,25,22:17:00,22:35:00,18,2025-06-08,75000,80220,6
2025,6,8,7,LAX,RNO,2025-06-08 21:59:00,21:52:00,-7,23:32:00,23:16:00,-16,2025-06-08,79140,84720,6
2025,6,8,7,LAX,SAN,2025-06-08 08:20:00,08:13:00,-7,09:19:00,09:37:00,18,2025-06-08,30000,33540,6
2025,6,8,7,LAX,SAN,2025-06-08 09:20:00,09:17:00,-3,10:24:00,10:14:00,-10,2025-06-08,33600,37440,6
2025,6,8,7,LAX,SAN,2025-06-08 14:28:00,14:23:00,-5,15:22:00,15:17:00,-5,2025-06-08,52080,55320,6
2025,6,8,7,LAX,SAN,2025-06-08 18:00:00,17:55:00,-5,18:54:00,18:39:00,-15,2025-06-08,64800,68040,6
2025,6,8,7,LAX,SAN,2025-06-08 18:46:00,18:44:00,-2,19:47:00,19:37:00,-10,2025-06-08,67560,71220,6
2025,6,8,7,LAX,SAN,2025-06-08 21:59:00,21:57:00,-2,22:53:00,22:45:00,-8,2025-06-08,79140,82380,6
2025,6,8,7,LAX,SAN,2025-06-08 22:45:00,23:37:00,52,23:46:00,00:22:00,36,2025-06-08,81900,85560,6
2025,6,8,7,LAX,SAT,2025-06-08 09:11:00,09:02:00,-9,14:00:00,13:46:00,-14,2025-06-08,33060,50400,6
2025,6,8,7,LAX,SAT,2025-06-08 09:12:00,09:06:00,-6,14:19:00,13:54:00,-25,2025-06-08,33120,51540,6
2025,6,8,7,LAX,SAT,2025-06-08 09:30:00,09:20:00,-10,14:23:00,14:02:00,-21,2025-06-08,34200,51780,6
2025,6,8,7,LAX,SAT,2025-06-08 15:20:00,15:29:00,9,20:15:00,19:58:00,-17,2025-06-08,55200,72900,6
2025,6,8,7,LAX,SAT,2025-06-08 17:00:00,17:08:00,8,21:58:00,21:53:00,-5,2025-06-08,61200,79080,6
2025,6,8,7,LAX,SAT,2025-06-08 18:58:00,18:46:00,-12,23:49:00,23:17:00,-32,2025-06-08,68280,85740,6
2025,6,8,7,LAX,SBA,2025-06-08 15:20:00,15:17:00,-3,16:12:00,16:16:00,4,2025-06-08,55200,58320,6
2025,6,8,7,LAX,SBA,2025-06-08 23:00:00,22:53:00,-7,23:58:00,00:15:00,17,2025-06-08,82800,86280,6
2025,6,8,7,LAX,SBP,2025-06-08 15:00:00,14:51:00,-9,16:01:00,15:48:00,-13,2025-06-08,54000,57660,6
2025,6,8,7,LAX,SBP,2025-06-08 22:32:00,22:31:00,-1,23:36:00,23:21:00,-15,2025-06-08,81120,84960,6
2025,6,8,7,LAX,SEA,2025-06-08 07:00:00,06:52:00,-8,09:54:00,09:29:00,-25,2025-06-08,25200,35640,6
2025,6,8,7,LAX,SEA,2025-06-08 07:00:00,06:55:00,-5,09:55:00,09:41:00,-14,2025-06-08,25200,35700,6
2025,6,8,7,LAX,SEA,2025-06-08 08:00:00,07:53:00,-7,10:58:00,10:48:00,-10,2025-06-08,28800,39480,6
2025,6,8,7,LAX,SEA,2025-06-08 09:35:00,09:25:00,-10,12:30:00,12:19:00,-11,2025-06-08,34500,45000,6
2025,6,8,7,LAX,SEA,2025-06-08 09:45:00,09:39:00,-6,12:42:00,12:08:00,-34,2025-06-08,35100,45720,6
2025,6,8,7,LAX,SEA,2025-06-08 11:10:00,11:06:00,-4,14:01:00,14:13:00,12,2025-06-08,40200,50460,6
2025,6,8,7,LAX,SEA,2025-06-08 11:15:00,11:31:00,16,14:09:00,14:16:00,7,2025-06-08,40500,50940,6
2025,6,8,7,LAX,SEA,2025-06-08 11:55:00,12:03:00,8,14:50:00,14:35:00,-15,2025-06-08,42900,53400,6
2025,6,8,7,LAX,SEA,2025-06-08 11:55:00,12:06:00,11,14:45:00,14:41:00,-4,2025-06-08,42900,53100,6
2025,6,8,7,LAX,SEA,2025-06-08 13:58:00,13:52:00,-6,16:53:00,16:40:00,-13,2025-06-08,50280,60780,6
2025,6,8,7,LAX,SEA,2025-06-08 14:15:00,14:12:00,-3,17:00:00,16:55:00,-5,2025-06-08,51300,61200,6
2025,6,8,7,LAX,SEA,2025-06-08 15:36:00,15:35:00,-1,18:27:00,18:12:00,-15,2025-06-08,56160,66420,6
2025,6,8,7,LAX,SEA,2025-06-08 17:43:00,17:51:00,8,20:35:00,20:50:00,15,2025-06-08,63780,74100,6
2025,6,8,7,LAX,SEA,2025-06-08 18:45:00,19:25:00,40,21:36:00,22:22:00,46,2025-06-08,67500,77760,6
2025,6,8,7,LAX,SEA,2025-06-08 18:50:00,18:52:00,2,21:45:00,21:30:00,-15,2025-06-08,67800,78300,6
2025,6,8,7,LAX,SEA,2025-06-08 19:07:00,19:39:00,32,21:58:00,22:35:00,37,2025-06-08,68820,79080,6
2025,6,8,7,LAX,SEA,2025-06-08 19:55:00,20:14:00,19,22:47:00,23:29:00,42,2025-06-08,71700,82020,6
2025,6,8,7,LAX,SEA,2025-06-08 19:59:00,20:01:00,2,22:57:00,22:44:00,-13,2025-06-08,71940,82620,6
2025,6,8,7,LAX,SEA,2025-06-08 21:10:00,21:08:00,-2,23:59:00,00:21:00,22,2025-06-08,76200,86340,6
2025,6,8,7,LAX,SEA,2025-06-08 21:29:00,21:39:00,10,00:25:00,00:17:00,-8,2025-06-08,77340,1500,6
2025,6,8,7,LAX,SFO,2025-06-08 06:00:00,05:53:00,-7,07:38:00,07:12:00,-26,2025-06-08,21600,27480,6
2025,6,8,7,LAX,SFO,2025-06-08 06:00:00,05:57:00,-3,07:31:00,07:17:00,-14,2025-06-08,21600,27060,6
2025,6,8,7,LAX,SFO,2025-06-08 06:00:00,06:23:00,23,07:25:00,07:34:00,9,2025-06-08,21600,26700,6
2025,6,8,7,LAX,SFO,2025-06-08 06:30:00,06:25:00,-5,07:52:00,07:44:00,-8,2025-06-08,23400,28320,6
2025,6,8,7,LAX,SFO,2025-06-08 07:00:00,06:57:00,-3,08:36:00,08:20:00,-16,2025-06-08,25200,30960,6
2025,6,8,7,LAX,SFO,2025-06-08 08:00:00,07:55:00,-5,09:40:00,09:29:00,-11,2025-06-08,28800,34800,6
2025,6,8,7,LAX,SFO,2025-06-08 08:35:00,08:32:00,-3,09:58:00,10:12:00,14,2025-06-08,30900,35880,6
2025,6,8,7,LAX,SFO,2025-06-08 09:10:00,09:04:00,-6,10:45:00,10:27:00,-18,2025-06-08,33000,38700,6
2025,6,8,7,LAX,SFO,2025-06-08 10:15:00,10:08:00,-7,11:40:00,11:28:00,-12,2025-06-08,36900,42000,6
2025,6,8,7,LAX,SFO,2025-06-08 10:26:00,11:24:00,58,11:59:00,12:41:00,42,2025-06-08,37560,43140,6
2025,6,8,7,LAX,SFO,2025-06-08 12:20:00,12:43:00,23,13:43:00,14:03:00,20,2025-06-08,44400,49380,6
2025,6,8,7,LAX,SFO,2025-06-08 12:35:00,12:40:00,5,13:55:00,13:58:00,3,2025-06-08,45300,50100,6
2025,6,8,7,LAX,SFO,2025-06-08 13:30:00,13:27:00,-3,14:52:00,14:47:00,-5,2025-06-08,48600,53520,6
2025,6,8,7,LAX,SFO,2025-06-08 13:39:00,13:30:00,-9,15:07:00,14:49:00,-18,2025-06-08,49140,54420,6
2025,6,8,7,LAX,SFO,2025-06-08 14:22:00,14:19:00,-3,15:48:00,15:32:00,-16,2025-06-08,51720,56880,6
2025,6,8,7,LAX,SFO,2025-06-08 16:00:00,15:57:00,-3,17:28:00,17:26:00,-2,2025-06-08,57600,62880,6
2025,6,8,7,LAX,SFO,2025-06-08 16:10:00,16:46:00,36,17:39:00,18:15:00,36,2025-06-08,58200,63540,6
2025,6,8,7,LAX,SFO,2025-06-08 16:27:00,16:26:00,-1,17:45:00,17:38:00,-7,2025-06-08,59220,63900,6
2025,6,8,7,LAX,SFO,2025-06-08 17:10:00,17:01:00,-9,18:40:00,18:20:00,-20,2025-06-08,61800,67200,6
2025,6,8,7,LAX,SFO,2025-06-08 17:40:00,18:28:00,48,19:02:00,19:46:00,44,2025-06-08,63600,68520,6
2025,6,8,7,LAX,SFO,2025-06-08 18:13:00,18:47:00,34,19:48:00,20:05:00,17,2025-06-08,65580,71280,6
2025,6,8,7,LAX,SFO,2025-06-08 18:20:00,18:16:00,-4,19:43:00,19:26:00,-17,2025-06-08,66000,70980,6
2025,6,8,7,LAX,SFO,2025-06-08 18:31:00,18:24:00,-7,19:58:00,19:42:00,-16,2025-06-08,66660,71880,6
2025,6,8,7,LAX,SFO,2025-06-08 18:40:00,18:39:00,-1,20:09:00,19:52:00,-17,2025-06-08,67200,72540,6
2025,6,8,7,LAX,SFO,2025-06-08 19:25:00,19:20:00,-5,20:57:00,20:58:00,1,2025-06-08,69900,75420,6
2025,6,8,7,LAX,SFO,2025-06-08 19:35:00,19:27:00,-8,20:58:00,20:57:00,-1,2025-06-08,70500,75480,6
2025,6,8,7,LAX,SFO,2025-06-08 19:45:00,20:10:00,25,21:10:00,21:41:00,31,2025-06-08,71100,76200,6
2025,6,8,7,LAX,SFO,2025-06-08 21:30:00,21:30:00,0,23:02:00,23:22:00,20,2025-06-08,77400,82920,6
2025,6,8,7,LAX,SFO,2025-06-08 21:49:00,22:24:00,35,23:12:00,23:39:00,27,2025-06-08,78540,83520,6
2025,6,8,7,LAX,SFO,2025-06-08 22:25:00,23:18:00,53,23:52:00,00:46:00,54,2025-06-08,80700,85920,6
2025,6,8,7,LAX,SGU,2025-06-08 13:15:00,13:15:00,0,15:47:00,15:38:00,-9,2025-06-08,47700,56820,6
2025,6,8,7,LAX,SJC,2025-06-08 05:50:00,05:45:00,-5,07:05:00,06:45:00,-20,2025-06-08,21000,25500,6
2025,6,8,7,LAX,SJC,2025-06-08 07:05:00,06:59:00,-6,08:20:00,08:01:00,-19,2025-06-08,25500,30000,6
2025,6,8,7,LAX,SJC,2025-06-08 09:10:00,09:51:00,41,10:30:00,10:50:00,20,2025-06-08,33000,37800,6
2025,6,8,7,LAX,SJC,2025-06-08 09:15:00,09:12:00,-3,10:30:00,10:22:00,-8,2025-06-08,33300,37800,6
2025,6,8,7,LAX,SJC,2025-06-08 11:35:00,11:30:00,-5,12:52:00,12:44:00,-8,2025-06-08,41700,46320,6
2025,6,8,7,LAX,SJC,2025-06-08 13:25:00,13:28:00,3,14:40:00,14:46:00,6,2025-06-08,48300,52800,6
2025,6,8,7,LAX,SJC,2025-06-08 14:45:00,14:57:00,12,16:00:00,16:03:00,3,2025-06-08,53100,57600,6
2025,6,8,7,LAX,SJC,2025-06-08 15:45:00,15:42:00,-3,17:00:00,16:49:00,-11,2025-06-08,56700,61200,6
2025,6,8,7,LAX,SJC,2025-06-08 18:00:00,17:56:00,-4,19:15:00,19:04:00,-11,2025-06-08,64800,69300,6
2025,6,8,7,LAX,SJC,2025-06-08 21:15:00,21:39:00,24,22:40:00,22:38:00,-2,2025-06-08,76500,81600,6
2025,6,8,7,LAX,SJC,2025-06-08 21:28:00,21:21:00,-7,22:44:00,22:29:00,-15,2025-06-08,77280,81840,6
2025,6,8,7,LAX,SLC,2025-06-08 06:00:00,06:00:00,0,08:54:00,08:43:00,-11,2025-06-08,21600,32040,6
2025,6,8,7,LAX,SLC,2025-06-08 07:00:00,06:57:00,-3,09:55:00,09:49:00,-6,2025-06-08,25200,35700,6
2025,6,8,7,LAX,SLC,2025-06-08 08:25:00,08:21:00,-4,11:26:00,11:14:00,-12,2025-06-08,30300,41160,6
2025,6,8,7,LAX,SLC,2025-06-08 09:49:00,09:43:00,-6,12:44:00,12:20:00,-24,2025-06-08,35340,45840,6
2025,6,8,7,LAX,SLC,2025-06-08 10:55:00,10:51:00,-4,13:50:00,13:31:00,-19,2025-06-08,39300,49800,6
2025,6,8,7,LAX,SLC,2025-06-08 11:11:00,11:11:00,0,14:03:00,13:55:00,-8,2025-06-08,40260,50580,6
2025,6,8,7,LAX,SLC,2025-06-08 13:09:00,13:40:00,31,16:08:00,16:56:00,48,2025-06-08,47340,58080,6
2025,6,8,7,LAX,SLC,2025-06-08 13:11:00,13:05:00,-6,16:04:00,15:53:00,-11,2025-06-08,47460,57840,6
2025,6,8,7,LAX,SLC,2025-06-08 17:10:00,17:22:00,12,20:00:00,20:10:00,10,2025-06-08,61800,72000,6
2025,6,8,7,LAX,SLC,2025-06-08 18:45:00,18:44:00,-1,21:39:00,21:47:00,8,2025-06-08,67500,77940,6
2025,6,8,7,LAX,SLC,2025-06-08 19:19:00,19:32:00,13,22:06:00,22:12:00,6,2025-06-08,69540,79560,6
2025,6,8,7,LAX,SMF,2025-06-08 05:40:00,05:33:00,-7,07:05:00,06:46:00,-19,2025-06-08,20400,25500,6
2025,6,8,7,LAX,SMF,2025-06-08 07:55:00,07:45:00,-10,09:24:00,09:07:00,-17,2025-06-08,28500,33840,6
2025,6,8,7,LAX,SMF,2025-06-08 08:10:00,08:04:00,-6,09:40:00,09:15:00,-25,2025-06-08,29400,34800,6
2025,6,8,7,LAX,SMF,2025-06-08 10:25:00,10:20:00,-5,11:59:00,11:47:00,-12,2025-06-08,37500,43140,6
2025,6,8,7,LAX,SMF,2025-06-08 12:25:00,12:19:00,-6,13:54:00,13:41:00,-13,2025-06-08,44700,50040,6
2025,6,8,7,LAX,SMF,2025-06-08 12:30:00,12:51:00,21,13:45:00,14:10:00,25,2025-06-08,45000,49500,6
2025,6,8,7,LAX,SMF,2025-06-08 16:30:00,16:27:00,-3,18:01:00,17:49:00,-12,2025-06-08,59400,64860,6
2025,6,8,7,LAX,SMF,2025-06-08 16:54:00,16:48:00,-6,18:23:00,18:16:00,-7,2025-06-08,60840,66180,6
2025,6,8,7,LAX,SMF,2025-06-08 17:05:00,17:05:00,0,18:37:00,18:38:00,1,2025-06-08,61500,67020,6
2025,6,8,7,LAX,SMF,2025-06-08 17:10:00,17:15:00,5,18:40:00,18:40:00,0,2025-06-08,61800,67200,6
2025,6,8,7,LAX,SMF,2025-06-08 18:15:00,18:06:00,-9,19:45:00,19:31:00,-14,2025-06-08,65700,71100,6
2025,6,8,7,LAX,SMF,2025-06-08 19:22:00,19:15:00,-7,21:01:00,20:44:00,-17,2025-06-08,69720,75660,6
2025,6,8,7,LAX,SMF,2025-06-08 20:35:00,21:01:00,26,22:00:00,22:20:00,20,2025-06-08,74100,79200,6
2025,6,8,7,LAX,STL,2025-06-08 05:15:00,05:10:00,-5,10:55:00,10:31:00,-24,2025-06-08,18900,39300,6
2025,6,8,7,LAX,STL,2025-06-08 13:25:00,13:57:00,32,19:05:00,19:18:00,13,2025-06-08,48300,68700,6
2025,6,8,7,LAX,STL,2025-06-08 17:33:00,17:26:00,-7,22:59:00,22:59:00,0,2025-06-08,63180,82740,6
2025,6,8,7,LAX,STS,2025-06-08 09:25:00,09:20:00,-5,11:06:00,11:14:00,8,2025-06-08,33900,39960,6
2025,6,8,7,LAX,STS,2025-06-08 21:56:00,22:18:00,22,23:30:00,23:41:00,11,2025-06-08,78960,84600,6
2025,6,8,7,LAX,SUN,2025-06-08 08:30:00,08:21:00,-9,11:43:00,11:40:00,-3,2025-06-08,30600,42180,6
2025,6,8,7,LAX,TPA,2025-06-08 22:10:00,22:06:00,-4,05:44:00,05:22:00,-22,2025-06-08,79800,20640,6
2025,6,8,7,LAX,TPA,2025-06-08 23:59:00,23:56:00,-3,07:56:00,07:20:00,-36,2025-06-08,86340,28560,6
2025,6,8,7,LAX,TUL,2025-06-08 09:30:00,09:49:00,19,14:40:00,14:38:00,-2,2025-06-08,34200,52800,6
2025,6,8,7,LAX,TUS,2025-06-08 08:22:00,08:11:00,-11,10:03:00,09:40:00,-23,2025-06-08,30120,36180,6
2025,6,8,7,LAX,TUS,2025-06-08 09:35:00,09:32:00,-3,11:10:00,10:59:00,-11,2025-06-08,34500,40200,6
2025,6,8,7,LAX,TUS,2025-06-08 10:05:00,10:12:00,7,11:35:00,11:24:00,-11,2025-06-08,36300,41700,6
2025,6,8,7,LAX,TUS,2025-06-08 14:10:00,14:18:00,8,15:44:00,15:46:00,2,2025-06-08,51000,56640,6
2025,6,8,7,LAX,TUS,2025-06-08 14:58:00,14:49:00,-9,16:27:00,16:12:00,-15,2025-06-08,53880,59220,6
2025,6,8,7,LAX,TUS,2025-06-08 18:18:00,18:13:00,-5,19:49:00,19:38:00,-11,2025-06-08,65880,71340,6
2025,6,8,7,LAX,TUS,2025-06-08 19:00:00,19:46:00,46,20:33:00,21:18:00,45,2025-06-08,68400,73980,6
2025,6,8,7,LAX,XNA,2025-06-08 09:14:00,09:06:00,-8,14:38:00,14:35:00,-3,2025-06-08,33240,52680,6
2025,6,9,1,LAX,ABQ,2025-06-09 08:00:00,08:44:00,44,11:08:00,11:35:00,27,2025-06-09,28800,40080,0
2025,6,9,1,LAX,ABQ,2025-06-09 08:55:00,09:04:00,9,11:58:00,11:55:00,-3,2025-06-09,32100,43080,0
2025,6,9,1,LAX,ABQ,2025-06-09 14:59:00,15:24:00,25,18:02:00,18:31:00,29,2025-06-09,53940,64920,0
2025,6,9,1,LAX,ABQ,2025-06-09 18:49:00,19:00:00,11,21:52:00,21:59:00,7,2025-06-09,67740,78720,0
2025,6,9,1,LAX,ACV,2025-06-09 13:15:00,13:11:00,-4,15:13:00,15:15:00,2,2025-06-09,47700,54780,0
2025,6,9,1,LAX,ANC,2025-06-09 19:45:00,19:40:00,-5,00:20:00,00:22:00,2,2025-06-09,71100,1200,0
2025,6,9,1,LAX,ASE,2025-06-09 10:40:00,11:40:00,60,13:56:00,15:08:00,72,2025-06-09,38400,50160,0
2025,6,9,1,LAX,ASE,2025-06-09 12:54:00,12:42:00,-12,16:05:00,15:55:00,-10,2025-06-09,46440,57900,0
2025,6,9,1,LAX,ASE,2025-06-09 14:45:00,14:51:00,6,17:51:00,17:58:00,7,2025-06-09,53100,64260,0
2025,6,9,1,LAX,ATL,2025-06-09 00:55:00,01:12:00,17,08:21:00,08:05:00,-16,2025-06-09,3300,30060,0
2025,6,9,1,LAX,ATL,2025-06-09 06:20:00,06:11:00,-9,13:42:00,13:22:00,-20,2025-06-09,22800,49320,0
2025,6,9,1,LAX,ATL,2025-06-09 07:35:00,07:40:00,5,14:48:00,14:56:00,8,2025-06-09,27300,53280,0
2025,6,9,1,LAX,ATL,2025-06-09 08:45:00,08:44:00,-1,16:07:00,15:56:00,-11,2025-06-09,31500,58020,0
2025,6,9,1,LAX,ATL,2025-06-09 09:53:00,09:53:00,0,17:19:00,17:03:00,-16,2025-06-09,35580,62340,0
2025,6,9,1,LAX,ATL,2025-06-09 11:15:00,11:33:00,18,18:34:00,18:39:00,5,2025-06-09,40500,66840,0
2025,6,9,1,LAX,ATL,2025-06-09 12:37:00,12:31:00,-6,19:59:00,19:45:00,-14,2025-06-09,45420,71940,0
2025,6,9,1,LAX,ATL,2025-06-09 13:15:00,13:43:00,28,20:46:00,21:08:00,22,2025-06-09,47700,74760,0
2025,6,9,1,LAX,ATL,2025-06-09 14:30:00,14:26:00,-4,21:50:00,21:39:00,-11,2025-06-09,52200,78600,0
2025,6,9,1,LAX,ATL,2025-06-09 17:35:00,17:26:00,-9,00:54:00,00:36:00,-18,2025-06-09,63300,3240,0
2025,6,9,1,LAX,ATL,2025-06-09 21:45:00,21:45:00,0,05:00:00,04:54:00,-6,2025-06-09,78300,18000,0
2025,6,9,1,LAX,ATL,2025-06-09 22:45:00,23:28:00,43,06:00:00,06:46:00,46,2025-06-09,81900,21600,0
2025,6,9,1,LAX,ATL,2025-06-09 23:10:00,23:05:00,-5,06:33:00,06:13:00,-20,2025-06-09,83400,23580,0
2025,6,9,1,LAX,AUS,2025-06-09 05:00:00,04:56:00,-4,10:00:00,09:45:00,-15,2025-06-09,18000,36000,0
2025,6,9,1,LAX,AUS,2025-06-09 06:15:00,06:16:00,1,11:17:00,10:56:00,-21,2025-06-09,22500,40620,0
2025,6,9,1,LAX,AUS,2025-06-09 07:45:00,07:38:00,-7,12:46:00,12:18:00,-28,2025-06-09,27900,45960,0
2025,6,9,1,LAX,AUS,2025-06-09 09:25:00,09:24:00,-1,14:51:00,14:23:00,-28,2025-06-09,33900,53460,0
2025,6,9,1,LAX,AUS,2025-06-09 10:35:00,10:27:00,-8,15:45:00,15:39:00,-6,2025-06-09,38100,56700,0
2025,6,9,1,LAX,AUS,2025-06-09 11:15:00,11:14:00,-1,16:20:00,15:59:00,-21,2025-06-09,40500,58800,0
2025,6,9,1,LAX,AUS,2025-06-09 16:14:00,16:38:00,24,21:14:00,21:26:00,12,2025-06-09,58440,76440,0
2025,6,9,1,LAX,AUS,2025-06-09 16:20:00,16:25:00,5,21:21:00,21:20:00,-1,2025-06-09,58800,76860,0
2025,6,9,1,LAX,AUS,2025-06-09 18:35:00,18:38:00,3,23:38:00,23:26:00,-12,2025-06-09,66900,85080,0
2025,6,9,1,LAX,AUS,2025-06-09 18:40:00,18:33:00,-7,23:58:00,23:41:00,-17,2025-06-09,67200,86280,0
2025,6,9,1,LAX,AUS,2025-06-09 18:50:00,18:36:00,-14,23:50:00,23:23:00,-27,2025-06-09,67800,85800,0
2025,6,9,1,LAX,AUS,2025-06-09 18:55:00,19:27:00,32,23:55:00,00:09:00,14,2025-06-09,68100,86100,0
2025,6,9,1,LAX,BNA,2025-06-09 07:10:00,07:10:00,0,13:25:00,13:37:00,12,2025-06-09,25800,48300,0
2025,6,9,1,LAX,BNA,2025-06-09 08:25:00,08:23:00,-2,14:25:00,14:23:00,-2,2025-06-09,30300,51900,0
2025,6,9,1,LAX,BNA,2025-06-09 10:36:00,10:35:00,-1,16:45:00,16:37:00,-8,2025-06-09,38160,60300,0
2025,6,9,1,LAX,BNA,2025-06-09 12:39:00,13:04:00,25,18:44:00,18:57:00,13,2025-06-09,45540,67440,0
2025,6,9,1,LAX,BNA,2025-06-09 18:39:00,18:41:00,2,00:37:00,01:14:00,37,2025-06-09,67140,2220,0
2025,6,9,1,LAX,BNA,2025-06-09 22:50:00,22:53:00,3,05:00:00,04:42:00,-18,2025-06-09,82200,18000,0
2025,6,9,1,LAX,BOI,2025-06-09 11:57:00,11:46:00,-11,15:03:00,14:35:00,-28,2025-06-09,43020,54180,0
2025,6,9,1,LAX,BOI,2025-06-09 12:45:00,12:38:00,-7,15:59:00,15:38:00,-21,2025-06-09,45900,57540,0
2025,6,9,1,LAX,BOI,2025-06-09 19:59:00,19:51:00,-8,23:01:00,22:45:00,-16,2025-06-09,71940,82860,0
2025,6,9,1,LAX,BOS,2025-06-09 06:00:00,05:50:00,-10,14:39:00,14:27:00,-12,2025-06-09,21600,52740,0
2025,6,9,1,LAX,BOS,2025-06-09 06:40:00,06:55:00,15,15:15:00,15:19:00,4,2025-06-09,24000,54900,0
2025,6,9,1,LAX,BOS,2025-06-09 07:50:00,07:41:00,-9,16:32:00,16:25:00,-7,2025-06-09,28200,59520,0
2025,6,9,1,LAX,BOS,2025-06-09 08:35:00,08:32:00,-3,17:18:00,17:16:00,-2,2025-06-09,30900,62280,0
2025,6,9,1,LAX,BOS,2025-06-09 08:40:00,08:34:00,-6,17:16:00,17:05:00,-11,2025-06-09,31200,62160,0
2025,6,9,1,LAX,BOS,2025-06-09 13:00:00,13:44:00,44,21:44:00,23:07:00,83,2025-06-09,46800,78240,0
2025,6,9,1,LAX,BOS,2025-06-09 15:25:00,15:21:00,-4,23:55:00,00:06:00,11,2025-06-09,55500,86100,0
2025,6,9,1,LAX,BOS,2025-06-09 21:02:00,21:16:00,14,05:32:00,05:37:00,5,2025-06-09,75720,19920,0
2025,6,9,1,LAX,BOS,2025-06-09 22:13:00,22:18:00,5,06:44:00,06:38:00,-6,2025-06-09,79980,24240,0
2025,6,9,1,LAX,BOS,2025-06-09 22:34:00,22:24:00,-10,07:15:00,06:47:00,-28,2025-06-09,81240,26100,0
2025,6,9,1,LAX,BOS,2025-06-09 22:35:00,22:25:00,-10,07:13:00,06:48:00,-25,2025-06-09,81300,25980,0
2025,6,9,1,LAX,BUF,2025-06-09 14:10:00,14:14:00,4,22:00:00,21:50:00,-10,2025-06-09,51000,79200,0
2025,6,9,1,LAX,BWI,2025-06-09 05:30:00,05:35:00,5,13:35:00,13:18:00,-17,2025-06-09,19800,48900,0
2025,6,9,1,LAX,BWI,2025-06-09 08:45:00,08:40:00,-5,16:54:00,16:37:00,-17,2025-06-09,31500,60840,0
2025,6,9,1,LAX,BWI,2025-06-09 10:05:00,10:21:00,16,18:10:00,18:07:00,-3,2025-06-09,36300,65400,0
2025,6,9,1,LAX,BWI,2025-06-09 11:36:00,11:52:00,16,19:39:00,19:46:00,7,2025-06-09,41760,70740,0
2025,6,9,1,LAX,BWI,2025-06-09 20:55:00,20:55:00,0,05:00:00,04:42:00,-18,2025-06-09,75300,18000,0
2025,6,9,1,LAX,BWI,2025-06-09 23:59:00,23:47:00,-12,08:07:00,08:13:00,6,2025-06-09,86340,29220,0
2025,6,9,1,LAX,BZN,2025-06-09 11:21:00,11:18:00,-3,14:50:00,14:42:00,-8,2025-06-09,40860,53400,0
2025,6,9,1,LAX,BZN,2025-06-09 18:00:00,17:51:00,-9,21:39:00,21:18:00,-21,2025-06-09,64800,77940,0
2025,6,9,1,LAX,CLE,2025-06-09 11:38:00,12:04:00,26,19:11:00,19:26:00,15,2025-06-09,41880,69060,0
2025,6,9,1,LAX,CLE,2025-06-09 21:20:00,21:12:00,-8,04:53:00,04:44:00,-9,2025-06-09,76800,17580,0
2025,6,9,1,LAX,CLT,2025-06-09 06:05:00,06:01:00,-4,13:54:00,13:21:00,-33,2025-06-09,21900,50040,0
2025,6,9,1,LAX,CLT,2025-06-09 07:59:00,07:58:00,-1,15:45:00,15:33:00,-12,2025-06-09,28740,56700,0
2025,6,9,1,LAX,CLT,2025-06-09 09:11:00,09:15:00,4,17:00:00,16:37:00,-23,2025-06-09,33060,61200,0
2025,6,9,1,LAX,CLT,2025-06-09 11:54:00,11:57:00,3,19:45:00,19:46:00,1,2025-06-09,42840,71100,0
2025,6,9,1,LAX,CLT,2025-06-09 15:18:00,15:41:00,23,22:38:00,23:10:00,32,2025-06-09,55080,81480,0
2025,6,9,1,LAX,CLT,2025-06-09 21:48:00,21:47:00,-1,05:29:00,05:25:00,-4,2025-06-09,78480,19740,0
2025,6,9,1,LAX,CLT,2025-06-09 22:49:00,23:42:00,53,06:35:00,07:35:00,60,2025-06-09,82140,23700,0
2025,6,9,1,LAX,CLT,2025-06-09 23:49:00,23:52:00,3,07:35:00,07:30:00,-5,2025-06-09,85740,27300,0
2025,6,9,1,LAX,CMH,2025-06-09 09:25:00,09:31:00,6,17:01:00,16:56:00,-5,2025-06-09,33900,61260,0
2025,6,9,1,LAX,CVG,2025-06-09 22:29:00,23:10:00,41,05:38:00,06:14:00,36,2025-06-09,80940,20280,0
2025,6,9,1,LAX,DAL,2025-06-09 05:05:00,05:07:00,2,10:10:00,09:51:00,-19,2025-06-09,18300,36600,0
2025,6,9,1,LAX,DAL,2025-06-09 06:45:00,06:44:00,-1,11:50:00,11:35:00,-15,2025-06-09,24300,42600,0
2025,6,9,1,LAX,DAL,2025-06-09 11:20:00,11:17:00,-3,16:30:00,15:56:00,-34,2025-06-09,40800,59400,0
2025,6,9,1,LAX,DAL,2025-06-09 16:30:00,17:02:00,32,21:45:00,22:01:00,16,2025-06-09,59400,78300,0
2025,6,9,1,LAX,DAL,2025-06-09 18:10:00,18:55:00,45,23:20:00,23:50:00,30,2025-06-09,65400,84000,0
2025,6,9,1,LAX,DCA,2025-06-09 07:59:00,07:54:00,-5,16:00:00,15:46:00,-14,2025-06-09,28740,57600,0
2025,6,9,1,LAX,DCA,2025-06-09 08:19:00,08:16:00,-3,16:22:00,16:09:00,-13,2025-06-09,29940,58920,0
2025,6,9,1,LAX,DCA,2025-06-09 12:28:00,12:23:00,-5,20:29:00,20:11:00,-18,2025-06-09,44880,73740,0
2025,6,9,1,LAX,DCA,2025-06-09 12:48:00,12:44:00,-4,20:59:00,20:39:00,-20,2025-06-09,46080,75540,0
2025,6,9,1,LAX,DEN,2025-06-09 05:05:00,05:01:00,-4,08:24:00,08:20:00,-4,2025-06-09,18300,30240,0
2025,6,9,1,LAX,DEN,2025-06-09 05:45:00,05:45:00,0,09:10:00,09:00:00,-10,2025-06-09,20700,33000,0
2025,6,9,1,LAX,DEN,2025-06-09 07:06:00,07:02:00,-4,10:31:00,10:23:00,-8,2025-06-09,25560,37860,0
2025,6,9,1,LAX,DEN,2025-06-09 07:46:00,07:38:00,-8,11:10:00,10:58:00,-12,2025-06-09,27960,40200,0
2025,6,9,1,LAX,DEN,2025-06-09 08:04:00,07:55:00,-9,11:33:00,11:12:00,-21,2025-06-09,29040,41580,0
2025,6,9,1,LAX,DEN,2025-06-09 08:05:00,08:04:00,-1,11:30:00,11:18:00,-12,2025-06-09,29100,41400,0
2025,6,9,1,LAX,DEN,2025-06-09 09:00:00,08:58:00,-2,12:27:00,12:18:00,-9,2025-06-09,32400,44820,0
2025,6,9,1,LAX,DEN,2025-06-09 10:30:00,10:31:00,1,13:55:00,13:58:00,3,2025-06-09,37800,50100,0
2025,6,9,1,LAX,DEN,2025-06-09 10:50:00,10:45:00,-5,14:25:00,14:18:00,-7,2025-06-09,39000,51900,0
2025,6,9,1,LAX,DEN,2025-06-09 10:52:00,10:51:00,-1,14:19:00,14:21:00,2,2025-06-09,39120,51540,0
2025,6,9,1,LAX,DEN,2025-06-09 12:55:00,12:49:00,-6,16:23:00,16:10:00,-13,2025-06-09,46500,58980,0
2025,6,9,1,LAX,DEN,2025-06-09 13:38:00,13:36:00,-2,17:01:00,17:10:00,9,2025-06-09,49080,61260,0
2025,6,9,1,LAX,DEN,2025-06-09 14:35:00,14:28:00,-7,18:05:00,17:51:00,-14,2025-06-09,52500,65100,0
2025,6,9,1,LAX,DEN,2025-06-09 14:59:00,14:56:00,-3,18:19:00,18:05:00,-14,2025-06-09,53940,65940,0
2025,6,9,1,LAX,DEN,2025-06-09 16:05:00,16:33:00,28,19:30:00,19:45:00,15,2025-06-09,57900,70200,0
2025,6,9,1,LAX,DEN,2025-06-09 16:11:00,16:06:00,-5,19:40:00,19:35:00,-5,2025-06-09,58260,70800,0
2025,6,9,1,LAX,DEN,2025-06-09 19:18:00,19:20:00,2,22:47:00,22:41:00,-6,2025-06-09,69480,82020,0
2025,6,9,1,LAX,DEN,2025-06-09 19:45:00,19:39:00,-6,23:09:00,23:01:00,-8,2025-06-09,71100,83340,0
2025,6,9,1,LAX,DEN,2025-06-09 20:20:00,20:21:00,1,23:50:00,23:49:00,-1,2025-06-09,73200,85800,0
2025,6,9,1,LAX,DEN,2025-06-09 20:25:00,20:17:00,-8,23:48:00,23:36:00,-12,2025-06-09,73500,85680,0
2025,6,9,1,LAX,DFW,2025-06-09 00:35:00,00:28:00,-7,05:32:00,05:31:00,-1,2025-06-09,2100,19920,0
2025,6,9,1,LAX,DFW,2025-06-09 00:40:00,00:32:00,-8,05:45:00,05:38:00,-7,2025-06-09,2400,20700,0
2025,6,9,1,LAX,DFW,2025-06-09 01:30:00,01:27:00,-3,06:33:00,06:03:00,-30,2025-06-09,5400,23580,0
2025,6,9,1,LAX,DFW,2025-06-09 05:30:00,05:24:00,-6,10:38:00,10:44:00,6,2025-06-09,19800,38280,0
2025,6,9,1,LAX,DFW,2025-06-09 06:00:00,06:01:00,1,11:20:00,10:53:00,-27,2025-06-09,21600,40800,0
2025,6,9,1,LAX,DFW,2025-06-09 07:00:00,06:55:00,-5,12:09:00,11:45:00,-24,2025-06-09,25200,43740,0
2025,6,9,1,LAX,DFW,2025-06-09 08:26:00,09:07:00,41,13:39:00,14:10:00,31,2025-06-09,30360,49140,0
2025,6,9,1,LAX,DFW,2025-06-09 08:35:00,08:40:00,5,13:43:00,13:38:00,-5,2025-06-09,30900,49380,0
2025,6,9,1,LAX,DFW,2025-06-09 09:30:00,09:50:00,20,14:43:00,14:49:00,6,2025-06-09,34200,52980,0
2025,6,9,1,LAX,DFW,2025-06-09 10:37:00,10:57:00,20,15:45:00,16:01:00,16,2025-06-09,38220,56700,0
2025,6,9,1,LAX,DFW,2025-06-09 13:48:00,13:43:00,-5,18:59:00,18:39:00,-20,2025-06-09,49680,68340,0
2025,6,9,1,LAX,DFW,2025-06-09 14:33:00,14:41:00,8,19:43:00,19:24:00,-19,2025-06-09,52380,70980,0
2025,6,9,1,LAX,DFW,2025-06-09 16:36:00,17:26:00,50,21:47:00,22:15:00,28,2025-06-09,59760,78420,0
2025,6,9,1,LAX,DFW,2025-06-09 18:35:00,18:51:00,16,23:47:00,23:56:00,9,2025-06-09,66900,85620,0
2025,6,9,1,LAX,DFW,2025-06-09 18:55:00,19:10:00,15,23:56:00,00:09:00,13,2025-06-09,68100,86160,0
2025,6,9,1,LAX,DFW,2025-06-09 19:00:00,18:59:00,-1,00:23:00,00:12:00,-11,2025-06-09,68400,1380,0
2025,6,9,1,LAX,DFW,2025-06-09 23:59:00,23:57:00,-2,05:09:00,05:21:00,12,2025-06-09,86340,18540,0
2025,6,9,1,LAX,DTW,2025-06-09 05:30:00,05:25:00,-5,12:57:00,12:44:00,-13,2025-06-09,19800,46620,0
2025,6,9,1,LAX,DTW,2025-06-09 07:35:00,07:31:00,-4,14:56:00,14:40:00,-16,2025-06-09,27300,53760,0
2025,6,9,1,LAX,DTW,2025-06-09 09:25:00,09:24:00,-1,16:52:00,16:49:00,-3,2025-06-09,33900,60720,0
2025,6,9,1,LAX,DTW,2025-06-09 09:59:00,09:52:00,-7,17:23:00,17:13:00,-10,2025-06-09,35940,62580,0
2025,6,9,1,LAX,DTW,2025-06-09 12:09:00,12:12:00,3,19:31:00,19:50:00,19,2025-06-09,43740,70260,0
2025,6,9,1,LAX,DTW,2025-06-09 15:36:00,15:32:00,-4,23:04:00,22:57:00,-7,2025-06-09,56160,83040,0
2025,6,9,1,LAX,DTW,2025-06-09 21:26:00,21:28:00,2,04:43:00,04:46:00,3,2025-06-09,77160,16980,0
2025,6,9,1,LAX,DTW,2025-06-09 22:15:00,22:34:00,19,05:35:00,05:51:00,16,2025-06-09,80100,20100,0
2025,6,9,1,LAX,ELP,2025-06-09 19:47:00,19:38:00,-9,22:47:00,22:34:00,-13,2025-06-09,71220,82020,0
2025,6,9,1,LAX,EUG,2025-06-09 20:59:00,21:53:00,54,23:20:00,00:18:00,58,2025-06-09,75540,84000,0
2025,6,9,1,LAX,EWR,2025-06-09 06:00:00,06:02:00,2,14:34:00,14:13:00,-21,2025-06-09,21600,52440,0
2025,6,9,1,LAX,EWR,2025-06-09 07:00:00,06:48:00,-12,15:40:00,14:52:00,-48,2025-06-09,25200,56400,0
2025,6,9,1,LAX,EWR,2025-06-09 07:00:00,07:11:00,11,15:34:00,15:21:00,-13,2025-06-09,25200,56040,0
2025,6,9,1,LAX,EWR,2025-06-09 07:54:00,07:47:00,-7,16:29:00,16:04:00,-25,2025-06-09,28440,59340,0
2025,6,9,1,LAX,EWR,2025-06-09 08:20:00,08:16:00,-4,16:45:00,16:14:00,-31,2025-06-09,30000,60300,0
2025,6,9,1,LAX,EWR,2025-06-09 10:15:00,10:15:00,0,18:54:00,18:17:00,-37,2025-06-09,36900,68040,0
2025,6,9,1,LAX,EWR,2025-06-09 10:21:00,10:12:00,-9,19:00:00,18:39:00,-21,2025-06-09,37260,68400,0
2025,6,9,1,LAX,EWR,2025-06-09 12:15:00,12:20:00,5,20:54:00,20:18:00,-36,2025-06-09,44100,75240,0
2025,6,9,1,LAX,EWR,2025-06-09 13:30:00,13:25:00,-5,21:52:00,21:18:00,-34,2025-06-09,48600,78720,0
2025,6,9,1,LAX,EWR,2025-06-09 14:23:00,14:18:00,-5,22:49:00,22:29:00,-20,2025-06-09,51780,82140,0
2025,6,9,1,LAX,EWR,2025-06-09 16:30:00,16:24:00,-6,00:57:00,00:37:00,-20,2025-06-09,59400,3420,0
2025,6,9,1,LAX,EWR,2025-06-09 20:55:00,20:47:00,-8,05:08:00,04:43:00,-25,2025-06-09,75300,18480,0
2025,6,9,1,LAX,EWR,2025-06-09 21:43:00,22:25:00,42,05:59:00,06:52:00,53,2025-06-09,78180,21540,0
2025,6,9,1,LAX,EWR,2025-06-09 22:20:00,22:11:00,-9,06:48:00,06:25:00,-23,2025-06-09,80400,24480,0
2025,6,9,1,LAX,EWR,2025-06-09 23:59:00,00:59:00,60,08:12:00,09:07:00,55,2025-06-09,86340,29520,0
2025,6,9,1,LAX,FAT,2025-06-09 10:30:00,10:26:00,-4,11:48:00,11:37:00,-11,2025-06-09,37800,42480,0
2025,6,9,1,LAX,FAT,2025-06-09 19:10:00,19:04:00,-6,20:24:00,20:06:00,-18,2025-06-09,69000,73440,0
2025,6,9,1,LAX,FAT,2025-06-09 22:38:00,22:36:00,-2,23:52:00,23:57:00,5,2025-06-09,81480,85920,0
2025,6,9,1,LAX,FCA,2025-06-09 09:22:00,09:17:00,-5,13:21:00,13:22:00,1,2025-06-09,33720,48060,0
2025,6,9,1,LAX,FLL,2025-06-09 08:30:00,08:22:00,-8,16:37:00,16:05:00,-32,2025-06-09,30600,59820,0
2025,6,9,1,LAX,FLL,2025-06-09 10:47:00,10:41:00,-6,18:59:00,18:21:00,-38,2025-06-09,38820,68340,0
2025,6,9,1,LAX,FLL,2025-06-09 13:53:00,13:50:00,-3,22:00:00,21:38:00,-22,2025-06-09,49980,79200,0
2025,6,9,1,LAX,FLL,2025-06-09 21:00:00,20:51:00,-9,05:04:00,04:30:00,-34,2025-06-09,75600,18240,0
2025,6,9,1,LAX,FSD,2025-06-09 16:05:00,15:59:00,-6,21:19:00,21:03:00,-16,2025-06-09,57900,76740,0
2025,6,9,1,LAX,GEG,2025-06-09 11:14:00,11:07:00,-7,13:52:00,13:49:00,-3,2025-06-09,40440,49920,0
2025,6,9,1,LAX,GEG,2025-06-09 14:32:00,14:50:00,18,17:07:00,17:17:00,10,2025-06-09,52320,61620,0
2025,6,9,1,LAX,GEG,2025-06-09 18:59:00,18:51:00,-8,21:33:00,21:27:00,-6,2025-06-09,68340,77580,0
2025,6,9,1,LAX,GEG,2025-06-09 19:45:00,19:38:00,-7,22:22:00,22:10:00,-12,2025-06-09,71100,80520,0
2025,6,9,1,LAX,HNL,2025-06-09 07:00:00,06:59:00,-1,09:40:00,09:46:00,6,2025-06-09,25200,34800,0
2025,6,9,1,LAX,HNL,2025-06-09 07:05:00,06:59:00,-6,10:10:00,09:41:00,-29,2025-06-09,25500,36600,0
2025,6,9,1,LAX,HNL,2025-06-09 08:25:00,08:20:00,-5,11:07:00,11:01:00,-6,2025-06-09,30300,40020,0
2025,6,9,1,LAX,HNL,2025-06-09 08:35:00,08:31:00,-4,11:17:00,11:17:00,0,2025-06-09,30900,40620,0
2025,6,9,1,LAX,HNL,2025-06-09 08:49:00,08:44:00,-5,11:37:00,11:38:00,1,2025-06-09,31740,41820,0
2025,6,9,1,LAX,HNL,2025-06-09 10:00:00,09:56:00,-4,12:40:00,12:43:00,3,2025-06-09,36000,45600,0
2025,6,9,1,LAX,HNL,2025-06-09 11:15:00,11:26:00,11,14:04:00,14:10:00,6,2025-06-09,40500,50640,0
2025,6,9,1,LAX,HNL,2025-06-09 13:15:00,13:10:00,-5,16:01:00,16:08:00,7,2025-06-09,47700,57660,0
2025,6,9,1,LAX,HNL,2025-06-09 14:44:00,14:45:00,1,17:28:00,17:25:00,-3,2025-06-09,53040,62880,0
2025,6,9,1,LAX,HNL,2025-06-09 17:10:00,17:01:00,-9,19:44:00,19:51:00,7,2025-06-09,61800,71040,0
2025,6,9,1,LAX,HNL,2025-06-09 18:10:00,18:22:00,12,20:52:00,21:13:00,21,2025-06-09,65400,75120,0
2025,6,9,1,LAX,HNL,2025-06-09 18:20:00,18:16:00,-4,20:57:00,20:53:00,-4,2025-06-09,66000,75420,0
2025,6,9,1,LAX,HNL,2025-06-09 18:25:00,18:51:00,26,21:15:00,21:34:00,19,2025-06-09,66300,76500,0
2025,6,9,1,LAX,HNL,2025-06-09 18:45:00,19:10:00,25,21:28:00,21:43:00,15,2025-06-09,67500,77280,0
2025,6,9,1,LAX,HNL,2025-06-09 19:13:00,19:56:00,43,21:55:00,22:41:00,46,2025-06-09,69180,78900,0
2025,6,9,1,LAX,HNL,2025-06-09 20:50:00,21:08:00,18,23:29:00,23:51:00,22,2025-06-09,75000,84540,0
2025,6,9,1,LAX,HOU,2025-06-09 05:05:00,05:10:00,5,10:30:00,10:26:00,-4,2025-06-09,18300,37800,0
2025,6,9,1,LAX,HOU,2025-06-09 17:45:00,18:44:00,59,23:05:00,23:49:00,44,2025-06-09,63900,83100,0
2025,6,9,1,LAX,HOU,2025-06-09 23:50:00,23:55:00,5,05:15:00,05:15:00,0,2025-06-09,85800,18900,0
2025,6,9,1,LAX,IAD,2025-06-09 06:20:00,06:15:00,-5,14:23:00,13:56:00,-27,2025-06-09,22800,51780,0
2025,6,9,1,LAX,IAD,2025-06-09 08:00:00,07:52:00,-8,16:14:00,15:40:00,-34,2025-06-09,28800,58440,0
2025,6,9,1,LAX,IAD,2025-06-09 08:15:00,08:15:00,0,16:21:00,16:19:00,-2,2025-06-09,29700,58860,0
2025,6,9,1,LAX,IAD,2025-06-09 10:15:00,10:13:00,-2,18:20:00,18:06:00,-14,2025-06-09,36900,66000,0
2025,6,9,1,LAX,IAD,2025-06-09 13:15:00,13:10:00,-5,21:20:00,21:08:00,-12,2025-06-09,47700,76800,0
2025,6,9,1,LAX,IAD,2025-06-09 16:45:00,16:38:00,-7,00:44:00,00:21:00,-23,2025-06-09,60300,2640,0
2025,6,9,1,LAX,IAD,2025-06-09 22:50:00,22:54:00,4,06:39:00,06:25:00,-14,2025-06-09,82200,23940,0
2025,6,9,1,LAX,IAH,2025-06-09 00:56:00,00:55:00,-1,06:18:00,06:16:00,-2,2025-06-09,3360,22680,0
2025,6,9,1,LAX,IAH,2025-06-09 05:15:00,05:09:00,-6,10:42:00,10:14:00,-28,2025-06-09,18900,38520,0
2025,6,9,1,LAX,IAH,2025-06-09 07:15:00,07:12:00,-3,12:44:00,12:20:00,-24,2025-06-09,26100,45840,0
2025,6,9,1,LAX,IAH,2025-06-09 08:40:00,09:16:00,36,14:09:00,14:21:00,12,2025-06-09,31200,50940,0
2025,6,9,1,LAX,IAH,2025-06-09 08:45:00,08:38:00,-7,14:07:00,13:50:00,-17,2025-06-09,31500,50820,0
2025,6,9,1,LAX,IAH,2025-06-09 10:15:00,10:57:00,42,15:40:00,16:07:00,27,2025-06-09,36900,56400,0
2025,6,9,1,LAX,IAH,2025-06-09 11:33:00,11:31:00,-2,16:53:00,16:24:00,-29,2025-06-09,41580,60780,0
2025,6,9,1,LAX,IAH,2025-06-09 12:07:00,12:10:00,3,17:24:00,19:18:00,114,2025-06-09,43620,62640,0
2025,6,9,1,LAX,IAH,2025-06-09 13:10:00,13:07:00,-3,18:40:00,20:08:00,88,2025-06-09,47400,67200,0
2025,6,9,1,LAX,IAH,2025-06-09 13:58:00,13:50:00,-8,19:25:00,18:55:00,-30,2025-06-09,50280,69900,0
2025,6,9,1,LAX,IAH,2025-06-09 18:09:00,18:05:00,-4,23:28:00,23:02:00,-26,2025-06-09,65340,84480,0
2025,6,9,1,LAX,IAH,2025-06-09 18:10:00,18:10:00,0,23:33:00,23:41:00,8,2025-06-09,65400,84780,0
2025,6,9,1,LAX,IAH,2025-06-09 19:20:00,19:18:00,-2,00:43:00,00:16:00,-27,2025-06-09,69600,2580,0
2025,6,9,1,LAX,IND,2025-06-09 10:36:00,10:34:00,-2,17:47:00,17:38:00,-9,2025-06-09,38160,64020,0
2025,6,9,1,LAX,IND,2025-06-09 12:13:00,12:08:00,-5,19:15:00,19:23:00,8,2025-06-09,43980,69300,0
2025,6,9,1,LAX,IND,2025-06-09 23:14:00,23:08:00,-6,06:14:00,06:03:00,-11,2025-06-09,83640,22440,0
2025,6,9,1,LAX,JAC,2025-06-09 09:00:00,08:50:00,-10,12:18:00,12:46:00,28,2025-06-09,32400,44280,0
2025,6,9,1,LAX,JAC,2025-06-09 10:30:00,10:19:00,-11,13:48:00,13:39:00,-9,2025-06-09,37800,49680,0
2025,6,9,1,LAX,JFK,2025-06-09 06:00:00,05:55:00,-5,14:34:00,13:54:00,-40,2025-06-09,21600,52440,0
2025,6,9,1,LAX,JFK,2025-06-09 06:00:00,05:56:00,-4,14:30:00,14:19:00,-11,2025-06-09,21600,52200,0
2025,6,9,1,LAX,JFK,2025-06-09 07:00:00,06:54:00,-6,15:35:00,15:10:00,-25,2025-06-09,25200,56100,0
2025,6,9,1,LAX,JFK,2025-06-09 07:00:00,06:58:00,-2,15:35:00,15:22:00,-13,2025-06-09,25200,56100,0
2025,6,9,1,LAX,JFK,2025-06-09 07:55:00,07:53:00,-2,16:32:00,16:21:00,-11,2025-06-09,28500,59520,0
2025,6,9,1,LAX,JFK,2025-06-09 08:19:00,08:12:00,-7,16:58:00,16:37:00,-21,2025-06-09,29940,61080,0
2025,6,9,1,LAX,JFK,2025-06-09 09:05:00,08:59:00,-6,17:57:00,17:42:00,-15,2025-06-09,32700,64620,0
2025,6,9,1,LAX,JFK,2025-06-09 09:55:00,09:55:00,0,18:35:00,18:24:00,-11,2025-06-09,35700,66900,0
2025,6,9,1,LAX,JFK,2025-06-09 10:10:00,10:11:00,1,19:10:00,18:43:00,-27,2025-06-09,36600,69000,0
2025,6,9,1,LAX,JFK,2025-06-09 10:21:00,10:15:00,-6,18:59:00,18:44:00,-15,2025-06-09,37260,68340,0
2025,6,9,1,LAX,JFK,2025-06-09 11:10:00,11:32:00,22,19:50:00,21:01:00,71,2025-06-09,40200,71400,0
2025,6,9,1,LAX,JFK,2025-06-09 11:15:00,11:07:00,-8,19:59:00,19:21:00,-38,2025-06-09,40500,71940,0
2025,6,9,1,LAX,JFK,2025-06-09 12:20:00,13:07:00,47,21:02:00,21:19:00,17,2025-06-09,44400,75720,0
2025,6,9,1,LAX,JFK,2025-06-09 12:30:00,12:53:00,23,21:07:00,21:47:00,40,2025-06-09,45000,76020,0
2025,6,9,1,LAX,JFK,2025-06-09 14:30:00,14:59:00,29,23:10:00,23:30:00,20,2025-06-09,52200,83400,0
2025,6,9,1,LAX,JFK,2025-06-09 15:15:00,15:19:00,4,23:55:00,23:51:00,-4,2025-06-09,54900,86100,0
2025,6,9,1,LAX,JFK,2025-06-09 15:20:00,15:15:00,-5,23:58:00,00:03:00,5,2025-06-09,55200,86280,0
2025,6,9,1,LAX,JFK,2025-06-09 15:20:00,15:16:00,-4,23:54:00,23:54:00,0,2025-06-09,55200,86040,0
2025,6,9,1,LAX,JFK,2025-06-09 16:20:00,17:12:00,52,00:57:00,01:17:00,20,2025-06-09,58800,3420,0
2025,6,9,1,LAX,JFK,2025-06-09 20:53:00,21:32:00,39,05:30:00,05:55:00,25,2025-06-09,75180,19800,0
2025,6,9,1,LAX,JFK,2025-06-09 21:21:00,21:18:00,-3,05:55:00,05:38:00,-17,2025-06-09,76860,21300,0
2025,6,9,1,LAX,JFK,2025-06-09 21:25:00,21:18:00,-7,05:59:00,05:26:00,-33,2025-06-09,77100,21540,0
2025,6,9,1,LAX,JFK,2025-06-09 21:40:00,22:09:00,29,06:07:00,06:03:00,-4,2025-06-09,78000,22020,0
2025,6,9,1,LAX,JFK,2025-06-09 22:50:00,23:19:00,29,07:23:00,07:18:00,-5,2025-06-09,82200,26580,0
2025,6,9,1,LAX,JFK,2025-06-09 22:52:00,22:50:00,-2,07:32:00,07:38:00,6,2025-06-09,82320,27120,0
2025,6,9,1,LAX,JFK,2025-06-09 23:55:00,23:50:00,-5,08:30:00,08:54:00,24,2025-06-09,86100,30600,0
2025,6,9,1,LAX,JFK,2025-06-09 23:59:00,23:55:00,-4,08:37:00,08:35:00,-2,2025-06-09,86340,31020,0
2025,6,9,1,LAX,KOA,2025-06-09 09:10:00,09:42:00,32,11:50:00,12:33:00,43,2025-06-09,33000,42600,0
2025,6,9,1,LAX,KOA,2025-06-09 11:00:00,10:58:00,-2,13:35:00,13:44:00,9,2025-06-09,39600,48900,0
2025,6,9,1,LAX,KOA,2025-06-09 11:19:00,11:40:00,21,13:55:00,14:41:00,46,2025-06-09,40740,50100,0
2025,6,9,1,LAX,KOA,2025-06-09 16:29:00,16:23:00,-6,18:59:00,18:54:00,-5,2025-06-09,59340,68340,0
2025,6,9,1,LAX,KOA,2025-06-09 17:25:00,17:19:00,-6,20:03:00,19:46:00,-17,2025-06-09,62700,72180,0
2025,6,9,1,LAX,LAS,2025-06-09 05:20:00,05:13:00,-7,06:35:00,06:13:00,-22,2025-06-09,19200,23700,0
2025,6,9,1,LAX,LAS,2025-06-09 06:00:00,05:58:00,-2,07:19:00,07:03:00,-16,2025-06-09,21600,26340,0
2025,6,9,1,LAX,LAS,2025-06-09 07:25:00,07:19:00,-6,08:45:00,08:26:00,-19,2025-06-09,26700,31500,0
2025,6,9,1,LAX,LAS,2025-06-09 07:30:00,07:24:00,-6,08:40:00,08:31:00,-9,2025-06-09,27000,31200,0
2025,6,9,1,LAX,LAS,2025-06-09 08:26:00,08:24:00,-2,09:51:00,09:46:00,-5,2025-06-09,30360,35460,0
2025,6,9,1,LAX,LAS,2025-06-09 08:45:00,08:41:00,-4,10:05:00,09:59:00,-6,2025-06-09,31500,36300,0
2025,6,9,1,LAX,LAS,2025-06-09 10:19:00,10:10:00,-9,11:31:00,11:20:00,-11,2025-06-09,37140,41460,0
2025,6,9,1,LAX,LAS,2025-06-09 10:30:00,10:22:00,-8,11:47:00,11:35:00,-12,2025-06-09,37800,42420,0
2025,6,9,1,LAX,LAS,2025-06-09 11:25:00,11:34:00,9,12:45:00,12:36:00,-9,2025-06-09,41100,45900,0
2025,6,9,1,LAX,LAS,2025-06-09 11:40:00,11:38:00,-2,12:54:00,12:52:00,-2,2025-06-09,42000,46440,0
2025,6,9,1,LAX,LAS,2025-06-09 14:45:00,14:39:00,-6,16:07:00,15:46:00,-21,2025-06-09,53100,58020,0
2025,6,9,1,LAX,LAS,2025-06-09 15:05:00,15:40:00,35,16:15:00,17:01:00,46,2025-06-09,54300,58500,0
2025,6,9,1,LAX,LAS,2025-06-09 15:35:00,15:58:00,23,16:55:00,17:05:00,10,2025-06-09,56100,60900,0
2025,6,9,1,LAX,LAS,2025-06-09 15:48:00,16:16:00,28,17:13:00,17:24:00,11,2025-06-09,56880,61980,0
2025,6,9,1,LAX,LAS,2025-06-09 17:40:00,17:35:00,-5,18:55:00,18:43:00,-12,2025-06-09,63600,68100,0
2025,6,9,1,LAX,LAS,2025-06-09 18:50:00,19:36:00,46,20:00:00,21:01:00,61,2025-06-09,67800,72000,0
2025,6,9,1,LAX,LAS,2025-06-09 18:52:00,18:48:00,-4,20:10:00,19:55:00,-15,2025-06-09,67920,72600,0
2025,6,9,1,LAX,LAS,2025-06-09 19:30:00,19:20:00,-10,20:52:00,20:27:00,-25,2025-06-09,70200,75120,0
2025,6,9,1,LAX,LAS,2025-06-09 19:40:00,20:33:00,53,21:00:00,22:04:00,64,2025-06-09,70800,75600,0
2025,6,9,1,LAX,LAS,2025-06-09 19:45:00,19:41:00,-4,21:08:00,21:21:00,13,2025-06-09,71100,76080,0
2025,6,9,1,LAX,LAS,2025-06-09 19:48:00,19:54:00,6,21:00:00,21:39:00,39,2025-06-09,71280,75600,0
2025,6,9,1,LAX,LAS,2025-06-09 19:59:00,19:53:00,-6,21:10:00,21:29:00,19,2025-06-09,71940,76200,0
2025,6,9,1,LAX,LAS,2025-06-09 21:55:00,21:56:00,1,23:15:00,23:01:00,-14,2025-06-09,78900,83700,0
2025,6,9,1,LAX,LAS,2025-06-09 22:15:00,22:24:00,9,23:27:00,23:46:00,19,2025-06-09,80100,84420,0
2025,6,9,1,LAX,LAS,2025-06-09 23:05:00,23:28:00,23,00:27:00,00:35:00,8,2025-06-09,83100,1620,0
2025,6,9,1,LAX,LIH,2025-06-09 08:42:00,09:06:00,24,11:38:00,12:05:00,27,2025-06-09,31320,41880,0
2025,6,9,1,LAX,LIH,2025-06-09 09:00:00,08:55:00,-5,11:45:00,11:53:00,8,2025-06-09,32400,42300,0
2025,6,9,1,LAX,LIH,2025-06-09 09:03:00,09:02:00,-1,12:04:00,12:00:00,-4,2025-06-09,32580,43440,0
2025,6,9,1,LAX,LIH,2025-06-09 14:25:00,15:13:00,48,17:08:00,18:03:00,55,2025-06-09,51900,61680,0
2025,6,9,1,LAX,MCI,2025-06-09 08:00:00,08:13:00,13,13:15:00,13:30:00,15,2025-06-09,28800,47700,0
2025,6,9,1,LAX,MCI,2025-06-09 09:30:00,09:27:00,-3,14:44:00,14:38:00,-6,2025-06-09,34200,53040,0
2025,6,9,1,LAX,MCI,2025-06-09 15:01:00,15:02:00,1,20:12:00,20:13:00,1,2025-06-09,54060,72720,0
2025,6,9,1,LAX,MCI,2025-06-09 18:15:00,18:59:00,44,23:27:00,00:09:00,42,2025-06-09,65700,84420,0
2025,6,9,1,LAX,MCO,2025-06-09 07:00:00,06:58:00,-2,14:58:00,14:51:00,-7,2025-06-09,25200,53880,0
2025,6,9,1,LAX,MCO,2025-06-09 10:02:00,10:09:00,7,18:04:00,17:43:00,-21,2025-06-09,36120,65040,0
2025,6,9,1,LAX,MCO,2025-06-09 10:35:00,10:33:00,-2,18:38:00,18:27:00,-11,2025-06-09,38100,67080,0
2025,6,9,1,LAX,MCO,2025-06-09 11:20:00,11:16:00,-4,19:14:00,18:58:00,-16,2025-06-09,40800,69240,0
2025,6,9,1,LAX,MCO,2025-06-09 16:05:00,16:43:00,38,23:59:00,00:04:00,5,2025-06-09,57900,86340,0
2025,6,9,1,LAX,MCO,2025-06-09 21:35:00,21:32:00,-3,05:36:00,05:06:00,-30,2025-06-09,77700,20160,0
2025,6,9,1,LAX,MCO,2025-06-09 21:45:00,21:48:00,3,05:32:00,05:23:00,-9,2025-06-09,78300,19920,0
2025,6,9,1,LAX,MCO,2025-06-09 22:49:00,22:48:00,-1,06:47:00,06:43:00,-4,2025-06-09,82140,24420,0
2025,6,9,1,LAX,MDW,2025-06-09 06:20:00,06:17:00,-3,12:25:00,12:06:00,-19,2025-06-09,22800,44700,0
2025,6,9,1,LAX,MDW,2025-06-09 08:40:00,08:41:00,1,14:45:00,14:35:00,-10,2025-06-09,31200,53100,0
2025,6,9,1,LAX,MDW,2025-06-09 13:15:00,13:55:00,40,19:20:00,19:55:00,35,2025-06-09,47700,69600,0
2025,6,9,1,LAX,MDW,2025-06-09 22:55:00,22:57:00,2,05:00:00,04:52:00,-8,2025-06-09,82500,18000,0
2025,6,9,1,LAX,MEM,2025-06-09 18:20:00,18:11:00,-9,23:58:00,23:51:00,-7,2025-06-09,66000,86280,0
2025,6,9,1,LAX,MIA,2025-06-09 06:00:00,05:56:00,-4,14:13:00,13:36:00,-37,2025-06-09,21600,51180,0
2025,6,9,1,LAX,MIA,2025-06-09 07:45:00,07:45:00,0,15:54:00,15:30:00,-24,2025-06-09,27900,57240,0
2025,6,9,1,LAX,MIA,2025-06-09 09:00:00,09:12:00,12,17:19:00,17:01:00,-18,2025-06-09,32400,62340,0
2025,6,9,1,LAX,MIA,2025-06-09 10:05:00,10:58:00,53,18:16:00,18:53:00,37,2025-06-09,36300,65760,0
2025,6,9,1,LAX,MIA,2025-06-09 12:10:00,12:20:00,10,20:20:00,20:07:00,-13,2025-06-09,43800,73200,0
2025,6,9,1,LAX,MIA,2025-06-09 15:00:00,15:21:00,21,23:10:00,22:47:00,-23,2025-06-09,54000,83400,0
2025,6,9,1,LAX,MIA,2025-06-09 21:40:00,21:47:00,7,05:50:00,05:24:00,-26,2025-06-09,78000,21000,0
2025,6,9,1,LAX,MIA,2025-06-09 22:49:00,23:36:00,47,07:01:00,07:35:00,34,2025-06-09,82140,25260,0
2025,6,9,1,LAX,MIA,2025-06-09 23:43:00,23:41:00,-2,07:50:00,07:20:00,-30,2025-06-09,85380,28200,0
2025,6,9,1,LAX,MRY,2025-06-09 08:20:00,08:19:00,-1,09:42:00,09:40:00,-2,2025-06-09,30000,34920,0
2025,6,9,1,LAX,MRY,2025-06-09 18:23:00,18:20:00,-3,19:37:00,19:36:00,-1,2025-06-09,66180,70620,0
2025,6,9,1,LAX,MSO,2025-06-09 11:31:00,11:25:00,-6,15:10:00,15:04:00,-6,2025-06-09,41460,54600,0
2025,6,9,1,LAX,MSP,2025-06-09 00:50:00,00:55:00,5,06:25:00,06:24:00,-1,2025-06-09,3000,23100,0
2025,6,9,1,LAX,MSP,2025-06-09 06:17:00,06:15:00,-2,11:48:00,11:51:00,3,2025-06-09,22620,42480,0
2025,6,9,1,LAX,MSP,2025-06-09 08:00:00,08:00:00,0,13:34:00,13:56:00,22,2025-06-09,28800,48840,0
2025,6,9,1,LAX,MSP,2025-06-09 11:30:00,11:23:00,-7,17:02:00,16:52:00,-10,2025-06-09,41400,61320,0
2025,6,9,1,LAX,MSP,2025-06-09 13:25:00,13:43:00,18,18:55:00,19:19:00,24,2025-06-09,48300,68100,0
2025,6,9,1,LAX,MSP,2025-06-09 15:20:00,15:32:00,12,20:49:00,21:00:00,11,2025-06-09,55200,74940,0
2025,6,9,1,LAX,MSP,2025-06-09 18:50:00,18:45:00,-5,00:20:00,00:18:00,-2,2025-06-09,67800,1200,0
2025,6,9,1,LAX,MSP,2025-06-09 23:30:00,23:47:00,17,05:04:00,05:26:00,22,2025-06-09,84600,18240,0
2025,6,9,1,LAX,MSY,2025-06-09 07:00:00,06:59:00,-1,12:40:00,12:29:00,-11,2025-06-09,25200,45600,0
2025,6,9,1,LAX,MSY,2025-06-09 12:10:00,12:01:00,-9,17:53:00,17:25:00,-28,2025-06-09,43800,64380,0
2025,6,9,1,LAX,MSY,2025-06-09 12:25:00,12:24:00,-1,18:10:00,18:09:00,-1,2025-06-09,44700,65400,0
2025,6,9,1,LAX,MSY,2025-06-09 16:43:00,16:42:00,-1,22:20:00,22:14:00,-6,2025-06-09,60180,80400,0
2025,6,9,1,LAX,MSY,2025-06-09 18:18:00,18:35:00,17,23:58:00,00:08:00,10,2025-06-09,65880,86280,0
2025,6,9,1,LAX,OAK,2025-06-09 06:10:00,06:05:00,-5,07:35:00,07:15:00,-20,2025-06-09,22200,27300,0
2025,6,9,1,LAX,OAK,2025-06-09 08:05:00,08:00:00,-5,09:30:00,09:15:00,-15,2025-06-09,29100,34200,0
2025,6,9,1,LAX,OAK,2025-06-09 09:25:00,09:20:00,-5,10:50:00,10:31:00,-19,2025-06-09,33900,39000,0
2025,6,9,1,LAX,OAK,2025-06-09 11:50:00,11:53:00,3,13:15:00,13:10:00,-5,2025-06-09,42600,47700,0
2025,6,9,1,LAX,OAK,2025-06-09 15:05:00,15:23:00,18,16:25:00,16:36:00,11,2025-06-09,54300,59100,0
2025,6,9,1,LAX,OAK,2025-06-09 18:45:00,18:46:00,1,20:10:00,19:56:00,-14,2025-06-09,67500,72600,0
2025,6,9,1,LAX,OAK,2025-06-09 20:30:00,20:24:00,-6,21:55:00,21:46:00,-9,2025-06-09,73800,78900,0
2025,6,9,1,LAX,OGG,2025-06-09 07:45:00,07:53:00,8,10:25:00,10:37:00,12,2025-06-09,27900,37500,0
2025,6,9,1,LAX,OGG,2025-06-09 08:00:00,07:54:00,-6,10:31:00,10:22:00,-9,2025-06-09,28800,37860,0
2025,6,9,1,LAX,OGG,2025-06-09 08:15:00,08:06:00,-9,10:55:00,10:39:00,-16,2025-06-09,29700,39300,0
2025,6,9,1,LAX,OGG,2025-06-09 09:02:00,09:05:00,3,11:47:00,11:45:00,-2,2025-06-09,32520,42420,0
2025,6,9,1,LAX,OGG,2025-06-09 16:55:00,16:51:00,-4,19:34:00,19:25:00,-9,2025-06-09,60900,70440,0
2025,6,9,1,LAX,OGG,2025-06-09 16:56:00,16:50:00,-6,19:28:00,19:14:00,-14,2025-06-09,60960,70080,0
2025,6,9,1,LAX,OGG,2025-06-09 17:54:00,17:49:00,-5,20:30:00,20:19:00,-11,2025-06-09,64440,73800,0
2025,6,9,1,LAX,OKC,2025-06-09 09:00:00,09:26:00,26,14:00:00,14:05:00,5,2025-06-09,32400,50400,0
2025,6,9,1,LAX,OKC,2025-06-09 17:32:00,18:03:00,31,22:30:00,22:55:00,25,2025-06-09,63120,81000,0
2025,6,9,1,LAX,OMA,2025-06-09 12:36:00,12:32:00,-4,17:52:00,17:44:00,-8,2025-06-09,45360,64320,0
2025,6,9,1,LAX,ORD,2025-06-09 00:30:00,00:27:00,-3,06:42:00,06:39:00,-3,2025-06-09,1800,24120,0
2025,6,9,1,LAX,ORD,2025-06-09 00:32:00,00:37:00,5,06:38:00,06:30:00,-8,2025-06-09,1920,23880,0
2025,6,9,1,LAX,ORD,2025-06-09 00:41:00,00:36:00,-5,06:42:00,06:38:00,-4,2025-06-09,2460,24120,0
2025,6,9,1,LAX,ORD,2025-06-09 05:30:00,05:24:00,-6,11:36:00,11:23:00,-13,2025-06-09,19800,41760,0
2025,6,9,1,LAX,ORD,2025-06-09 05:45:00,05:37:00,-8,11:57:00,11:32:00,-25,2025-06-09,20700,43020,0
2025,6,9,1,LAX,ORD,2025-06-09 06:05:00,06:01:00,-4,12:21:00,12:10:00,-11,2025-06-09,21900,44460,0
2025,6,9,1,LAX,ORD,2025-06-09 06:20:00,06:43:00,23,12:42:00,12:41:00,-1,2025-06-09,22800,45720,0
2025,6,9,1,LAX,ORD,2025-06-09 08:00:00,07:57:00,-3,14:15:00,14:04:00,-11,2025-06-09,28800,51300,0
2025,6,9,1,LAX,ORD,2025-06-09 08:15:00,08:44:00,29,14:39:00,15:09:00,30,2025-06-09,29700,52740,0
2025,6,9,1,LAX,ORD,2025-06-09 09:36:00,09:43:00,7,15:44:00,15:46:00,2,2025-06-09,34560,56640,0
2025,6,9,1,LAX,ORD,2025-06-09 10:40:00,10:37:00,-3,16:56:00,16:48:00,-8,2025-06-09,38400,60960,0
2025,6,9,1,LAX,ORD,2025-06-09 11:05:00,11:19:00,14,17:17:00,17:33:00,16,2025-06-09,39900,62220,0
2025,6,9,1,LAX,ORD,2025-06-09 11:45:00,11:58:00,13,17:53:00,18:25:00,32,2025-06-09,42300,64380,0
2025,6,9,1,LAX,ORD,2025-06-09 12:37:00,12:30:00,-7,18:55:00,19:00:00,5,2025-06-09,45420,68100,0
2025,6,9,1,LAX,ORD,2025-06-09 13:00:00,12:53:00,-7,19:29:00,19:07:00,-22,2025-06-09,46800,70140,0
2025,6,9,1,LAX,ORD,2025-06-09 14:01:00,13:57:00,-4,20:25:00,20:35:00,10,2025-06-09,50460,73500,0
2025,6,9,1,LAX,ORD,2025-06-09 16:40:00,16:37:00,-3,23:04:00,22:45:00,-19,2025-06-09,60000,83040,0
2025,6,9,1,LAX,ORD,2025-06-09 17:38:00,17:33:00,-5,23:59:00,23:29:00,-30,2025-06-09,63480,86340,0
2025,6,9,1,LAX,ORD,2025-06-09 22:40:00,22:35:00,-5,04:51:00,04:24:00,-27,2025-06-09,81600,17460,0
2025,6,9,1,LAX,ORD,2025-06-09 23:00:00,22:56:00,-4,05:13:00,04:54:00,-19,2025-06-09,82800,18780,0
2025,6,9,1,LAX,ORD,2025-06-09 23:37:00,23:31:00,-6,05:45:00,05:23:00,-22,2025-06-09,85020,20700,0
2025,6,9,1,LAX,PDX,2025-06-09 07:00:00,06:48:00,-12,09:28:00,09:08:00,-20,2025-06-09,25200,34080,0
2025,6,9,1,LAX,PDX,2025-06-09 07:00:00,06:50:00,-10,09:21:00,08:57:00,-24,2025-06-09,25200,33660,0
2025,6,9,1,LAX,PDX,2025-06-09 08:45:00,08:37:00,-8,11:10:00,10:49:00,-21,2025-06-09,31500,40200,0
2025,6,9,1,LAX,PDX,2025-06-09 09:25:00,09:22:00,-3,11:52:00,11:49:00,-3,2025-06-09,33900,42720,0
2025,6,9,1,LAX,PDX,2025-06-09 11:20:00,11:14:00,-6,13:47:00,13:44:00,-3,2025-06-09,40800,49620,0
2025,6,9,1,LAX,PDX,2025-06-09 12:01:00,11:51:00,-10,14:25:00,14:08:00,-17,2025-06-09,43260,51900,0
2025,6,9,1,LAX,PDX,2025-06-09 13:40:00,13:45:00,5,16:00:00,16:12:00,12,2025-06-09,49200,57600,0
2025,6,9,1,LAX,PDX,2025-06-09 13:57:00,13:50:00,-7,16:24:00,16:02:00,-22,2025-06-09,50220,59040,0
2025,6,9,1,LAX,PDX,2025-06-09 15:05:00,14:54:00,-11,17:33:00,17:23:00,-10,2025-06-09,54300,63180,0
2025,6,9,1,LAX,PDX,2025-06-09 16:40:00,16:33:00,-7,18:59:00,18:44:00,-15,2025-06-09,60000,68340,0
2025,6,9,1,LAX,PDX,2025-06-09 18:20:00,18:20:00,0,20:48:00,20:47:00,-1,2025-06-09,66000,74880,0
2025,6,9,1,LAX,PDX,2025-06-09 20:06:00,20:47:00,41,22:30:00,23:24:00,54,2025-06-09,72360,81000,0
2025,6,9,1,LAX,PDX,2025-06-09 20:25:00,21:18:00,53,22:45:00,23:30:00,45,2025-06-09,73500,81900,0
2025,6,9,1,LAX,PDX,2025-06-09 21:33:00,21:24:00,-9,23:59:00,23:47:00,-12,2025-06-09,77580,86340,0
2025,6,9,1,LAX,PHL,2025-06-09 01:08:00,01:01:00,-7,09:16:00,08:59:00,-17,2025-06-09,4080,33360,0
2025,6,9,1,LAX,PHL,2025-06-09 06:45:00,06:37:00,-8,14:54:00,14:46:00,-8,2025-06-09,24300,53640,0
2025,6,9,1,LAX,PHL,2025-06-09 07:45:00,07:36:00,-9,15:56:00,15:42:00,-14,2025-06-09,27900,57360,0
2025,6,9,1,LAX,PHL,2025-06-09 09:00:00,08:56:00,-4,17:18:00,17:19:00,1,2025-06-09,32400,62280,0
2025,6,9,1,LAX,PHL,2025-06-09 11:40:00,11:42:00,2,19:56:00,20:07:00,11,2025-06-09,42000,71760,0
2025,6,9,1,LAX,PHL,2025-06-09 14:42:00,14:35:00,-7,22:54:00,22:43:00,-11,2025-06-09,52920,82440,0
2025,6,9,1,LAX,PHL,2025-06-09 16:30:00,16:19:00,-11,00:43:00,00:26:00,-17,2025-06-09,59400,2580,0
2025,6,9,1,LAX,PHL,2025-06-09 22:20:00,23:13:00,53,06:30:00,07:16:00,46,2025-06-09,80400,23400,0
2025,6,9,1,LAX,PHL,2025-06-09 22:53:00,22:54:00,1,07:05:00,06:51:00,-14,2025-06-09,82380,25500,0
2025,6,9,1,LAX,PHX,2025-06-09 05:25:00,05:21:00,-4,06:55:00,06:38:00,-17,2025-06-09,19500,24900,0
2025,6,9,1,LAX,PHX,2025-06-09 06:10:00,06:20:00,10,07:39:00,07:39:00,0,2025-06-09,22200,27540,0
2025,6,9,1,LAX,PHX,2025-06-09 07:05:00,07:01:00,-4,08:30:00,08:23:00,-7,2025-06-09,25500,30600,0
2025,6,9,1,LAX,PHX,2025-06-09 07:50:00,08:00:00,10,09:15:00,09:07:00,-8,2025-06-09,28200,33300,0
2025,6,9,1,LAX,PHX,2025-06-09 08:15:00,08:06:00,-9,09:51:00,09:36:00,-15,2025-06-09,29700,35460,0
2025,6,9,1,LAX,PHX,2025-06-09 10:00:00,09:55:00,-5,11:30:00,11:14:00,-16,2025-06-09,36000,41400,0
2025,6,9,1,LAX,PHX,2025-06-09 10:15:00,10:18:00,3,11:45:00,11:42:00,-3,2025-06-09,36900,42300,0
2025,6,9,1,LAX,PHX,2025-06-09 11:05:00,11:02:00,-3,12:35:00,12:09:00,-26,2025-06-09,39900,45300,0
2025,6,9,1,LAX,PHX,2025-06-09 13:25:00,13:19:00,-6,15:03:00,14:47:00,-16,2025-06-09,48300,54180,0
2025,6,9,1,LAX,PHX,2025-06-09 13:25:00,13:21:00,-4,14:50:00,14:34:00,-16,2025-06-09,48300,53400,0
2025,6,9,1,LAX,PHX,2025-06-09 14:00:00,13:55:00,-5,15:28:00,15:19:00,-9,2025-06-09,50400,55680,0
2025,6,9,1,LAX,PHX,2025-06-09 14:28:00,14:55:00,27,16:07:00,16:23:00,16,2025-06-09,52080,58020,0
2025,6,9,1,LAX,PHX,2025-06-09 14:40:00,15:27:00,47,16:10:00,16:40:00,30,2025-06-09,52800,58200,0
2025,6,9,1,LAX,PHX,2025-06-09 16:32:00,16:33:00,1,17:59:00,17:53:00,-6,2025-06-09,59520,64740,0
2025,6,9,1,LAX,PHX,2025-06-09 17:30:00,17:22:00,-8,18:55:00,18:43:00,-12,2025-06-09,63000,68100,0
2025,6,9,1,LAX,PHX,2025-06-09 19:10:00,19:02:00,-8,20:39:00,20:22:00,-17,2025-06-09,69000,74340,0
2025,6,9,1,LAX,PHX,2025-06-09 19:35:00,19:48:00,13,21:03:00,21:10:00,7,2025-06-09,70500,75780,0
2025,6,9,1,LAX,PHX,2025-06-09 19:55:00,20:01:00,6,21:30:00,21:24:00,-6,2025-06-09,71700,77400,0
2025,6,9,1,LAX,PHX,2025-06-09 21:34:00,21:38:00,4,23:05:00,23:10:00,5,2025-06-09,77640,83100,0
2025,6,9,1,LAX,PHX,2025-06-09 21:35:00,22:07:00,32,23:15:00,23:24:00,9,2025-06-09,77700,83700,0
2025,6,9,1,LAX,PHX,2025-06-09 22:35:00,22:32:00,-3,00:13:00,00:08:00,-5,2025-06-09,81300,780,0
2025,6,9,1,LAX,PIT,2025-06-09 09:15:00,09:10:00,-5,17:00:00,16:55:00,-5,2025-06-09,33300,61200,0
2025,6,9,1,LAX,PRC,2025-06-09 19:45:00,19:35:00,-10,21:11:00,20:53:00,-18,2025-06-09,71100,76260,0
2025,6,9,1,LAX,PSC,2025-06-09 20:22:00,20:29:00,7,22:57:00,22:49:00,-8,2025-06-09,73320,82620,0
2025,6,9,1,LAX,RDD,2025-06-09 12:50:00,12:44:00,-6,14:39:00,14:28:00,-11,2025-06-09,46200,52740,0
2025,6,9,1,LAX,RDM,2025-06-09 12:45:00,12:43:00,-2,15:03:00,14:51:00,-12,2025-06-09,45900,54180,0
2025,6,9,1,LAX,RDU,2025-06-09 08:57:00,08:58:00,1,16:54:00,16:36:00,-18,2025-06-09,32220,60840,0
2025,6,9,1,LAX,RDU,2025-06-09 10:37:00,10:33:00,-4,18:31:00,18:18:00,-13,2025-06-09,38220,66660,0
2025,6,9,1,LAX,RDU,2025-06-09 22:20:00,22:13:00,-7,06:18:00,05:53:00,-25,2025-06-09,80400,22680,0
2025,6,9,1,LAX,RNO,2025-06-09 09:59:00,09:51:00,-8,11:31:00,11:06:00,-25,2025-06-09,35940,41460,0
2025,6,9,1,LAX,RNO,2025-06-09 10:19:00,10:17:00,-2,12:00:00,11:55:00,-5,2025-06-09,37140,43200,0
2025,6,9,1,LAX,RNO,2025-06-09 14:25:00,14:32:00,7,15:50:00,15:47:00,-3,2025-06-09,51900,57000,0
2025,6,9,1,LAX,RNO,2025-06-09 15:02:00,15:02:00,0,16:30:00,16:27:00,-3,2025-06-09,54120,59400,0
2025,6,9,1,LAX,RNO,2025-06-09 17:10:00,17:04:00,-6,18:44:00,18:43:00,-1,2025-06-09,61800,67440,0
2025,6,9,1,LAX,RNO,2025-06-09 20:15:00,20:11:00,-4,21:49:00,21:32:00,-17,2025-06-09,72900,78540,0
2025,6,9,1,LAX,RNO,2025-06-09 20:50:00,20:51:00,1,22:17:00,22:19:00,2,2025-06-09,75000,80220,0
2025,6,9,1,LAX,RNO,2025-06-09 21:59:00,22:48:00,49,23:32:00,00:10:00,38,2025-06-09,79140,84720,0
2025,6,9,1,LAX,SAN,2025-06-09 08:20:00,08:11:00,-9,09:19:00,09:02:00,-17,2025-06-09,30000,33540,0
2025,6,9,1,LAX,SAN,2025-06-09 09:20:00,09:11:00,-9,10:24:00,10:22:00,-2,2025-06-09,33600,37440,0
2025,6,9,1,LAX,SAN,2025-06-09 14:28:00,14:23:00,-5,15:22:00,15:11:00,-11,2025-06-09,52080,55320,0
2025,6,9,1,LAX,SAN,2025-06-09 18:00:00,18:03:00,3,18:54:00,19:00:00,6,2025-06-09,64800,68040,0
2025,6,9,1,LAX,SAN,2025-06-09 18:46:00,18:39:00,-7,19:47:00,19:36:00,-11,2025-06-09,67560,71220,0
2025,6,9,1,LAX,SAN,2025-06-09 21:59:00,21:57:00,-2,22:53:00,22:52:00,-1,2025-06-09,79140,82380,0
2025,6,9,1,LAX,SAN,2025-06-09 22:45:00,22:51:00,6,23:46:00,23:37:00,-9,2025-06-09,81900,85560,0
2025,6,9,1,LAX,SAT,2025-06-09 08:54:00,08:50:00,-4,13:42:00,13:32:00,-10,2025-06-09,32040,49320,0
2025,6,9,1,LAX,SAT,2025-06-09 09:12:00,09:16:00,4,14:19:00,13:58:00,-21,2025-06-09,33120,51540,0
2025,6,9,1,LAX,SAT,2025-06-09 14:10:00,14:37:00,27,19:10:00,19:09:00,-1,2025-06-09,51000,69000,0
2025,6,9,1,LAX,SAT,2025-06-09 17:00:00,16:52:00,-8,21:58:00,21:51:00,-7,2025-06-09,61200,79080,0
2025,6,9,1,LAX,SAT,2025-06-09 18:58:00,18:53:00,-5,23:49:00,23:35:00,-14,2025-06-09,68280,85740,0
2025,6,9,1,LAX,SBA,2025-06-09 15:20:00,15:09:00,-11,16:12:00,15:51:00,-21,2025-06-09,55200,58320,0
2025,6,9,1,LAX,SBA,2025-06-09 23:00:00,22:51:00,-9,23:58:00,23:51:00,-7,2025-06-09,82800,86280,0
2025,6,9,1,LAX,SBP,2025-06-09 15:00:00,14:52:00,-8,16:01:00,15:42:00,-19,2025-06-09,54000,57660,0
2025,6,9,1,LAX,SBP,2025-06-09 22:32:00,22:28:00,-4,23:36:00,23:31:00,-5,2025-06-09,81120,84960,0
2025,6,9,1,LAX,SDF,2025-06-09 07:46:00,07:38:00,-8,14:56:00,14:44:00,-12,2025-06-09,27960,53760,0
2025,6,9,1,LAX,SEA,2025-06-09 06:00:00,05:58:00,-2,08:56:00,08:55:00,-1,2025-06-09,21600,32160,0
2025,6,9,1,LAX,SEA,2025-06-09 07:00:00,06:52:00,-8,09:55:00,09:39:00,-16,2025-06-09,25200,35700,0
2025,6,9,1,LAX,SEA,2025-06-09 07:00:00,06:56:00,-4,09:54:00,09:32:00,-22,2025-06-09,25200,35640,0
2025,6,9,1,LAX,SEA,2025-06-09 08:00:00,07:48:00,-12,10:58:00,10:48:00,-10,2025-06-09,28800,39480,0
2025,6,9,1,LAX,SEA,2025-06-09 08:38:00,08:38:00,0,11:33:00,11:14:00,-19,2025-06-09,31080,41580,0
2025,6,9,1,LAX,SEA,2025-06-09 09:35:00,09:42:00,7,12:30:00,12:26:00,-4,2025-06-09,34500,45000,0
2025,6,9,1,LAX,SEA,2025-06-09 09:45:00,09:36:00,-9,12:42:00,12:11:00,-31,2025-06-09,35100,45720,0
2025,6,9,1,LAX,SEA,2025-06-09 11:10:00,11:05:00,-5,14:01:00,13:54:00,-7,2025-06-09,40200,50460,0
2025,6,9,1,LAX,SEA,2025-06-09 11:15:00,11:05:00,-10,14:09:00,14:01:00,-8,2025-06-09,40500,50940,0
2025,6,9,1,LAX,SEA,2025-06-09 11:55:00,11:48:00,-7,14:50:00,14:38:00,-12,2025-06-09,42900,53400,0
2025,6,9,1,LAX,SEA,2025-06-09 11:55:00,11:53:00,-2,14:45:00,14:51:00,6,2025-06-09,42900,53100,0
2025,6,9,1,LAX,SEA,2025-06-09 13:58:00,13:53:00,-5,16:53:00,16:40:00,-13,2025-06-09,50280,60780,0
2025,6,9,1,LAX,SEA,2025-06-09 14:15:00,14:16:00,1,17:00:00,16:53:00,-7,2025-06-09,51300,61200,0
2025,6,9,1,LAX,SEA,2025-06-09 15:36:00,15:34:00,-2,18:27:00,18:16:00,-11,2025-06-09,56160,66420,0
2025,6,9,1,LAX,SEA,2025-06-09 17:43:00,17:43:00,0,20:35:00,20:15:00,-20,2025-06-09,63780,74100,0
2025,6,9,1,LAX,SEA,2025-06-09 17:45:00,17:36:00,-9,20:35:00,20:31:00,-4,2025-06-09,63900,74100,0
2025,6,9,1,LAX,SEA,2025-06-09 18:39:00,18:31:00,-8,21:34:00,21:10:00,-24,2025-06-09,67140,77640,0
2025,6,9,1,LAX,SEA,2025-06-09 18:45:00,18:36:00,-9,21:36:00,21:21:00,-15,2025-06-09,67500,77760,0
2025,6,9,1,LAX,SEA,2025-06-09 19:07:00,19:28:00,21,21:58:00,22:28:00,30,2025-06-09,68820,79080,0
2025,6,9,1,LAX,SEA,2025-06-09 19:55:00,19:56:00,1,22:47:00,22:45:00,-2,2025-06-09,71700,82020,0
2025,6,9,1,LAX,SEA,2025-06-09 19:59:00,19:50:00,-9,22:57:00,22:36:00,-21,2025-06-09,71940,82620,0
2025,6,9,1,LAX,SEA,2025-06-09 21:10:00,21:08:00,-2,23:59:00,00:02:00,3,2025-06-09,76200,86340,0
2025,6,9,1,LAX,SEA,2025-06-09 21:29:00,21:17:00,-12,00:25:00,23:59:00,-26,2025-06-09,77340,1500,0
2025,6,9,1,LAX,SFO,2025-06-09 06:00:00,05:52:00,-8,07:31:00,07:17:00,-14,2025-06-09,21600,27060,0
2025,6,9,1,LAX,SFO,2025-06-09 06:00:00,05:57:00,-3,07:38:00,07:15:00,-23,2025-06-09,21600,27480,0
2025,6,9,1,LAX,SFO,2025-06-09 06:30:00,06:30:00,0,07:52:00,07:40:00,-12,2025-06-09,23400,28320,0
2025,6,9,1,LAX,SFO,2025-06-09 06:30:00,06:34:00,4,07:50:00,07:41:00,-9,2025-06-09,23400,28200,0
2025,6,9,1,LAX,SFO,2025-06-09 07:00:00,06:52:00,-8,08:36:00,08:19:00,-17,2025-06-09,25200,30960,0
2025,6,9,1,LAX,SFO,2025-06-09 08:05:00,08:00:00,-5,09:45:00,10:45:00,60,2025-06-09,29100,35100,0
2025,6,9,1,LAX,SFO,2025-06-09 08:35:00,08:33:00,-2,09:58:00,10:29:00,31,2025-06-09,30900,35880,0
2025,6,9,1,LAX,SFO,2025-06-09 09:10:00,09:02:00,-8,10:45:00,10:55:00,10,2025-06-09,33000,38700,0
2025,6,9,1,LAX,SFO,2025-06-09 10:00:00,10:11:00,11,11:20:00,11:27:00,7,2025-06-09,36000,40800,0
2025,6,9,1,LAX,SFO,2025-06-09 10:15:00,10:21:00,6,11:40:00,11:43:00,3,2025-06-09,36900,42000,0
2025,6,9,1,LAX,SFO,2025-06-09 10:26:00,10:18:00,-8,11:59:00,11:47:00,-12,2025-06-09,37560,43140,0
2025,6,9,1,LAX,SFO,2025-06-09 11:00:00,10:54:00,-6,12:31:00,12:17:00,-14,2025-06-09,39600,45060,0
2025,6,9,1,LAX,SFO,2025-06-09 12:20:00,12:15:00,-5,13:43:00,13:33:00,-10,2025-06-09,44400,49380,0
2025,6,9,1,LAX,SFO,2025-06-09 13:30:00,13:55:00,25,14:52:00,15:10:00,18,2025-06-09,48600,53520,0
2025,6,9,1,LAX,SFO,2025-06-09 13:39:00,13:43:00,4,15:07:00,14:55:00,-12,2025-06-09,49140,54420,0
2025,6,9,1,LAX,SFO,2025-06-09 14:22:00,14:13:00,-9,15:48:00,15:28:00,-20,2025-06-09,51720,56880,0
2025,6,9,1,LAX,SFO,2025-06-09 16:00:00,16:31:00,31,17:28:00,17:46:00,18,2025-06-09,57600,62880,0
2025,6,9,1,LAX,SFO,2025-06-09 16:10:00,16:05:00,-5,17:39:00,17:25:00,-14,2025-06-09,58200,63540,0
2025,6,9,1,LAX,SFO,2025-06-09 16:27:00,16:38:00,11,17:45:00,17:47:00,2,2025-06-09,59220,63900,0
2025,6,9,1,LAX,SFO,2025-06-09 16:30:00,17:17:00,47,17:55:00,18:43:00,48,2025-06-09,59400,64500,0
2025,6,9,1,LAX,SFO,2025-06-09 17:10:00,17:04:00,-6,18:40:00,18:23:00,-17,2025-06-09,61800,67200,0
2025,6,9,1,LAX,SFO,2025-06-09 17:40:00,17:44:00,4,19:02:00,19:14:00,12,2025-06-09,63600,68520,0
2025,6,9,1,LAX,SFO,2025-06-09 18:20:00,18:34:00,14,19:43:00,19:59:00,16,2025-06-09,66000,70980,0
2025,6,9,1,LAX,SFO,2025-06-09 18:31:00,18:42:00,11,19:58:00,20:11:00,13,2025-06-09,66660,71880,0
2025,6,9,1,LAX,SFO,2025-06-09 19:25:00,20:10:00,45,20:57:00,21:40:00,43,2025-06-09,69900,75420,0
2025,6,9,1,LAX,SFO,2025-06-09 19:35:00,19:29:00,-6,20:58:00,21:05:00,7,2025-06-09,70500,75480,0
2025,6,9,1,LAX,SFO,2025-06-09 19:55:00,20:28:00,33,21:25:00,23:05:00,100,2025-06-09,71700,77100,0
2025,6,9,1,LAX,SFO,2025-06-09 21:30:00,21:59:00,29,23:02:00,23:25:00,23,2025-06-09,77400,82920,0
2025,6,9,1,LAX,SFO,2025-06-09 21:49:00,22:35:00,46,23:12:00,00:10:00,58,2025-06-09,78540,83520,0
2025,6,9,1,LAX,SFO,2025-06-09 22:25:00,22:19:00,-6,23:52:00,23:51:00,-1,2025-06-09,80700,85920,0
2025,6,9,1,LAX,SGF,2025-06-09 06:00:00,05:53:00,-7,11:17:00,11:00:00,-17,2025-06-09,21600,40620,0
2025,6,9,1,LAX,SJC,2025-06-09 06:05:00,06:01:00,-4,07:25:00,07:06:00,-19,2025-06-09,21900,26700,0
2025,6,9,1,LAX,SJC,2025-06-09 07:05:00,06:58:00,-7,08:20:00,08:19:00,-1,2025-06-09,25500,30000,0
2025,6,9,1,LAX,SJC,2025-06-09 09:00:00,08:51:00,-9,10:20:00,10:13:00,-7,2025-06-09,32400,37200,0
2025,6,9,1,LAX,SJC,2025-06-09 09:15:00,09:07:00,-8,10:30:00,10:23:00,-7,2025-06-09,33300,37800,0
2025,6,9,1,LAX,SJC,2025-06-09 10:25:00,10:28:00,3,11:40:00,11:43:00,3,2025-06-09,37500,42000,0
2025,6,9,1,LAX,SJC,2025-06-09 11:35:00,11:25:00,-10,12:52:00,13:15:00,23,2025-06-09,41700,46320,0
2025,6,9,1,LAX,SJC,2025-06-09 13:25:00,13:22:00,-3,14:40:00,14:29:00,-11,2025-06-09,48300,52800,0
2025,6,9,1,LAX,SJC,2025-06-09 14:05:00,14:13:00,8,15:20:00,15:18:00,-2,2025-06-09,50700,55200,0
2025,6,9,1,LAX,SJC,2025-06-09 15:45:00,15:44:00,-1,17:00:00,16:49:00,-11,2025-06-09,56700,61200,0
2025,6,9,1,LAX,SJC,2025-06-09 16:35:00,16:29:00,-6,17:50:00,17:32:00,-18,2025-06-09,59700,64200,0
2025,6,9,1,LAX,SJC,2025-06-09 18:00:00,17:58:00,-2,19:15:00,19:06:00,-9,2025-06-09,64800,69300,0
2025,6,9,1,LAX,SJC,2025-06-09 21:20:00,21:32:00,12,22:45:00,22:36:00,-9,2025-06-09,76800,81900,0
2025,6,9,1,LAX,SJC,2025-06-09 21:28:00,21:24:00,-4,22:44:00,22:28:00,-16,2025-06-09,77280,81840,0
2025,6,9,1,LAX,SLC,2025-06-09 06:00:00,05:54:00,-6,08:53:00,08:40:00,-13,2025-06-09,21600,31980,0
2025,6,9,1,LAX,SLC,2025-06-09 07:00:00,07:36:00,36,09:55:00,10:19:00,24,2025-06-09,25200,35700,0
2025,6,9,1,LAX,SLC,2025-06-09 08:25:00,08:23:00,-2,11:26:00,11:15:00,-11,2025-06-09,30300,41160,0
2025,6,9,1,LAX,SLC,2025-06-09 09:48:00,09:42:00,-6,12:43:00,12:24:00,-19,2025-06-09,35280,45780,0
2025,6,9,1,LAX,SLC,2025-06-09 10:05:00,10:24:00,19,12:55:00,13:06:00,11,2025-06-09,36300,46500,0
2025,6,9,1,LAX,SLC,2025-06-09 11:11:00,11:04:00,-7,14:03:00,13:40:00,-23,2025-06-09,40260,50580,0
2025,6,9,1,LAX,SLC,2025-06-09 13:09:00,13:37:00,28,16:08:00,16:37:00,29,2025-06-09,47340,58080,0
2025,6,9,1,LAX,SLC,2025-06-09 13:11:00,13:15:00,4,16:04:00,15:58:00,-6,2025-06-09,47460,57840,0
2025,6,9,1,LAX,SLC,2025-06-09 17:10:00,17:34:00,24,20:00:00,20:14:00,14,2025-06-09,61800,72000,0
2025,6,9,1,LAX,SLC,2025-06-09 18:45:00,18:40:00,-5,21:39:00,21:34:00,-5,2025-06-09,67500,77940,0
2025,6,9,1,LAX,SLC,2025-06-09 19:19:00,19:16:00,-3,22:06:00,21:56:00,-10,2025-06-09,69540,79560,0
2025,6,9,1,LAX,SMF,2025-06-09 06:00:00,05:56:00,-4,07:25:00,07:17:00,-8,2025-06-09,21600,26700,0
2025,6,9,1,LAX,SMF,2025-06-09 07:55:00,07:47:00,-8,09:24:00,09:05:00,-19,2025-06-09,28500,33840,0
2025,6,9,1,LAX,SMF,2025-06-09 08:10:00,08:14:00,4,09:40:00,09:30:00,-10,2025-06-09,29400,34800,0
2025,6,9,1,LAX,SMF,2025-06-09 08:15:00,08:09:00,-6,09:52:00,09:47:00,-5,2025-06-09,29700,35520,0
2025,6,9,1,LAX,SMF,2025-06-09 09:46:00,10:13:00,27,11:23:00,11:31:00,8,2025-06-09,35160,40980,0
2025,6,9,1,LAX,SMF,2025-06-09 10:25:00,10:20:00,-5,11:59:00,11:39:00,-20,2025-06-09,37500,43140,0
2025,6,9,1,LAX,SMF,2025-06-09 11:40:00,12:14:00,34,13:05:00,13:30:00,25,2025-06-09,42000,47100,0
2025,6,9,1,LAX,SMF,2025-06-09 12:25:00,12:24:00,-1,13:54:00,13:56:00,2,2025-06-09,44700,50040,0
2025,6,9,1,LAX,SMF,2025-06-09 16:20:00,17:18:00,58,17:45:00,18:44:00,59,2025-06-09,58800,63900,0
2025,6,9,1,LAX,SMF,2025-06-09 16:54:00,17:02:00,8,18:23:00,18:20:00,-3,2025-06-09,60840,66180,0
2025,6,9,1,LAX,SMF,2025-06-09 17:05:00,17:01:00,-4,18:37:00,18:29:00,-8,2025-06-09,61500,67020,0
2025,6,9,1,LAX,SMF,2025-06-09 18:15:00,18:19:00,4,19:45:00,19:38:00,-7,2025-06-09,65700,71100,0
2025,6,9,1,LAX,SMF,2025-06-09 19:22:00,19:13:00,-9,21:01:00,20:44:00,-17,2025-06-09,69720,75660,0
2025,6,9,1,LAX,SMF,2025-06-09 20:56:00,21:49:00,53,22:28:00,23:23:00,55,2025-06-09,75360,80880,0
2025,6,9,1,LAX,SMF,2025-06-09 21:55:00,21:48:00,-7,23:20:00,23:16:00,-4,2025-06-09,78900,84000,0
2025,6,9,1,LAX,STL,2025-06-09 05:10:00,05:08:00,-2,10:50:00,10:33:00,-17,2025-06-09,18600,39000,0
2025,6,9,1,LAX,STL,2025-06-09 17:33:00,17:52:00,19,22:59:00,23:30:00,31,2025-06-09,63180,82740,0
2025,6,9,1,LAX,STS,2025-06-09 09:25:00,09:24:00,-1,11:06:00,11:20:00,14,2025-06-09,33900,39960,0
2025,6,9,1,LAX,TPA,2025-06-09 10:12:00,10:28:00,16,18:00:00,18:19:00,19,2025-06-09,36720,64800,0
2025,6,9,1,LAX,TPA,2025-06-09 22:10:00,22:03:00,-7,05:44:00,05:21:00,-23,2025-06-09,79800,20640,0
2025,6,9,1,LAX,TPA,2025-06-09 23:59:00,23:55:00,-4,07:56:00,07:55:00,-1,2025-06-09,86340,28560,0
2025,6,9,1,LAX,TUL,2025-06-09 07:45:00,07:40:00,-5,12:43:00,12:33:00,-10,2025-06-09,27900,45780,0
2025,6,9,1,LAX,TUS,2025-06-09 08:22:00,08:27:00,5,10:03:00,09:50:00,-13,2025-06-09,30120,36180,0
2025,6,9,1,LAX,TUS,2025-06-09 09:35:00,09:28:00,-7,11:10:00,11:03:00,-7,2025-06-09,34500,40200,0
2025,6,9,1,LAX,TUS,2025-06-09 14:10:00,14:07:00,-3,15:44:00,15:30:00,-14,2025-06-09,51000,56640,0
2025,6,9,1,LAX,TUS,2025-06-09 14:58:00,15:11:00,13,16:27:00,16:33:00,6,2025-06-09,53880,59220,0
2025,6,9,1,LAX,TUS,2025-06-09 18:18:00,18:18:00,0,19:49:00,19:46:00,-3,2025-06-09,65880,71340,0
2025,6,9,1,LAX,TUS,2025-06-09 19:00:00,18:53:00,-7,20:33:00,20:16:00,-17,2025-06-09,68400,73980,0
2025,6,9,1,LAX,XNA,2025-06-09 09:14:00,09:41:00,27,14:38:00,15:03:00,25,2025-06-09,33240,52680,0
2025,6,10,2,LAX,ABQ,2025-06-10 08:00:00,07:50:00,-10,11:08:00,10:44:00,-24,2025-06-10,28800,40080,1
2025,6,10,2,LAX,ABQ,2025-06-10 08:55:00,09:16:00,21,11:58:00,12:10:00,12,2025-06-10,32100,43080,1
2025,6,10,2,LAX,ABQ,2025-06-10 14:59:00,14:53:00,-6,18:02:00,17:43:00,-19,2025-06-10,53940,64920,1
2025,6,10,2,LAX,ABQ,2025-06-10 16:20:00,16:17:00,-3,19:15:00,19:16:00,1,2025-06-10,58800,69300,1
2025,6,10,2,LAX,ABQ,2025-06-10 19:58:00,19:54:00,-4,22:58:00,22:49:00,-9,2025-06-10,71880,82680,1
2025,6,10,2,LAX,ACV,2025-06-10 13:15:00,13:08:00,-7,15:13:00,15:16:00,3,2025-06-10,47700,54780,1
2025,6,10,2,LAX,ANC,2025-06-10 19:45:00,19:41:00,-4,00:20:00,23:47:00,-33,2025-06-10,71100,1200,1
2025,6,10,2,LAX,ASE,2025-06-10 10:40:00,10:36:00,-4,13:56:00,13:58:00,2,2025-06-10,38400,50160,1
2025,6,10,2,LAX,ASE,2025-06-10 12:54:00,12:44:00,-10,16:05:00,16:04:00,-1,2025-06-10,46440,57900,1
2025,6,10,2,LAX,ATL,2025-06-10 06:20:00,06:16:00,-4,13:42:00,13:25:00,-17,2025-06-10,22800,49320,1
2025,6,10,2,LAX,ATL,2025-06-10 07:35:00,07:37:00,2,14:48:00,14:48:00,0,2025-06-10,27300,53280,1
2025,6,10,2,LAX,ATL,2025-06-10 09:51:00,10:07:00,16,17:15:00,17:17:00,2,2025-06-10,35460,62100,1
2025,6,10,2,LAX,ATL,2025-06-10 11:15:00,11:18:00,3,18:34:00,18:39:00,5,2025-06-10,40500,66840,1
2025,6,10,2,LAX,ATL,2025-06-10 12:15:00,12:14:00,-1,19:30:00,19:23:00,-7,2025-06-10,44100,70200,1
2025,6,10,2,LAX,ATL,2025-06-10 13:15:00,13:45:00,30,20:46:00,21:07:00,21,2025-06-10,47700,74760,1
2025,6,10,2,LAX,ATL,2025-06-10 14:30:00,14:30:00,0,21:50:00,21:39:00,-11,2025-06-10,52200,78600,1
2025,6,10,2,LAX,ATL,2025-06-10 17:35:00,18:01:00,26,00:54:00,01:04:00,10,2025-06-10,63300,3240,1
2025,6,10,2,LAX,ATL,2025-06-10 21:45:00,22:19:00,34,05:00:00,05:21:00,21,2025-06-10,78300,18000,1
2025,6,10,2,LAX,ATL,2025-06-10 22:45:00,22:45:00,0,06:00:00,05:56:00,-4,2025-06-10,81900,21600,1
2025,6,10,2,LAX,ATL,2025-06-10 23:10:00,23:24:00,14,06:33:00,06:32:00,-1,2025-06-10,83400,23580,1
2025,6,10,2,LAX,AUS,2025-06-10 06:15:00,06:08:00,-7,11:17:00,11:06:00,-11,2025-06-10,22500,40620,1
2025,6,10,2,LAX,AUS,2025-06-10 06:35:00,06:34:00,-1,11:35:00,11:26:00,-9,2025-06-10,23700,41700,1
2025,6,10,2,LAX,AUS,2025-06-10 07:45:00,07:37:00,-8,12:46:00,12:27:00,-19,2025-06-10,27900,45960,1
2025,6,10,2,LAX,AUS,2025-06-10 09:25:00,09:21:00,-4,14:51:00,14:26:00,-25,2025-06-10,33900,53460,1
2025,6,10,2,LAX,AUS,2025-06-10 10:20:00,10:26:00,6,15:22:00,15:30:00,8,2025-06-10,37200,55320,1
2025,6,10,2,LAX,AUS,2025-06-10 10:35:00,11:08:00,33,15:45:00,16:01:00,16,2025-06-10,38100,56700,1
2025,6,10,2,LAX,AUS,2025-06-10 12:05:00,12:21:00,16,17:10:00,17:28:00,18,2025-06-10,43500,61800,1
2025,6,10,2,LAX,AUS,2025-06-10 16:14:00,16:11:00,-3,21:14:00,21:26:00,12,2025-06-10,58440,76440,1
2025,6,10,2,LAX,AUS,2025-06-10 16:20:00,16:15:00,-5,21:21:00,21:26:00,5,2025-06-10,58800,76860,1
2025,6,10,2,LAX,AUS,2025-06-10 18:35:00,18:43:00,8,23:38:00,23:51:00,13,2025-06-10,66900,85080,1
2025,6,10,2,LAX,AUS,2025-06-10 18:40:00,18:38:00,-2,23:58:00,23:55:00,-3,2025-06-10,67200,86280,1
2025,6,10,2,LAX,AUS,2025-06-10 18:50:00,18:40:00,-10,23:50:00,23:38:00,-12,2025-06-10,67800,85800,1
2025,6,10,2,LAX,AUS,2025-06-10 19:35:00,19:24:00,-11,00:40:00,00:23:00,-17,2025-06-10,70500,2400,1
2025,6,10,2,LAX,BNA,2025-06-10 07:00:00,06:53:00,-7,12:57:00,12:50:00,-7,2025-06-10,25200,46620,1
2025,6,10,2,LAX,BNA,2025-06-10 07:40:00,07:51:00,11,13:45:00,13:48:00,3,2025-06-10,27600,49500,1
2025,6,10,2,LAX,BNA,2025-06-10 10:36:00,10:32:00,-4,16:45:00,16:38:00,-7,2025-06-10,38160,60300,1
2025,6,10,2,LAX,BNA,2025-06-10 12:39:00,12:31:00,-8,18:44:00,18:35:00,-9,2025-06-10,45540,67440,1
2025,6,10,2,LAX,BNA,2025-06-10 18:39:00,18:33:00,-6,00:37:00,00:29:00,-8,2025-06-10,67140,2220,1
2025,6,10,2,LAX,BNA,2025-06-10 22:50:00,22:50:00,0,05:00:00,04:43:00,-17,2025-06-10,82200,18000,1
2025,6,10,2,LAX,BOI,2025-06-10 11:57:00,12:02:00,5,15:03:00,14:57:00,-6,2025-06-10,43020,54180,1
2025,6,10,2,LAX,BOI,2025-06-10 12:45:00,12:43:00,-2,15:59:00,15:46:00,-13,2025-06-10,45900,57540,1
2025,6,10,2,LAX,BOI,2025-06-10 19:45:00,20:41:00,56,22:52:00,23:35:00,43,2025-06-10,71100,82320,1
2025,6,10,2,LAX,BOI,2025-06-10 19:59:00,19:51:00,-8,23:01:00,22:37:00,-24,2025-06-10,71940,82860,1
2025,6,10,2,LAX,BOS,2025-06-10 06:00:00,06:00:00,0,14:39:00,14:35:00,-4,2025-06-10,21600,52740,1
2025,6,10,2,LAX,BOS,2025-06-10 07:00:00,07:01:00,1,15:37:00,15:36:00,-1,2025-06-10,25200,56220,1
2025,6,10,2,LAX,BOS,2025-06-10 07:50:00,08:12:00,22,16:32:00,16:47:00,15,2025-06-10,28200,59520,1
2025,6,10,2,LAX,BOS,2025-06-10 08:40:00,09:39:00,59,17:16:00,18:03:00,47,2025-06-10,31200,62160,1
2025,6,10,2,LAX,BOS,2025-06-10 11:50:00,11:58:00,8,20:35:00,20:47:00,12,2025-06-10,42600,74100,1
2025,6,10,2,LAX,BOS,2025-06-10 15:25:00,15:18:00,-7,23:55:00,23:37:00,-18,2025-06-10,55500,86100,1
2025,6,10,2,LAX,BOS,2025-06-10 22:13:00,22:09:00,-4,06:44:00,06:33:00,-11,2025-06-10,79980,24240,1
2025,6,10,2,LAX,BOS,2025-06-10 22:34:00,22:33:00,-1,07:15:00,06:53:00,-22,2025-06-10,81240,26100,1
2025,6,10,2,LAX,BOS,2025-06-10 22:35:00,22:30:00,-5,07:13:00,06:59:00,-14,2025-06-10,81300,25980,1
2025,6,10,2,LAX,BUF,2025-06-10 14:10:00,14:02:00,-8,22:00:00,21:48:00,-12,2025-06-10,51000,79200,1
2025,6,10,2,LAX,BWI,2025-06-10 06:00:00,06:01:00,1,14:05:00,13:52:00,-13,2025-06-10,21600,50700,1
2025,6,10,2,LAX,BWI,2025-06-10 08:45:00,08:43:00,-2,16:54:00,16:41:00,-13,2025-06-10,31500,60840,1
2025,6,10,2,LAX,BWI,2025-06-10 10:05:00,10:17:00,12,18:10:00,18:17:00,7,2025-06-10,36300,65400,1
2025,6,10,2,LAX,BWI,2025-06-10 11:36:00,12:17:00,41,19:39:00,20:19:00,40,2025-06-10,41760,70740,1
2025,6,10,2,LAX,BWI,2025-06-10 20:55:00,20:57:00,2,05:00:00,04:49:00,-11,2025-06-10,75300,18000,1
2025,6,10,2,LAX,BWI,2025-06-10 23:59:00,23:53:00,-6,08:07:00,07:42:00,-25,2025-06-10,86340,29220,1
2025,6,10,2,LAX,BZN,2025-06-10 11:21:00,11:58:00,37,14:50:00,15:17:00,27,2025-06-10,40860,53400,1
2025,6,10,2,LAX,BZN,2025-06-10 18:00:00,17:51:00,-9,21:39:00,21:20:00,-19,2025-06-10,64800,77940,1
2025,6,10,2,LAX,CLE,2025-06-10 11:38:00,11:44:00,6,19:11:00,19:14:00,3,2025-06-10,41880,69060,1
2025,6,10,2,LAX,CLE,2025-06-10 21:20:00,21:15:00,-5,04:53:00,04:44:00,-9,2025-06-10,76800,17580,1
2025,6,10,2,LAX,CLT,2025-06-10 06:05:00,06:00:00,-5,13:54:00,13:45:00,-9,2025-06-10,21900,50040,1
2025,6,10,2,LAX,CLT,2025-06-10 07:59:00,07:55:00,-4,15:45:00,15:37:00,-8,2025-06-10,28740,56700,1
2025,6,10,2,LAX,CLT,2025-06-10 09:11:00,09:36:00,25,17:00:00,17:39:00,39,2025-06-10,33060,61200,1
2025,6,10,2,LAX,CLT,2025-06-10 11:54:00,11:47:00,-7,19:45:00,19:38:00,-7,2025-06-10,42840,71100,1
2025,6,10,2,LAX,CLT,2025-06-10 14:02:00,14:14:00,12,21:55:00,21:49:00,-6,2025-06-10,50520,78900,1
2025,6,10,2,LAX,CLT,2025-06-10 21:48:00,21:41:00,-7,05:29:00,05:10:00,-19,2025-06-10,78480,19740,1
2025,6,10,2,LAX,CLT,2025-06-10 22:49:00,22:44:00,-5,06:35:00,06:26:00,-9,2025-06-10,82140,23700,1
2025,6,10,2,LAX,CLT,2025-06-10 23:49:00,00:03:00,14,07:35:00,07:48:00,13,2025-06-10,85740,27300,1
2025,6,10,2,LAX,CMH,2025-06-10 09:25:00,09:19:00,-6,17:01:00,16:40:00,-21,2025-06-10,33900,61260,1
2025,6,10,2,LAX,CVG,2025-06-10 22:29:00,22:50:00,21,05:38:00,06:00:00,22,2025-06-10,80940,20280,1
2025,6,10,2,LAX,DAL,2025-06-10 05:20:00,05:23:00,3,10:25:00,10:13:00,-12,2025-06-10,19200,37500,1
2025,6,10,2,LAX,DAL,2025-06-10 07:50:00,07:51:00,1,12:55:00,12:52:00,-3,2025-06-10,28200,46500,1
2025,6,10,2,LAX,DAL,2025-06-10 09:50:00,09:47:00,-3,15:00:00,14:46:00,-14,2025-06-10,35400,54000,1
2025,6,10,2,LAX,DAL,2025-06-10 18:20:00,18:50:00,30,23:30:00,23:48:00,18,2025-06-10,66000,84600,1
2025,6,10,2,LAX,DCA,2025-06-10 08:19:00,08:13:00,-6,16:22:00,16:07:00,-15,2025-06-10,29940,58920,1
2025,6,10,2,LAX,DCA,2025-06-10 12:28:00,13:20:00,52,20:29:00,21:23:00,54,2025-06-10,44880,73740,1
2025,6,10,2,LAX,DCA,2025-06-10 12:48:00,12:41:00,-7,20:59:00,20:45:00,-14,2025-06-10,46080,75540,1
2025,6,10,2,LAX,DEN,2025-06-10 05:05:00,04:57:00,-8,08:24:00,08:14:00,-10,2025-06-10,18300,30240,1
2025,6,10,2,LAX,DEN,2025-06-10 05:25:00,06:23:00,58,08:50:00,09:39:00,49,2025-06-10,19500,31800,1
2025,6,10,2,LAX,DEN,2025-06-10 07:06:00,07:03:00,-3,10:31:00,10:29:00,-2,2025-06-10,25560,37860,1
2025,6,10,2,LAX,DEN,2025-06-10 07:46:00,07:38:00,-8,11:10:00,11:06:00,-4,2025-06-10,27960,40200,1
2025,6,10,2,LAX,DEN,2025-06-10 07:50:00,07:45:00,-5,11:10:00,11:04:00,-6,2025-06-10,28200,40200,1
2025,6,10,2,LAX,DEN,2025-06-10 08:04:00,08:59:00,55,11:33:00,12:11:00,38,2025-06-10,29040,41580,1
2025,6,10,2,LAX,DEN,2025-06-10 09:00:00,09:10:00,10,12:27:00,12:28:00,1,2025-06-10,32400,44820,1
2025,6,10,2,LAX,DEN,2025-06-10 09:30:00,09:29:00,-1,12:55:00,12:43:00,-12,2025-06-10,34200,46500,1
2025,6,10,2,LAX,DEN,2025-06-10 10:52:00,10:47:00,-5,14:19:00,14:12:00,-7,2025-06-10,39120,51540,1
2025,6,10,2,LAX,DEN,2025-06-10 12:55:00,12:47:00,-8,16:23:00,16:14:00,-9,2025-06-10,46500,58980,1
2025,6,10,2,LAX,DEN,2025-06-10 13:00:00,13:20:00,20,16:25:00,16:35:00,10,2025-06-10,46800,59100,1
2025,6,10,2,LAX,DEN,2025-06-10 13:38:00,13:25:00,-13,17:01:00,16:52:00,-9,2025-06-10,49080,61260,1
2025,6,10,2,LAX,DEN,2025-06-10 14:35:00,14:29:00,-6,18:05:00,18:00:00,-5,2025-06-10,52500,65100,1
2025,6,10,2,LAX,DEN,2025-06-10 14:59:00,15:18:00,19,18:19:00,18:31:00,12,2025-06-10,53940,65940,1
2025,6,10,2,LAX,DEN,2025-06-10 15:15:00,15:13:00,-2,18:40:00,18:26:00,-14,2025-06-10,54900,67200,1
2025,6,10,2,LAX,DEN,2025-06-10 16:11:00,16:11:00,0,19:40:00,19:52:00,12,2025-06-10,58260,70800,1
2025,6,10,2,LAX,DEN,2025-06-10 18:50:00,18:54:00,4,22:15:00,22:07:00,-8,2025-06-10,67800,80100,1
2025,6,10,2,LAX,DEN,2025-06-10 19:18:00,19:13:00,-5,22:47:00,22:31:00,-16,2025-06-10,69480,82020,1
2025,6,10,2,LAX,DEN,2025-06-10 19:45:00,19:45:00,0,23:09:00,23:05:00,-4,2025-06-10,71100,83340,1
2025,6,10,2,LAX,DEN,2025-06-10 20:25:00,20:13:00,-12,23:48:00,23:29:00,-19,2025-06-10,73500,85680,1
2025,6,10,2,LAX,DFW,2025-06-10 00:35:00,00:28:00,-7,05:32:00,05:17:00,-15,2025-06-10,2100,19920,1
2025,6,10,2,LAX,DFW,2025-06-10 00:40:00,00:48:00,8,05:45:00,05:40:00,-5,2025-06-10,2400,20700,1
2025,6,10,2,LAX,DFW,2025-06-10 01:30:00,01:28:00,-2,06:33:00,06:20:00,-13,2025-06-10,5400,23580,1
2025,6,10,2,LAX,DFW,2025-06-10 05:30:00,05:23:00,-7,10:38:00,10:42:00,4,2025-06-10,19800,38280,1
2025,6,10,2,LAX,DFW,2025-06-10 06:00:00,05:58:00,-2,11:20:00,11:01:00,-19,2025-06-10,21600,40800,1
2025,6,10,2,LAX,DFW,2025-06-10 07:00:00,07:18:00,18,12:09:00,12:19:00,10,2025-06-10,25200,43740,1
2025,6,10,2,LAX,DFW,2025-06-10 08:35:00,08:30:00,-5,13:43:00,13:33:00,-10,2025-06-10,30900,49380,1
2025,6,10,2,LAX,DFW,2025-06-10 09:30:00,09:31:00,1,14:43:00,14:36:00,-7,2025-06-10,34200,52980,1
2025,6,10,2,LAX,DFW,2025-06-10 10:37:00,10:33:00,-4,15:45:00,15:38:00,-7,2025-06-10,38220,56700,1
2025,6,10,2,LAX,DFW,2025-06-10 12:30:00,12:27:00,-3,17:37:00,17:37:00,0,2025-06-10,45000,63420,1
2025,6,10,2,LAX,DFW,2025-06-10 13:48:00,13:48:00,0,18:59:00,19:19:00,20,2025-06-10,49680,68340,1
2025,6,10,2,LAX,DFW,2025-06-10 14:33:00,15:03:00,30,19:43:00,20:24:00,41,2025-06-10,52380,70980,1
2025,6,10,2,LAX,DFW,2025-06-10 15:48:00,15:50:00,2,20:59:00,21:25:00,26,2025-06-10,56880,75540,1
2025,6,10,2,LAX,DFW,2025-06-10 16:36:00,16:34:00,-2,21:47:00,21:59:00,12,2025-06-10,59760,78420,1
2025,6,10,2,LAX,DFW,2025-06-10 18:35:00,18:31:00,-4,23:47:00,23:31:00,-16,2025-06-10,66900,85620,1
2025,6,10,2,LAX,DFW,2025-06-10 18:55:00,18:45:00,-10,23:56:00,23:43:00,-13,2025-06-10,68100,86160,1
2025,6,10,2,LAX,DFW,2025-06-10 19:03:00,19:04:00,1,00:26:00,00:02:00,-24,2025-06-10,68580,1560,1
2025,6,10,2,LAX,DFW,2025-06-10 23:59:00,23:51:00,-8,05:06:00,04:38:00,-28,2025-06-10,86340,18360,1
2025,6,10,2,LAX,DTW,2025-06-10 05:30:00,05:24:00,-6,12:57:00,12:46:00,-11,2025-06-10,19800,46620,1
2025,6,10,2,LAX,DTW,2025-06-10 07:35:00,07:50:00,15,14:56:00,15:07:00,11,2025-06-10,27300,53760,1
2025,6,10,2,LAX,DTW,2025-06-10 09:25:00,09:20:00,-5,16:52:00,16:32:00,-20,2025-06-10,33900,60720,1
2025,6,10,2,LAX,DTW,2025-06-10 09:59:00,09:51:00,-8,17:23:00,17:10:00,-13,2025-06-10,35940,62580,1
2025,6,10,2,LAX,DTW,2025-06-10 12:09:00,12:04:00,-5,19:31:00,19:25:00,-6,2025-06-10,43740,70260,1
2025,6,10,2,LAX,DTW,2025-06-10 15:36:00,15:27:00,-9,23:04:00,22:42:00,-22,2025-06-10,56160,83040,1
2025,6,10,2,LAX,DTW,2025-06-10 22:15:00,22:22:00,7,05:35:00,05:35:00,0,2025-06-10,80100,20100,1
2025,6,10,2,LAX,ELP,2025-06-10 09:40:00,09:38:00,-2,12:40:00,12:20:00,-20,2025-06-10,34800,45600,1
2025,6,10,2,LAX,ELP,2025-06-10 14:30:00,14:28:00,-2,17:31:00,17:33:00,2,2025-06-10,52200,63060,1
2025,6,10,2,LAX,ELP,2025-06-10 19:47:00,19:56:00,9,22:47:00,22:53:00,6,2025-06-10,71220,82020,1
2025,6,10,2,LAX,EUG,2025-06-10 20:59:00,20:52:00,-7,23:20:00,23:10:00,-10,2025-06-10,75540,84000,1
2025,6,10,2,LAX,EWR,2025-06-10 06:00:00,05:58:00,-2,14:34:00,14:22:00,-12,2025-06-10,21600,52440,1
2025,6,10,2,LAX,EWR,2025-06-10 07:00:00,06:52:00,-8,15:40:00,15:08:00,-32,2025-06-10,25200,56400,1
2025,6,10,2,LAX,EWR,2025-06-10 07:00:00,06:54:00,-6,15:34:00,15:24:00,-10,2025-06-10,25200,56040,1
2025,6,10,2,LAX,EWR,2025-06-10 07:54:00,08:02:00,8,16:29:00,16:37:00,8,2025-06-10,28440,59340,1
2025,6,10,2,LAX,EWR,2025-06-10 08:20:00,08:37:00,17,16:45:00,16:40:00,-5,2025-06-10,30000,60300,1
2025,6,10,2,LAX,EWR,2025-06-10 10:15:00,11:00:00,45,18:54:00,19:04:00,10,2025-06-10,36900,68040,1
2025,6,10,2,LAX,EWR,2025-06-10 10:21:00,10:20:00,-1,19:00:00,18:39:00,-21,2025-06-10,37260,68400,1
2025,6,10,2,LAX,EWR,2025-06-10 12:15:00,12:17:00,2,20:54:00,20:29:00,-25,2025-06-10,44100,75240,1
2025,6,10,2,LAX,EWR,2025-06-10 13:30:00,13:52:00,22,21:52:00,21:44:00,-8,2025-06-10,48600,78720,1
2025,6,10,2,LAX,EWR,2025-06-10 14:23:00,15:16:00,53,22:49:00,23:25:00,36,2025-06-10,51780,82140,1
2025,6,10,2,LAX,EWR,2025-06-10 16:30:00,16:28:00,-2,00:57:00,00:41:00,-16,2025-06-10,59400,3420,1
2025,6,10,2,LAX,EWR,2025-06-10 20:55:00,20:59:00,4,05:08:00,04:59:00,-9,2025-06-10,75300,18480,1
2025,6,10,2,LAX,EWR,2025-06-10 21:43:00,21:39:00,-4,05:59:00,05:47:00,-12,2025-06-10,78180,21540,1
2025,6,10,2,LAX,EWR,2025-06-10 22:20:00,22:06:00,-14,06:48:00,06:19:00,-29,2025-06-10,80400,24480,1
2025,6,10,2,LAX,EWR,2025-06-10 23:59:00,23:56:00,-3,08:12:00,07:53:00,-19,2025-06-10,86340,29520,1
2025,6,10,2,LAX,FAT,2025-06-10 10:30:00,10:21:00,-9,11:48:00,11:42:00,-6,2025-06-10,37800,42480,1
2025,6,10,2,LAX,FAT,2025-06-10 19:10:00,19:01:00,-9,20:24:00,20:06:00,-18,2025-06-10,69000,73440,1
2025,6,10,2,LAX,FAT,2025-06-10 22:38:00,22:30:00,-8,23:52:00,23:37:00,-15,2025-06-10,81480,85920,1
2025,6,10,2,LAX,FCA,2025-06-10 09:22:00,09:16:00,-6,13:21:00,13:03:00,-18,2025-06-10,33720,48060,1
2025,6,10,2,LAX,FLL,2025-06-10 08:30:00,08:25:00,-5,16:37:00,16:38:00,1,2025-06-10,30600,59820,1
2025,6,10,2,LAX,FLL,2025-06-10 10:47:00,10:39:00,-8,18:59:00,19:05:00,6,2025-06-10,38820,68340,1
2025,6,10,2,LAX,FLL,2025-06-10 13:53:00,13:47:00,-6,22:00:00,21:43:00,-17,2025-06-10,49980,79200,1
2025,6,10,2,LAX,FLL,2025-06-10 23:09:00,23:39:00,30,07:05:00,07:36:00,31,2025-06-10,83340,25500,1
2025,6,10,2,LAX,GEG,2025-06-10 11:14:00,11:05:00,-9,13:52:00,13:36:00,-16,2025-06-10,40440,49920,1
2025,6,10,2,LAX,GEG,2025-06-10 18:59:00,19:28:00,29,21:33:00,21:44:00,11,2025-06-10,68340,77580,1
2025,6,10,2,LAX,GEG,2025-06-10 19:45:00,19:36:00,-9,22:22:00,22:00:00,-22,2025-06-10,71100,80520,1
2025,6,10,2,LAX,HNL,2025-06-10 07:00:00,06:57:00,-3,09:40:00,09:41:00,1,2025-06-10,25200,34800,1
2025,6,10,2,LAX,HNL,2025-06-10 07:05:00,07:05:00,0,10:10:00,09:52:00,-18,2025-06-10,25500,36600,1
2025,6,10,2,LAX,HNL,2025-06-10 08:25:00,08:27:00,2,11:07:00,11:11:00,4,2025-06-10,30300,40020,1
2025,6,10,2,LAX,HNL,2025-06-10 08:35:00,08:34:00,-1,11:17:00,11:02:00,-15,2025-06-10,30900,40620,1
2025,6,10,2,LAX,HNL,2025-06-10 08:49:00,09:27:00,38,11:37:00,12:12:00,35,2025-06-10,31740,41820,1
2025,6,10,2,LAX,HNL,2025-06-10 10:00:00,09:57:00,-3,12:40:00,12:31:00,-9,2025-06-10,36000,45600,1
2025,6,10,2,LAX,HNL,2025-06-10 11:15:00,11:17:00,2,14:04:00,13:51:00,-13,2025-06-10,40500,50640,1
2025,6,10,2,LAX,HNL,2025-06-10 13:15:00,13:12:00,-3,16:01:00,15:55:00,-6,2025-06-10,47700,57660,1
2025,6,10,2,LAX,HNL,2025-06-10 13:35:00,13:34:00,-1,16:18:00,16:37:00,19,2025-06-10,48900,58680,1
2025,6,10,2,LAX,HNL,2025-06-10 14:44:00,14:39:00,-5,17:28:00,17:22:00,-6,2025-06-10,53040,62880,1
2025,6,10,2,LAX,HNL,2025-06-10 17:10:00,17:09:00,-1,19:44:00,19:32:00,-12,2025-06-10,61800,71040,1
2025,6,10,2,LAX,HNL,2025-06-10 17:55:00,17:49:00,-6,20:40:00,20:45:00,5,2025-06-10,64500,74400,1
2025,6,10,2,LAX,HNL,2025-06-10 18:10:00,19:05:00,55,20:52:00,21:37:00,45,2025-06-10,65400,75120,1
2025,6,10,2,LAX,HNL,2025-06-10 18:20:00,19:08:00,48,20:57:00,21:53:00,56,2025-06-10,66000,75420,1
2025,6,10,2,LAX,HNL,2025-06-10 18:25:00,18:22:00,-3,21:15:00,21:09:00,-6,2025-06-10,66300,76500,1
2025,6,10,2,LAX,HNL,2025-06-10 18:45:00,18:48:00,3,21:28:00,21:14:00,-14,2025-06-10,67500,77280,1
2025,6,10,2,LAX,HNL,2025-06-10 19:13:00,19:17:00,4,21:55:00,22:03:00,8,2025-06-10,69180,78900,1
2025,6,10,2,LAX,HNL,2025-06-10 20:50:00,20:49:00,-1,23:29:00,23:30:00,1,2025-06-10,75000,84540,1
2025,6,10,2,LAX,HOU,2025-06-10 05:05:00,05:00:00,-5,10:30:00,10:10:00,-20,2025-06-10,18300,37800,1
2025,6,10,2,LAX,HOU,2025-06-10 12:35:00,12:52:00,17,17:55:00,18:15:00,20,2025-06-10,45300,64500,1
2025,6,10,2,LAX,HOU,2025-06-10 15:30:00,15:29:00,-1,20:55:00,20:52:00,-3,2025-06-10,55800,75300,1
2025,6,10,2,LAX,HOU,2025-06-10 23:50:00,00:23:00,33,05:15:00,05:29:00,14,2025-06-10,85800,18900,1
2025,6,10,2,LAX,IAD,2025-06-10 06:20:00,06:16:00,-4,14:19:00,14:14:00,-5,2025-06-10,22800,51540,1
2025,6,10,2,LAX,IAD,2025-06-10 08:00:00,07:54:00,-6,16:14:00,16:03:00,-11,2025-06-10,28800,58440,1
2025,6,10,2,LAX,IAD,2025-06-10 08:15:00,08:28:00,13,16:26:00,16:25:00,-1,2025-06-10,29700,59160,1
2025,6,10,2,LAX,IAD,2025-06-10 10:15:00,10:11:00,-4,18:20:00,18:12:00,-8,2025-06-10,36900,66000,1
2025,6,10,2,LAX,IAD,2025-06-10 13:15:00,13:10:00,-5,21:20:00,21:09:00,-11,2025-06-10,47700,76800,1
2025,6,10,2,LAX,IAD,2025-06-10 16:45:00,17:06:00,21,00:44:00,01:02:00,18,2025-06-10,60300,2640,1
2025,6,10,2,LAX,IAD,2025-06-10 21:35:00,21:34:00,-1,05:37:00,05:32:00,-5,2025-06-10,77700,20220,1
2025,6,10,2,LAX,IAD,2025-06-10 22:50:00,22:55:00,5,06:39:00,06:30:00,-9,2025-06-10,82200,23940,1
2025,6,10,2,LAX,IAH,2025-06-10 00:56:00,00:53:00,-3,06:18:00,05:55:00,-23,2025-06-10,3360,22680,1
2025,6,10,2,LAX,IAH,2025-06-10 05:15:00,05:14:00,-1,10:42:00,10:29:00,-13,2025-06-10,18900,38520,1
2025,6,10,2,LAX,IAH,2025-06-10 07:15:00,07:07:00,-8,12:44:00,12:30:00,-14,2025-06-10,26100,45840,1
2025,6,10,2,LAX,IAH,2025-06-10 08:40:00,08:38:00,-2,14:09:00,13:54:00,-15,2025-06-10,31200,50940,1
2025,6,10,2,LAX,IAH,2025-06-10 08:45:00,09:02:00,17,14:07:00,14:06:00,-1,2025-06-10,31500,50820,1
2025,6,10,2,LAX,IAH,2025-06-10 10:15:00,10:12:00,-3,15:40:00,15:32:00,-8,2025-06-10,36900,56400,1
2025,6,10,2,LAX,IAH,2025-06-10 11:33:00,11:26:00,-7,16:53:00,16:39:00,-14,2025-06-10,41580,60780,1
2025,6,10,2,LAX,IAH,2025-06-10 12:07:00,12:49:00,42,17:24:00,18:01:00,37,2025-06-10,43620,62640,1
2025,6,10,2,LAX,IAH,2025-06-10 13:10:00,13:09:00,-1,18:40:00,19:51:00,71,2025-06-10,47400,67200,1
2025,6,10,2,LAX,IAH,2025-06-10 13:58:00,14:08:00,10,19:25:00,19:29:00,4,2025-06-10,50280,69900,1
2025,6,10,2,LAX,IAH,2025-06-10 14:18:00,14:49:00,31,19:56:00,20:20:00,24,2025-06-10,51480,71760,1
2025,6,10,2,LAX,IAH,2025-06-10 18:09:00,18:12:00,3,23:28:00,23:27:00,-1,2025-06-10,65340,84480,1
2025,6,10,2,LAX,IAH,2025-06-10 18:10:00,18:09:00,-1,23:33:00,23:25:00,-8,2025-06-10,65400,84780,1
2025,6,10,2,LAX,IND,2025-06-10 10:36:00,10:39:00,3,17:47:00,17:49:00,2,2025-06-10,38160,64020,1
2025,6,10,2,LAX,IND,2025-06-10 23:14:00,23:07:00,-7,06:14:00,06:07:00,-7,2025-06-10,83640,22440,1
2025,6,10,2,LAX,JAC,2025-06-10 09:00:00,08:48:00,-12,12:18:00,11:57:00,-21,2025-06-10,32400,44280,1
2025,6,10,2,LAX,JAC,2025-06-10 10:30:00,10:24:00,-6,13:48:00,13:39:00,-9,2025-06-10,37800,49680,1
2025,6,10,2,LAX,JFK,2025-06-10 06:00:00,05:45:00,-15,14:34:00,14:13:00,-21,2025-06-10,21600,52440,1
2025,6,10,2,LAX,JFK,2025-06-10 07:00:00,06:54:00,-6,15:35:00,15:08:00,-27,2025-06-10,25200,56100,1
2025,6,10,2,LAX,JFK,2025-06-10 07:00:00,06:56:00,-4,15:35:00,15:28:00,-7,2025-06-10,25200,56100,1
2025,6,10,2,LAX,JFK,2025-06-10 07:55:00,07:52:00,-3,16:32:00,16:15:00,-17,2025-06-10,28500,59520,1
2025,6,10,2,LAX,JFK,2025-06-10 08:19:00,08:08:00,-11,16:58:00,16:33:00,-25,2025-06-10,29940,61080,1
2025,6,10,2,LAX,JFK,2025-06-10 09:05:00,09:05:00,0,17:57:00,17:26:00,-31,2025-06-10,32700,64620,1
2025,6,10,2,LAX,JFK,2025-06-10 09:55:00,09:51:00,-4,18:35:00,18:16:00,-19,2025-06-10,35700,66900,1
2025,6,10,2,LAX,JFK,2025-06-10 10:10:00,10:20:00,10,19:10:00,18:51:00,-19,2025-06-10,36600,69000,1
2025,6,10,2,LAX,JFK,2025-06-10 11:30:00,12:04:00,34,20:06:00,20:33:00,27,2025-06-10,41400,72360,1
2025,6,10,2,LAX,JFK,2025-06-10 12:20:00,12:59:00,39,21:02:00,21:28:00,26,2025-06-10,44400,75720,1
2025,6,10,2,LAX,JFK,2025-06-10 13:00:00,13:24:00,24,21:45:00,21:54:00,9,2025-06-10,46800,78300,1
2025,6,10,2,LAX,JFK,2025-06-10 14:30:00,14:51:00,21,23:10:00,23:23:00,13,2025-06-10,52200,83400,1
2025,6,10,2,LAX,JFK,2025-06-10 15:15:00,15:41:00,26,23:55:00,23:54:00,-1,2025-06-10,54900,86100,1
2025,6,10,2,LAX,JFK,2025-06-10 15:20:00,15:13:00,-7,23:54:00,23:42:00,-12,2025-06-10,55200,86040,1
2025,6,10,2,LAX,JFK,2025-06-10 15:20:00,15:45:00,25,23:58:00,00:04:00,6,2025-06-10,55200,86280,1
2025,6,10,2,LAX,JFK,2025-06-10 16:20:00,16:15:00,-5,00:57:00,00:38:00,-19,2025-06-10,58800,3420,1
2025,6,10,2,LAX,JFK,2025-06-10 20:53:00,21:03:00,10,05:30:00,05:27:00,-3,2025-06-10,75180,19800,1
2025,6,10,2,LAX,JFK,2025-06-10 21:21:00,21:17:00,-4,05:55:00,05:31:00,-24,2025-06-10,76860,21300,1
2025,6,10,2,LAX,JFK,2025-06-10 21:25:00,21:22:00,-3,05:59:00,05:41:00,-18,2025-06-10,77100,21540,1
2025,6,10,2,LAX,JFK,2025-06-10 21:40:00,21:39:00,-1,06:07:00,05:47:00,-20,2025-06-10,78000,22020,1
2025,6,10,2,LAX,JFK,2025-06-10 22:52:00,22:51:00,-1,07:32:00,07:09:00,-23,2025-06-10,82320,27120,1
2025,6,10,2,LAX,JFK,2025-06-10 23:55:00,23:58:00,3,08:30:00,08:18:00,-12,2025-06-10,86100,30600,1
2025,6,10,2,LAX,JFK,2025-06-10 23:59:00,23:58:00,-1,08:37:00,08:16:00,-21,2025-06-10,86340,31020,1
2025,6,10,2,LAX,KOA,2025-06-10 09:10:00,09:01:00,-9,11:50:00,11:38:00,-12,2025-06-10,33000,42600,1
2025,6,10,2,LAX,KOA,2025-06-10 11:00:00,10:54:00,-6,13:35:00,13:34:00,-1,2025-06-10,39600,48900,1
2025,6,10,2,LAX,KOA,2025-06-10 11:19:00,11:48:00,29,13:55:00,14:42:00,47,2025-06-10,40740,50100,1
2025,6,10,2,LAX,KOA,2025-06-10 16:29:00,16:24:00,-5,18:59:00,18:59:00,0,2025-06-10,59340,68340,1
2025,6,10,2,LAX,KOA,2025-06-10 17:25:00,17:24:00,-1,20:03:00,20:00:00,-3,2025-06-10,62700,72180,1
2025,6,10,2,LAX,LAS,2025-06-10 07:30:00,07:20:00,-10,08:40:00,08:29:00,-11,2025-06-10,27000,31200,1
2025,6,10,2,LAX,LAS,2025-06-10 07:55:00,07:54:00,-1,09:10:00,09:10:00,0,2025-06-10,28500,33000,1
2025,6,10,2,LAX,LAS,2025-06-10 08:26:00,08:48:00,22,09:51:00,09:58:00,7,2025-06-10,30360,35460,1
2025,6,10,2,LAX,LAS,2025-06-10 09:30:00,09:29:00,-1,10:45:00,10:45:00,0,2025-06-10,34200,38700,1
2025,6,10,2,LAX,LAS,2025-06-10 10:19:00,10:32:00,13,11:31:00,11:42:00,11,2025-06-10,37140,41460,1
2025,6,10,2,LAX,LAS,2025-06-10 11:40:00,11:34:00,-6,12:54:00,12:35:00,-19,2025-06-10,42000,46440,1
2025,6,10,2,LAX,LAS,2025-06-10 12:35:00,12:51:00,16,13:50:00,14:24:00,34,2025-06-10,45300,49800,1
2025,6,10,2,LAX,LAS,2025-06-10 14:45:00,14:41:00,-4,16:07:00,15:51:00,-16,2025-06-10,53100,58020,1
2025,6,10,2,LAX,LAS,2025-06-10 15:05:00,14:58:00,-7,16:15:00,15:58:00,-17,2025-06-10,54300,58500,1
2025,6,10,2,LAX,LAS,2025-06-10 15:48:00,16:00:00,12,17:13:00,17:13:00,0,2025-06-10,56880,61980,1
2025,6,10,2,LAX,LAS,2025-06-10 16:05:00,16:19:00,14,17:20:00,17:26:00,6,2025-06-10,57900,62400,1
2025,6,10,2,LAX,LAS,2025-06-10 18:05:00,18:19:00,14,19:20:00,19:19:00,-1,2025-06-10,65100,69600,1
2025,6,10,2,LAX,LAS,2025-06-10 18:50:00,19:15:00,25,20:00:00,20:21:00,21,2025-06-10,67800,72000,1
2025,6,10,2,LAX,LAS,2025-06-10 18:52:00,18:42:00,-10,20:10:00,19:49:00,-21,2025-06-10,67920,72600,1
2025,6,10,2,LAX,LAS,2025-06-10 19:15:00,19:03:00,-12,20:26:00,20:09:00,-17,2025-06-10,69300,73560,1
2025,6,10,2,LAX,LAS,2025-06-10 19:30:00,19:19:00,-11,20:52:00,20:29:00,-23,2025-06-10,70200,75120,1
2025,6,10,2,LAX,LAS,2025-06-10 19:48:00,19:38:00,-10,21:00:00,21:04:00,4,2025-06-10,71280,75600,1
2025,6,10,2,LAX,LAS,2025-06-10 20:35:00,20:31:00,-4,21:55:00,21:28:00,-27,2025-06-10,74100,78900,1
2025,6,10,2,LAX,LAS,2025-06-10 22:15:00,22:08:00,-7,23:27:00,23:13:00,-14,2025-06-10,80100,84420,1
2025,6,10,2,LAX,LAS,2025-06-10 23:05:00,22:59:00,-6,00:27:00,00:12:00,-15,2025-06-10,83100,1620,1
2025,6,10,2,LAX,LIH,2025-06-10 08:42:00,08:39:00,-3,11:38:00,11:25:00,-13,2025-06-10,31320,41880,1
2025,6,10,2,LAX,LIH,2025-06-10 09:00:00,09:54:00,54,11:45:00,12:26:00,41,2025-06-10,32400,42300,1
2025,6,10,2,LAX,LIH,2025-06-10 09:03:00,09:28:00,25,12:04:00,12:09:00,5,2025-06-10,32580,43440,1
2025,6,10,2,LAX,LIH,2025-06-10 14:25:00,14:22:00,-3,17:08:00,17:10:00,2,2025-06-10,51900,61680,1
2025,6,10,2,LAX,MCI,2025-06-10 06:25:00,06:23:00,-2,11:35:00,11:40:00,5,2025-06-10,23100,41700,1
2025,6,10,2,LAX,MCI,2025-06-10 09:30:00,09:25:00,-5,14:44:00,14:41:00,-3,2025-06-10,34200,53040,1
2025,6,10,2,LAX,MCI,2025-06-10 15:01:00,14:55:00,-6,20:12:00,20:04:00,-8,2025-06-10,54060,72720,1
2025,6,10,2,LAX,MCI,2025-06-10 18:15:00,18:07:00,-8,23:27:00,23:15:00,-12,2025-06-10,65700,84420,1
2025,6,10,2,LAX,MCO,2025-06-10 07:00:00,06:55:00,-5,14:58:00,14:49:00,-9,2025-06-10,25200,53880,1
2025,6,10,2,LAX,MCO,2025-06-10 10:02:00,09:55:00,-7,18:04:00,17:30:00,-34,2025-06-10,36120,65040,1
2025,6,10,2,LAX,MCO,2025-06-10 10:35:00,10:31:00,-4,18:38:00,18:32:00,-6,2025-06-10,38100,67080,1
2025,6,10,2,LAX,MCO,2025-06-10 11:20:00,11:20:00,0,19:14:00,19:24:00,10,2025-06-10,40800,69240,1
2025,6,10,2,LAX,MCO,2025-06-10 16:05:00,16:05:00,0,23:59:00,23:54:00,-5,2025-06-10,57900,86340,1
2025,6,10,2,LAX,MCO,2025-06-10 21:35:00,21:28:00,-7,05:36:00,05:06:00,-30,2025-06-10,77700,20160,1
2025,6,10,2,LAX,MCO,2025-06-10 22:49:00,22:44:00,-5,06:47:00,06:25:00,-22,2025-06-10,82140,24420,1
2025,6,10,2,LAX,MDW,2025-06-10 05:15:00,05:11:00,-4,11:20:00,11:06:00,-14,2025-06-10,18900,40800,1
2025,6,10,2,LAX,MDW,2025-06-10 08:00:00,08:13:00,13,14:00:00,14:11:00,11,2025-06-10,28800,50400,1
2025,6,10,2,LAX,MDW,2025-06-10 15:50:00,15:50:00,0,21:50:00,21:55:00,5,2025-06-10,57000,78600,1
2025,6,10,2,LAX,MDW,2025-06-10 22:55:00,22:55:00,0,05:00:00,04:47:00,-13,2025-06-10,82500,18000,1
2025,6,10,2,LAX,MFE,2025-06-10 08:30:00,08:25:00,-5,13:39:00,13:22:00,-17,2025-06-10,30600,49140,1
2025,6,10,2,LAX,MIA,2025-06-10 06:00:00,05:57:00,-3,14:13:00,13:57:00,-16,2025-06-10,21600,51180,1
2025,6,10,2,LAX,MIA,2025-06-10 07:45:00,07:41:00,-4,15:54:00,15:43:00,-11,2025-06-10,27900,57240,1
2025,6,10,2,LAX,MIA,2025-06-10 09:00:00,08:56:00,-4,17:19:00,17:09:00,-10,2025-06-10,32400,62340,1
2025,6,10,2,LAX,MIA,2025-06-10 10:05:00,10:04:00,-1,18:16:00,18:00:00,-16,2025-06-10,36300,65760,1
2025,6,10,2,LAX,MIA,2025-06-10 15:00:00,14:55:00,-5,23:10:00,22:50:00,-20,2025-06-10,54000,83400,1
2025,6,10,2,LAX,MIA,2025-06-10 21:40:00,22:06:00,26,05:50:00,06:12:00,22,2025-06-10,78000,21000,1
2025,6,10,2,LAX,MIA,2025-06-10 22:49:00,22:53:00,4,07:01:00,06:50:00,-11,2025-06-10,82140,25260,1
2025,6,10,2,LAX,MIA,2025-06-10 23:43:00,00:02:00,19,07:50:00,07:57:00,7,2025-06-10,85380,28200,1
2025,6,10,2,LAX,MRY,2025-06-10 08:20:00,08:16:00,-4,09:42:00,09:39:00,-3,2025-06-10,30000,34920,1
2025,6,10,2,LAX,MRY,2025-06-10 18:23:00,18:17:00,-6,19:37:00,19:24:00,-13,2025-06-10,66180,70620,1
2025,6,10,2,LAX,MSO,2025-06-10 11:31:00,11:41:00,10,15:10:00,15:18:00,8,2025-06-10,41460,54600,1
2025,6,10,2,LAX,MSP,2025-06-10 00:50:00,01:19:00,29,06:25:00,06:50:00,25,2025-06-10,3000,23100,1
2025,6,10,2,LAX,MSP,2025-06-10 06:17:00,06:09:00,-8,11:48:00,11:42:00,-6,2025-06-10,22620,42480,1
2025,6,10,2,LAX,MSP,2025-06-10 08:00:00,08:01:00,1,13:34:00,13:35:00,1,2025-06-10,28800,48840,1
2025,6,10,2,LAX,MSP,2025-06-10 11:30:00,11:29:00,-1,17:02:00,16:53:00,-9,2025-06-10,41400,61320,1
2025,6,10,2,LAX,MSP,2025-06-10 13:25:00,13:57:00,32,18:55:00,19:21:00,26,2025-06-10,48300,68100,1
2025,6,10,2,LAX,MSP,2025-06-10 18:50:00,18:48:00,-2,00:20:00,00:19:00,-1,2025-06-10,67800,1200,1
2025,6,10,2,LAX,MSP,2025-06-10 23:30:00,00:00,30,05:04:00,05:34:00,30,2025-06-10,84600,18240,1
2025,6,10,2,LAX,MSY,2025-06-10 07:00:00,06:55:00,-5,12:40:00,12:45:00,5,2025-06-10,25200,45600,1
2025,6,10,2,LAX,MSY,2025-06-10 10:00:00,10:02:00,2,15:50:00,15:43:00,-7,2025-06-10,36000,57000,1
2025,6,10,2,LAX,MSY,2025-06-10 12:10:00,12:02:00,-8,17:53:00,17:56:00,3,2025-06-10,43800,64380,1
2025,6,10,2,LAX,MSY,2025-06-10 18:18:00,18:09:00,-9,23:58:00,23:45:00,-13,2025-06-10,65880,86280,1
2025,6,10,2,LAX,OAK,2025-06-10 07:25:00,07:19:00,-6,08:50:00,08:34:00,-16,2025-06-10,26700,31800,1
2025,6,10,2,LAX,OAK,2025-06-10 10:50:00,10:45:00,-5,12:15:00,11:55:00,-20,2025-06-10,39000,44100,1
2025,6,10,2,LAX,OAK,2025-06-10 15:00:00,15:10:00,10,16:20:00,16:20:00,0,2025-06-10,54000,58800,1
2025,6,10,2,LAX,OAK,2025-06-10 17:50:00,17:49:00,-1,19:10:00,18:58:00,-12,2025-06-10,64200,69000,1
2025,6,10,2,LAX,OAK,2025-06-10 19:35:00,19:32:00,-3,21:00:00,20:43:00,-17,2025-06-10,70500,75600,1
2025,6,10,2,LAX,OGG,2025-06-10 07:45:00,07:54:00,9,10:25:00,10:23:00,-2,2025-06-10,27900,37500,1
2025,6,10,2,LAX,OGG,2025-06-10 08:00:00,07:54:00,-6,10:31:00,10:24:00,-7,2025-06-10,28800,37860,1
2025,6,10,2,LAX,OGG,2025-06-10 08:15:00,08:10:00,-5,10:55:00,10:42:00,-13,2025-06-10,29700,39300,1
2025,6,10,2,LAX,OGG,2025-06-10 09:02:00,09:02:00,0,11:47:00,11:27:00,-20,2025-06-10,32520,42420,1
2025,6,10,2,LAX,OGG,2025-06-10 16:55:00,16:46:00,-9,19:34:00,19:20:00,-14,2025-06-10,60900,70440,1
2025,6,10,2,LAX,OGG,2025-06-10 16:56:00,16:48:00,-8,19:28:00,19:15:00,-13,2025-06-10,60960,70080,1
2025,6,10,2,LAX,OGG,2025-06-10 17:54:00,17:46:00,-8,20:30:00,20:21:00,-9,2025-06-10,64440,73800,1
2025,6,10,2,LAX,OKC,2025-06-10 09:00:00,08:50:00,-10,14:00:00,13:50:00,-10,2025-06-10,32400,50400,1
2025,6,10,2,LAX,OKC,2025-06-10 17:32:00,17:59:00,27,22:30:00,22:55:00,25,2025-06-10,63120,81000,1
2025,6,10,2,LAX,ORD,2025-06-10 00:30:00,00:26:00,-4,06:42:00,06:26:00,-16,2025-06-10,1800,24120,1
2025,6,10,2,LAX,ORD,2025-06-10 00:41:00,00:33:00,-8,06:42:00,06:40:00,-2,2025-06-10,2460,24120,1
2025,6,10,2,LAX,ORD,2025-06-10 05:30:00,05:22:00,-8,11:36:00,11:18:00,-18,2025-06-10,19800,41760,1
2025,6,10,2,LAX,ORD,2025-06-10 06:05:00,05:59:00,-6,12:21:00,12:22:00,1,2025-06-10,21900,44460,1
2025,6,10,2,LAX,ORD,2025-06-10 06:20:00,06:16:00,-4,12:42:00,12:39:00,-3,2025-06-10,22800,45720,1
2025,6,10,2,LAX,ORD,2025-06-10 08:00:00,07:53:00,-7,14:15:00,14:18:00,3,2025-06-10,28800,51300,1
2025,6,10,2,LAX,ORD,2025-06-10 08:15:00,08:08:00,-7,14:39:00,14:19:00,-20,2025-06-10,29700,52740,1
2025,6,10,2,LAX,ORD,2025-06-10 09:36:00,09:50:00,14,15:44:00,15:58:00,14,2025-06-10,34560,56640,1
2025,6,10,2,LAX,ORD,2025-06-10 10:40:00,10:47:00,7,16:56:00,17:03:00,7,2025-06-10,38400,60960,1
2025,6,10,2,LAX,ORD,2025-06-10 11:05:00,11:00:00,-5,17:17:00,17:12:00,-5,2025-06-10,39900,62220,1
2025,6,10,2,LAX,ORD,2025-06-10 11:45:00,12:26:00,41,17:53:00,18:51:00,58,2025-06-10,42300,64380,1
2025,6,10,2,LAX,ORD,2025-06-10 12:37:00,12:35:00,-2,18:55:00,19:16:00,21,2025-06-10,45420,68100,1
2025,6,10,2,LAX,ORD,2025-06-10 13:00:00,13:03:00,3,19:29:00,19:14:00,-15,2025-06-10,46800,70140,1
2025,6,10,2,LAX,ORD,2025-06-10 14:01:00,13:52:00,-9,20:25:00,20:23:00,-2,2025-06-10,50460,73500,1
2025,6,10,2,LAX,ORD,2025-06-10 15:02:00,14:59:00,-3,21:08:00,21:36:00,28,2025-06-10,54120,76080,1
2025,6,10,2,LAX,ORD,2025-06-10 16:40:00,16:32:00,-8,23:04:00,22:35:00,-29,2025-06-10,60000,83040,1
2025,6,10,2,LAX,ORD,2025-06-10 17:29:00,17:46:00,17,23:35:00,23:44:00,9,2025-06-10,62940,84900,1
2025,6,10,2,LAX,ORD,2025-06-10 17:38:00,17:31:00,-7,23:59:00,23:45:00,-14,2025-06-10,63480,86340,1
2025,6,10,2,LAX,ORD,2025-06-10 22:40:00,22:38:00,-2,04:51:00,04:50:00,-1,2025-06-10,81600,17460,1
2025,6,10,2,LAX,ORD,2025-06-10 23:00:00,22:57:00,-3,05:13:00,05:04:00,-9,2025-06-10,82800,18780,1
2025,6,10,2,LAX,ORD,2025-06-10 23:37:00,23:30:00,-7,05:45:00,05:30:00,-15,2025-06-10,85020,20700,1
2025,6,10,2,LAX,PDX,2025-06-10 07:00:00,06:45:00,-15,09:28:00,09:06:00,-22,2025-06-10,25200,34080,1
2025,6,10,2,LAX,PDX,2025-06-10 07:00:00,06:50:00,-10,09:21:00,09:04:00,-17,2025-06-10,25200,33660,1
2025,6,10,2,LAX,PDX,2025-06-10 08:45:00,08:41:00,-4,11:10:00,10:55:00,-15,2025-06-10,31500,40200,1
2025,6,10,2,LAX,PDX,2025-06-10 09:25:00,09:15:00,-10,11:52:00,11:33:00,-19,2025-06-10,33900,42720,1
2025,6,10,2,LAX,PDX,2025-06-10 11:20:00,11:21:00,1,13:47:00,13:47:00,0,2025-06-10,40800,49620,1
2025,6,10,2,LAX,PDX,2025-06-10 13:40:00,13:49:00,9,16:00:00,16:06:00,6,2025-06-10,49200,57600,1
2025,6,10,2,LAX,PDX,2025-06-10 13:57:00,13:45:00,-12,16:24:00,16:07:00,-17,2025-06-10,50220,59040,1
2025,6,10,2,LAX,PDX,2025-06-10 16:40:00,16:26:00,-14,18:59:00,18:35:00,-24,2025-06-10,60000,68340,1
2025,6,10,2,LAX,PDX,2025-06-10 18:20:00,18:13:00,-7,20:48:00,20:25:00,-23,2025-06-10,66000,74880,1
2025,6,10,2,LAX,PDX,2025-06-10 20:06:00,21:01:00,55,22:30:00,23:25:00,55,2025-06-10,72360,81000,1
2025,6,10,2,LAX,PDX,2025-06-10 21:33:00,21:22:00,-11,23:59:00,23:49:00,-10,2025-06-10,77580,86340,1
2025,6,10,2,LAX,PHL,2025-06-10 01:08:00,01:28:00,20,09:16:00,09:54:00,38,2025-06-10,4080,33360,1
2025,6,10,2,LAX,PHL,2025-06-10 06:45:00,06:30:00,-15,14:54:00,14:38:00,-16,2025-06-10,24300,53640,1
2025,6,10,2,LAX,PHL,2025-06-10 07:45:00,07:37:00,-8,15:56:00,15:45:00,-11,2025-06-10,27900,57360,1
2025,6,10,2,LAX,PHL,2025-06-10 09:00:00,08:57:00,-3,17:18:00,16:51:00,-27,2025-06-10,32400,62280,1
2025,6,10,2,LAX,PHL,2025-06-10 11:40:00,11:35:00,-5,19:56:00,19:28:00,-28,2025-06-10,42000,71760,1
2025,6,10,2,LAX,PHL,2025-06-10 12:15:00,12:08:00,-7,20:25:00,20:15:00,-10,2025-06-10,44100,73500,1
2025,6,10,2,LAX,PHL,2025-06-10 14:42:00,14:35:00,-7,22:54:00,22:50:00,-4,2025-06-10,52920,82440,1
2025,6,10,2,LAX,PHL,2025-06-10 16:30:00,16:30:00,0,00:43:00,00:39:00,-4,2025-06-10,59400,2580,1
2025,6,10,2,LAX,PHL,2025-06-10 22:53:00,22:47:00,-6,07:05:00,06:47:00,-18,2025-06-10,82380,25500,1
2025,6,10,2,LAX,PHX,2025-06-10 06:10:00,06:05:00,-5,07:39:00,07:30:00,-9,2025-06-10,22200,27540,1
2025,6,10,2,LAX,PHX,2025-06-10 07:00:00,06:58:00,-2,08:40:00,08:10:00,-30,2025-06-10,25200,31200,1
2025,6,10,2,LAX,PHX,2025-06-10 08:15:00,08:10:00,-5,09:51:00,09:33:00,-18,2025-06-10,29700,35460,1
2025,6,10,2,LAX,PHX,2025-06-10 08:40:00,08:33:00,-7,10:15:00,09:45:00,-30,2025-06-10,31200,36900,1
2025,6,10,2,LAX,PHX,2025-06-10 10:00:00,09:56:00,-4,11:30:00,11:12:00,-18,2025-06-10,36000,41400,1
2025,6,10,2,LAX,PHX,2025-06-10 10:15:00,10:08:00,-7,11:45:00,11:30:00,-15,2025-06-10,36900,42300,1
2025,6,10,2,LAX,PHX,2025-06-10 13:25:00,13:17:00,-8,15:03:00,14:48:00,-15,2025-06-10,48300,54180,1
2025,6,10,2,LAX,PHX,2025-06-10 13:25:00,13:22:00,-3,14:50:00,14:43:00,-7,2025-06-10,48300,53400,1
2025,6,10,2,LAX,PHX,2025-06-10 14:00:00,14:15:00,15,15:28:00,15:38:00,10,2025-06-10,50400,55680,1
2025,6,10,2,LAX,PHX,2025-06-10 16:50:00,17:44:00,54,18:25:00,19:04:00,39,2025-06-10,60600,66300,1
2025,6,10,2,LAX,PHX,2025-06-10 17:30:00,17:21:00,-9,18:55:00,18:44:00,-11,2025-06-10,63000,68100,1
2025,6,10,2,LAX,PHX,2025-06-10 18:25:00,18:44:00,19,19:55:00,20:02:00,7,2025-06-10,66300,71700,1
2025,6,10,2,LAX,PHX,2025-06-10 19:10:00,18:58:00,-12,20:39:00,20:22:00,-17,2025-06-10,69000,74340,1
2025,6,10,2,LAX,PHX,2025-06-10 19:35:00,19:26:00,-9,21:03:00,20:56:00,-7,2025-06-10,70500,75780,1
2025,6,10,2,LAX,PHX,2025-06-10 21:34:00,21:28:00,-6,23:05:00,22:46:00,-19,2025-06-10,77640,83100,1
2025,6,10,2,LAX,PHX,2025-06-10 22:35:00,22:27:00,-8,00:13:00,23:55:00,-18,2025-06-10,81300,780,1
2025,6,10,2,LAX,PIT,2025-06-10 09:15:00,09:06:00,-9,17:00:00,16:46:00,-14,2025-06-10,33300,61200,1
2025,6,10,2,LAX,PRC,2025-06-10 19:45:00,19:36:00,-9,21:11:00,20:49:00,-22,2025-06-10,71100,76260,1
2025,6,10,2,LAX,PSC,2025-06-10 20:22:00,20:53:00,31,22:57:00,23:18:00,21,2025-06-10,73320,82620,1
2025,6,10,2,LAX,RDD,2025-06-10 12:50:00,13:09:00,19,14:39:00,14:57:00,18,2025-06-10,46200,52740,1
2025,6,10,2,LAX,RDM,2025-06-10 12:45:00,12:41:00,-4,15:03:00,14:38:00,-25,2025-06-10,45900,54180,1
2025,6,10,2,LAX,RDU,2025-06-10 12:40:00,12:40:00,0,20:29:00,20:49:00,20,2025-06-10,45600,73740,1
2025,6,10,2,LAX,RNO,2025-06-10 09:59:00,09:53:00,-6,11:31:00,11:11:00,-20,2025-06-10,35940,41460,1
2025,6,10,2,LAX,RNO,2025-06-10 10:19:00,10:17:00,-2,12:00:00,11:54:00,-6,2025-06-10,37140,43200,1
2025,6,10,2,LAX,RNO,2025-06-10 15:02:00,14:54:00,-8,16:30:00,16:10:00,-20,2025-06-10,54120,59400,1
2025,6,10,2,LAX,RNO,2025-06-10 17:10:00,17:03:00,-7,18:44:00,18:17:00,-27,2025-06-10,61800,67440,1
2025,6,10,2,LAX,RNO,2025-06-10 17:30:00,17:26:00,-4,18:55:00,18:40:00,-15,2025-06-10,63000,68100,1
2025,6,10,2,LAX,RNO,2025-06-10 20:50:00,20:40:00,-10,22:17:00,22:00:00,-17,2025-06-10,75000,80220,1
2025,6,10,2,LAX,RNO,2025-06-10 21:59:00,21:48:00,-11,23:32:00,23:16:00,-16,2025-06-10,79140,84720,1
2025,6,10,2,LAX,SAN,2025-06-10 08:20:00,08:57:00,37,09:19:00,09:45:00,26,2025-06-10,30000,33540,1
2025,6,10,2,LAX,SAN,2025-06-10 09:20:00,09:15:00,-5,10:24:00,10:09:00,-15,2025-06-10,33600,37440,1
2025,6,10,2,LAX,SAN,2025-06-10 14:28:00,14:30:00,2,15:22:00,15:18:00,-4,2025-06-10,52080,55320,1
2025,6,10,2,LAX,SAN,2025-06-10 18:00:00,17:52:00,-8,18:54:00,18:39:00,-15,2025-06-10,64800,68040,1
2025,6,10,2,LAX,SAN,2025-06-10 18:46:00,18:42:00,-4,19:47:00,19:37:00,-10,2025-06-10,67560,71220,1
2025,6,10,2,LAX,SAN,2025-06-10 21:59:00,21:47:00,-12,22:53:00,22:37:00,-16,2025-06-10,79140,82380,1
2025,6,10,2,LAX,SAN,2025-06-10 22:45:00,22:39:00,-6,23:46:00,23:29:00,-17,2025-06-10,81900,85560,1
2025,6,10,2,LAX,SAT,2025-06-10 08:54:00,08:57:00,3,13:42:00,13:34:00,-8,2025-06-10,32040,49320,1
2025,6,10,2,LAX,SAT,2025-06-10 09:12:00,09:03:00,-9,14:19:00,13:59:00,-20,2025-06-10,33120,51540,1
2025,6,10,2,LAX,SAT,2025-06-10 09:30:00,09:21:00,-9,14:23:00,14:01:00,-22,2025-06-10,34200,51780,1
2025,6,10,2,LAX,SAT,2025-06-10 12:00:00,11:55:00,-5,17:00:00,16:33:00,-27,2025-06-10,43200,61200,1
2025,6,10,2,LAX,SAT,2025-06-10 17:00:00,16:51:00,-9,21:58:00,22:03:00,5,2025-06-10,61200,79080,1
2025,6,10,2,LAX,SAT,2025-06-10 18:58:00,19:13:00,15,23:49:00,00:23:00,34,2025-06-10,68280,85740,1
2025,6,10,2,LAX,SBA,2025-06-10 15:20:00,15:14:00,-6,16:12:00,16:12:00,0,2025-06-10,55200,58320,1
2025,6,10,2,LAX,SBA,2025-06-10 23:00:00,22:36:00,-24,23:58:00,23:32:00,-26,2025-06-10,82800,86280,1
2025,6,10,2,LAX,SBP,2025-06-10 15:00:00,14:54:00,-6,16:01:00,15:39:00,-22,2025-06-10,54000,57660,1
2025,6,10,2,LAX,SBP,2025-06-10 22:32:00,22:25:00,-7,23:36:00,23:33:00,-3,2025-06-10,81120,84960,1
2025,6,10,2,LAX,SEA,2025-06-10 06:00:00,05:48:00,-12,08:56:00,08:53:00,-3,2025-06-10,21600,32160,1
2025,6,10,2,LAX,SEA,2025-06-10 07:00:00,06:53:00,-7,09:55:00,09:48:00,-7,2025-06-10,25200,35700,1
2025,6,10,2,LAX,SEA,2025-06-10 07:00:00,07:01:00,1,09:54:00,09:39:00,-15,2025-06-10,25200,35640,1
2025,6,10,2,LAX,SEA,2025-06-10 08:00:00,08:03:00,3,10:58:00,11:15:00,17,2025-06-10,28800,39480,1
2025,6,10,2,LAX,SEA,2025-06-10 09:35:00,09:29:00,-6,12:30:00,12:34:00,4,2025-06-10,34500,45000,1
2025,6,10,2,LAX,SEA,2025-06-10 09:45:00,09:38:00,-7,12:42:00,12:20:00,-22,2025-06-10,35100,45720,1
2025,6,10,2,LAX,SEA,2025-06-10 11:10:00,11:04:00,-6,14:01:00,13:39:00,-22,2025-06-10,40200,50460,1
2025,6,10,2,LAX,SEA,2025-06-10 11:15:00,11:10:00,-5,14:09:00,13:52:00,-17,2025-06-10,40500,50940,1
2025,6,10,2,LAX,SEA,2025-06-10 11:55:00,11:50:00,-5,14:50:00,14:30:00,-20,2025-06-10,42900,53400,1
2025,6,10,2,LAX,SEA,2025-06-10 11:55:00,11:56:00,1,14:45:00,14:35:00,-10,2025-06-10,42900,53100,1
2025,6,10,2,LAX,SEA,2025-06-10 13:58:00,13:56:00,-2,16:53:00,16:42:00,-11,2025-06-10,50280,60780,1
2025,6,10,2,LAX,SEA,2025-06-10 14:15:00,14:07:00,-8,17:00:00,16:40:00,-20,2025-06-10,51300,61200,1
2025,6,10,2,LAX,SEA,2025-06-10 15:36:00,15:30:00,-6,18:27:00,18:07:00,-20,2025-06-10,56160,66420,1
2025,6,10,2,LAX,SEA,2025-06-10 17:43:00,17:57:00,14,20:35:00,20:29:00,-6,2025-06-10,63780,74100,1
2025,6,10,2,LAX,SEA,2025-06-10 17:45:00,17:41:00,-4,20:35:00,20:18:00,-17,2025-06-10,63900,74100,1
2025,6,10,2,LAX,SEA,2025-06-10 18:39:00,18:33:00,-6,21:34:00,21:14:00,-20,2025-06-10,67140,77640,1
2025,6,10,2,LAX,SEA,2025-06-10 18:45:00,18:34:00,-11,21:36:00,21:18:00,-18,2025-06-10,67500,77760,1
2025,6,10,2,LAX,SEA,2025-06-10 19:07:00,18:59:00,-8,21:58:00,21:32:00,-26,2025-06-10,68820,79080,1
2025,6,10,2,LAX,SEA,2025-06-10 19:55:00,19:55:00,0,22:47:00,22:39:00,-8,2025-06-10,71700,82020,1
2025,6,10,2,LAX,SEA,2025-06-10 19:59:00,19:55:00,-4,22:57:00,22:30:00,-27,2025-06-10,71940,82620,1
2025,6,10,2,LAX,SFO,2025-06-10 06:00:00,05:55:00,-5,07:38:00,07:18:00,-20,2025-06-10,21600,27480,1
2025,6,10,2,LAX,SFO,2025-06-10 06:05:00,06:00:00,-5,07:30:00,07:07:00,-23,2025-06-10,21900,27000,1
2025,6,10,2,LAX,SFO,2025-06-10 06:30:00,06:21:00,-9,07:52:00,07:37:00,-15,2025-06-10,23400,28320,1
2025,6,10,2,LAX,SFO,2025-06-10 07:00:00,06:55:00,-5,08:36:00,08:25:00,-11,2025-06-10,25200,30960,1
2025,6,10,2,LAX,SFO,2025-06-10 08:05:00,07:58:00,-7,09:45:00,09:30:00,-15,2025-06-10,29100,35100,1
2025,6,10,2,LAX,SFO,2025-06-10 08:35:00,08:30:00,-5,09:58:00,10:24:00,26,2025-06-10,30900,35880,1
2025,6,10,2,LAX,SFO,2025-06-10 09:10:00,09:01:00,-9,10:45:00,10:53:00,8,2025-06-10,33000,38700,1
2025,6,10,2,LAX,SFO,2025-06-10 10:15:00,10:10:00,-5,11:40:00,11:58:00,18,2025-06-10,36900,42000,1
2025,6,10,2,LAX,SFO,2025-06-10 10:26:00,10:19:00,-7,11:59:00,12:13:00,14,2025-06-10,37560,43140,1
2025,6,10,2,LAX,SFO,2025-06-10 12:20:00,12:16:00,-4,13:43:00,13:32:00,-11,2025-06-10,44400,49380,1
2025,6,10,2,LAX,SFO,2025-06-10 13:10:00,14:10:00,60,14:35:00,15:16:00,41,2025-06-10,47400,52500,1
2025,6,10,2,LAX,SFO,2025-06-10 13:30:00,13:31:00,1,14:52:00,14:42:00,-10,2025-06-10,48600,53520,1
2025,6,10,2,LAX,SFO,2025-06-10 13:39:00,13:28:00,-11,15:07:00,14:43:00,-24,2025-06-10,49140,54420,1
2025,6,10,2,LAX,SFO,2025-06-10 14:22:00,14:15:00,-7,15:48:00,15:29:00,-19,2025-06-10,51720,56880,1
2025,6,10,2,LAX,SFO,2025-06-10 16:00:00,15:58:00,-2,17:28:00,17:52:00,24,2025-06-10,57600,62880,1
2025,6,10,2,LAX,SFO,2025-06-10 16:10:00,16:35:00,25,17:39:00,18:04:00,25,2025-06-10,58200,63540,1
2025,6,10,2,LAX,SFO,2025-06-10 16:27:00,16:44:00,17,17:45:00,18:08:00,23,2025-06-10,59220,63900,1
2025,6,10,2,LAX,SFO,2025-06-10 17:10:00,17:04:00,-6,18:40:00,18:25:00,-15,2025-06-10,61800,67200,1
2025,6,10,2,LAX,SFO,2025-06-10 18:20:00,18:28:00,8,19:43:00,19:42:00,-1,2025-06-10,66000,70980,1
2025,6,10,2,LAX,SFO,2025-06-10 18:31:00,18:56:00,25,19:58:00,20:24:00,26,2025-06-10,66660,71880,1
2025,6,10,2,LAX,SFO,2025-06-10 18:40:00,19:26:00,46,20:09:00,20:54:00,45,2025-06-10,67200,72540,1
2025,6,10,2,LAX,SFO,2025-06-10 19:25:00,20:19:00,54,20:57:00,22:02:00,65,2025-06-10,69900,75420,1
2025,6,10,2,LAX,SFO,2025-06-10 19:35:00,19:34:00,-1,20:58:00,21:03:00,5,2025-06-10,70500,75480,1
2025,6,10,2,LAX,SFO,2025-06-10 21:49:00,21:46:00,-3,23:12:00,22:50:00,-22,2025-06-10,78540,83520,1
2025,6,10,2,LAX,SFO,2025-06-10 22:25:00,22:23:00,-2,23:52:00,23:45:00,-7,2025-06-10,80700,85920,1
2025,6,10,2,LAX,SGU,2025-06-10 13:15:00,13:07:00,-8,15:47:00,15:48:00,1,2025-06-10,47700,56820,1
2025,6,10,2,LAX,SJC,2025-06-10 06:40:00,06:35:00,-5,07:55:00,07:39:00,-16,2025-06-10,24000,28500,1
2025,6,10,2,LAX,SJC,2025-06-10 07:05:00,06:58:00,-7,08:20:00,08:11:00,-9,2025-06-10,25500,30000,1
2025,6,10,2,LAX,SJC,2025-06-10 09:15:00,09:07:00,-8,10:30:00,10:17:00,-13,2025-06-10,33300,37800,1
2025,6,10,2,LAX,SJC,2025-06-10 10:00:00,09:55:00,-5,11:15:00,11:02:00,-13,2025-06-10,36000,40500,1
2025,6,10,2,LAX,SJC,2025-06-10 11:35:00,12:04:00,29,12:52:00,13:26:00,34,2025-06-10,41700,46320,1
2025,6,10,2,LAX,SJC,2025-06-10 13:25:00,13:17:00,-8,14:40:00,14:21:00,-19,2025-06-10,48300,52800,1
2025,6,10,2,LAX,SJC,2025-06-10 14:20:00,14:22:00,2,15:35:00,15:24:00,-11,2025-06-10,51600,56100,1
2025,6,10,2,LAX,SJC,2025-06-10 15:45:00,15:52:00,7,17:00:00,16:59:00,-1,2025-06-10,56700,61200,1
2025,6,10,2,LAX,SJC,2025-06-10 17:16:00,17:10:00,-6,18:34:00,18:29:00,-5,2025-06-10,62160,66840,1
2025,6,10,2,LAX,SJC,2025-06-10 17:30:00,17:23:00,-7,18:45:00,18:24:00,-21,2025-06-10,63000,67500,1
2025,6,10,2,LAX,SJC,2025-06-10 18:00:00,17:54:00,-6,19:15:00,19:02:00,-13,2025-06-10,64800,69300,1
2025,6,10,2,LAX,SJC,2025-06-10 19:50:00,19:44:00,-6,21:10:00,20:46:00,-24,2025-06-10,71400,76200,1
2025,6,10,2,LAX,SJC,2025-06-10 21:28:00,21:31:00,3,22:44:00,22:42:00,-2,2025-06-10,77280,81840,1
2025,6,10,2,LAX,SLC,2025-06-10 06:00:00,05:50:00,-10,08:53:00,08:40:00,-13,2025-06-10,21600,31980,1
2025,6,10,2,LAX,SLC,2025-06-10 07:00:00,06:51:00,-9,09:55:00,09:40:00,-15,2025-06-10,25200,35700,1
2025,6,10,2,LAX,SLC,2025-06-10 08:05:00,08:01:00,-4,11:00:00,10:37:00,-23,2025-06-10,29100,39600,1
2025,6,10,2,LAX,SLC,2025-06-10 09:48:00,09:42:00,-6,12:43:00,12:23:00,-20,2025-06-10,35280,45780,1
2025,6,10,2,LAX,SLC,2025-06-10 11:11:00,11:10:00,-1,14:03:00,13:53:00,-10,2025-06-10,40260,50580,1
2025,6,10,2,LAX,SLC,2025-06-10 13:11:00,13:18:00,7,16:04:00,16:06:00,2,2025-06-10,47460,57840,1
2025,6,10,2,LAX,SLC,2025-06-10 17:10:00,17:34:00,24,20:00:00,20:14:00,14,2025-06-10,61800,72000,1
2025,6,10,2,LAX,SLC,2025-06-10 18:45:00,19:06:00,21,21:39:00,21:53:00,14,2025-06-10,67500,77940,1
2025,6,10,2,LAX,SLC,2025-06-10 19:19:00,19:30:00,11,22:06:00,22:09:00,3,2025-06-10,69540,79560,1
2025,6,10,2,LAX,SMF,2025-06-10 06:15:00,06:10:00,-5,07:40:00,07:23:00,-17,2025-06-10,22500,27600,1
2025,6,10,2,LAX,SMF,2025-06-10 07:55:00,07:49:00,-6,09:24:00,09:12:00,-12,2025-06-10,28500,33840,1
2025,6,10,2,LAX,SMF,2025-06-10 08:15:00,08:11:00,-4,09:52:00,09:44:00,-8,2025-06-10,29700,35520,1
2025,6,10,2,LAX,SMF,2025-06-10 09:20:00,09:17:00,-3,10:45:00,10:39:00,-6,2025-06-10,33600,38700,1
2025,6,10,2,LAX,SMF,2025-06-10 09:46:00,09:37:00,-9,11:23:00,11:16:00,-7,2025-06-10,35160,40980,1
2025,6,10,2,LAX,SMF,2025-06-10 10:25:00,10:15:00,-10,11:59:00,11:34:00,-25,2025-06-10,37500,43140,1
2025,6,10,2,LAX,SMF,2025-06-10 12:25:00,12:24:00,-1,13:54:00,13:43:00,-11,2025-06-10,44700,50040,1
2025,6,10,2,LAX,SMF,2025-06-10 14:05:00,14:08:00,3,15:30:00,15:23:00,-7,2025-06-10,50700,55800,1
2025,6,10,2,LAX,SMF,2025-06-10 16:30:00,16:22:00,-8,18:01:00,17:49:00,-12,2025-06-10,59400,64860,1
2025,6,10,2,LAX,SMF,2025-06-10 16:54:00,16:45:00,-9,18:23:00,18:06:00,-17,2025-06-10,60840,66180,1
2025,6,10,2,LAX,SMF,2025-06-10 17:05:00,16:56:00,-9,18:37:00,18:20:00,-17,2025-06-10,61500,67020,1
2025,6,10,2,LAX,SMF,2025-06-10 17:25:00,17:45:00,20,18:50:00,19:10:00,20,2025-06-10,62700,67800,1
2025,6,10,2,LAX,SMF,2025-06-10 18:15:00,18:08:00,-7,19:45:00,19:24:00,-21,2025-06-10,65700,71100,1
2025,6,10,2,LAX,SMF,2025-06-10 20:25:00,20:39:00,14,21:50:00,21:53:00,3,2025-06-10,73500,78600,1
2025,6,10,2,LAX,STL,2025-06-10 05:00:00,04:54:00,-6,10:40:00,10:27:00,-13,2025-06-10,18000,38400,1
2025,6,10,2,LAX,STL,2025-06-10 17:33:00,17:32:00,-1,22:59:00,23:12:00,13,2025-06-10,63180,82740,1
2025,6,10,2,LAX,STL,2025-06-10 18:45:00,18:38:00,-7,00:25:00,00:09:00,-16,2025-06-10,67500,1500,1
2025,6,10,2,LAX,STS,2025-06-10 09:25:00,09:19:00,-6,11:06:00,11:07:00,1,2025-06-10,33900,39960,1
2025,6,10,2,LAX,STS,2025-06-10 21:56:00,21:47:00,-9,23:30:00,23:10:00,-20,2025-06-10,78960,84600,1
2025,6,10,2,LAX,TPA,2025-06-10 10:12:00,10:10:00,-2,18:00:00,18:00:00,0,2025-06-10,36720,64800,1
2025,6,10,2,LAX,TPA,2025-06-10 22:10:00,22:02:00,-8,05:44:00,05:34:00,-10,2025-06-10,79800,20640,1
2025,6,10,2,LAX,TPA,2025-06-10 23:59:00,23:53:00,-6,07:56:00,07:39:00,-17,2025-06-10,86340,28560,1
2025,6,10,2,LAX,TUL,2025-06-10 09:30:00,09:24:00,-6,14:40:00,14:34:00,-6,2025-06-10,34200,52800,1
2025,6,10,2,LAX,TUS,2025-06-10 08:22:00,08:12:00,-10,10:03:00,09:39:00,-24,2025-06-10,30120,36180,1
2025,6,10,2,LAX,TUS,2025-06-10 09:35:00,09:33:00,-2,11:10:00,11:00:00,-10,2025-06-10,34500,40200,1
2025,6,10,2,LAX,TUS,2025-06-10 12:50:00,12:47:00,-3,14:25:00,14:05:00,-20,2025-06-10,46200,51900,1
2025,6,10,2,LAX,TUS,2025-06-10 18:18:00,18:27:00,9,19:49:00,20:03:00,14,2025-06-10,65880,71340,1
2025,6,10,2,LAX,TUS,2025-06-10 19:00:00,19:50:00,50,20:33:00,21:13:00,40,2025-06-10,68400,73980,1
2025,6,10,2,LAX,XNA,2025-06-10 09:14:00,09:14:00,0,14:38:00,14:44:00,6,2025-06-10,33240,52680,1
2025,6,11,3,LAX,ABQ,2025-06-11 08:00:00,07:52:00,-8,11:08:00,10:35:00,-33,2025-06-11,28800,40080,2
2025,6,11,3,LAX,ABQ,2025-06-11 08:55:00,08:47:00,-8,11:58:00,11:39:00,-19,2025-06-11,32100,43080,2
2025,6,11,3,LAX,ABQ,2025-06-11 14:59:00,14:49:00,-10,18:02:00,17:37:00,-25,2025-06-11,53940,64920,2
2025,6,11,3,LAX,ABQ,2025-06-11 16:20:00,17:14:00,54,19:15:00,20:03:00,48,2025-06-11,58800,69300,2
2025,6,11,3,LAX,ABQ,2025-06-11 18:49:00,18:42:00,-7,21:52:00,21:37:00,-15,2025-06-11,67740,78720,2
2025,6,11,3,LAX,ABQ,2025-06-11 19:58:00,19:50:00,-8,22:58:00,23:04:00,6,2025-06-11,71880,82680,2
2025,6,11,3,LAX,ACV,2025-06-11 13:15:00,13:08:00,-7,15:13:00,14:58:00,-15,2025-06-11,47700,54780,2
2025,6,11,3,LAX,ANC,2025-06-11 19:45:00,19:55:00,10,00:24:00,00:02:00,-22,2025-06-11,71100,1440,2
2025,6,11,3,LAX,ASE,2025-06-11 10:40:00,10:35:00,-5,13:56:00,13:53:00,-3,2025-06-11,38400,50160,2
2025,6,11,3,LAX,ASE,2025-06-11 12:54:00,12:55:00,1,16:05:00,16:17:00,12,2025-06-11,46440,57900,2
2025,6,11,3,LAX,ASE,2025-06-11 14:45:00,14:36:00,-9,17:51:00,17:39:00,-12,2025-06-11,53100,64260,2
2025,6,11,3,LAX,ATL,2025-06-11 00:55:00,01:24:00,29,08:21:00,08:41:00,20,2025-06-11,3300,30060,2
2025,6,11,3,LAX,ATL,2025-06-11 06:20:00,06:15:00,-5,13:42:00,13:22:00,-20,2025-06-11,22800,49320,2
2025,6,11,3,LAX,ATL,2025-06-11 07:35:00,07:33:00,-2,14:48:00,14:48:00,0,2025-06-11,27300,53280,2
2025,6,11,3,LAX,ATL,2025-06-11 08:45:00,08:43:00,-2,16:12:00,16:04:00,-8,2025-06-11,31500,58320,2
2025,6,11,3,LAX,ATL,2025-06-11 09:51:00,09:49:00,-2,17:15:00,17:00:00,-15,2025-06-11,35460,62100,2
2025,6,11,3,LAX,ATL,2025-06-11 09:53:00,09:51:00,-2,17:19:00,16:56:00,-23,2025-06-11,35580,62340,2
2025,6,11,3,LAX,ATL,2025-06-11 11:15:00,11:15:00,0,18:34:00,18:30:00,-4,2025-06-11,40500,66840,2
2025,6,11,3,LAX,ATL,2025-06-11 12:15:00,12:12:00,-3,19:30:00,19:24:00,-6,2025-06-11,44100,70200,2
2025,6,11,3,LAX,ATL,2025-06-11 12:37:00,12:34:00,-3,19:59:00,19:49:00,-10,2025-06-11,45420,71940,2
2025,6,11,3,LAX,ATL,2025-06-11 13:15:00,13:11:00,-4,20:46:00,20:30:00,-16,2025-06-11,47700,74760,2
2025,6,11,3,LAX,ATL,2025-06-11 17:35:00,17:32:00,-3,00:54:00,00:46:00,-8,2025-06-11,63300,3240,2
2025,6,11,3,LAX,ATL,2025-06-11 21:28:00,21:41:00,13,05:07:00,04:58:00,-9,2025-06-11,77280,18420,2
2025,6,11,3,LAX,ATL,2025-06-11 21:45:00,21:45:00,0,05:00:00,04:54:00,-6,2025-06-11,78300,18000,2
2025,6,11,3,LAX,ATL,2025-06-11 22:45:00,22:37:00,-8,06:00:00,05:41:00,-19,2025-06-11,81900,21600,2
2025,6,11,3,LAX,ATL,2025-06-11 23:10:00,23:48:00,38,06:33:00,06:59:00,26,2025-06-11,83400,23580,2
2025,6,11,3,LAX,AUS,2025-06-11 06:15:00,06:06:00,-9,11:17:00,11:14:00,-3,2025-06-11,22500,40620,2
2025,6,11,3,LAX,AUS,2025-06-11 06:35:00,06:30:00,-5,11:35:00,11:12:00,-23,2025-06-11,23700,41700,2
2025,6,11,3,LAX,AUS,2025-06-11 07:45:00,07:35:00,-10,12:46:00,12:25:00,-21,2025-06-11,27900,45960,2
2025,6,11,3,LAX,AUS,2025-06-11 09:25:00,09:22:00,-3,14:51:00,14:28:00,-23,2025-06-11,33900,53460,2
2025,6,11,3,LAX,AUS,2025-06-11 10:35:00,10:27:00,-8,15:45:00,16:09:00,24,2025-06-11,38100,56700,2
2025,6,11,3,LAX,AUS,2025-06-11 12:05:00,12:46:00,41,17:10:00,17:32:00,22,2025-06-11,43500,61800,2
2025,6,11,3,LAX,AUS,2025-06-11 16:14:00,16:09:00,-5,21:14:00,21:03:00,-11,2025-06-11,58440,76440,2
2025,6,11,3,LAX,AUS,2025-06-11 16:20:00,16:12:00,-8,21:21:00,21:06:00,-15,2025-06-11,58800,76860,2
2025,6,11,3,LAX,AUS,2025-06-11 18:35:00,18:26:00,-9,23:38:00,23:30:00,-8,2025-06-11,66900,85080,2
2025,6,11,3,LAX,AUS,2025-06-11 18:40:00,18:38:00,-2,23:58:00,23:58:00,0,2025-06-11,67200,86280,2
2025,6,11,3,LAX,AUS,2025-06-11 18:50:00,19:01:00,11,23:50:00,00:09:00,19,2025-06-11,67800,85800,2
2025,6,11,3,LAX,AUS,2025-06-11 19:35:00,19:29:00,-6,00:40:00,00:45:00,5,2025-06-11,70500,2400,2
2025,6,11,3,LAX,BNA,2025-06-11 07:00:00,06:58:00,-2,12:57:00,12:53:00,-4,2025-06-11,25200,46620,2
2025,6,11,3,LAX,BNA,2025-06-11 07:40:00,07:36:00,-4,13:45:00,13:27:00,-18,2025-06-11,27600,49500,2
2025,6,11,3,LAX,BNA,2025-06-11 10:36:00,10:46:00,10,16:45:00,16:42:00,-3,2025-06-11,38160,60300,2
2025,6,11,3,LAX,BNA,2025-06-11 12:39:00,12:32:00,-7,18:44:00,18:23:00,-21,2025-06-11,45540,67440,2
2025,6,11,3,LAX,BNA,2025-06-11 18:39:00,18:25:00,-14,00:37:00,00:36:00,-1,2025-06-11,67140,2220,2
2025,6,11,3,LAX,BNA,2025-06-11 22:50:00,22:51:00,1,05:00:00,04:43:00,-17,2025-06-11,82200,18000,2
2025,6,11,3,LAX,BOI,2025-06-11 11:57:00,11:50:00,-7,15:03:00,14:42:00,-21,2025-06-11,43020,54180,2
2025,6,11,3,LAX,BOI,2025-06-11 12:45:00,12:45:00,0,15:59:00,15:39:00,-20,2025-06-11,45900,57540,2
2025,6,11,3,LAX,BOI,2025-06-11 19:45:00,19:40:00,-5,22:52:00,22:45:00,-7,2025-06-11,71100,82320,2
2025,6,11,3,LAX,BOI,2025-06-11 19:59:00,19:53:00,-6,23:01:00,22:39:00,-22,2025-06-11,71940,82860,2
2025,6,11,3,LAX,BOS,2025-06-11 06:00:00,05:50:00,-10,14:39:00,14:15:00,-24,2025-06-11,21600,52740,2
2025,6,11,3,LAX,BOS,2025-06-11 06:40:00,06:36:00,-4,15:15:00,14:56:00,-19,2025-06-11,24000,54900,2
2025,6,11,3,LAX,BOS,2025-06-11 07:50:00,07:47:00,-3,16:32:00,16:08:00,-24,2025-06-11,28200,59520,2
2025,6,11,3,LAX,BOS,2025-06-11 08:35:00,08:28:00,-7,17:18:00,16:58:00,-20,2025-06-11,30900,62280,2
2025,6,11,3,LAX,BOS,2025-06-11 08:40:00,08:45:00,5,17:16:00,17:06:00,-10,2025-06-11,31200,62160,2
2025,6,11,3,LAX,BOS,2025-06-11 11:50:00,11:45:00,-5,20:35:00,20:09:00,-26,2025-06-11,42600,74100,2
2025,6,11,3,LAX,BOS,2025-06-11 12:50:00,12:44:00,-6,21:34:00,21:02:00,-32,2025-06-11,46200,77640,2
2025,6,11,3,LAX,BOS,2025-06-11 15:25:00,15:22:00,-3,23:55:00,23:34:00,-21,2025-06-11,55500,86100,2
2025,6,11,3,LAX,BOS,2025-06-11 21:02:00,20:56:00,-6,05:32:00,05:27:00,-5,2025-06-11,75720,19920,2
2025,6,11,3,LAX,BOS,2025-06-11 22:13:00,22:16:00,3,06:44:00,06:41:00,-3,2025-06-11,79980,24240,2
2025,6,11,3,LAX,BOS,2025-06-11 22:34:00,22:29:00,-5,07:15:00,06:38:00,-37,2025-06-11,81240,26100,2
2025,6,11,3,LAX,BOS,2025-06-11 22:35:00,22:36:00,1,07:13:00,06:57:00,-16,2025-06-11,81300,25980,2
2025,6,11,3,LAX,BUF,2025-06-11 14:10:00,14:04:00,-6,22:00:00,21:42:00,-18,2025-06-11,51000,79200,2
2025,6,11,3,LAX,BWI,2025-06-11 06:00:00,05:59:00,-1,14:05:00,13:57:00,-8,2025-06-11,21600,50700,2
2025,6,11,3,LAX,BWI,2025-06-11 08:45:00,08:38:00,-7,16:54:00,16:41:00,-13,2025-06-11,31500,60840,2
2025,6,11,3,LAX,BWI,2025-06-11 10:05:00,10:06:00,1,18:10:00,18:01:00,-9,2025-06-11,36300,65400,2
2025,6,11,3,LAX,BWI,2025-06-11 11:36:00,11:30:00,-6,19:39:00,19:25:00,-14,2025-06-11,41760,70740,2
2025,6,11,3,LAX,BWI,2025-06-11 20:55:00,20:58:00,3,05:00:00,04:49:00,-11,2025-06-11,75300,18000,2
2025,6,11,3,LAX,BWI,2025-06-11 23:59:00,23:45:00,-14,08:07:00,07:42:00,-25,2025-06-11,86340,29220,2
2025,6,11,3,LAX,BZN,2025-06-11 11:21:00,11:14:00,-7,14:50:00,14:36:00,-14,2025-06-11,40860,53400,2
2025,6,11,3,LAX,BZN,2025-06-11 18:00:00,17:53:00,-7,21:39:00,21:15:00,-24,2025-06-11,64800,77940,2
2025,6,11,3,LAX,CLE,2025-06-11 11:38:00,11:38:00,0,19:11:00,19:01:00,-10,2025-06-11,41880,69060,2
2025,6,11,3,LAX,CLE,2025-06-11 21:20:00,21:23:00,3,04:53:00,04:59:00,6,2025-06-11,76800,17580,2
2025,6,11,3,LAX,CLT,2025-06-11 06:05:00,06:05:00,0,13:54:00,13:40:00,-14,2025-06-11,21900,50040,2
2025,6,11,3,LAX,CLT,2025-06-11 07:59:00,07:54:00,-5,15:45:00,15:35:00,-10,2025-06-11,28740,56700,2
2025,6,11,3,LAX,CLT,2025-06-11 09:11:00,09:55:00,44,17:00:00,17:38:00,38,2025-06-11,33060,61200,2
2025,6,11,3,LAX,CLT,2025-06-11 11:54:00,11:53:00,-1,19:45:00,19:30:00,-15,2025-06-11,42840,71100,2
2025,6,11,3,LAX,CLT,2025-06-11 14:02:00,14:41:00,39,21:55:00,22:09:00,14,2025-06-11,50520,78900,2
2025,6,11,3,LAX,CLT,2025-06-11 21:48:00,21:46:00,-2,05:29:00,05:17:00,-12,2025-06-11,78480,19740,2
2025,6,11,3,LAX,CLT,2025-06-11 22:49:00,22:45:00,-4,06:35:00,06:34:00,-1,2025-06-11,82140,23700,2
2025,6,11,3,LAX,CLT,2025-06-11 23:49:00,23:42:00,-7,07:35:00,07:16:00,-19,2025-06-11,85740,27300,2
2025,6,11,3,LAX,CMH,2025-06-11 09:25:00,09:25:00,0,17:01:00,16:47:00,-14,2025-06-11,33900,61260,2
2025,6,11,3,LAX,DAL,2025-06-11 05:20:00,05:17:00,-3,10:25:00,10:12:00,-13,2025-06-11,19200,37500,2
2025,6,11,3,LAX,DAL,2025-06-11 07:50:00,08:03:00,13,12:55:00,13:00:00,5,2025-06-11,28200,46500,2
2025,6,11,3,LAX,DAL,2025-06-11 09:50:00,09:56:00,6,15:00:00,14:54:00,-6,2025-06-11,35400,54000,2
2025,6,11,3,LAX,DAL,2025-06-11 16:05:00,16:17:00,12,21:10:00,21:21:00,11,2025-06-11,57900,76200,2
2025,6,11,3,LAX,DAL,2025-06-11 18:20:00,18:27:00,7,23:30:00,23:31:00,1,2025-06-11,66000,84600,2
2025,6,11,3,LAX,DCA,2025-06-11 07:59:00,07:52:00,-7,16:00:00,15:43:00,-17,2025-06-11,28740,57600,2
2025,6,11,3,LAX,DCA,2025-06-11 08:19:00,08:14:00,-5,16:22:00,16:03:00,-19,2025-06-11,29940,58920,2
2025,6,11,3,LAX,DCA,2025-06-11 12:28:00,13:09:00,41,20:29:00,21:02:00,33,2025-06-11,44880,73740,2
2025,6,11,3,LAX,DEN,2025-06-11 05:05:00,05:04:00,-1,08:24:00,08:17:00,-7,2025-06-11,18300,30240,2
2025,6,11,3,LAX,DEN,2025-06-11 05:25:00,05:22:00,-3,08:50:00,08:43:00,-7,2025-06-11,19500,31800,2
2025,6,11,3,LAX,DEN,2025-06-11 06:15:00,06:08:00,-7,09:48:00,09:44:00,-4,2025-06-11,22500,35280,2
2025,6,11,3,LAX,DEN,2025-06-11 07:06:00,06:58:00,-8,10:31:00,10:20:00,-11,2025-06-11,25560,37860,2
2025,6,11,3,LAX,DEN,2025-06-11 07:46:00,07:38:00,-8,11:10:00,10:54:00,-16,2025-06-11,27960,40200,2
2025,6,11,3,LAX,DEN,2025-06-11 07:50:00,07:54:00,4,11:10:00,11:09:00,-1,2025-06-11,28200,40200,2
2025,6,11,3,LAX,DEN,2025-06-11 08:04:00,08:24:00,20,11:33:00,11:49:00,16,2025-06-11,29040,41580,2
2025,6,11,3,LAX,DEN,2025-06-11 09:00:00,08:54:00,-6,12:27:00,12:14:00,-13,2025-06-11,32400,44820,2
2025,6,11,3,LAX,DEN,2025-06-11 09:30:00,09:29:00,-1,12:55:00,12:38:00,-17,2025-06-11,34200,46500,2
2025,6,11,3,LAX,DEN,2025-06-11 10:52:00,10:50:00,-2,14:19:00,14:08:00,-11,2025-06-11,39120,51540,2
2025,6,11,3,LAX,DEN,2025-06-11 12:55:00,12:54:00,-1,16:23:00,16:57:00,34,2025-06-11,46500,58980,2
2025,6,11,3,LAX,DEN,2025-06-11 13:00:00,13:21:00,21,16:25:00,17:03:00,38,2025-06-11,46800,59100,2
2025,6,11,3,LAX,DEN,2025-06-11 13:38:00,13:30:00,-8,17:01:00,17:31:00,30,2025-06-11,49080,61260,2
2025,6,11,3,LAX,DEN,2025-06-11 14:59:00,15:38:00,39,18:19:00,19:19:00,60,2025-06-11,53940,65940,2
2025,6,11,3,LAX,DEN,2025-06-11 16:11:00,16:25:00,14,19:40:00,20:05:00,25,2025-06-11,58260,70800,2
2025,6,11,3,LAX,DEN,2025-06-11 18:30:00,18:26:00,-4,22:00:00,21:41:00,-19,2025-06-11,66600,79200,2
2025,6,11,3,LAX,DEN,2025-06-11 18:50:00,19:15:00,25,22:15:00,22:29:00,14,2025-06-11,67800,80100,2
2025,6,11,3,LAX,DEN,2025-06-11 19:18:00,19:08:00,-10,22:47:00,22:28:00,-19,2025-06-11,69480,82020,2
2025,6,11,3,LAX,DEN,2025-06-11 19:45:00,19:38:00,-7,23:09:00,23:07:00,-2,2025-06-11,71100,83340,2
2025,6,11,3,LAX,DEN,2025-06-11 20:25:00,20:36:00,11,23:48:00,23:54:00,6,2025-06-11,73500,85680,2
2025,6,11,3,LAX,DFW,2025-06-11 00:35:00,00:39:00,4,05:32:00,05:33:00,1,2025-06-11,2100,19920,2
2025,6,11,3,LAX,DFW,2025-06-11 07:00:00,07:50:00,50,12:09:00,13:01:00,52,2025-06-11,25200,43740,2
2025,6,11,3,LAX,DFW,2025-06-11 08:26:00,08:33:00,7,13:39:00,13:50:00,11,2025-06-11,30360,49140,2
2025,6,11,3,LAX,DFW,2025-06-11 10:37:00,11:27:00,50,15:45:00,16:31:00,46,2025-06-11,38220,56700,2
2025,6,11,3,LAX,DFW,2025-06-11 13:48:00,13:49:00,1,18:59:00,19:05:00,6,2025-06-11,49680,68340,2
2025,6,11,3,LAX,DFW,2025-06-11 15:48:00,15:47:00,-1,20:59:00,20:48:00,-11,2025-06-11,56880,75540,2
2025,6,11,3,LAX,DFW,2025-06-11 16:36:00,16:31:00,-5,21:47:00,21:35:00,-12,2025-06-11,59760,78420,2
2025,6,11,3,LAX,DFW,2025-06-11 18:35:00,18:41:00,6,23:47:00,23:32:00,-15,2025-06-11,66900,85620,2
2025,6,11,3,LAX,DFW,2025-06-11 18:52:00,18:44:00,-8,23:56:00,23:41:00,-15,2025-06-11,67920,86160,2
2025,6,11,3,LAX,DFW,2025-06-11 18:55:00,18:48:00,-7,23:56:00,00:00,4,2025-06-11,68100,86160,2
2025,6,11,3,LAX,DFW,2025-06-11 19:03:00,18:54:00,-9,00:26:00,00:00,-26,2025-06-11,68580,1560,2
2025,6,11,3,LAX,DFW,2025-06-11 23:59:00,23:56:00,-3,05:06:00,04:51:00,-15,2025-06-11,86340,18360,2
2025,6,11,3,LAX,DTW,2025-06-11 05:30:00,05:33:00,3,12:57:00,12:56:00,-1,2025-06-11,19800,46620,2
2025,6,11,3,LAX,DTW,2025-06-11 09:25:00,09:27:00,2,16:52:00,16:42:00,-10,2025-06-11,33900,60720,2
2025,6,11,3,LAX,DTW,2025-06-11 09:59:00,09:56:00,-3,17:23:00,17:13:00,-10,2025-06-11,35940,62580,2
2025,6,11,3,LAX,DTW,2025-06-11 12:09:00,12:07:00,-2,19:31:00,19:22:00,-9,2025-06-11,43740,70260,2
2025,6,11,3,LAX,DTW,2025-06-11 15:36:00,15:35:00,-1,23:04:00,23:22:00,18,2025-06-11,56160,83040,2
2025,6,11,3,LAX,DTW,2025-06-11 22:15:00,22:11:00,-4,05:35:00,05:17:00,-18,2025-06-11,80100,20100,2
2025,6,11,3,LAX,ELP,2025-06-11 09:40:00,09:35:00,-5,12:40:00,12:31:00,-9,2025-06-11,34800,45600,2
2025,6,11,3,LAX,ELP,2025-06-11 14:30:00,14:21:00,-9,17:31:00,17:09:00,-22,2025-06-11,52200,63060,2
2025,6,11,3,LAX,ELP,2025-06-11 19:47:00,19:38:00,-9,22:47:00,22:26:00,-21,2025-06-11,71220,82020,2
2025,6,11,3,LAX,EUG,2025-06-11 20:59:00,21:30:00,31,23:20:00,23:39:00,19,2025-06-11,75540,84000,2
2025,6,11,3,LAX,EWR,2025-06-11 06:00:00,05:54:00,-6,14:34:00,14:18:00,-16,2025-06-11,21600,52440,2
2025,6,11,3,LAX,EWR,2025-06-11 07:00:00,06:48:00,-12,15:40:00,15:06:00,-34,2025-06-11,25200,56400,2
2025,6,11,3,LAX,EWR,2025-06-11 07:00:00,06:54:00,-6,15:34:00,15:25:00,-9,2025-06-11,25200,56040,2
2025,6,11,3,LAX,EWR,2025-06-11 07:54:00,08:18:00,24,16:29:00,16:52:00,23,2025-06-11,28440,59340,2
2025,6,11,3,LAX,EWR,2025-06-11 08:20:00,08:18:00,-2,16:45:00,16:20:00,-25,2025-06-11,30000,60300,2
2025,6,11,3,LAX,EWR,2025-06-11 10:15:00,10:10:00,-5,18:54:00,18:22:00,-32,2025-06-11,36900,68040,2
2025,6,11,3,LAX,EWR,2025-06-11 10:21:00,10:21:00,0,19:00:00,18:45:00,-15,2025-06-11,37260,68400,2
2025,6,11,3,LAX,EWR,2025-06-11 12:15:00,12:14:00,-1,20:54:00,20:33:00,-21,2025-06-11,44100,75240,2
2025,6,11,3,LAX,EWR,2025-06-11 13:30:00,13:24:00,-6,21:52:00,21:24:00,-28,2025-06-11,48600,78720,2
2025,6,11,3,LAX,EWR,2025-06-11 14:23:00,14:15:00,-8,22:49:00,22:22:00,-27,2025-06-11,51780,82140,2
2025,6,11,3,LAX,EWR,2025-06-11 16:30:00,16:24:00,-6,00:57:00,00:33:00,-24,2025-06-11,59400,3420,2
2025,6,11,3,LAX,EWR,2025-06-11 20:55:00,20:53:00,-2,05:08:00,04:51:00,-17,2025-06-11,75300,18480,2
2025,6,11,3,LAX,EWR,2025-06-11 21:24:00,21:44:00,20,05:49:00,06:04:00,15,2025-06-11,77040,20940,2
2025,6,11,3,LAX,EWR,2025-06-11 21:43:00,21:39:00,-4,05:59:00,05:50:00,-9,2025-06-11,78180,21540,2
2025,6,11,3,LAX,EWR,2025-06-11 23:59:00,23:57:00,-2,08:12:00,07:57:00,-15,2025-06-11,86340,29520,2
2025,6,11,3,LAX,FAT,2025-06-11 10:30:00,10:26:00,-4,11:48:00,11:32:00,-16,2025-06-11,37800,42480,2
2025,6,11,3,LAX,FAT,2025-06-11 22:38:00,22:31:00,-7,23:52:00,00:04:00,12,2025-06-11,81480,85920,2
2025,6,11,3,LAX,FCA,2025-06-11 09:22:00,09:15:00,-7,13:21:00,13:09:00,-12,2025-06-11,33720,48060,2
2025,6,11,3,LAX,FLL,2025-06-11 08:30:00,08:36:00,6,16:37:00,17:04:00,27,2025-06-11,30600,59820,2
2025,6,11,3,LAX,FLL,2025-06-11 10:47:00,10:44:00,-3,18:59:00,19:08:00,9,2025-06-11,38820,68340,2
2025,6,11,3,LAX,FLL,2025-06-11 13:53:00,13:44:00,-9,22:00:00,21:55:00,-5,2025-06-11,49980,79200,2
2025,6,11,3,LAX,FLL,2025-06-11 15:20:00,15:12:00,-8,23:20:00,23:31:00,11,2025-06-11,55200,84000,2
2025,6,11,3,LAX,FLL,2025-06-11 23:09:00,23:07:00,-2,07:05:00,07:07:00,2,2025-06-11,83340,25500,2
2025,6,11,3,LAX,GEG,2025-06-11 11:14:00,11:05:00,-9,13:52:00,13:33:00,-19,2025-06-11,40440,49920,2
2025,6,11,3,LAX,GEG,2025-06-11 18:59:00,18:55:00,-4,21:33:00,21:24:00,-9,2025-06-11,68340,77580,2
2025,6,11,3,LAX,GEG,2025-06-11 19:45:00,19:29:00,-16,22:22:00,22:06:00,-16,2025-06-11,71100,80520,2
2025,6,11,3,LAX,GRR,2025-06-11 09:31:00,09:29:00,-2,16:37:00,16:43:00,6,2025-06-11,34260,59820,2
2025,6,11,3,LAX,HNL,2025-06-11 07:00:00,06:57:00,-3,09:40:00,09:31:00,-9,2025-06-11,25200,34800,2
2025,6,11,3,LAX,HNL,2025-06-11 07:05:00,07:03:00,-2,10:10:00,10:02:00,-8,2025-06-11,25500,36600,2
2025,6,11,3,LAX,HNL,2025-06-11 08:25:00,08:16:00,-9,11:07:00,10:51:00,-16,2025-06-11,30300,40020,2
2025,6,11,3,LAX,HNL,2025-06-11 08:35:00,08:32:00,-3,11:17:00,11:09:00,-8,2025-06-11,30900,40620,2
2025,6,11,3,LAX,HNL,2025-06-11 10:00:00,09:57:00,-3,12:40:00,12:39:00,-1,2025-06-11,36000,45600,2
2025,6,11,3,LAX,HNL,2025-06-11 11:15:00,11:09:00,-6,14:04:00,13:46:00,-18,2025-06-11,40500,50640,2
2025,6,11,3,LAX,HNL,2025-06-11 13:15:00,13:11:00,-4,16:01:00,15:46:00,-15,2025-06-11,47700,57660,2
2025,6,11,3,LAX,HNL,2025-06-11 13:35:00,13:32:00,-3,16:18:00,16:22:00,4,2025-06-11,48900,58680,2
2025,6,11,3,LAX,HNL,2025-06-11 14:44:00,14:39:00,-5,17:28:00,17:24:00,-4,2025-06-11,53040,62880,2
2025,6,11,3,LAX,HNL,2025-06-11 17:10:00,17:07:00,-3,19:44:00,19:55:00,11,2025-06-11,61800,71040,2
2025,6,11,3,LAX,HNL,2025-06-11 17:55:00,17:55:00,0,20:40:00,20:48:00,8,2025-06-11,64500,74400,2
2025,6,11,3,LAX,HNL,2025-06-11 18:10:00,18:05:00,-5,20:52:00,20:46:00,-6,2025-06-11,65400,75120,2
2025,6,11,3,LAX,HNL,2025-06-11 18:20:00,18:55:00,35,20:57:00,21:30:00,33,2025-06-11,66000,75420,2
2025,6,11,3,LAX,HNL,2025-06-11 18:25:00,18:59:00,34,21:15:00,21:52:00,37,2025-06-11,66300,76500,2
2025,6,11,3,LAX,HNL,2025-06-11 18:45:00,18:41:00,-4,21:28:00,21:21:00,-7,2025-06-11,67500,77280,2
2025,6,11,3,LAX,HNL,2025-06-11 20:50:00,21:34:00,44,23:29:00,00:21:00,52,2025-06-11,75000,84540,2
2025,6,11,3,LAX,HOU,2025-06-11 05:05:00,05:04:00,-1,10:30:00,10:09:00,-21,2025-06-11,18300,37800,2
2025,6,11,3,LAX,HOU,2025-06-11 12:35:00,12:43:00,8,17:55:00,17:53:00,-2,2025-06-11,45300,64500,2
2025,6,11,3,LAX,HOU,2025-06-11 15:30:00,15:29:00,-1,20:55:00,20:31:00,-24,2025-06-11,55800,75300,2
2025,6,11,3,LAX,HOU,2025-06-11 23:50:00,00:01:00,11,05:15:00,05:22:00,7,2025-06-11,85800,18900,2
2025,6,11,3,LAX,IAD,2025-06-11 06:20:00,06:15:00,-5,14:23:00,14:13:00,-10,2025-06-11,22800,51780,2
2025,6,11,3,LAX,IAD,2025-06-11 08:00:00,07:59:00,-1,16:14:00,15:50:00,-24,2025-06-11,28800,58440,2
2025,6,11,3,LAX,IAD,2025-06-11 08:15:00,08:11:00,-4,16:21:00,16:18:00,-3,2025-06-11,29700,58860,2
2025,6,11,3,LAX,IAD,2025-06-11 10:15:00,10:11:00,-4,18:20:00,18:16:00,-4,2025-06-11,36900,66000,2
2025,6,11,3,LAX,IAD,2025-06-11 13:15:00,13:10:00,-5,21:20:00,21:06:00,-14,2025-06-11,47700,76800,2
2025,6,11,3,LAX,IAD,2025-06-11 16:45:00,16:36:00,-9,00:44:00,00:37:00,-7,2025-06-11,60300,2640,2
2025,6,11,3,LAX,IAD,2025-06-11 21:35:00,21:30:00,-5,05:37:00,05:36:00,-1,2025-06-11,77700,20220,2
2025,6,11,3,LAX,IAD,2025-06-11 22:50:00,22:48:00,-2,06:39:00,07:02:00,23,2025-06-11,82200,23940,2
2025,6,11,3,LAX,IAH,2025-06-11 00:56:00,00:52:00,-4,06:18:00,06:16:00,-2,2025-06-11,3360,22680,2
2025,6,11,3,LAX,IAH,2025-06-11 05:15:00,05:12:00,-3,10:42:00,10:51:00,9,2025-06-11,18900,38520,2
2025,6,11,3,LAX,IAH,2025-06-11 07:15:00,07:32:00,17,12:44:00,13:24:00,40,2025-06-11,26100,45840,2
2025,6,11,3,LAX,IAH,2025-06-11 08:40:00,08:38:00,-2,14:09:00,14:15:00,6,2025-06-11,31200,50940,2
2025,6,11,3,LAX,IAH,2025-06-11 08:45:00,09:00:00,15,14:07:00,14:09:00,2,2025-06-11,31500,50820,2
2025,6,11,3,LAX,IAH,2025-06-11 10:15:00,10:16:00,1,15:40:00,15:28:00,-12,2025-06-11,36900,56400,2
2025,6,11,3,LAX,IAH,2025-06-11 11:33:00,11:42:00,9,16:53:00,17:06:00,13,2025-06-11,41580,60780,2
2025,6,11,3,LAX,IAH,2025-06-11 12:07:00,12:03:00,-4,17:24:00,17:04:00,-20,2025-06-11,43620,62640,2
2025,6,11,3,LAX,IAH,2025-06-11 13:10:00,13:04:00,-6,18:40:00,18:09:00,-31,2025-06-11,47400,67200,2
2025,6,11,3,LAX,IAH,2025-06-11 13:58:00,13:54:00,-4,19:25:00,19:12:00,-13,2025-06-11,50280,69900,2
2025,6,11,3,LAX,IAH,2025-06-11 18:09:00,18:08:00,-1,23:28:00,23:27:00,-1,2025-06-11,65340,84480,2
2025,6,11,3,LAX,IAH,2025-06-11 18:10:00,18:04:00,-6,23:33:00,23:16:00,-17,2025-06-11,65400,84780,2
2025,6,11,3,LAX,IAH,2025-06-11 19:20:00,19:09:00,-11,00:43:00,00:18:00,-25,2025-06-11,69600,2580,2
2025,6,11,3,LAX,IND,2025-06-11 10:36:00,10:30:00,-6,17:47:00,17:32:00,-15,2025-06-11,38160,64020,2
2025,6,11,3,LAX,IND,2025-06-11 23:14:00,23:11:00,-3,06:14:00,06:14:00,0,2025-06-11,83640,22440,2
2025,6,11,3,LAX,JAC,2025-06-11 10:30:00,10:22:00,-8,13:48:00,13:34:00,-14,2025-06-11,37800,49680,2
2025,6,11,3,LAX,JFK,2025-06-11 06:00:00,05:51:00,-9,14:34:00,14:00:00,-34,2025-06-11,21600,52440,2
2025,6,11,3,LAX,JFK,2025-06-11 06:00:00,05:54:00,-6,14:30:00,14:24:00,-6,2025-06-11,21600,52200,2
2025,6,11,3,LAX,JFK,2025-06-11 07:00:00,06:52:00,-8,15:35:00,15:10:00,-25,2025-06-11,25200,56100,2
2025,6,11,3,LAX,JFK,2025-06-11 07:00:00,06:59:00,-1,15:35:00,15:24:00,-11,2025-06-11,25200,56100,2
2025,6,11,3,LAX,JFK,2025-06-11 07:55:00,07:52:00,-3,16:32:00,16:12:00,-20,2025-06-11,28500,59520,2
2025,6,11,3,LAX,JFK,2025-06-11 08:19:00,08:14:00,-5,16:58:00,16:32:00,-26,2025-06-11,29940,61080,2
2025,6,11,3,LAX,JFK,2025-06-11 09:05:00,09:03:00,-2,17:57:00,17:20:00,-37,2025-06-11,32700,64620,2
2025,6,11,3,LAX,JFK,2025-06-11 09:55:00,10:06:00,11,18:35:00,18:26:00,-9,2025-06-11,35700,66900,2
2025,6,11,3,LAX,JFK,2025-06-11 10:10:00,10:15:00,5,19:10:00,18:47:00,-23,2025-06-11,36600,69000,2
2025,6,11,3,LAX,JFK,2025-06-11 10:21:00,10:13:00,-8,18:59:00,18:40:00,-19,2025-06-11,37260,68340,2
2025,6,11,3,LAX,JFK,2025-06-11 11:10:00,11:13:00,3,19:50:00,19:43:00,-7,2025-06-11,40200,71400,2
2025,6,11,3,LAX,JFK,2025-06-11 11:15:00,11:07:00,-8,19:59:00,19:27:00,-32,2025-06-11,40500,71940,2
2025,6,11,3,LAX,JFK,2025-06-11 11:30:00,11:20:00,-10,20:06:00,19:43:00,-23,2025-06-11,41400,72360,2
2025,6,11,3,LAX,JFK,2025-06-11 12:30:00,12:29:00,-1,21:07:00,20:42:00,-25,2025-06-11,45000,76020,2
2025,6,11,3,LAX,JFK,2025-06-11 12:40:00,12:36:00,-4,21:22:00,20:49:00,-33,2025-06-11,45600,76920,2
2025,6,11,3,LAX,JFK,2025-06-11 13:00:00,12:59:00,-1,21:45:00,21:10:00,-35,2025-06-11,46800,78300,2
2025,6,11,3,LAX,JFK,2025-06-11 14:30:00,14:28:00,-2,23:10:00,22:56:00,-14,2025-06-11,52200,83400,2
2025,6,11,3,LAX,JFK,2025-06-11 15:15:00,15:15:00,0,23:55:00,23:44:00,-11,2025-06-11,54900,86100,2
2025,6,11,3,LAX,JFK,2025-06-11 15:20:00,15:16:00,-4,23:54:00,23:39:00,-15,2025-06-11,55200,86040,2
2025,6,11,3,LAX,JFK,2025-06-11 16:20:00,16:17:00,-3,00:57:00,00:35:00,-22,2025-06-11,58800,3420,2
2025,6,11,3,LAX,JFK,2025-06-11 20:53:00,21:05:00,12,05:30:00,05:26:00,-4,2025-06-11,75180,19800,2
2025,6,11,3,LAX,JFK,2025-06-11 21:21:00,21:22:00,1,05:55:00,05:50:00,-5,2025-06-11,76860,21300,2
2025,6,11,3,LAX,JFK,2025-06-11 21:25:00,21:26:00,1,05:59:00,06:06:00,7,2025-06-11,77100,21540,2
2025,6,11,3,LAX,JFK,2025-06-11 21:40:00,21:31:00,-9,06:07:00,05:43:00,-24,2025-06-11,78000,22020,2
2025,6,11,3,LAX,JFK,2025-06-11 22:52:00,22:48:00,-4,07:32:00,07:31:00,-1,2025-06-11,82320,27120,2
2025,6,11,3,LAX,JFK,2025-06-11 23:55:00,23:48:00,-7,08:30:00,07:58:00,-32,2025-06-11,86100,30600,2
2025,6,11,3,LAX,JFK,2025-06-11 23:59:00,23:57:00,-2,08:37:00,08:15:00,-22,2025-06-11,86340,31020,2
2025,6,11,3,LAX,KOA,2025-06-11 09:10:00,09:04:00,-6,11:50:00,11:47:00,-3,2025-06-11,33000,42600,2
2025,6,11,3,LAX,KOA,2025-06-11 11:00:00,10:50:00,-10,13:35:00,13:30:00,-5,2025-06-11,39600,48900,2
2025,6,11,3,LAX,KOA,2025-06-11 11:19:00,12:07:00,48,13:55:00,14:47:00,52,2025-06-11,40740,50100,2
2025,6,11,3,LAX,KOA,2025-06-11 16:29:00,16:25:00,-4,18:59:00,18:51:00,-8,2025-06-11,59340,68340,2
2025,6,11,3,LAX,KOA,2025-06-11 17:25:00,17:26:00,1,20:03:00,20:03:00,0,2025-06-11,62700,72180,2
2025,6,11,3,LAX,LAS,2025-06-11 07:30:00,07:19:00,-11,08:40:00,08:23:00,-17,2025-06-11,27000,31200,2
2025,6,11,3,LAX,LAS,2025-06-11 07:55:00,07:53:00,-2,09:10:00,08:49:00,-21,2025-06-11,28500,33000,2
2025,6,11,3,LAX,LAS,2025-06-11 08:26:00,08:24:00,-2,09:51:00,09:43:00,-8,2025-06-11,30360,35460,2
2025,6,11,3,LAX,LAS,2025-06-11 09:30:00,09:33:00,3,10:45:00,10:35:00,-10,2025-06-11,34200,38700,2
2025,6,11,3,LAX,LAS,2025-06-11 10:19:00,11:05:00,46,11:31:00,12:08:00,37,2025-06-11,37140,41460,2
2025,6,11,3,LAX,LAS,2025-06-11 10:30:00,11:24:00,54,11:47:00,12:30:00,43,2025-06-11,37800,42420,2
2025,6,11,3,LAX,LAS,2025-06-11 11:40:00,11:39:00,-1,12:54:00,12:44:00,-10,2025-06-11,42000,46440,2
2025,6,11,3,LAX,LAS,2025-06-11 12:35:00,12:38:00,3,13:50:00,13:44:00,-6,2025-06-11,45300,49800,2
2025,6,11,3,LAX,LAS,2025-06-11 14:45:00,14:36:00,-9,16:07:00,15:42:00,-25,2025-06-11,53100,58020,2
2025,6,11,3,LAX,LAS,2025-06-11 15:05:00,15:33:00,28,16:15:00,16:42:00,27,2025-06-11,54300,58500,2
2025,6,11,3,LAX,LAS,2025-06-11 15:48:00,16:10:00,22,17:13:00,17:27:00,14,2025-06-11,56880,61980,2
2025,6,11,3,LAX,LAS,2025-06-11 16:05:00,16:59:00,54,17:20:00,18:08:00,48,2025-06-11,57900,62400,2
2025,6,11,3,LAX,LAS,2025-06-11 18:05:00,18:05:00,0,19:20:00,19:06:00,-14,2025-06-11,65100,69600,2
2025,6,11,3,LAX,LAS,2025-06-11 18:50:00,18:57:00,7,20:00:00,20:04:00,4,2025-06-11,67800,72000,2
2025,6,11,3,LAX,LAS,2025-06-11 19:30:00,19:25:00,-5,20:52:00,20:33:00,-19,2025-06-11,70200,75120,2
2025,6,11,3,LAX,LAS,2025-06-11 19:48:00,19:53:00,5,21:00:00,20:57:00,-3,2025-06-11,71280,75600,2
2025,6,11,3,LAX,LAS,2025-06-11 20:35:00,20:31:00,-4,21:55:00,21:29:00,-26,2025-06-11,74100,78900,2
2025,6,11,3,LAX,LAS,2025-06-11 20:59:00,20:52:00,-7,22:15:00,22:06:00,-9,2025-06-11,75540,80100,2
2025,6,11,3,LAX,LAS,2025-06-11 22:15:00,22:06:00,-9,23:27:00,23:12:00,-15,2025-06-11,80100,84420,2
2025,6,11,3,LAX,LAS,2025-06-11 23:05:00,23:00:00,-5,00:27:00,00:14:00,-13,2025-06-11,83100,1620,2
2025,6,11,3,LAX,LIH,2025-06-11 08:42:00,08:34:00,-8,11:38:00,11:26:00,-12,2025-06-11,31320,41880,2
2025,6,11,3,LAX,LIH,2025-06-11 09:00:00,08:55:00,-5,11:45:00,11:46:00,1,2025-06-11,32400,42300,2
2025,6,11,3,LAX,LIH,2025-06-11 09:03:00,09:20:00,17,12:04:00,12:06:00,2,2025-06-11,32580,43440,2
2025,6,11,3,LAX,LIH,2025-06-11 14:25:00,14:38:00,13,17:08:00,17:34:00,26,2025-06-11,51900,61680,2
2025,6,11,3,LAX,LIT,2025-06-11 06:30:00,06:28:00,-2,11:54:00,11:47:00,-7,2025-06-11,23400,42840,2
2025,6,11,3,LAX,MCI,2025-06-11 06:25:00,06:22:00,-3,11:35:00,11:41:00,6,2025-06-11,23100,41700,2
2025,6,11,3,LAX,MCI,2025-06-11 09:30:00,09:29:00,-1,14:44:00,14:47:00,3,2025-06-11,34200,53040,2
2025,6,11,3,LAX,MCI,2025-06-11 15:01:00,14:55:00,-6,20:12:00,20:06:00,-6,2025-06-11,54060,72720,2
2025,6,11,3,LAX,MCI,2025-06-11 18:15:00,18:10:00,-5,23:27:00,23:23:00,-4,2025-06-11,65700,84420,2
2025,6,11,3,LAX,MCO,2025-06-11 07:00:00,06:58:00,-2,14:58:00,15:06:00,8,2025-06-11,25200,53880,2
2025,6,11,3,LAX,MCO,2025-06-11 10:02:00,10:02:00,0,18:04:00,18:08:00,4,2025-06-11,36120,65040,2
2025,6,11,3,LAX,MCO,2025-06-11 10:35:00,10:34:00,-1,18:38:00,19:08:00,30,2025-06-11,38100,67080,2
2025,6,11,3,LAX,MCO,2025-06-11 11:20:00,12:04:00,44,19:14:00,20:24:00,70,2025-06-11,40800,69240,2
2025,6,11,3,LAX,MCO,2025-06-11 16:05:00,15:59:00,-6,23:59:00,23:47:00,-12,2025-06-11,57900,86340,2
2025,6,11,3,LAX,MCO,2025-06-11 21:35:00,21:42:00,7,05:36:00,05:36:00,0,2025-06-11,77700,20160,2
2025,6,11,3,LAX,MCO,2025-06-11 21:45:00,21:46:00,1,05:32:00,05:47:00,15,2025-06-11,78300,19920,2
2025,6,11,3,LAX,MCO,2025-06-11 22:49:00,22:45:00,-4,06:47:00,06:55:00,8,2025-06-11,82140,24420,2
2025,6,11,3,LAX,MDW,2025-06-11 05:15:00,05:10:00,-5,11:20:00,11:08:00,-12,2025-06-11,18900,40800,2
2025,6,11,3,LAX,MDW,2025-06-11 08:00:00,07:59:00,-1,14:00:00,13:53:00,-7,2025-06-11,28800,50400,2
2025,6,11,3,LAX,MDW,2025-06-11 12:00:00,12:24:00,24,18:05:00,18:21:00,16,2025-06-11,43200,65100,2
2025,6,11,3,LAX,MDW,2025-06-11 15:50:00,15:47:00,-3,21:50:00,21:35:00,-15,2025-06-11,57000,78600,2
2025,6,11,3,LAX,MDW,2025-06-11 22:55:00,22:53:00,-2,05:00:00,04:40:00,-20,2025-06-11,82500,18000,2
2025,6,11,3,LAX,MEM,2025-06-11 18:20:00,18:14:00,-6,23:58:00,00:00,2,2025-06-11,66000,86280,2
2025,6,11,3,LAX,MIA,2025-06-11 06:00:00,05:59:00,-1,14:13:00,14:09:00,-4,2025-06-11,21600,51180,2
2025,6,11,3,LAX,MIA,2025-06-11 07:45:00,07:42:00,-3,15:54:00,15:50:00,-4,2025-06-11,27900,57240,2
2025,6,11,3,LAX,MIA,2025-06-11 09:00:00,09:04:00,4,17:19:00,17:37:00,18,2025-06-11,32400,62340,2
2025,6,11,3,LAX,MIA,2025-06-11 10:05:00,10:10:00,5,18:16:00,18:14:00,-2,2025-06-11,36300,65760,2
2025,6,11,3,LAX,MIA,2025-06-11 12:10:00,12:16:00,6,20:20:00,20:48:00,28,2025-06-11,43800,73200,2
2025,6,11,3,LAX,MIA,2025-06-11 15:00:00,15:07:00,7,23:10:00,23:14:00,4,2025-06-11,54000,83400,2
2025,6,11,3,LAX,MIA,2025-06-11 21:40:00,21:41:00,1,05:50:00,05:28:00,-22,2025-06-11,78000,21000,2
2025,6,11,3,LAX,MIA,2025-06-11 22:49:00,22:43:00,-6,07:01:00,06:39:00,-22,2025-06-11,82140,25260,2
2025,6,11,3,LAX,MIA,2025-06-11 23:43:00,23:35:00,-8,07:50:00,07:48:00,-2,2025-06-11,85380,28200,2
2025,6,11,3,LAX,MRY,2025-06-11 08:20:00,08:17:00,-3,09:42:00,09:51:00,9,2025-06-11,30000,34920,2
2025,6,11,3,LAX,MRY,2025-06-11 18:23:00,18:14:00,-9,19:37:00,19:22:00,-15,2025-06-11,66180,70620,2
2025,6,11,3,LAX,MSO,2025-06-11 11:31:00,11:21:00,-10,15:10:00,15:16:00,6,2025-06-11,41460,54600,2
2025,6,11,3,LAX,MSP,2025-06-11 06:17:00,06:08:00,-9,11:48:00,11:41:00,-7,2025-06-11,22620,42480,2
2025,6,11,3,LAX,MSP,2025-06-11 08:00:00,07:56:00,-4,13:34:00,13:38:00,4,2025-06-11,28800,48840,2
2025,6,11,3,LAX,MSP,2025-06-11 11:30:00,11:29:00,-1,17:02:00,16:55:00,-7,2025-06-11,41400,61320,2
2025,6,11,3,LAX,MSP,2025-06-11 13:25:00,13:25:00,0,18:55:00,18:52:00,-3,2025-06-11,48300,68100,2
2025,6,11,3,LAX,MSP,2025-06-11 15:20:00,15:16:00,-4,20:49:00,20:45:00,-4,2025-06-11,55200,74940,2
2025,6,11,3,LAX,MSP,2025-06-11 18:50:00,18:40:00,-10,00:20:00,00:04:00,-16,2025-06-11,67800,1200,2
2025,6,11,3,LAX,MSP,2025-06-11 23:30:00,00:07:00,37,05:04:00,05:35:00,31,2025-06-11,84600,18240,2
2025,6,11,3,LAX,MSY,2025-06-11 07:00:00,07:05:00,5,12:40:00,12:51:00,11,2025-06-11,25200,45600,2
2025,6,11,3,LAX,MSY,2025-06-11 10:00:00,10:01:00,1,15:50:00,15:48:00,-2,2025-06-11,36000,57000,2
2025,6,11,3,LAX,MSY,2025-06-11 12:10:00,12:05:00,-5,17:53:00,18:06:00,13,2025-06-11,43800,64380,2
2025,6,11,3,LAX,MSY,2025-06-11 18:18:00,19:11:00,53,23:58:00,01:03:00,65,2025-06-11,65880,86280,2
2025,6,11,3,LAX,OAK,2025-06-11 07:25:00,07:21:00,-4,08:50:00,08:33:00,-17,2025-06-11,26700,31800,2
2025,6,11,3,LAX,OAK,2025-06-11 10:50:00,10:48:00,-2,12:15:00,12:05:00,-10,2025-06-11,39000,44100,2
2025,6,11,3,LAX,OAK,2025-06-11 15:00:00,15:11:00,11,16:20:00,16:14:00,-6,2025-06-11,54000,58800,2
2025,6,11,3,LAX,OAK,2025-06-11 19:35:00,19:42:00,7,21:00:00,20:49:00,-11,2025-06-11,70500,75600,2
2025,6,11,3,LAX,OGG,2025-06-11 07:45:00,07:55:00,10,10:25:00,10:30:00,5,2025-06-11,27900,37500,2
2025,6,11,3,LAX,OGG,2025-06-11 08:15:00,08:07:00,-8,10:55:00,10:38:00,-17,2025-06-11,29700,39300,2
2025,6,11,3,LAX,OGG,2025-06-11 09:02:00,09:23:00,21,11:47:00,12:09:00,22,2025-06-11,32520,42420,2
2025,6,11,3,LAX,OGG,2025-06-11 16:55:00,17:12:00,17,19:34:00,20:04:00,30,2025-06-11,60900,70440,2
2025,6,11,3,LAX,OGG,2025-06-11 16:56:00,17:03:00,7,19:28:00,19:31:00,3,2025-06-11,60960,70080,2
2025,6,11,3,LAX,OGG,2025-06-11 17:54:00,17:49:00,-5,20:30:00,20:30:00,0,2025-06-11,64440,73800,2
2025,6,11,3,LAX,OKC,2025-06-11 09:00:00,08:51:00,-9,14:00:00,13:44:00,-16,2025-06-11,32400,50400,2
2025,6,11,3,LAX,OKC,2025-06-11 17:32:00,17:25:00,-7,22:30:00,22:18:00,-12,2025-06-11,63120,81000,2
2025,6,11,3,LAX,OMA,2025-06-11 07:30:00,07:18:00,-12,12:42:00,12:18:00,-24,2025-06-11,27000,45720,2
2025,6,11,3,LAX,OMA,2025-06-11 12:36:00,12:51:00,15,17:52:00,18:03:00,11,2025-06-11,45360,64320,2
2025,6,11,3,LAX,ORD,2025-06-11 00:32:00,00:34:00,2,06:38:00,06:45:00,7,2025-06-11,1920,23880,2
2025,6,11,3,LAX,ORD,2025-06-11 00:41:00,00:33:00,-8,06:42:00,06:31:00,-11,2025-06-11,2460,24120,2
2025,6,11,3,LAX,ORD,2025-06-11 05:30:00,05:22:00,-8,11:36:00,11:29:00,-7,2025-06-11,19800,41760,2
2025,6,11,3,LAX,ORD,2025-06-11 05:45:00,05:41:00,-4,11:57:00,11:50:00,-7,2025-06-11,20700,43020,2
2025,6,11,3,LAX,ORD,2025-06-11 06:05:00,05:59:00,-6,12:21:00,11:59:00,-22,2025-06-11,21900,44460,2
2025,6,11,3,LAX,ORD,2025-06-11 06:20:00,06:14:00,-6,12:42:00,12:26:00,-16,2025-06-11,22800,45720,2
2025,6,11,3,LAX,ORD,2025-06-11 08:00:00,08:24:00,24,14:15:00,14:33:00,18,2025-06-11,28800,51300,2
2025,6,11,3,LAX,ORD,2025-06-11 08:15:00,08:12:00,-3,14:39:00,14:29:00,-10,2025-06-11,29700,52740,2
2025,6,11,3,LAX,ORD,2025-06-11 09:36:00,10:20:00,44,15:44:00,16:33:00,49,2025-06-11,34560,56640,2
2025,6,11,3,LAX,ORD,2025-06-11 10:40:00,10:46:00,6,16:56:00,17:02:00,6,2025-06-11,38400,60960,2
2025,6,11,3,LAX,ORD,2025-06-11 11:05:00,11:00:00,-5,17:17:00,17:19:00,2,2025-06-11,39900,62220,2
2025,6,11,3,LAX,ORD,2025-06-11 11:45:00,11:48:00,3,17:53:00,17:48:00,-5,2025-06-11,42300,64380,2
2025,6,11,3,LAX,ORD,2025-06-11 12:37:00,12:35:00,-2,18:55:00,18:42:00,-13,2025-06-11,45420,68100,2
2025,6,11,3,LAX,ORD,2025-06-11 13:00:00,13:06:00,6,19:29:00,20:25:00,56,2025-06-11,46800,70140,2
2025,6,11,3,LAX,ORD,2025-06-11 14:01:00,13:54:00,-7,20:25:00,20:22:00,-3,2025-06-11,50460,73500,2
2025,6,11,3,LAX,ORD,2025-06-11 15:02:00,15:13:00,11,21:08:00,21:20:00,12,2025-06-11,54120,76080,2
2025,6,11,3,LAX,ORD,2025-06-11 16:40:00,16:30:00,-10,23:04:00,22:35:00,-29,2025-06-11,60000,83040,2
2025,6,11,3,LAX,ORD,2025-06-11 17:29:00,18:06:00,37,23:35:00,00:03:00,28,2025-06-11,62940,84900,2
2025,6,11,3,LAX,ORD,2025-06-11 17:38:00,17:36:00,-2,23:59:00,23:57:00,-2,2025-06-11,63480,86340,2
2025,6,11,3,LAX,ORD,2025-06-11 22:40:00,22:42:00,2,04:51:00,04:31:00,-20,2025-06-11,81600,17460,2
2025,6,11,3,LAX,ORD,2025-06-11 23:00:00,23:11:00,11,05:13:00,05:09:00,-4,2025-06-11,82800,18780,2
2025,6,11,3,LAX,ORD,2025-06-11 23:37:00,00:30:00,53,05:49:00,06:24:00,35,2025-06-11,85020,20940,2
2025,6,11,3,LAX,PDX,2025-06-11 07:00:00,06:51:00,-9,09:28:00,09:28:00,0,2025-06-11,25200,34080,2
2025,6,11,3,LAX,PDX,2025-06-11 07:00:00,07:48:00,48,09:21:00,10:12:00,51,2025-06-11,25200,33660,2
2025,6,11,3,LAX,PDX,2025-06-11 09:25:00,09:49:00,24,11:52:00,12:12:00,20,2025-06-11,33900,42720,2
2025,6,11,3,LAX,PDX,2025-06-11 11:20:00,11:08:00,-12,13:47:00,13:35:00,-12,2025-06-11,40800,49620,2
2025,6,11,3,LAX,PDX,2025-06-11 12:01:00,11:53:00,-8,14:25:00,14:06:00,-19,2025-06-11,43260,51900,2
2025,6,11,3,LAX,PDX,2025-06-11 13:40:00,14:21:00,41,16:00:00,16:29:00,29,2025-06-11,49200,57600,2
2025,6,11,3,LAX,PDX,2025-06-11 18:20:00,18:11:00,-9,20:48:00,20:39:00,-9,2025-06-11,66000,74880,2
2025,6,11,3,LAX,PDX,2025-06-11 20:06:00,21:03:00,57,22:30:00,23:23:00,53,2025-06-11,72360,81000,2
2025,6,11,3,LAX,PDX,2025-06-11 20:25:00,20:18:00,-7,22:45:00,22:34:00,-11,2025-06-11,73500,81900,2
2025,6,11,3,LAX,PDX,2025-06-11 21:33:00,21:27:00,-6,23:59:00,23:58:00,-1,2025-06-11,77580,86340,2
2025,6,11,3,LAX,PHL,2025-06-11 01:08:00,01:00:00,-8,09:16:00,09:03:00,-13,2025-06-11,4080,33360,2
2025,6,11,3,LAX,PHL,2025-06-11 06:45:00,06:45:00,0,14:54:00,14:49:00,-5,2025-06-11,24300,53640,2
2025,6,11,3,LAX,PHL,2025-06-11 07:45:00,07:35:00,-10,15:56:00,15:41:00,-15,2025-06-11,27900,57360,2
2025,6,11,3,LAX,PHL,2025-06-11 09:00:00,08:59:00,-1,17:18:00,17:08:00,-10,2025-06-11,32400,62280,2
2025,6,11,3,LAX,PHL,2025-06-11 11:40:00,11:47:00,7,19:56:00,20:05:00,9,2025-06-11,42000,71760,2
2025,6,11,3,LAX,PHL,2025-06-11 14:42:00,15:04:00,22,22:54:00,23:09:00,15,2025-06-11,52920,82440,2
2025,6,11,3,LAX,PHL,2025-06-11 16:30:00,16:25:00,-5,00:43:00,00:32:00,-11,2025-06-11,59400,2580,2
2025,6,11,3,LAX,PHL,2025-06-11 22:20:00,22:20:00,0,06:30:00,06:20:00,-10,2025-06-11,80400,23400,2
2025,6,11,3,LAX,PHL,2025-06-11 22:53:00,22:52:00,-1,07:05:00,06:54:00,-11,2025-06-11,82380,25500,2
2025,6,11,3,LAX,PHX,2025-06-11 06:10:00,06:05:00,-5,07:39:00,07:25:00,-14,2025-06-11,22200,27540,2
2025,6,11,3,LAX,PHX,2025-06-11 07:00:00,06:58:00,-2,08:40:00,08:09:00,-31,2025-06-11,25200,31200,2
2025,6,11,3,LAX,PHX,2025-06-11 07:05:00,07:01:00,-4,08:30:00,08:13:00,-17,2025-06-11,25500,30600,2
2025,6,11,3,LAX,PHX,2025-06-11 08:15:00,08:09:00,-6,09:51:00,09:40:00,-11,2025-06-11,29700,35460,2
2025,6,11,3,LAX,PHX,2025-06-11 08:40:00,08:39:00,-1,10:15:00,09:54:00,-21,2025-06-11,31200,36900,2
2025,6,11,3,LAX,PHX,2025-06-11 10:00:00,10:00:00,0,11:30:00,11:19:00,-11,2025-06-11,36000,41400,2
2025,6,11,3,LAX,PHX,2025-06-11 10:15:00,10:04:00,-11,11:45:00,11:28:00,-17,2025-06-11,36900,42300,2
2025,6,11,3,LAX,PHX,2025-06-11 10:50:00,10:55:00,5,12:25:00,12:08:00,-17,2025-06-11,39000,44700,2
2025,6,11,3,LAX,PHX,2025-06-11 13:25:00,13:20:00,-5,14:50:00,14:41:00,-9,2025-06-11,48300,53400,2
2025,6,11,3,LAX,PHX,2025-06-11 13:25:00,13:21:00,-4,15:03:00,14:48:00,-15,2025-06-11,48300,54180,2
2025,6,11,3,LAX,PHX,2025-06-11 14:00:00,13:58:00,-2,15:28:00,15:20:00,-8,2025-06-11,50400,55680,2
2025,6,11,3,LAX,PHX,2025-06-11 16:32:00,16:28:00,-4,17:59:00,17:50:00,-9,2025-06-11,59520,64740,2
2025,6,11,3,LAX,PHX,2025-06-11 16:50:00,17:10:00,20,18:25:00,18:27:00,2,2025-06-11,60600,66300,2
2025,6,11,3,LAX,PHX,2025-06-11 17:30:00,17:20:00,-10,18:55:00,18:40:00,-15,2025-06-11,63000,68100,2
2025,6,11,3,LAX,PHX,2025-06-11 18:25:00,18:50:00,25,19:55:00,20:11:00,16,2025-06-11,66300,71700,2
2025,6,11,3,LAX,PHX,2025-06-11 19:10:00,18:57:00,-13,20:39:00,20:16:00,-23,2025-06-11,69000,74340,2
2025,6,11,3,LAX,PHX,2025-06-11 19:35:00,19:29:00,-6,21:03:00,20:54:00,-9,2025-06-11,70500,75780,2
2025,6,11,3,LAX,PHX,2025-06-11 21:34:00,21:29:00,-5,23:05:00,22:57:00,-8,2025-06-11,77640,83100,2
2025,6,11,3,LAX,PHX,2025-06-11 22:35:00,22:30:00,-5,00:13:00,23:57:00,-16,2025-06-11,81300,780,2
2025,6,11,3,LAX,PIT,2025-06-11 09:15:00,09:08:00,-7,17:00:00,16:47:00,-13,2025-06-11,33300,61200,2
2025,6,11,3,LAX,PSC,2025-06-11 20:22:00,20:13:00,-9,22:57:00,22:49:00,-8,2025-06-11,73320,82620,2
2025,6,11,3,LAX,RDD,2025-06-11 12:50:00,12:43:00,-7,14:39:00,14:18:00,-21,2025-06-11,46200,52740,2
2025,6,11,3,LAX,RDM,2025-06-11 12:45:00,12:41:00,-4,15:03:00,14:54:00,-9,2025-06-11,45900,54180,2
2025,6,11,3,LAX,RDU,2025-06-11 08:57:00,08:49:00,-8,16:54:00,16:41:00,-13,2025-06-11,32220,60840,2
2025,6,11,3,LAX,RDU,2025-06-11 12:40:00,13:33:00,53,20:29:00,21:14:00,45,2025-06-11,45600,73740,2
2025,6,11,3,LAX,RNO,2025-06-11 09:59:00,09:50:00,-9,11:31:00,11:11:00,-20,2025-06-11,35940,41460,2
2025,6,11,3,LAX,RNO,2025-06-11 10:19:00,10:16:00,-3,12:00:00,11:53:00,-7,2025-06-11,37140,43200,2
2025,6,11,3,LAX,RNO,2025-06-11 15:02:00,14:56:00,-6,16:30:00,16:15:00,-15,2025-06-11,54120,59400,2
2025,6,11,3,LAX,RNO,2025-06-11 17:10:00,17:15:00,5,18:44:00,19:09:00,25,2025-06-11,61800,67440,2
2025,6,11,3,LAX,RNO,2025-06-11 17:30:00,17:31:00,1,18:55:00,18:45:00,-10,2025-06-11,63000,68100,2
2025,6,11,3,LAX,RNO,2025-06-11 20:15:00,21:07:00,52,21:49:00,22:33:00,44,2025-06-11,72900,78540,2
2025,6,11,3,LAX,RNO,2025-06-11 20:50:00,20:43:00,-7,22:17:00,22:02:00,-15,2025-06-11,75000,80220,2
2025,6,11,3,LAX,RNO,2025-06-11 21:59:00,21:51:00,-8,23:32:00,23:19:00,-13,2025-06-11,79140,84720,2
2025,6,11,3,LAX,SAN,2025-06-11 08:20:00,08:14:00,-6,09:19:00,09:01:00,-18,2025-06-11,30000,33540,2
2025,6,11,3,LAX,SAN,2025-06-11 09:20:00,09:13:00,-7,10:24:00,10:10:00,-14,2025-06-11,33600,37440,2
2025,6,11,3,LAX,SAN,2025-06-11 14:28:00,14:28:00,0,15:22:00,15:19:00,-3,2025-06-11,52080,55320,2
2025,6,11,3,LAX,SAN,2025-06-11 18:00:00,18:50:00,50,18:54:00,19:53:00,59,2025-06-11,64800,68040,2
2025,6,11,3,LAX,SAN,2025-06-11 18:46:00,18:40:00,-6,19:47:00,19:42:00,-5,2025-06-11,67560,71220,2
2025,6,11,3,LAX,SAN,2025-06-11 21:59:00,21:50:00,-9,22:53:00,22:50:00,-3,2025-06-11,79140,82380,2
2025,6,11,3,LAX,SAN,2025-06-11 22:45:00,22:35:00,-10,23:46:00,23:39:00,-7,2025-06-11,81900,85560,2
2025,6,11,3,LAX,SAT,2025-06-11 08:54:00,08:43:00,-11,13:42:00,13:31:00,-11,2025-06-11,32040,49320,2
2025,6,11,3,LAX,SAT,2025-06-11 09:12:00,09:02:00,-10,14:19:00,13:50:00,-29,2025-06-11,33120,51540,2
2025,6,11,3,LAX,SAT,2025-06-11 09:30:00,09:23:00,-7,14:23:00,14:05:00,-18,2025-06-11,34200,51780,2
2025,6,11,3,LAX,SAT,2025-06-11 12:00:00,12:00:00,0,17:00:00,16:38:00,-22,2025-06-11,43200,61200,2
2025,6,11,3,LAX,SAT,2025-06-11 17:00:00,16:56:00,-4,21:58:00,22:03:00,5,2025-06-11,61200,79080,2
2025,6,11,3,LAX,SBA,2025-06-11 15:20:00,15:14:00,-6,16:12:00,16:08:00,-4,2025-06-11,55200,58320,2
2025,6,11,3,LAX,SBA,2025-06-11 23:00:00,23:02:00,2,23:58:00,23:52:00,-6,2025-06-11,82800,86280,2
2025,6,11,3,LAX,SDF,2025-06-11 07:46:00,07:35:00,-11,14:56:00,14:25:00,-31,2025-06-11,27960,53760,2
2025,6,11,3,LAX,SEA,2025-06-11 06:00:00,05:48:00,-12,08:56:00,08:55:00,-1,2025-06-11,21600,32160,2
2025,6,11,3,LAX,SEA,2025-06-11 07:00:00,06:54:00,-6,09:54:00,09:28:00,-26,2025-06-11,25200,35640,2
2025,6,11,3,LAX,SEA,2025-06-11 07:00:00,07:30:00,30,09:55:00,10:37:00,42,2025-06-11,25200,35700,2
2025,6,11,3,LAX,SEA,2025-06-11 08:00:00,08:45:00,45,10:58:00,11:44:00,46,2025-06-11,28800,39480,2
2025,6,11,3,LAX,SEA,2025-06-11 09:35:00,09:36:00,1,12:30:00,12:23:00,-7,2025-06-11,34500,45000,2
2025,6,11,3,LAX,SEA,2025-06-11 09:45:00,09:43:00,-2,12:42:00,12:22:00,-20,2025-06-11,35100,45720,2
2025,6,11,3,LAX,SEA,2025-06-11 11:10:00,11:05:00,-5,14:01:00,13:41:00,-20,2025-06-11,40200,50460,2
2025,6,11,3,LAX,SEA,2025-06-11 11:15:00,11:12:00,-3,14:09:00,14:02:00,-7,2025-06-11,40500,50940,2
2025,6,11,3,LAX,SEA,2025-06-11 11:55:00,11:51:00,-4,14:50:00,14:38:00,-12,2025-06-11,42900,53400,2
2025,6,11,3,LAX,SEA,2025-06-11 11:55:00,12:30:00,35,14:45:00,15:05:00,20,2025-06-11,42900,53100,2
2025,6,11,3,LAX,SEA,2025-06-11 13:58:00,13:56:00,-2,16:53:00,16:38:00,-15,2025-06-11,50280,60780,2
2025,6,11,3,LAX,SEA,2025-06-11 14:15:00,14:12:00,-3,17:00:00,16:51:00,-9,2025-06-11,51300,61200,2
2025,6,11,3,LAX,SEA,2025-06-11 15:36:00,15:29:00,-7,18:27:00,18:18:00,-9,2025-06-11,56160,66420,2
2025,6,11,3,LAX,SEA,2025-06-11 17:43:00,17:35:00,-8,20:35:00,20:17:00,-18,2025-06-11,63780,74100,2
2025,6,11,3,LAX,SEA,2025-06-11 17:45:00,17:39:00,-6,20:35:00,20:25:00,-10,2025-06-11,63900,74100,2
2025,6,11,3,LAX,SEA,2025-06-11 18:39:00,18:31:00,-8,21:34:00,21:20:00,-14,2025-06-11,67140,77640,2
2025,6,11,3,LAX,SEA,2025-06-11 18:45:00,18:37:00,-8,21:36:00,21:23:00,-13,2025-06-11,67500,77760,2
2025,6,11,3,LAX,SEA,2025-06-11 19:07:00,19:00:00,-7,21:58:00,22:14:00,16,2025-06-11,68820,79080,2
2025,6,11,3,LAX,SEA,2025-06-11 19:55:00,19:55:00,0,22:47:00,23:16:00,29,2025-06-11,71700,82020,2
2025,6,11,3,LAX,SEA,2025-06-11 19:59:00,19:51:00,-8,22:57:00,22:31:00,-26,2025-06-11,71940,82620,2
2025,6,11,3,LAX,SFO,2025-06-11 06:00:00,05:52:00,-8,07:38:00,07:23:00,-15,2025-06-11,21600,27480,2
2025,6,11,3,LAX,SFO,2025-06-11 06:00:00,05:56:00,-4,07:31:00,07:34:00,3,2025-06-11,21600,27060,2
2025,6,11,3,LAX,SFO,2025-06-11 06:05:00,06:01:00,-4,07:30:00,07:25:00,-5,2025-06-11,21900,27000,2
2025,6,11,3,LAX,SFO,2025-06-11 06:30:00,06:29:00,-1,07:52:00,07:53:00,1,2025-06-11,23400,28320,2
2025,6,11,3,LAX,SFO,2025-06-11 07:00:00,06:57:00,-3,08:36:00,08:14:00,-22,2025-06-11,25200,30960,2
2025,6,11,3,LAX,SFO,2025-06-11 08:05:00,08:02:00,-3,09:45:00,09:45:00,0,2025-06-11,29100,35100,2
2025,6,11,3,LAX,SFO,2025-06-11 08:35:00,09:13:00,38,09:58:00,10:46:00,48,2025-06-11,30900,35880,2
2025,6,11,3,LAX,SFO,2025-06-11 09:10:00,09:31:00,21,10:45:00,10:51:00,6,2025-06-11,33000,38700,2
2025,6,11,3,LAX,SFO,2025-06-11 10:15:00,10:15:00,0,11:40:00,12:07:00,27,2025-06-11,36900,42000,2
2025,6,11,3,LAX,SFO,2025-06-11 10:26:00,10:21:00,-5,11:59:00,11:56:00,-3,2025-06-11,37560,43140,2
2025,6,11,3,LAX,SFO,2025-06-11 12:20:00,12:14:00,-6,13:43:00,13:27:00,-16,2025-06-11,44400,49380,2
2025,6,11,3,LAX,SFO,2025-06-11 13:30:00,14:30:00,60,14:52:00,15:40:00,48,2025-06-11,48600,53520,2
2025,6,11,3,LAX,SFO,2025-06-11 13:39:00,13:45:00,6,15:07:00,14:54:00,-13,2025-06-11,49140,54420,2
2025,6,11,3,LAX,SFO,2025-06-11 14:22:00,14:30:00,8,15:48:00,15:46:00,-2,2025-06-11,51720,56880,2
2025,6,11,3,LAX,SFO,2025-06-11 16:00:00,15:53:00,-7,17:28:00,17:15:00,-13,2025-06-11,57600,62880,2
2025,6,11,3,LAX,SFO,2025-06-11 16:10:00,16:00:00,-10,17:39:00,17:15:00,-24,2025-06-11,58200,63540,2
2025,6,11,3,LAX,SFO,2025-06-11 16:27:00,16:21:00,-6,17:45:00,17:29:00,-16,2025-06-11,59220,63900,2
2025,6,11,3,LAX,SFO,2025-06-11 17:10:00,18:05:00,55,18:40:00,19:29:00,49,2025-06-11,61800,67200,2
2025,6,11,3,LAX,SFO,2025-06-11 18:40:00,19:09:00,29,20:09:00,20:30:00,21,2025-06-11,67200,72540,2
2025,6,11,3,LAX,SFO,2025-06-11 19:25:00,20:03:00,38,20:57:00,22:03:00,66,2025-06-11,69900,75420,2
2025,6,11,3,LAX,SFO,2025-06-11 21:30:00,21:24:00,-6,23:02:00,22:43:00,-19,2025-06-11,77400,82920,2
2025,6,11,3,LAX,SFO,2025-06-11 21:49:00,21:57:00,8,23:12:00,23:24:00,12,2025-06-11,78540,83520,2
2025,6,11,3,LAX,SFO,2025-06-11 22:25:00,22:41:00,16,23:52:00,23:52:00,0,2025-06-11,80700,85920,2
2025,6,11,3,LAX,SGU,2025-06-11 13:15:00,13:18:00,3,15:47:00,15:45:00,-2,2025-06-11,47700,56820,2
2025,6,11,3,LAX,SJC,2025-06-11 06:40:00,06:32:00,-8,07:55:00,07:33:00,-22,2025-06-11,24000,28500,2
2025,6,11,3,LAX,SJC,2025-06-11 07:05:00,07:00:00,-5,08:20:00,08:14:00,-6,2025-06-11,25500,30000,2
2025,6,11,3,LAX,SJC,2025-06-11 09:15:00,09:14:00,-1,10:30:00,10:22:00,-8,2025-06-11,33300,37800,2
2025,6,11,3,LAX,SJC,2025-06-11 10:00:00,09:57:00,-3,11:15:00,11:06:00,-9,2025-06-11,36000,40500,2
2025,6,11,3,LAX,SJC,2025-06-11 11:35:00,11:28:00,-7,12:52:00,12:36:00,-16,2025-06-11,41700,46320,2
2025,6,11,3,LAX,SJC,2025-06-11 13:25:00,13:18:00,-7,14:40:00,14:26:00,-14,2025-06-11,48300,52800,2
2025,6,11,3,LAX,SJC,2025-06-11 14:20:00,14:15:00,-5,15:35:00,15:14:00,-21,2025-06-11,51600,56100,2
2025,6,11,3,LAX,SJC,2025-06-11 15:45:00,15:39:00,-6,17:00:00,16:46:00,-14,2025-06-11,56700,61200,2
2025,6,11,3,LAX,SJC,2025-06-11 17:16:00,17:12:00,-4,18:34:00,18:48:00,14,2025-06-11,62160,66840,2
2025,6,11,3,LAX,SJC,2025-06-11 17:30:00,17:43:00,13,18:45:00,18:51:00,6,2025-06-11,63000,67500,2
2025,6,11,3,LAX,SJC,2025-06-11 18:00:00,17:55:00,-5,19:15:00,18:59:00,-16,2025-06-11,64800,69300,2
2025,6,11,3,LAX,SJC,2025-06-11 19:50:00,20:40:00,50,21:10:00,21:41:00,31,2025-06-11,71400,76200,2
2025,6,11,3,LAX,SJC,2025-06-11 21:28:00,21:53:00,25,22:44:00,22:56:00,12,2025-06-11,77280,81840,2
2025,6,11,3,LAX,SLC,2025-06-11 06:00:00,05:57:00,-3,08:53:00,08:39:00,-14,2025-06-11,21600,31980,2
2025,6,11,3,LAX,SLC,2025-06-11 07:00:00,06:59:00,-1,09:55:00,10:03:00,8,2025-06-11,25200,35700,2
2025,6,11,3,LAX,SLC,2025-06-11 08:05:00,08:12:00,7,11:00:00,10:57:00,-3,2025-06-11,29100,39600,2
2025,6,11,3,LAX,SLC,2025-06-11 09:48:00,09:42:00,-6,12:43:00,12:26:00,-17,2025-06-11,35280,45780,2
2025,6,11,3,LAX,SLC,2025-06-11 11:11:00,11:04:00,-7,14:03:00,13:50:00,-13,2025-06-11,40260,50580,2
2025,6,11,3,LAX,SLC,2025-06-11 13:11:00,13:07:00,-4,16:04:00,15:46:00,-18,2025-06-11,47460,57840,2
2025,6,11,3,LAX,SLC,2025-06-11 17:10:00,17:04:00,-6,20:00:00,20:06:00,6,2025-06-11,61800,72000,2
2025,6,11,3,LAX,SLC,2025-06-11 18:45:00,18:44:00,-1,21:39:00,21:42:00,3,2025-06-11,67500,77940,2
2025,6,11,3,LAX,SLC,2025-06-11 19:19:00,19:13:00,-6,22:06:00,21:57:00,-9,2025-06-11,69540,79560,2
2025,6,11,3,LAX,SMF,2025-06-11 06:15:00,06:12:00,-3,07:40:00,07:27:00,-13,2025-06-11,22500,27600,2
2025,6,11,3,LAX,SMF,2025-06-11 07:55:00,07:47:00,-8,09:24:00,09:22:00,-2,2025-06-11,28500,33840,2
2025,6,11,3,LAX,SMF,2025-06-11 08:15:00,08:09:00,-6,09:52:00,09:34:00,-18,2025-06-11,29700,35520,2
2025,6,11,3,LAX,SMF,2025-06-11 09:20:00,09:16:00,-4,10:45:00,10:34:00,-11,2025-06-11,33600,38700,2
2025,6,11,3,LAX,SMF,2025-06-11 09:46:00,10:15:00,29,11:23:00,11:46:00,23,2025-06-11,35160,40980,2
2025,6,11,3,LAX,SMF,2025-06-11 10:25:00,10:16:00,-9,11:59:00,11:35:00,-24,2025-06-11,37500,43140,2
2025,6,11,3,LAX,SMF,2025-06-11 12:25:00,12:17:00,-8,13:54:00,13:38:00,-16,2025-06-11,44700,50040,2
2025,6,11,3,LAX,SMF,2025-06-11 14:05:00,14:08:00,3,15:30:00,15:25:00,-5,2025-06-11,50700,55800,2
2025,6,11,3,LAX,SMF,2025-06-11 16:30:00,16:24:00,-6,18:01:00,17:57:00,-4,2025-06-11,59400,64860,2
2025,6,11,3,LAX,SMF,2025-06-11 16:54:00,16:45:00,-9,18:23:00,18:13:00,-10,2025-06-11,60840,66180,2
2025,6,11,3,LAX,SMF,2025-06-11 17:05:00,17:15:00,10,18:37:00,19:05:00,28,2025-06-11,61500,67020,2
2025,6,11,3,LAX,SMF,2025-06-11 17:25:00,17:47:00,22,18:50:00,19:04:00,14,2025-06-11,62700,67800,2
2025,6,11,3,LAX,SMF,2025-06-11 18:15:00,18:13:00,-2,19:45:00,19:30:00,-15,2025-06-11,65700,71100,2
2025,6,11,3,LAX,SMF,2025-06-11 19:22:00,19:14:00,-8,21:01:00,20:46:00,-15,2025-06-11,69720,75660,2
2025,6,11,3,LAX,SMF,2025-06-11 20:25:00,20:40:00,15,21:50:00,21:52:00,2,2025-06-11,73500,78600,2
2025,6,11,3,LAX,SMF,2025-06-11 20:56:00,21:29:00,33,22:28:00,22:58:00,30,2025-06-11,75360,80880,2
2025,6,11,3,LAX,SMF,2025-06-11 21:55:00,22:04:00,9,23:20:00,23:30:00,10,2025-06-11,78900,84000,2
2025,6,11,3,LAX,STL,2025-06-11 05:00:00,04:57:00,-3,10:40:00,10:25:00,-15,2025-06-11,18000,38400,2
2025,6,11,3,LAX,STL,2025-06-11 17:33:00,17:23:00,-10,22:59:00,23:01:00,2,2025-06-11,63180,82740,2
2025,6,11,3,LAX,STL,2025-06-11 18:45:00,18:48:00,3,00:25:00,00:28:00,3,2025-06-11,67500,1500,2
2025,6,11,3,LAX,STS,2025-06-11 09:25:00,09:24:00,-1,11:06:00,11:06:00,0,2025-06-11,33900,39960,2
2025,6,11,3,LAX,STS,2025-06-11 21:56:00,22:23:00,27,23:30:00,23:51:00,21,2025-06-11,78960,84600,2
2025,6,11,3,LAX,SUN,2025-06-11 08:30:00,08:30:00,0,11:43:00,11:48:00,5,2025-06-11,30600,42180,2
2025,6,11,3,LAX,TPA,2025-06-11 22:10:00,22:04:00,-6,05:44:00,05:34:00,-10,2025-06-11,79800,20640,2
2025,6,11,3,LAX,TPA,2025-06-11 23:59:00,23:49:00,-10,07:56:00,07:28:00,-28,2025-06-11,86340,28560,2
2025,6,11,3,LAX,TUL,2025-06-11 09:30:00,09:53:00,23,14:40:00,14:54:00,14,2025-06-11,34200,52800,2
2025,6,11,3,LAX,TUS,2025-06-11 08:22:00,08:12:00,-10,10:03:00,09:42:00,-21,2025-06-11,30120,36180,2
2025,6,11,3,LAX,TUS,2025-06-11 09:35:00,09:25:00,-10,11:10:00,11:00:00,-10,2025-06-11,34500,40200,2
2025,6,11,3,LAX,TUS,2025-06-11 12:50:00,12:44:00,-6,14:25:00,14:00:00,-25,2025-06-11,46200,51900,2
2025,6,11,3,LAX,TUS,2025-06-11 14:10:00,14:09:00,-1,15:44:00,15:33:00,-11,2025-06-11,51000,56640,2
2025,6,11,3,LAX,TUS,2025-06-11 18:18:00,18:11:00,-7,19:49:00,19:40:00,-9,2025-06-11,65880,71340,2
2025,6,11,3,LAX,TUS,2025-06-11 19:00:00,18:48:00,-12,20:33:00,20:23:00,-10,2025-06-11,68400,73980,2
2025,6,11,3,LAX,XNA,2025-06-11 09:14:00,09:10:00,-4,14:38:00,14:35:00,-3,2025-06-11,33240,52680,2
2025,6,11,3,LAX,XNA,2025-06-11 15:45:00,15:46:00,1,20:55:00,20:56:00,1,2025-06-11,56700,75300,2
2025,6,12,4,LAX,ABQ,2025-06-12 08:55:00,08:52:00,-3,11:58:00,12:09:00,11,2025-06-12,32100,43080,3
2025,6,12,4,LAX,ABQ,2025-06-12 11:20:00,11:44:00,24,14:15:00,14:23:00,8,2025-06-12,40800,51300,3
2025,6,12,4,LAX,ABQ,2025-06-12 18:49:00,18:57:00,8,21:52:00,22:02:00,10,2025-06-12,67740,78720,3
2025,6,12,4,LAX,ACV,2025-06-12 13:15:00,13:14:00,-1,15:13:00,15:10:00,-3,2025-06-12,47700,54780,3
2025,6,12,4,LAX,ANC,2025-06-12 19:45:00,20:07:00,22,00:08:00,00:19:00,11,2025-06-12,71100,480,3
2025,6,12,4,LAX,ASE,2025-06-12 10:40:00,10:34:00,-6,13:56:00,13:52:00,-4,2025-06-12,38400,50160,3
2025,6,12,4,LAX,ASE,2025-06-12 14:45:00,14:45:00,0,17:51:00,17:56:00,5,2025-06-12,53100,64260,3
2025,6,12,4,LAX,ATL,2025-06-12 00:55:00,00:55:00,0,08:21:00,08:12:00,-9,2025-06-12,3300,30060,3
2025,6,12,4,LAX,ATL,2025-06-12 06:20:00,06:17:00,-3,13:42:00,13:32:00,-10,2025-06-12,22800,49320,3
2025,6,12,4,LAX,ATL,2025-06-12 07:35:00,07:30:00,-5,14:48:00,14:46:00,-2,2025-06-12,27300,53280,3
2025,6,12,4,LAX,ATL,2025-06-12 08:45:00,08:44:00,-1,16:07:00,16:04:00,-3,2025-06-12,31500,58020,3
2025,6,12,4,LAX,ATL,2025-06-12 09:53:00,09:51:00,-2,17:19:00,17:05:00,-14,2025-06-12,35580,62340,3
2025,6,12,4,LAX,ATL,2025-06-12 11:15:00,11:11:00,-4,18:34:00,18:22:00,-12,2025-06-12,40500,66840,3
2025,6,12,4,LAX,ATL,2025-06-12 12:15:00,12:25:00,10,19:30:00,20:50:00,80,2025-06-12,44100,70200,3
2025,6,12,4,LAX,ATL,2025-06-12 12:49:00,12:41:00,-8,20:15:00,20:50:00,35,2025-06-12,46140,72900,3
2025,6,12,4,LAX,ATL,2025-06-12 13:06:00,13:23:00,17,20:49:00,21:15:00,26,2025-06-12,47160,74940,3
2025,6,12,4,LAX,ATL,2025-06-12 13:15:00,13:14:00,-1,20:46:00,21:12:00,26,2025-06-12,47700,74760,3
2025,6,12,4,LAX,ATL,2025-06-12 14:30:00,14:29:00,-1,21:50:00,22:10:00,20,2025-06-12,52200,78600,3
2025,6,12,4,LAX,ATL,2025-06-12 17:35:00,17:34:00,-1,00:54:00,01:00:00,6,2025-06-12,63300,3240,3
2025,6,12,4,LAX,ATL,2025-06-12 21:28:00,22:10:00,42,05:07:00,05:36:00,29,2025-06-12,77280,18420,3
2025,6,12,4,LAX,ATL,2025-06-12 21:45:00,22:14:00,29,05:00:00,05:20:00,20,2025-06-12,78300,18000,3
2025,6,12,4,LAX,ATL,2025-06-12 23:45:00,00:11:00,26,07:12:00,07:27:00,15,2025-06-12,85500,25920,3
2025,6,12,4,LAX,ATL,2025-06-12 23:45:00,00:22:00,37,07:06:00,07:52:00,46,2025-06-12,85500,25560,3
2025,6,12,4,LAX,AUS,2025-06-12 05:00:00,04:58:00,-2,10:00:00,09:44:00,-16,2025-06-12,18000,36000,3
2025,6,12,4,LAX,AUS,2025-06-12 06:15:00,06:08:00,-7,11:17:00,10:53:00,-24,2025-06-12,22500,40620,3
2025,6,12,4,LAX,AUS,2025-06-12 07:45:00,07:38:00,-7,12:46:00,12:25:00,-21,2025-06-12,27900,45960,3
2025,6,12,4,LAX,AUS,2025-06-12 08:35:00,08:31:00,-4,13:24:00,13:33:00,9,2025-06-12,30900,48240,3
2025,6,12,4,LAX,AUS,2025-06-12 09:25:00,09:20:00,-5,14:51:00,14:26:00,-25,2025-06-12,33900,53460,3
2025,6,12,4,LAX,AUS,2025-06-12 10:35:00,10:28:00,-7,15:45:00,15:34:00,-11,2025-06-12,38100,56700,3
2025,6,12,4,LAX,AUS,2025-06-12 11:15:00,11:14:00,-1,16:20:00,15:59:00,-21,2025-06-12,40500,58800,3
2025,6,12,4,LAX,AUS,2025-06-12 16:14:00,16:09:00,-5,21:14:00,20:58:00,-16,2025-06-12,58440,76440,3
2025,6,12,4,LAX,AUS,2025-06-12 16:20:00,16:18:00,-2,21:21:00,21:19:00,-2,2025-06-12,58800,76860,3
2025,6,12,4,LAX,AUS,2025-06-12 18:35:00,18:27:00,-8,23:38:00,23:21:00,-17,2025-06-12,66900,85080,3
2025,6,12,4,LAX,AUS,2025-06-12 18:40:00,18:33:00,-7,23:58:00,23:25:00,-33,2025-06-12,67200,86280,3
2025,6,12,4,LAX,BLI,2025-06-12 18:50:00,19:13:00,23,21:32:00,21:42:00,10,2025-06-12,67800,77520,3
2025,6,12,4,LAX,BNA,2025-06-12 07:00:00,06:54:00,-6,12:57:00,12:49:00,-8,2025-06-12,25200,46620,3
2025,6,12,4,LAX,BNA,2025-06-12 07:10:00,07:11:00,1,13:25:00,13:13:00,-12,2025-06-12,25800,48300,3
2025,6,12,4,LAX,BNA,2025-06-12 10:36:00,10:32:00,-4,16:45:00,16:38:00,-7,2025-06-12,38160,60300,3
2025,6,12,4,LAX,BNA,2025-06-12 12:39:00,12:35:00,-4,18:44:00,18:36:00,-8,2025-06-12,45540,67440,3
2025,6,12,4,LAX,BNA,2025-06-12 22:50:00,23:07:00,17,05:00:00,05:08:00,8,2025-06-12,82200,18000,3
2025,6,12,4,LAX,BOI,2025-06-12 11:57:00,11:52:00,-5,15:03:00,14:48:00,-15,2025-06-12,43020,54180,3
2025,6,12,4,LAX,BOI,2025-06-12 12:45:00,12:45:00,0,15:59:00,15:51:00,-8,2025-06-12,45900,57540,3
2025,6,12,4,LAX,BOI,2025-06-12 19:50:00,19:42:00,-8,22:54:00,22:32:00,-22,2025-06-12,71400,82440,3
2025,6,12,4,LAX,BOI,2025-06-12 19:59:00,19:50:00,-9,23:01:00,22:39:00,-22,2025-06-12,71940,82860,3
2025,6,12,4,LAX,BOS,2025-06-12 06:00:00,06:09:00,9,14:40:00,14:36:00,-4,2025-06-12,21600,52800,3
2025,6,12,4,LAX,BOS,2025-06-12 06:40:00,06:34:00,-6,15:15:00,15:03:00,-12,2025-06-12,24000,54900,3
2025,6,12,4,LAX,BOS,2025-06-12 08:30:00,08:26:00,-4,17:19:00,17:11:00,-8,2025-06-12,30600,62340,3
2025,6,12,4,LAX,BOS,2025-06-12 08:35:00,08:40:00,5,17:18:00,17:23:00,5,2025-06-12,30900,62280,3
2025,6,12,4,LAX,BOS,2025-06-12 08:40:00,08:36:00,-4,17:16:00,17:07:00,-9,2025-06-12,31200,62160,3
2025,6,12,4,LAX,BOS,2025-06-12 10:45:00,10:54:00,9,19:24:00,19:24:00,0,2025-06-12,38700,69840,3
2025,6,12,4,LAX,BOS,2025-06-12 13:10:00,13:52:00,42,21:51:00,22:21:00,30,2025-06-12,47400,78660,3
2025,6,12,4,LAX,BOS,2025-06-12 20:24:00,20:43:00,19,05:00:00,05:03:00,3,2025-06-12,73440,18000,3
2025,6,12,4,LAX,BOS,2025-06-12 22:13:00,22:09:00,-4,06:44:00,06:27:00,-17,2025-06-12,79980,24240,3
2025,6,12,4,LAX,BOS,2025-06-12 22:35:00,22:31:00,-4,07:13:00,06:51:00,-22,2025-06-12,81300,25980,3
2025,6,12,4,LAX,BOS,2025-06-12 23:05:00,23:05:00,0,07:41:00,07:35:00,-6,2025-06-12,83100,27660,3
2025,6,12,4,LAX,BUF,2025-06-12 22:09:00,22:12:00,3,06:00:00,05:46:00,-14,2025-06-12,79740,21600,3
2025,6,12,4,LAX,BWI,2025-06-12 05:30:00,05:32:00,2,13:35:00,13:22:00,-13,2025-06-12,19800,48900,3
2025,6,12,4,LAX,BWI,2025-06-12 08:45:00,08:40:00,-5,16:54:00,16:49:00,-5,2025-06-12,31500,60840,3
2025,6,12,4,LAX,BWI,2025-06-12 10:05:00,10:06:00,1,18:10:00,17:57:00,-13,2025-06-12,36300,65400,3
2025,6,12,4,LAX,BWI,2025-06-12 11:34:00,11:28:00,-6,19:29:00,19:21:00,-8,2025-06-12,41640,70140,3
2025,6,12,4,LAX,BWI,2025-06-12 20:55:00,21:03:00,8,05:00:00,04:44:00,-16,2025-06-12,75300,18000,3
2025,6,12,4,LAX,BWI,2025-06-12 23:59:00,23:50:00,-9,08:07:00,07:50:00,-17,2025-06-12,86340,29220,3
2025,6,12,4,LAX,BZN,2025-06-12 11:21:00,11:35:00,14,14:50:00,15:02:00,12,2025-06-12,40860,53400,3
2025,6,12,4,LAX,BZN,2025-06-12 18:00:00,17:56:00,-4,21:39:00,21:14:00,-25,2025-06-12,64800,77940,3
2025,6,12,4,LAX,CLE,2025-06-12 11:38:00,11:29:00,-9,19:11:00,18:44:00,-27,2025-06-12,41880,69060,3
2025,6,12,4,LAX,CLE,2025-06-12 21:20:00,21:31:00,11,04:53:00,05:08:00,15,2025-06-12,76800,17580,3
2025,6,12,4,LAX,CLT,2025-06-12 06:05:00,06:01:00,-4,13:54:00,13:45:00,-9,2025-06-12,21900,50040,3
2025,6,12,4,LAX,CLT,2025-06-12 07:59:00,07:52:00,-7,15:45:00,15:31:00,-14,2025-06-12,28740,56700,3
2025,6,12,4,LAX,CLT,2025-06-12 09:11:00,09:17:00,6,17:00:00,17:12:00,12,2025-06-12,33060,61200,3
2025,6,12,4,LAX,CLT,2025-06-12 21:48:00,21:41:00,-7,05:29:00,05:13:00,-16,2025-06-12,78480,19740,3
2025,6,12,4,LAX,CLT,2025-06-12 22:49:00,22:42:00,-7,06:35:00,06:26:00,-9,2025-06-12,82140,23700,3
2025,6,12,4,LAX,CLT,2025-06-12 23:49:00,23:46:00,-3,07:35:00,07:18:00,-17,2025-06-12,85740,27300,3
2025,6,12,4,LAX,CMH,2025-06-12 09:25:00,09:20:00,-5,17:01:00,16:40:00,-21,2025-06-12,33900,61260,3
2025,6,12,4,LAX,CVG,2025-06-12 13:50:00,13:49:00,-1,21:04:00,21:12:00,8,2025-06-12,49800,75840,3
2025,6,12,4,LAX,CVG,2025-06-12 22:29:00,22:56:00,27,05:38:00,06:05:00,27,2025-06-12,80940,20280,3
2025,6,12,4,LAX,DAL,2025-06-12 05:05:00,05:00:00,-5,10:10:00,10:08:00,-2,2025-06-12,18300,36600,3
2025,6,12,4,LAX,DAL,2025-06-12 06:45:00,06:41:00,-4,11:50:00,11:41:00,-9,2025-06-12,24300,42600,3
2025,6,12,4,LAX,DAL,2025-06-12 11:20:00,11:40:00,20,16:30:00,16:35:00,5,2025-06-12,40800,59400,3
2025,6,12,4,LAX,DCA,2025-06-12 07:59:00,07:54:00,-5,16:00:00,16:14:00,14,2025-06-12,28740,57600,3
2025,6,12,4,LAX,DCA,2025-06-12 08:19:00,08:20:00,1,16:22:00,16:21:00,-1,2025-06-12,29940,58920,3
2025,6,12,4,LAX,DCA,2025-06-12 12:28:00,12:30:00,2,20:29:00,20:19:00,-10,2025-06-12,44880,73740,3
2025,6,12,4,LAX,DCA,2025-06-12 13:31:00,13:24:00,-7,21:42:00,21:08:00,-34,2025-06-12,48660,78120,3
2025,6,12,4,LAX,DEN,2025-06-12 05:05:00,05:27:00,22,08:24:00,08:43:00,19,2025-06-12,18300,30240,3
2025,6,12,4,LAX,DEN,2025-06-12 05:45:00,05:44:00,-1,09:10:00,08:56:00,-14,2025-06-12,20700,33000,3
2025,6,12,4,LAX,DEN,2025-06-12 06:15:00,06:11:00,-4,09:48:00,09:50:00,2,2025-06-12,22500,35280,3
2025,6,12,4,LAX,DEN,2025-06-12 07:06:00,07:03:00,-3,10:31:00,10:31:00,0,2025-06-12,25560,37860,3
2025,6,12,4,LAX,DEN,2025-06-12 07:46:00,07:37:00,-9,11:10:00,11:11:00,1,2025-06-12,27960,40200,3
2025,6,12,4,LAX,DEN,2025-06-12 08:04:00,08:50:00,46,11:33:00,12:09:00,36,2025-06-12,29040,41580,3
2025,6,12,4,LAX,DEN,2025-06-12 08:05:00,08:02:00,-3,11:30:00,11:11:00,-19,2025-06-12,29100,41400,3
2025,6,12,4,LAX,DEN,2025-06-12 09:00:00,08:59:00,-1,12:27:00,12:24:00,-3,2025-06-12,32400,44820,3
2025,6,12,4,LAX,DEN,2025-06-12 10:30:00,10:29:00,-1,13:55:00,13:53:00,-2,2025-06-12,37800,50100,3
2025,6,12,4,LAX,DEN,2025-06-12 10:52:00,10:50:00,-2,14:19:00,14:22:00,3,2025-06-12,39120,51540,3
2025,6,12,4,LAX,DEN,2025-06-12 10:55:00,10:54:00,-1,14:30:00,14:23:00,-7,2025-06-12,39300,52200,3
2025,6,12,4,LAX,DEN,2025-06-12 12:55:00,12:52:00,-3,16:23:00,16:24:00,1,2025-06-12,46500,58980,3
2025,6,12,4,LAX,DEN,2025-06-12 14:35:00,14:31:00,-4,18:05:00,17:45:00,-20,2025-06-12,52500,65100,3
2025,6,12,4,LAX,DEN,2025-06-12 16:11:00,16:14:00,3,19:40:00,19:46:00,6,2025-06-12,58260,70800,3
2025,6,12,4,LAX,DEN,2025-06-12 18:30:00,18:23:00,-7,22:00:00,21:41:00,-19,2025-06-12,66600,79200,3
2025,6,12,4,LAX,DEN,2025-06-12 19:18:00,19:16:00,-2,22:47:00,22:30:00,-17,2025-06-12,69480,82020,3
2025,6,12,4,LAX,DEN,2025-06-12 19:45:00,19:59:00,14,23:09:00,23:16:00,7,2025-06-12,71100,83340,3
2025,6,12,4,LAX,DEN,2025-06-12 20:20:00,20:16:00,-4,23:50:00,23:28:00,-22,2025-06-12,73200,85800,3
2025,6,12,4,LAX,DFW,2025-06-12 00:47:00,00:40:00,-7,05:50:00,05:35:00,-15,2025-06-12,2820,21000,3
2025,6,12,4,LAX,DFW,2025-06-12 01:30:00,01:25:00,-5,06:33:00,06:14:00,-19,2025-06-12,5400,23580,3
2025,6,12,4,LAX,DFW,2025-06-12 06:00:00,05:54:00,-6,11:20:00,11:07:00,-13,2025-06-12,21600,40800,3
2025,6,12,4,LAX,DFW,2025-06-12 06:00:00,05:59:00,-1,11:03:00,11:10:00,7,2025-06-12,21600,39780,3
2025,6,12,4,LAX,DFW,2025-06-12 07:00:00,06:53:00,-7,12:09:00,12:13:00,4,2025-06-12,25200,43740,3
2025,6,12,4,LAX,DFW,2025-06-12 08:26:00,08:22:00,-4,13:39:00,13:35:00,-4,2025-06-12,30360,49140,3
2025,6,12,4,LAX,DFW,2025-06-12 08:35:00,08:40:00,5,13:43:00,13:41:00,-2,2025-06-12,30900,49380,3
2025,6,12,4,LAX,DFW,2025-06-12 10:37:00,10:43:00,6,15:45:00,16:06:00,21,2025-06-12,38220,56700,3
2025,6,12,4,LAX,DFW,2025-06-12 13:48:00,13:40:00,-8,18:59:00,18:40:00,-19,2025-06-12,49680,68340,3
2025,6,12,4,LAX,DFW,2025-06-12 14:33:00,14:25:00,-8,19:43:00,19:23:00,-20,2025-06-12,52380,70980,3
2025,6,12,4,LAX,DFW,2025-06-12 15:48:00,15:39:00,-9,20:59:00,20:36:00,-23,2025-06-12,56880,75540,3
2025,6,12,4,LAX,DFW,2025-06-12 16:36:00,16:30:00,-6,21:47:00,21:43:00,-4,2025-06-12,59760,78420,3
2025,6,12,4,LAX,DFW,2025-06-12 18:35:00,19:17:00,42,23:47:00,00:07:00,20,2025-06-12,66900,85620,3
2025,6,12,4,LAX,DFW,2025-06-12 18:55:00,18:53:00,-2,23:56:00,23:50:00,-6,2025-06-12,68100,86160,3
2025,6,12,4,LAX,DFW,2025-06-12 19:03:00,19:37:00,34,00:26:00,00:37:00,11,2025-06-12,68580,1560,3
2025,6,12,4,LAX,DFW,2025-06-12 23:59:00,00:06:00,7,05:09:00,05:07:00,-2,2025-06-12,86340,18540,3
2025,6,12,4,LAX,DTW,2025-06-12 05:30:00,05:33:00,3,12:57:00,12:51:00,-6,2025-06-12,19800,46620,3
2025,6,12,4,LAX,DTW,2025-06-12 07:35:00,07:33:00,-2,14:56:00,14:45:00,-11,2025-06-12,27300,53760,3
2025,6,12,4,LAX,DTW,2025-06-12 09:25:00,09:19:00,-6,16:52:00,16:38:00,-14,2025-06-12,33900,60720,3
2025,6,12,4,LAX,DTW,2025-06-12 11:14:00,11:19:00,5,18:37:00,18:40:00,3,2025-06-12,40440,67020,3
2025,6,12,4,LAX,DTW,2025-06-12 12:09:00,12:02:00,-7,19:31:00,19:31:00,0,2025-06-12,43740,70260,3
2025,6,12,4,LAX,DTW,2025-06-12 15:36:00,15:41:00,5,23:04:00,23:08:00,4,2025-06-12,56160,83040,3
2025,6,12,4,LAX,DTW,2025-06-12 21:30:00,21:50:00,20,04:52:00,05:10:00,18,2025-06-12,77400,17520,3
2025,6,12,4,LAX,DTW,2025-06-12 22:15:00,22:22:00,7,05:35:00,05:37:00,2,2025-06-12,80100,20100,3
2025,6,12,4,LAX,ELP,2025-06-12 12:45:00,12:59:00,14,15:45:00,15:42:00,-3,2025-06-12,45900,56700,3
2025,6,12,4,LAX,ELP,2025-06-12 14:30:00,14:19:00,-11,17:31:00,17:18:00,-13,2025-06-12,52200,63060,3
2025,6,12,4,LAX,ELP,2025-06-12 19:47:00,19:42:00,-5,22:47:00,22:32:00,-15,2025-06-12,71220,82020,3
2025,6,12,4,LAX,EUG,2025-06-12 21:44:00,21:54:00,10,23:58:00,00:00,2,2025-06-12,78240,86280,3
2025,6,12,4,LAX,EWR,2025-06-12 06:00:00,05:54:00,-6,14:34:00,13:57:00,-37,2025-06-12,21600,52440,3
2025,6,12,4,LAX,EWR,2025-06-12 07:00:00,06:55:00,-5,15:34:00,14:57:00,-37,2025-06-12,25200,56040,3
2025,6,12,4,LAX,EWR,2025-06-12 07:00:00,06:58:00,-2,15:34:00,15:05:00,-29,2025-06-12,25200,56040,3
2025,6,12,4,LAX,EWR,2025-06-12 08:10:00,08:03:00,-7,16:40:00,16:12:00,-28,2025-06-12,29400,60000,3
2025,6,12,4,LAX,EWR,2025-06-12 08:20:00,08:15:00,-5,16:45:00,16:11:00,-34,2025-06-12,30000,60300,3
2025,6,12,4,LAX,EWR,2025-06-12 10:15:00,10:11:00,-4,18:54:00,18:17:00,-37,2025-06-12,36900,68040,3
2025,6,12,4,LAX,EWR,2025-06-12 10:50:00,10:43:00,-7,19:20:00,18:59:00,-21,2025-06-12,39000,69600,3
2025,6,12,4,LAX,EWR,2025-06-12 12:15:00,12:14:00,-1,20:54:00,20:31:00,-23,2025-06-12,44100,75240,3
2025,6,12,4,LAX,EWR,2025-06-12 13:30:00,14:05:00,35,21:52:00,21:58:00,6,2025-06-12,48600,78720,3
2025,6,12,4,LAX,EWR,2025-06-12 14:34:00,14:27:00,-7,22:55:00,22:34:00,-21,2025-06-12,52440,82500,3
2025,6,12,4,LAX,EWR,2025-06-12 16:30:00,16:28:00,-2,00:57:00,00:32:00,-25,2025-06-12,59400,3420,3
2025,6,12,4,LAX,EWR,2025-06-12 20:55:00,20:55:00,0,05:08:00,04:56:00,-12,2025-06-12,75300,18480,3
2025,6,12,4,LAX,EWR,2025-06-12 21:26:00,21:24:00,-2,05:59:00,05:34:00,-25,2025-06-12,77160,21540,3
2025,6,12,4,LAX,EWR,2025-06-12 21:35:00,21:42:00,7,05:55:00,06:10:00,15,2025-06-12,77700,21300,3
2025,6,12,4,LAX,EWR,2025-06-12 23:59:00,23:58:00,-1,08:12:00,07:55:00,-17,2025-06-12,86340,29520,3
2025,6,12,4,LAX,FAT,2025-06-12 10:30:00,10:22:00,-8,11:48:00,11:45:00,-3,2025-06-12,37800,42480,3
2025,6,12,4,LAX,FAT,2025-06-12 19:10:00,19:14:00,4,20:24:00,20:16:00,-8,2025-06-12,69000,73440,3
2025,6,12,4,LAX,FAT,2025-06-12 22:38:00,22:54:00,16,23:52:00,00:21:00,29,2025-06-12,81480,85920,3
2025,6,12,4,LAX,FCA,2025-06-12 09:22:00,09:18:00,-4,13:21:00,13:10:00,-11,2025-06-12,33720,48060,3
2025,6,12,4,LAX,FLL,2025-06-12 08:00:00,07:54:00,-6,16:14:00,16:22:00,8,2025-06-12,28800,58440,3
2025,6,12,4,LAX,FLL,2025-06-12 11:12:00,11:32:00,20,19:26:00,19:46:00,20,2025-06-12,40320,69960,3
2025,6,12,4,LAX,FLL,2025-06-12 13:45:00,13:44:00,-1,21:58:00,21:39:00,-19,2025-06-12,49500,79080,3
2025,6,12,4,LAX,FLL,2025-06-12 16:42:00,16:35:00,-7,00:48:00,00:29:00,-19,2025-06-12,60120,2880,3
2025,6,12,4,LAX,FLL,2025-06-12 21:55:00,21:50:00,-5,06:03:00,05:46:00,-17,2025-06-12,78900,21780,3
2025,6,12,4,LAX,FLL,2025-06-12 23:09:00,23:06:00,-3,07:05:00,07:09:00,4,2025-06-12,83340,25500,3
2025,6,12,4,LAX,GEG,2025-06-12 11:14:00,11:06:00,-8,13:52:00,13:22:00,-30,2025-06-12,40440,49920,3
2025,6,12,4,LAX,GEG,2025-06-12 15:16:00,15:52:00,36,17:47:00,18:10:00,23,2025-06-12,54960,64020,3
2025,6,12,4,LAX,GEG,2025-06-12 18:59:00,19:25:00,26,21:33:00,21:48:00,15,2025-06-12,68340,77580,3
2025,6,12,4,LAX,HNL,2025-06-12 07:05:00,07:04:00,-1,10:10:00,09:53:00,-17,2025-06-12,25500,36600,3
2025,6,12,4,LAX,HNL,2025-06-12 08:25:00,08:28:00,3,11:07:00,11:04:00,-3,2025-06-12,30300,40020,3
2025,6,12,4,LAX,HNL,2025-06-12 08:30:00,09:04:00,34,11:05:00,11:54:00,49,2025-06-12,30600,39900,3
2025,6,12,4,LAX,HNL,2025-06-12 08:35:00,08:36:00,1,11:17:00,11:15:00,-2,2025-06-12,30900,40620,3
2025,6,12,4,LAX,HNL,2025-06-12 08:49:00,08:43:00,-6,11:37:00,11:42:00,5,2025-06-12,31740,41820,3
2025,6,12,4,LAX,HNL,2025-06-12 10:10:00,10:38:00,28,12:40:00,13:26:00,46,2025-06-12,36600,45600,3
2025,6,12,4,LAX,HNL,2025-06-12 11:15:00,11:15:00,0,14:04:00,13:58:00,-6,2025-06-12,40500,50640,3
2025,6,12,4,LAX,HNL,2025-06-12 12:00:00,11:53:00,-7,14:55:00,14:54:00,-1,2025-06-12,43200,53700,3
2025,6,12,4,LAX,HNL,2025-06-12 13:15:00,13:11:00,-4,16:01:00,15:49:00,-12,2025-06-12,47700,57660,3
2025,6,12,4,LAX,HNL,2025-06-12 13:35:00,13:30:00,-5,16:18:00,16:05:00,-13,2025-06-12,48900,58680,3
2025,6,12,4,LAX,HNL,2025-06-12 14:44:00,15:24:00,40,17:28:00,17:54:00,26,2025-06-12,53040,62880,3
2025,6,12,4,LAX,HNL,2025-06-12 17:10:00,17:08:00,-2,19:44:00,19:53:00,9,2025-06-12,61800,71040,3
2025,6,12,4,LAX,HNL,2025-06-12 17:45:00,17:40:00,-5,20:30:00,20:35:00,5,2025-06-12,63900,73800,3
2025,6,12,4,LAX,HNL,2025-06-12 18:10:00,18:18:00,8,20:52:00,21:08:00,16,2025-06-12,65400,75120,3
2025,6,12,4,LAX,HNL,2025-06-12 18:20:00,18:34:00,14,20:57:00,21:45:00,48,2025-06-12,66000,75420,3
2025,6,12,4,LAX,HNL,2025-06-12 18:25:00,18:24:00,-1,21:15:00,21:13:00,-2,2025-06-12,66300,76500,3
2025,6,12,4,LAX,HNL,2025-06-12 18:45:00,18:44:00,-1,21:28:00,21:18:00,-10,2025-06-12,67500,77280,3
2025,6,12,4,LAX,HOU,2025-06-12 05:05:00,05:00:00,-5,10:30:00,10:15:00,-15,2025-06-12,18300,37800,3
2025,6,12,4,LAX,HOU,2025-06-12 17:45:00,18:27:00,42,23:05:00,23:44:00,39,2025-06-12,63900,83100,3
2025,6,12,4,LAX,HOU,2025-06-12 23:50:00,00:01:00,11,05:15:00,05:01:00,-14,2025-06-12,85800,18900,3
2025,6,12,4,LAX,IAD,2025-06-12 06:20:00,06:13:00,-7,14:23:00,14:07:00,-16,2025-06-12,22800,51780,3
2025,6,12,4,LAX,IAD,2025-06-12 08:15:00,08:13:00,-2,16:21:00,16:24:00,3,2025-06-12,29700,58860,3
2025,6,12,4,LAX,IAD,2025-06-12 08:20:00,08:16:00,-4,16:25:00,16:17:00,-8,2025-06-12,30000,59100,3
2025,6,12,4,LAX,IAD,2025-06-12 10:15:00,10:18:00,3,18:20:00,18:27:00,7,2025-06-12,36900,66000,3
2025,6,12,4,LAX,IAD,2025-06-12 13:15:00,13:53:00,38,21:20:00,21:38:00,18,2025-06-12,47700,76800,3
2025,6,12,4,LAX,IAD,2025-06-12 16:45:00,16:45:00,0,00:44:00,00:44:00,0,2025-06-12,60300,2640,3
2025,6,12,4,LAX,IAD,2025-06-12 21:35:00,21:31:00,-4,05:37:00,05:30:00,-7,2025-06-12,77700,20220,3
2025,6,12,4,LAX,IAD,2025-06-12 22:50:00,22:49:00,-1,06:39:00,06:39:00,0,2025-06-12,82200,23940,3
2025,6,12,4,LAX,IAH,2025-06-12 00:56:00,01:11:00,15,06:18:00,06:52:00,34,2025-06-12,3360,22680,3
2025,6,12,4,LAX,IAH,2025-06-12 07:15:00,07:46:00,31,12:44:00,12:56:00,12,2025-06-12,26100,45840,3
2025,6,12,4,LAX,IAH,2025-06-12 08:40:00,08:36:00,-4,14:09:00,14:24:00,15,2025-06-12,31200,50940,3
2025,6,12,4,LAX,IAH,2025-06-12 10:15:00,10:29:00,14,15:40:00,15:53:00,13,2025-06-12,36900,56400,3
2025,6,12,4,LAX,IAH,2025-06-12 11:28:00,11:34:00,6,16:48:00,16:54:00,6,2025-06-12,41280,60480,3
2025,6,12,4,LAX,IAH,2025-06-12 12:07:00,12:35:00,28,17:24:00,17:36:00,12,2025-06-12,43620,62640,3
2025,6,12,4,LAX,IAH,2025-06-12 13:10:00,13:04:00,-6,18:40:00,18:27:00,-13,2025-06-12,47400,67200,3
2025,6,12,4,LAX,IAH,2025-06-12 13:58:00,14:02:00,4,19:25:00,19:32:00,7,2025-06-12,50280,69900,3
2025,6,12,4,LAX,IAH,2025-06-12 18:09:00,18:03:00,-6,23:28:00,23:30:00,2,2025-06-12,65340,84480,3
2025,6,12,4,LAX,IAH,2025-06-12 18:10:00,18:04:00,-6,23:33:00,23:11:00,-22,2025-06-12,65400,84780,3
2025,6,12,4,LAX,IAH,2025-06-12 19:20:00,19:45:00,25,00:43:00,00:58:00,15,2025-06-12,69600,2580,3
2025,6,12,4,LAX,IAH,2025-06-12 23:45:00,23:53:00,8,05:05:00,05:08:00,3,2025-06-12,85500,18300,3
2025,6,12,4,LAX,ICT,2025-06-12 06:20:00,06:20:00,0,11:14:00,11:15:00,1,2025-06-12,22800,40440,3
2025,6,12,4,LAX,IND,2025-06-12 10:36:00,10:32:00,-4,17:47:00,17:39:00,-8,2025-06-12,38160,64020,3
2025,6,12,4,LAX,IND,2025-06-12 14:12:00,14:16:00,4,21:14:00,21:25:00,11,2025-06-12,51120,76440,3
2025,6,12,4,LAX,IND,2025-06-12 23:14:00,23:09:00,-5,06:14:00,06:08:00,-6,2025-06-12,83640,22440,3
2025,6,12,4,LAX,JAC,2025-06-12 09:00:00,08:52:00,-8,12:18:00,12:16:00,-2,2025-06-12,32400,44280,3
2025,6,12,4,LAX,JAC,2025-06-12 10:30:00,10:22:00,-8,13:48:00,13:38:00,-10,2025-06-12,37800,49680,3
2025,6,12,4,LAX,JFK,2025-06-12 06:00:00,05:51:00,-9,14:34:00,14:06:00,-28,2025-06-12,21600,52440,3
2025,6,12,4,LAX,JFK,2025-06-12 06:00:00,06:57:00,57,14:30:00,15:29:00,59,2025-06-12,21600,52200,3
2025,6,12,4,LAX,JFK,2025-06-12 07:00:00,06:50:00,-10,15:35:00,15:10:00,-25,2025-06-12,25200,56100,3
2025,6,12,4,LAX,JFK,2025-06-12 07:00:00,07:00:00,0,15:35:00,15:43:00,8,2025-06-12,25200,56100,3
2025,6,12,4,LAX,JFK,2025-06-12 07:40:00,07:37:00,-3,16:15:00,15:54:00,-21,2025-06-12,27600,58500,3
2025,6,12,4,LAX,JFK,2025-06-12 08:19:00,08:12:00,-7,16:58:00,16:31:00,-27,2025-06-12,29940,61080,3
2025,6,12,4,LAX,JFK,2025-06-12 09:05:00,09:00:00,-5,17:57:00,17:53:00,-4,2025-06-12,32700,64620,3
2025,6,12,4,LAX,JFK,2025-06-12 09:30:00,09:29:00,-1,18:09:00,18:01:00,-8,2025-06-12,34200,65340,3
2025,6,12,4,LAX,JFK,2025-06-12 10:10:00,10:07:00,-3,19:10:00,18:57:00,-13,2025-06-12,36600,69000,3
2025,6,12,4,LAX,JFK,2025-06-12 10:21:00,10:18:00,-3,18:59:00,18:44:00,-15,2025-06-12,37260,68340,3
2025,6,12,4,LAX,JFK,2025-06-12 10:30:00,10:20:00,-10,19:11:00,18:34:00,-37,2025-06-12,37800,69060,3
2025,6,12,4,LAX,JFK,2025-06-12 11:10:00,11:14:00,4,19:50:00,19:56:00,6,2025-06-12,40200,71400,3
2025,6,12,4,LAX,JFK,2025-06-12 11:30:00,11:25:00,-5,20:06:00,20:04:00,-2,2025-06-12,41400,72360,3
2025,6,12,4,LAX,JFK,2025-06-12 12:21:00,12:12:00,-9,21:00:00,20:48:00,-12,2025-06-12,44460,75600,3
2025,6,12,4,LAX,JFK,2025-06-12 12:30:00,12:54:00,24,21:07:00,22:02:00,55,2025-06-12,45000,76020,3
2025,6,12,4,LAX,JFK,2025-06-12 13:00:00,12:52:00,-8,21:45:00,21:59:00,14,2025-06-12,46800,78300,3
2025,6,12,4,LAX,JFK,2025-06-12 13:10:00,13:12:00,2,21:52:00,21:36:00,-16,2025-06-12,47400,78720,3
2025,6,12,4,LAX,JFK,2025-06-12 14:20:00,14:21:00,1,22:52:00,22:51:00,-1,2025-06-12,51600,82320,3
2025,6,12,4,LAX,JFK,2025-06-12 15:15:00,15:12:00,-3,23:55:00,23:34:00,-21,2025-06-12,54900,86100,3
2025,6,12,4,LAX,JFK,2025-06-12 15:20:00,15:13:00,-7,23:54:00,23:47:00,-7,2025-06-12,55200,86040,3
2025,6,12,4,LAX,JFK,2025-06-12 15:20:00,15:13:00,-7,23:57:00,23:44:00,-13,2025-06-12,55200,86220,3
2025,6,12,4,LAX,JFK,2025-06-12 16:20:00,16:14:00,-6,00:55:00,00:24:00,-31,2025-06-12,58800,3300,3
2025,6,12,4,LAX,JFK,2025-06-12 20:36:00,20:29:00,-7,05:00:00,04:35:00,-25,2025-06-12,74160,18000,3
2025,6,12,4,LAX,JFK,2025-06-12 20:53:00,21:04:00,11,05:30:00,05:23:00,-7,2025-06-12,75180,19800,3
2025,6,12,4,LAX,JFK,2025-06-12 21:21:00,21:14:00,-7,05:55:00,05:31:00,-24,2025-06-12,76860,21300,3
2025,6,12,4,LAX,JFK,2025-06-12 21:40:00,21:53:00,13,06:07:00,05:56:00,-11,2025-06-12,78000,22020,3
2025,6,12,4,LAX,JFK,2025-06-12 22:31:00,22:31:00,0,07:00:00,06:48:00,-12,2025-06-12,81060,25200,3
2025,6,12,4,LAX,JFK,2025-06-12 22:52:00,22:41:00,-11,07:32:00,06:57:00,-35,2025-06-12,82320,27120,3
2025,6,12,4,LAX,JFK,2025-06-12 23:55:00,23:50:00,-5,08:30:00,08:05:00,-25,2025-06-12,86100,30600,3
2025,6,12,4,LAX,JFK,2025-06-12 23:58:00,00:15:00,17,08:30:00,08:24:00,-6,2025-06-12,86280,30600,3
2025,6,12,4,LAX,KOA,2025-06-12 08:30:00,08:39:00,9,11:10:00,11:36:00,26,2025-06-12,30600,40200,3
2025,6,12,4,LAX,KOA,2025-06-12 09:10:00,09:28:00,18,11:50:00,12:29:00,39,2025-06-12,33000,42600,3
2025,6,12,4,LAX,KOA,2025-06-12 11:19:00,11:08:00,-11,13:55:00,13:40:00,-15,2025-06-12,40740,50100,3
2025,6,12,4,LAX,KOA,2025-06-12 16:29:00,16:25:00,-4,18:59:00,18:52:00,-7,2025-06-12,59340,68340,3
2025,6,12,4,LAX,LAS,2025-06-12 05:20:00,05:16:00,-4,06:35:00,06:16:00,-19,2025-06-12,19200,23700,3
2025,6,12,4,LAX,LAS,2025-06-12 05:30:00,05:24:00,-6,06:42:00,06:34:00,-8,2025-06-12,19800,24120,3
2025,6,12,4,LAX,LAS,2025-06-12 07:25:00,07:23:00,-2,08:45:00,08:30:00,-15,2025-06-12,26700,31500,3
2025,6,12,4,LAX,LAS,2025-06-12 07:30:00,07:24:00,-6,08:40:00,08:33:00,-7,2025-06-12,27000,31200,3
2025,6,12,4,LAX,LAS,2025-06-12 08:26:00,08:24:00,-2,09:51:00,09:53:00,2,2025-06-12,30360,35460,3
2025,6,12,4,LAX,LAS,2025-06-12 08:45:00,08:43:00,-2,10:05:00,09:57:00,-8,2025-06-12,31500,36300,3
2025,6,12,4,LAX,LAS,2025-06-12 10:19:00,10:15:00,-4,11:31:00,11:34:00,3,2025-06-12,37140,41460,3
2025,6,12,4,LAX,LAS,2025-06-12 11:25:00,12:03:00,38,12:45:00,13:03:00,18,2025-06-12,41100,45900,3
2025,6,12,4,LAX,LAS,2025-06-12 11:40:00,11:51:00,11,12:54:00,12:51:00,-3,2025-06-12,42000,46440,3
2025,6,12,4,LAX,LAS,2025-06-12 14:45:00,15:01:00,16,16:07:00,16:08:00,1,2025-06-12,53100,58020,3
2025,6,12,4,LAX,LAS,2025-06-12 15:05:00,14:58:00,-7,16:15:00,16:18:00,3,2025-06-12,54300,58500,3
2025,6,12,4,LAX,LAS,2025-06-12 15:35:00,16:03:00,28,16:55:00,17:23:00,28,2025-06-12,56100,60900,3
2025,6,12,4,LAX,LAS,2025-06-12 15:48:00,15:54:00,6,17:13:00,17:27:00,14,2025-06-12,56880,61980,3
2025,6,12,4,LAX,LAS,2025-06-12 17:40:00,18:16:00,36,18:55:00,19:20:00,25,2025-06-12,63600,68100,3
2025,6,12,4,LAX,LAS,2025-06-12 17:55:00,18:39:00,44,19:18:00,19:58:00,40,2025-06-12,64500,69480,3
2025,6,12,4,LAX,LAS,2025-06-12 18:50:00,18:42:00,-8,20:00:00,20:05:00,5,2025-06-12,67800,72000,3
2025,6,12,4,LAX,LAS,2025-06-12 18:52:00,18:50:00,-2,20:08:00,20:13:00,5,2025-06-12,67920,72480,3
2025,6,12,4,LAX,LAS,2025-06-12 19:30:00,19:36:00,6,20:52:00,20:59:00,7,2025-06-12,70200,75120,3
2025,6,12,4,LAX,LAS,2025-06-12 19:40:00,19:35:00,-5,21:00:00,20:52:00,-8,2025-06-12,70800,75600,3
2025,6,12,4,LAX,LAS,2025-06-12 19:45:00,20:03:00,18,21:08:00,21:24:00,16,2025-06-12,71100,76080,3
2025,6,12,4,LAX,LAS,2025-06-12 19:48:00,20:15:00,27,21:00:00,21:21:00,21,2025-06-12,71280,75600,3
2025,6,12,4,LAX,LAS,2025-06-12 22:15:00,22:21:00,6,23:27:00,23:44:00,17,2025-06-12,80100,84420,3
2025,6,12,4,LAX,LAS,2025-06-12 22:18:00,22:35:00,17,23:35:00,23:45:00,10,2025-06-12,80280,84900,3
2025,6,12,4,LAX,LAS,2025-06-12 23:05:00,22:56:00,-9,00:27:00,00:24:00,-3,2025-06-12,83100,1620,3
2025,6,12,4,LAX,LIH,2025-06-12 08:42:00,08:35:00,-7,11:38:00,11:49:00,11,2025-06-12,31320,41880,3
2025,6,12,4,LAX,LIH,2025-06-12 09:03:00,08:57:00,-6,12:04:00,11:48:00,-16,2025-06-12,32580,43440,3
2025,6,12,4,LAX,LIH,2025-06-12 09:30:00,09:28:00,-2,12:25:00,12:25:00,0,2025-06-12,34200,44700,3
2025,6,12,4,LAX,LIH,2025-06-12 14:25:00,14:55:00,30,17:08:00,17:47:00,39,2025-06-12,51900,61680,3
2025,6,12,4,LAX,MCI,2025-06-12 08:00:00,08:33:00,33,13:15:00,13:42:00,27,2025-06-12,28800,47700,3
2025,6,12,4,LAX,MCI,2025-06-12 15:20:00,15:13:00,-7,20:29:00,20:28:00,-1,2025-06-12,55200,73740,3
2025,6,12,4,LAX,MCO,2025-06-12 07:00:00,06:55:00,-5,14:58:00,15:29:00,31,2025-06-12,25200,53880,3
2025,6,12,4,LAX,MCO,2025-06-12 10:02:00,09:57:00,-5,18:04:00,17:55:00,-9,2025-06-12,36120,65040,3
2025,6,12,4,LAX,MCO,2025-06-12 10:35:00,10:58:00,23,18:38:00,18:52:00,14,2025-06-12,38100,67080,3
2025,6,12,4,LAX,MCO,2025-06-12 11:20:00,11:55:00,35,19:14:00,19:57:00,43,2025-06-12,40800,69240,3
2025,6,12,4,LAX,MCO,2025-06-12 13:57:00,14:10:00,13,22:10:00,22:32:00,22,2025-06-12,50220,79800,3
2025,6,12,4,LAX,MCO,2025-06-12 16:05:00,16:00:00,-5,23:59:00,23:52:00,-7,2025-06-12,57900,86340,3
2025,6,12,4,LAX,MCO,2025-06-12 21:35:00,21:38:00,3,05:36:00,05:38:00,2,2025-06-12,77700,20160,3
2025,6,12,4,LAX,MCO,2025-06-12 21:45:00,21:40:00,-5,05:32:00,05:39:00,7,2025-06-12,78300,19920,3
2025,6,12,4,LAX,MCO,2025-06-12 22:49:00,22:43:00,-6,06:47:00,06:41:00,-6,2025-06-12,82140,24420,3
2025,6,12,4,LAX,MDW,2025-06-12 06:20:00,06:19:00,-1,12:25:00,12:12:00,-13,2025-06-12,22800,44700,3
2025,6,12,4,LAX,MDW,2025-06-12 08:40:00,08:38:00,-2,14:45:00,14:29:00,-16,2025-06-12,31200,53100,3
2025,6,12,4,LAX,MDW,2025-06-12 13:15:00,13:16:00,1,19:20:00,19:10:00,-10,2025-06-12,47700,69600,3
2025,6,12,4,LAX,MDW,2025-06-12 16:10:00,16:37:00,27,22:10:00,22:21:00,11,2025-06-12,58200,79800,3
2025,6,12,4,LAX,MDW,2025-06-12 22:55:00,23:13:00,18,05:00:00,05:08:00,8,2025-06-12,82500,18000,3
2025,6,12,4,LAX,MEM,2025-06-12 18:20:00,18:32:00,12,23:58:00,00:07:00,9,2025-06-12,66000,86280,3
2025,6,12,4,LAX,MFE,2025-06-12 06:00:00,05:56:00,-4,11:09:00,11:06:00,-3,2025-06-12,21600,40140,3
2025,6,12,4,LAX,MIA,2025-06-12 06:00:00,06:04:00,4,14:13:00,14:31:00,18,2025-06-12,21600,51180,3
2025,6,12,4,LAX,MIA,2025-06-12 07:45:00,07:40:00,-5,15:54:00,16:08:00,14,2025-06-12,27900,57240,3
2025,6,12,4,LAX,MIA,2025-06-12 09:00:00,09:07:00,7,17:19:00,17:55:00,36,2025-06-12,32400,62340,3
2025,6,12,4,LAX,MIA,2025-06-12 10:05:00,10:06:00,1,18:16:00,18:32:00,16,2025-06-12,36300,65760,3
2025,6,12,4,LAX,MIA,2025-06-12 12:10:00,12:07:00,-3,20:20:00,20:09:00,-11,2025-06-12,43800,73200,3
2025,6,12,4,LAX,MIA,2025-06-12 15:00:00,14:55:00,-5,23:10:00,22:49:00,-21,2025-06-12,54000,83400,3
2025,6,12,4,LAX,MIA,2025-06-12 21:40:00,21:42:00,2,05:50:00,05:36:00,-14,2025-06-12,78000,21000,3
2025,6,12,4,LAX,MIA,2025-06-12 22:49:00,22:45:00,-4,07:01:00,06:54:00,-7,2025-06-12,82140,25260,3
2025,6,12,4,LAX,MIA,2025-06-12 23:43:00,23:39:00,-4,07:50:00,07:35:00,-15,2025-06-12,85380,28200,3
2025,6,12,4,LAX,MKE,2025-06-12 08:17:00,08:14:00,-3,14:10:00,14:03:00,-7,2025-06-12,29820,51000,3
2025,6,12,4,LAX,MRY,2025-06-12 08:20:00,08:15:00,-5,09:42:00,09:28:00,-14,2025-06-12,30000,34920,3
2025,6,12,4,LAX,MRY,2025-06-12 18:23:00,18:13:00,-10,19:37:00,19:17:00,-20,2025-06-12,66180,70620,3
2025,6,12,4,LAX,MSO,2025-06-12 11:31:00,11:22:00,-9,15:10:00,15:06:00,-4,2025-06-12,41460,54600,3
2025,6,12,4,LAX,MSP,2025-06-12 06:17:00,06:13:00,-4,11:48:00,11:40:00,-8,2025-06-12,22620,42480,3
2025,6,12,4,LAX,MSP,2025-06-12 08:00:00,07:57:00,-3,13:34:00,13:30:00,-4,2025-06-12,28800,48840,3
2025,6,12,4,LAX,MSP,2025-06-12 11:30:00,11:27:00,-3,17:02:00,16:45:00,-17,2025-06-12,41400,61320,3
2025,6,12,4,LAX,MSP,2025-06-12 13:25:00,13:36:00,11,18:55:00,19:13:00,18,2025-06-12,48300,68100,3
2025,6,12,4,LAX,MSP,2025-06-12 15:20:00,15:14:00,-6,20:49:00,21:09:00,20,2025-06-12,55200,74940,3
2025,6,12,4,LAX,MSP,2025-06-12 18:50:00,18:45:00,-5,00:20:00,00:23:00,3,2025-06-12,67800,1200,3
2025,6,12,4,LAX,MSP,2025-06-12 23:30:00,23:36:00,6,05:04:00,05:14:00,10,2025-06-12,84600,18240,3
2025,6,12,4,LAX,MSY,2025-06-12 07:00:00,06:56:00,-4,12:40:00,12:44:00,4,2025-06-12,25200,45600,3
2025,6,12,4,LAX,MSY,2025-06-12 12:10:00,12:01:00,-9,17:53:00,17:53:00,0,2025-06-12,43800,64380,3
2025,6,12,4,LAX,MSY,2025-06-12 12:25:00,12:36:00,11,18:10:00,18:03:00,-7,2025-06-12,44700,65400,3
2025,6,12,4,LAX,MSY,2025-06-12 17:47:00,17:43:00,-4,23:27:00,23:21:00,-6,2025-06-12,64020,84420,3
2025,6,12,4,LAX,MSY,2025-06-12 18:18:00,18:12:00,-6,23:58:00,23:41:00,-17,2025-06-12,65880,86280,3
2025,6,12,4,LAX,OAK,2025-06-12 06:10:00,06:01:00,-9,07:35:00,07:11:00,-24,2025-06-12,22200,27300,3
2025,6,12,4,LAX,OAK,2025-06-12 08:05:00,07:57:00,-8,09:30:00,09:13:00,-17,2025-06-12,29100,34200,3
2025,6,12,4,LAX,OAK,2025-06-12 09:25:00,09:23:00,-2,10:50:00,10:32:00,-18,2025-06-12,33900,39000,3
2025,6,12,4,LAX,OAK,2025-06-12 11:50:00,11:54:00,4,13:15:00,13:19:00,4,2025-06-12,42600,47700,3
2025,6,12,4,LAX,OAK,2025-06-12 18:45:00,19:02:00,17,20:10:00,20:15:00,5,2025-06-12,67500,72600,3
2025,6,12,4,LAX,OAK,2025-06-12 20:30:00,20:24:00,-6,21:55:00,21:32:00,-23,2025-06-12,73800,78900,3
2025,6,12,4,LAX,OGG,2025-06-12 07:00:00,07:00:00,0,09:35:00,09:42:00,7,2025-06-12,25200,34500,3
2025,6,12,4,LAX,OGG,2025-06-12 08:00:00,07:56:00,-4,10:31:00,10:35:00,4,2025-06-12,28800,37860,3
2025,6,12,4,LAX,OGG,2025-06-12 08:15:00,08:10:00,-5,10:55:00,10:38:00,-17,2025-06-12,29700,39300,3
2025,6,12,4,LAX,OGG,2025-06-12 16:55:00,17:07:00,12,19:34:00,19:47:00,13,2025-06-12,60900,70440,3
2025,6,12,4,LAX,OGG,2025-06-12 16:56:00,16:49:00,-7,19:28:00,19:18:00,-10,2025-06-12,60960,70080,3
2025,6,12,4,LAX,OGG,2025-06-12 17:54:00,17:58:00,4,20:30:00,20:33:00,3,2025-06-12,64440,73800,3
2025,6,12,4,LAX,OKC,2025-06-12 09:00:00,08:50:00,-10,14:00:00,13:54:00,-6,2025-06-12,32400,50400,3
2025,6,12,4,LAX,ORD,2025-06-12 00:30:00,00:56:00,26,06:42:00,07:29:00,47,2025-06-12,1800,24120,3
2025,6,12,4,LAX,ORD,2025-06-12 00:32:00,00:25:00,-7,06:38:00,06:25:00,-13,2025-06-12,1920,23880,3
2025,6,12,4,LAX,ORD,2025-06-12 00:44:00,00:37:00,-7,06:51:00,06:32:00,-19,2025-06-12,2640,24660,3
2025,6,12,4,LAX,ORD,2025-06-12 06:05:00,05:59:00,-6,12:21:00,12:04:00,-17,2025-06-12,21900,44460,3
2025,6,12,4,LAX,ORD,2025-06-12 06:20:00,06:14:00,-6,12:42:00,12:25:00,-17,2025-06-12,22800,45720,3
2025,6,12,4,LAX,ORD,2025-06-12 06:30:00,06:26:00,-4,12:38:00,12:32:00,-6,2025-06-12,23400,45480,3
2025,6,12,4,LAX,ORD,2025-06-12 08:00:00,07:55:00,-5,14:15:00,14:08:00,-7,2025-06-12,28800,51300,3
2025,6,12,4,LAX,ORD,2025-06-12 08:15:00,08:08:00,-7,14:39:00,14:11:00,-28,2025-06-12,29700,52740,3
2025,6,12,4,LAX,ORD,2025-06-12 09:36:00,09:56:00,20,15:44:00,16:07:00,23,2025-06-12,34560,56640,3
2025,6,12,4,LAX,ORD,2025-06-12 10:40:00,10:34:00,-6,16:56:00,16:42:00,-14,2025-06-12,38400,60960,3
2025,6,12,4,LAX,ORD,2025-06-12 11:05:00,11:01:00,-4,17:17:00,17:23:00,6,2025-06-12,39900,62220,3
2025,6,12,4,LAX,ORD,2025-06-12 11:45:00,11:46:00,1,17:53:00,17:52:00,-1,2025-06-12,42300,64380,3
2025,6,12,4,LAX,ORD,2025-06-12 12:37:00,12:43:00,6,18:55:00,18:49:00,-6,2025-06-12,45420,68100,3
2025,6,12,4,LAX,ORD,2025-06-12 13:00:00,12:59:00,-1,19:29:00,19:27:00,-2,2025-06-12,46800,70140,3
2025,6,12,4,LAX,ORD,2025-06-12 14:01:00,14:43:00,42,20:25:00,20:48:00,23,2025-06-12,50460,73500,3
2025,6,12,4,LAX,ORD,2025-06-12 15:02:00,15:04:00,2,21:08:00,21:42:00,34,2025-06-12,54120,76080,3
2025,6,12,4,LAX,ORD,2025-06-12 16:40:00,16:36:00,-4,23:04:00,22:27:00,-37,2025-06-12,60000,83040,3
2025,6,12,4,LAX,ORD,2025-06-12 16:46:00,16:47:00,1,23:05:00,23:11:00,6,2025-06-12,60360,83100,3
2025,6,12,4,LAX,ORD,2025-06-12 17:29:00,17:28:00,-1,23:35:00,23:28:00,-7,2025-06-12,62940,84900,3
2025,6,12,4,LAX,ORD,2025-06-12 17:38:00,17:35:00,-3,23:59:00,23:34:00,-25,2025-06-12,63480,86340,3
2025,6,12,4,LAX,ORD,2025-06-12 22:40:00,22:38:00,-2,04:51:00,04:36:00,-15,2025-06-12,81600,17460,3
2025,6,12,4,LAX,ORD,2025-06-12 23:00:00,22:55:00,-5,05:13:00,04:59:00,-14,2025-06-12,82800,18780,3
2025,6,12,4,LAX,ORD,2025-06-12 23:37:00,23:36:00,-1,05:45:00,05:24:00,-21,2025-06-12,85020,20700,3
2025,6,12,4,LAX,PDX,2025-06-12 07:00:00,06:53:00,-7,09:21:00,09:02:00,-19,2025-06-12,25200,33660,3
2025,6,12,4,LAX,PDX,2025-06-12 07:00:00,06:55:00,-5,09:23:00,09:09:00,-14,2025-06-12,25200,33780,3
2025,6,12,4,LAX,PDX,2025-06-12 08:45:00,08:37:00,-8,11:10:00,10:54:00,-16,2025-06-12,31500,40200,3
2025,6,12,4,LAX,PDX,2025-06-12 09:43:00,09:58:00,15,12:14:00,12:12:00,-2,2025-06-12,34980,44040,3
2025,6,12,4,LAX,PDX,2025-06-12 11:02:00,11:12:00,10,13:25:00,13:29:00,4,2025-06-12,39720,48300,3
2025,6,12,4,LAX,PDX,2025-06-12 12:01:00,12:20:00,19,14:25:00,14:31:00,6,2025-06-12,43260,51900,3
2025,6,12,4,LAX,PDX,2025-06-12 14:05:00,14:45:00,40,16:26:00,17:19:00,53,2025-06-12,50700,59160,3
2025,6,12,4,LAX,PDX,2025-06-12 16:05:00,16:01:00,-4,18:26:00,18:29:00,3,2025-06-12,57900,66360,3
2025,6,12,4,LAX,PDX,2025-06-12 18:07:00,18:00:00,-7,20:30:00,20:23:00,-7,2025-06-12,65220,73800,3
2025,6,12,4,LAX,PDX,2025-06-12 20:25:00,20:57:00,32,22:45:00,23:07:00,22,2025-06-12,73500,81900,3
2025,6,12,4,LAX,PDX,2025-06-12 21:51:00,21:43:00,-8,00:14:00,00:05:00,-9,2025-06-12,78660,840,3
2025,6,12,4,LAX,PHL,2025-06-12 01:08:00,01:05:00,-3,09:16:00,09:02:00,-14,2025-06-12,4080,33360,3
2025,6,12,4,LAX,PHL,2025-06-12 06:45:00,06:32:00,-13,14:54:00,14:44:00,-10,2025-06-12,24300,53640,3
2025,6,12,4,LAX,PHL,2025-06-12 07:45:00,07:40:00,-5,15:56:00,15:46:00,-10,2025-06-12,27900,57360,3
2025,6,12,4,LAX,PHL,2025-06-12 09:00:00,08:59:00,-1,17:18:00,17:01:00,-17,2025-06-12,32400,62280,3
2025,6,12,4,LAX,PHL,2025-06-12 11:40:00,11:39:00,-1,19:56:00,19:50:00,-6,2025-06-12,42000,71760,3
2025,6,12,4,LAX,PHL,2025-06-12 14:42:00,14:35:00,-7,22:54:00,22:31:00,-23,2025-06-12,52920,82440,3
2025,6,12,4,LAX,PHL,2025-06-12 16:30:00,16:20:00,-10,00:43:00,00:18:00,-25,2025-06-12,59400,2580,3
2025,6,12,4,LAX,PHL,2025-06-12 22:53:00,22:52:00,-1,07:05:00,06:46:00,-19,2025-06-12,82380,25500,3
2025,6,12,4,LAX,PHL,2025-06-12 22:56:00,22:52:00,-4,07:00:00,06:51:00,-9,2025-06-12,82560,25200,3
2025,6,12,4,LAX,PHX,2025-06-12 05:25:00,05:23:00,-2,06:55:00,06:36:00,-19,2025-06-12,19500,24900,3
2025,6,12,4,LAX,PHX,2025-06-12 06:10:00,06:01:00,-9,07:39:00,07:25:00,-14,2025-06-12,22200,27540,3
2025,6,12,4,LAX,PHX,2025-06-12 07:05:00,06:57:00,-8,08:30:00,08:12:00,-18,2025-06-12,25500,30600,3
2025,6,12,4,LAX,PHX,2025-06-12 07:50:00,07:49:00,-1,09:15:00,09:02:00,-13,2025-06-12,28200,33300,3
2025,6,12,4,LAX,PHX,2025-06-12 10:00:00,10:00:00,0,11:30:00,11:19:00,-11,2025-06-12,36000,41400,3
2025,6,12,4,LAX,PHX,2025-06-12 10:15:00,10:44:00,29,11:45:00,12:09:00,24,2025-06-12,36900,42300,3
2025,6,12,4,LAX,PHX,2025-06-12 11:05:00,10:59:00,-6,12:35:00,12:13:00,-22,2025-06-12,39900,45300,3
2025,6,12,4,LAX,PHX,2025-06-12 13:25:00,13:21:00,-4,14:50:00,14:42:00,-8,2025-06-12,48300,53400,3
2025,6,12,4,LAX,PHX,2025-06-12 13:25:00,13:43:00,18,15:03:00,15:10:00,7,2025-06-12,48300,54180,3
2025,6,12,4,LAX,PHX,2025-06-12 14:00:00,13:55:00,-5,15:28:00,15:15:00,-13,2025-06-12,50400,55680,3
2025,6,12,4,LAX,PHX,2025-06-12 14:23:00,14:29:00,6,16:02:00,15:55:00,-7,2025-06-12,51780,57720,3
2025,6,12,4,LAX,PHX,2025-06-12 14:40:00,15:13:00,33,16:10:00,16:33:00,23,2025-06-12,52800,58200,3
2025,6,12,4,LAX,PHX,2025-06-12 16:32:00,16:28:00,-4,17:59:00,17:53:00,-6,2025-06-12,59520,64740,3
2025,6,12,4,LAX,PHX,2025-06-12 17:30:00,18:19:00,49,18:55:00,19:47:00,52,2025-06-12,63000,68100,3
2025,6,12,4,LAX,PHX,2025-06-12 19:10:00,19:01:00,-9,20:39:00,20:20:00,-19,2025-06-12,69000,74340,3
2025,6,12,4,LAX,PHX,2025-06-12 19:35:00,19:43:00,8,21:03:00,21:08:00,5,2025-06-12,70500,75780,3
2025,6,12,4,LAX,PHX,2025-06-12 19:55:00,20:30:00,35,21:30:00,21:44:00,14,2025-06-12,71700,77400,3
2025,6,12,4,LAX,PHX,2025-06-12 21:34:00,21:25:00,-9,23:05:00,22:46:00,-19,2025-06-12,77640,83100,3
2025,6,12,4,LAX,PHX,2025-06-12 21:35:00,21:29:00,-6,23:15:00,23:01:00,-14,2025-06-12,77700,83700,3
2025,6,12,4,LAX,PHX,2025-06-12 22:35:00,22:36:00,1,00:13:00,00:17:00,4,2025-06-12,81300,780,3
2025,6,12,4,LAX,PIT,2025-06-12 09:15:00,09:10:00,-5,17:00:00,17:05:00,5,2025-06-12,33300,61200,3
2025,6,12,4,LAX,PSC,2025-06-12 21:25:00,21:36:00,11,23:59:00,00:05:00,6,2025-06-12,77100,86340,3
2025,6,12,4,LAX,RDD,2025-06-12 12:50:00,12:47:00,-3,14:39:00,14:32:00,-7,2025-06-12,46200,52740,3
2025,6,12,4,LAX,RDM,2025-06-12 12:45:00,12:39:00,-6,15:03:00,14:49:00,-14,2025-06-12,45900,54180,3
2025,6,12,4,LAX,RDU,2025-06-12 08:57:00,08:51:00,-6,16:54:00,16:39:00,-15,2025-06-12,32220,60840,3
2025,6,12,4,LAX,RDU,2025-06-12 10:37:00,10:32:00,-5,18:31:00,18:13:00,-18,2025-06-12,38220,66660,3
2025,6,12,4,LAX,RDU,2025-06-12 22:20:00,22:15:00,-5,06:18:00,05:56:00,-22,2025-06-12,80400,22680,3
2025,6,12,4,LAX,RNO,2025-06-12 09:59:00,09:56:00,-3,11:31:00,11:16:00,-15,2025-06-12,35940,41460,3
2025,6,12,4,LAX,RNO,2025-06-12 10:19:00,10:15:00,-4,12:00:00,11:36:00,-24,2025-06-12,37140,43200,3
2025,6,12,4,LAX,RNO,2025-06-12 14:25:00,15:15:00,50,15:50:00,16:41:00,51,2025-06-12,51900,57000,3
2025,6,12,4,LAX,RNO,2025-06-12 15:02:00,14:54:00,-8,16:30:00,16:11:00,-19,2025-06-12,54120,59400,3
2025,6,12,4,LAX,RNO,2025-06-12 17:10:00,17:07:00,-3,18:44:00,18:35:00,-9,2025-06-12,61800,67440,3
2025,6,12,4,LAX,RNO,2025-06-12 20:15:00,20:06:00,-9,21:49:00,21:27:00,-22,2025-06-12,72900,78540,3
2025,6,12,4,LAX,RNO,2025-06-12 22:16:00,23:01:00,45,23:53:00,00:31:00,38,2025-06-12,80160,85980,3
2025,6,12,4,LAX,SAN,2025-06-12 08:20:00,08:44:00,24,09:19:00,09:43:00,24,2025-06-12,30000,33540,3
2025,6,12,4,LAX,SAN,2025-06-12 09:20:00,09:11:00,-9,10:24:00,10:24:00,0,2025-06-12,33600,37440,3
2025,6,12,4,LAX,SAN,2025-06-12 14:28:00,14:23:00,-5,15:22:00,15:15:00,-7,2025-06-12,52080,55320,3
2025,6,12,4,LAX,SAN,2025-06-12 18:00:00,17:55:00,-5,18:54:00,18:45:00,-9,2025-06-12,64800,68040,3
2025,6,12,4,LAX,SAN,2025-06-12 18:46:00,18:45:00,-1,19:47:00,19:39:00,-8,2025-06-12,67560,71220,3
2025,6,12,4,LAX,SAN,2025-06-12 21:59:00,22:04:00,5,22:53:00,22:53:00,0,2025-06-12,79140,82380,3
2025,6,12,4,LAX,SAN,2025-06-12 22:45:00,22:40:00,-5,23:46:00,23:28:00,-18,2025-06-12,81900,85560,3
2025,6,12,4,LAX,SAT,2025-06-12 09:12:00,09:04:00,-8,14:19:00,13:59:00,-20,2025-06-12,33120,51540,3
2025,6,12,4,LAX,SAT,2025-06-12 09:30:00,09:49:00,19,14:23:00,14:29:00,6,2025-06-12,34200,51780,3
2025,6,12,4,LAX,SAT,2025-06-12 14:10:00,14:10:00,0,19:10:00,18:52:00,-18,2025-06-12,51000,69000,3
2025,6,12,4,LAX,SAT,2025-06-12 17:00:00,16:52:00,-8,21:58:00,21:43:00,-15,2025-06-12,61200,79080,3
2025,6,12,4,LAX,SBA,2025-06-12 15:20:00,15:12:00,-8,16:12:00,16:10:00,-2,2025-06-12,55200,58320,3
2025,6,12,4,LAX,SBA,2025-06-12 23:00:00,22:53:00,-7,23:58:00,23:56:00,-2,2025-06-12,82800,86280,3
2025,6,12,4,LAX,SBP,2025-06-12 22:32:00,22:30:00,-2,23:36:00,23:20:00,-16,2025-06-12,81120,84960,3
2025,6,12,4,LAX,SDF,2025-06-12 11:34:00,11:27:00,-7,18:35:00,18:29:00,-6,2025-06-12,41640,66900,3
2025,6,12,4,LAX,SEA,2025-06-12 06:00:00,05:57:00,-3,08:50:00,08:48:00,-2,2025-06-12,21600,31800,3
2025,6,12,4,LAX,SEA,2025-06-12 07:00:00,06:55:00,-5,09:47:00,09:45:00,-2,2025-06-12,25200,35220,3
2025,6,12,4,LAX,SEA,2025-06-12 07:00:00,07:25:00,25,09:54:00,10:08:00,14,2025-06-12,25200,35640,3
2025,6,12,4,LAX,SEA,2025-06-12 08:00:00,07:57:00,-3,10:49:00,10:52:00,3,2025-06-12,28800,38940,3
2025,6,12,4,LAX,SEA,2025-06-12 09:45:00,09:41:00,-4,12:42:00,12:18:00,-24,2025-06-12,35100,45720,3
2025,6,12,4,LAX,SEA,2025-06-12 09:50:00,10:00:00,10,12:35:00,12:40:00,5,2025-06-12,35400,45300,3
2025,6,12,4,LAX,SEA,2025-06-12 11:10:00,11:04:00,-6,14:01:00,13:51:00,-10,2025-06-12,40200,50460,3
2025,6,12,4,LAX,SEA,2025-06-12 11:15:00,11:33:00,18,14:09:00,14:23:00,14,2025-06-12,40500,50940,3
2025,6,12,4,LAX,SEA,2025-06-12 11:55:00,11:56:00,1,14:39:00,14:45:00,6,2025-06-12,42900,52740,3
2025,6,12,4,LAX,SEA,2025-06-12 11:55:00,11:58:00,3,14:45:00,14:37:00,-8,2025-06-12,42900,53100,3
2025,6,12,4,LAX,SEA,2025-06-12 14:10:00,14:12:00,2,16:54:00,16:42:00,-12,2025-06-12,51000,60840,3
2025,6,12,4,LAX,SEA,2025-06-12 14:15:00,14:03:00,-12,17:00:00,16:45:00,-15,2025-06-12,51300,61200,3
2025,6,12,4,LAX,SEA,2025-06-12 15:10:00,15:03:00,-7,17:54:00,17:42:00,-12,2025-06-12,54600,64440,3
2025,6,12,4,LAX,SEA,2025-06-12 17:15:00,17:05:00,-10,20:00:00,19:37:00,-23,2025-06-12,62100,72000,3
2025,6,12,4,LAX,SEA,2025-06-12 17:43:00,18:33:00,50,20:35:00,21:05:00,30,2025-06-12,63780,74100,3
2025,6,12,4,LAX,SEA,2025-06-12 18:15:00,19:00:00,45,21:00:00,21:39:00,39,2025-06-12,65700,75600,3
2025,6,12,4,LAX,SEA,2025-06-12 18:39:00,18:59:00,20,21:34:00,21:44:00,10,2025-06-12,67140,77640,3
2025,6,12,4,LAX,SEA,2025-06-12 19:07:00,19:04:00,-3,21:58:00,22:16:00,18,2025-06-12,68820,79080,3
2025,6,12,4,LAX,SEA,2025-06-12 19:25:00,19:36:00,11,22:10:00,22:32:00,22,2025-06-12,69900,79800,3
2025,6,12,4,LAX,SEA,2025-06-12 19:59:00,19:59:00,0,22:57:00,22:33:00,-24,2025-06-12,71940,82620,3
2025,6,12,4,LAX,SEA,2025-06-12 20:10:00,20:44:00,34,22:59:00,23:25:00,26,2025-06-12,72600,82740,3
2025,6,12,4,LAX,SEA,2025-06-12 21:15:00,21:24:00,9,23:59:00,00:17:00,18,2025-06-12,76500,86340,3
2025,6,12,4,LAX,SEA,2025-06-12 21:29:00,21:25:00,-4,00:25:00,23:52:00,-33,2025-06-12,77340,1500,3
2025,6,12,4,LAX,SFO,2025-06-12 06:00:00,05:53:00,-7,07:38:00,07:08:00,-30,2025-06-12,21600,27480,3
2025,6,12,4,LAX,SFO,2025-06-12 06:30:00,06:20:00,-10,07:52:00,07:30:00,-22,2025-06-12,23400,28320,3
2025,6,12,4,LAX,SFO,2025-06-12 06:30:00,06:27:00,-3,07:50:00,07:37:00,-13,2025-06-12,23400,28200,3
2025,6,12,4,LAX,SFO,2025-06-12 07:00:00,06:52:00,-8,08:36:00,08:39:00,3,2025-06-12,25200,30960,3
2025,6,12,4,LAX,SFO,2025-06-12 07:00:00,07:56:00,56,08:29:00,10:02:00,93,2025-06-12,25200,30540,3
2025,6,12,4,LAX,SFO,2025-06-12 08:05:00,08:00:00,-5,09:45:00,10:03:00,18,2025-06-12,29100,35100,3
2025,6,12,4,LAX,SFO,2025-06-12 08:35:00,08:29:00,-6,09:58:00,10:18:00,20,2025-06-12,30900,35880,3
2025,6,12,4,LAX,SFO,2025-06-12 09:10:00,09:50:00,40,10:45:00,11:08:00,23,2025-06-12,33000,38700,3
2025,6,12,4,LAX,SFO,2025-06-12 10:00:00,10:09:00,9,11:20:00,11:33:00,13,2025-06-12,36000,40800,3
2025,6,12,4,LAX,SFO,2025-06-12 10:15:00,10:13:00,-2,11:40:00,11:51:00,11,2025-06-12,36900,42000,3
2025,6,12,4,LAX,SFO,2025-06-12 10:26:00,10:23:00,-3,11:59:00,12:17:00,18,2025-06-12,37560,43140,3
2025,6,12,4,LAX,SFO,2025-06-12 12:20:00,12:15:00,-5,13:43:00,13:29:00,-14,2025-06-12,44400,49380,3
2025,6,12,4,LAX,SFO,2025-06-12 13:30:00,13:37:00,7,14:52:00,14:45:00,-7,2025-06-12,48600,53520,3
2025,6,12,4,LAX,SFO,2025-06-12 13:39:00,13:34:00,-5,15:07:00,14:52:00,-15,2025-06-12,49140,54420,3
2025,6,12,4,LAX,SFO,2025-06-12 14:22:00,14:14:00,-8,15:48:00,15:29:00,-19,2025-06-12,51720,56880,3
2025,6,12,4,LAX,SFO,2025-06-12 15:44:00,15:51:00,7,17:11:00,17:11:00,0,2025-06-12,56640,61860,3
2025,6,12,4,LAX,SFO,2025-06-12 16:10:00,16:04:00,-6,17:39:00,17:15:00,-24,2025-06-12,58200,63540,3
2025,6,12,4,LAX,SFO,2025-06-12 16:27:00,16:21:00,-6,17:45:00,17:32:00,-13,2025-06-12,59220,63900,3
2025,6,12,4,LAX,SFO,2025-06-12 17:10:00,17:04:00,-6,18:40:00,18:24:00,-16,2025-06-12,61800,67200,3
2025,6,12,4,LAX,SFO,2025-06-12 17:40:00,17:46:00,6,19:02:00,19:06:00,4,2025-06-12,63600,68520,3
2025,6,12,4,LAX,SFO,2025-06-12 18:08:00,18:22:00,14,19:43:00,19:39:00,-4,2025-06-12,65280,70980,3
2025,6,12,4,LAX,SFO,2025-06-12 18:20:00,19:00:00,40,19:43:00,20:27:00,44,2025-06-12,66000,70980,3
2025,6,12,4,LAX,SFO,2025-06-12 18:59:00,18:51:00,-8,20:28:00,20:12:00,-16,2025-06-12,68340,73680,3
2025,6,12,4,LAX,SFO,2025-06-12 19:25:00,19:17:00,-8,20:57:00,20:46:00,-11,2025-06-12,69900,75420,3
2025,6,12,4,LAX,SFO,2025-06-12 19:35:00,19:31:00,-4,20:58:00,20:44:00,-14,2025-06-12,70500,75480,3
2025,6,12,4,LAX,SFO,2025-06-12 19:55:00,19:57:00,2,21:25:00,21:22:00,-3,2025-06-12,71700,77100,3
2025,6,12,4,LAX,SFO,2025-06-12 21:30:00,21:25:00,-5,23:02:00,23:21:00,19,2025-06-12,77400,82920,3
2025,6,12,4,LAX,SFO,2025-06-12 21:49:00,21:41:00,-8,23:12:00,23:08:00,-4,2025-06-12,78540,83520,3
2025,6,12,4,LAX,SFO,2025-06-12 22:25:00,22:32:00,7,23:52:00,23:55:00,3,2025-06-12,80700,85920,3
2025,6,12,4,LAX,SGU,2025-06-12 13:15:00,13:10:00,-5,15:47:00,15:38:00,-9,2025-06-12,47700,56820,3
2025,6,12,4,LAX,SJC,2025-06-12 06:05:00,05:58:00,-7,07:25:00,07:15:00,-10,2025-06-12,21900,26700,3
2025,6,12,4,LAX,SJC,2025-06-12 07:05:00,06:55:00,-10,08:20:00,08:11:00,-9,2025-06-12,25500,30000,3
2025,6,12,4,LAX,SJC,2025-06-12 09:00:00,08:56:00,-4,10:20:00,10:12:00,-8,2025-06-12,32400,37200,3
2025,6,12,4,LAX,SJC,2025-06-12 09:15:00,09:32:00,17,10:30:00,10:35:00,5,2025-06-12,33300,37800,3
2025,6,12,4,LAX,SJC,2025-06-12 10:25:00,10:37:00,12,11:40:00,11:45:00,5,2025-06-12,37500,42000,3
2025,6,12,4,LAX,SJC,2025-06-12 11:35:00,11:33:00,-2,12:52:00,12:44:00,-8,2025-06-12,41700,46320,3
2025,6,12,4,LAX,SJC,2025-06-12 13:25:00,13:28:00,3,14:40:00,14:38:00,-2,2025-06-12,48300,52800,3
2025,6,12,4,LAX,SJC,2025-06-12 14:05:00,14:47:00,42,15:20:00,15:45:00,25,2025-06-12,50700,55200,3
2025,6,12,4,LAX,SJC,2025-06-12 15:45:00,15:39:00,-6,17:00:00,16:51:00,-9,2025-06-12,56700,61200,3
2025,6,12,4,LAX,SJC,2025-06-12 16:35:00,16:36:00,1,17:50:00,17:35:00,-15,2025-06-12,59700,64200,3
2025,6,12,4,LAX,SJC,2025-06-12 18:00:00,17:56:00,-4,19:15:00,19:01:00,-14,2025-06-12,64800,69300,3
2025,6,12,4,LAX,SJC,2025-06-12 21:20:00,21:37:00,17,22:45:00,22:47:00,2,2025-06-12,76800,81900,3
2025,6,12,4,LAX,SLC,2025-06-12 06:00:00,05:56:00,-4,08:53:00,08:39:00,-14,2025-06-12,21600,31980,3
2025,6,12,4,LAX,SLC,2025-06-12 08:25:00,08:16:00,-9,11:26:00,11:28:00,2,2025-06-12,30300,41160,3
2025,6,12,4,LAX,SLC,2025-06-12 08:33:00,08:23:00,-10,11:32:00,11:20:00,-12,2025-06-12,30780,41520,3
2025,6,12,4,LAX,SLC,2025-06-12 09:48:00,09:44:00,-4,12:43:00,12:20:00,-23,2025-06-12,35280,45780,3
2025,6,12,4,LAX,SLC,2025-06-12 11:11:00,11:08:00,-3,14:03:00,13:49:00,-14,2025-06-12,40260,50580,3
2025,6,12,4,LAX,SLC,2025-06-12 13:11:00,13:09:00,-2,16:04:00,16:04:00,0,2025-06-12,47460,57840,3
2025,6,12,4,LAX,SLC,2025-06-12 17:10:00,17:10:00,0,20:00:00,19:54:00,-6,2025-06-12,61800,72000,3
2025,6,12,4,LAX,SLC,2025-06-12 18:45:00,18:39:00,-6,21:39:00,21:24:00,-15,2025-06-12,67500,77940,3
2025,6,12,4,LAX,SLC,2025-06-12 19:19:00,19:12:00,-7,22:06:00,21:53:00,-13,2025-06-12,69540,79560,3
2025,6,12,4,LAX,SMF,2025-06-12 06:00:00,06:00:00,0,07:25:00,07:18:00,-7,2025-06-12,21600,26700,3
2025,6,12,4,LAX,SMF,2025-06-12 07:55:00,07:44:00,-11,09:24:00,09:14:00,-10,2025-06-12,28500,33840,3
2025,6,12,4,LAX,SMF,2025-06-12 08:10:00,08:10:00,0,09:40:00,09:25:00,-15,2025-06-12,29400,34800,3
2025,6,12,4,LAX,SMF,2025-06-12 08:15:00,08:09:00,-6,09:52:00,09:48:00,-4,2025-06-12,29700,35520,3
2025,6,12,4,LAX,SMF,2025-06-12 09:46:00,09:46:00,0,11:23:00,11:25:00,2,2025-06-12,35160,40980,3
2025,6,12,4,LAX,SMF,2025-06-12 10:25:00,10:22:00,-3,11:59:00,11:45:00,-14,2025-06-12,37500,43140,3
2025,6,12,4,LAX,SMF,2025-06-12 11:40:00,11:40:00,0,13:05:00,12:53:00,-12,2025-06-12,42000,47100,3
2025,6,12,4,LAX,SMF,2025-06-12 12:25:00,12:22:00,-3,13:54:00,13:41:00,-13,2025-06-12,44700,50040,3
2025,6,12,4,LAX,SMF,2025-06-12 13:09:00,13:26:00,17,14:44:00,14:54:00,10,2025-06-12,47340,53040,3
2025,6,12,4,LAX,SMF,2025-06-12 16:20:00,16:20:00,0,17:45:00,17:44:00,-1,2025-06-12,58800,63900,3
2025,6,12,4,LAX,SMF,2025-06-12 16:30:00,16:22:00,-8,18:01:00,17:52:00,-9,2025-06-12,59400,64860,3
2025,6,12,4,LAX,SMF,2025-06-12 16:54:00,16:41:00,-13,18:23:00,18:07:00,-16,2025-06-12,60840,66180,3
2025,6,12,4,LAX,SMF,2025-06-12 17:05:00,16:58:00,-7,18:37:00,18:21:00,-16,2025-06-12,61500,67020,3
2025,6,12,4,LAX,SMF,2025-06-12 18:15:00,18:10:00,-5,19:45:00,19:38:00,-7,2025-06-12,65700,71100,3
2025,6,12,4,LAX,SMF,2025-06-12 19:22:00,19:18:00,-4,21:01:00,20:42:00,-19,2025-06-12,69720,75660,3
2025,6,12,4,LAX,SMF,2025-06-12 20:56:00,21:28:00,32,22:28:00,23:06:00,38,2025-06-12,75360,80880,3
2025,6,12,4,LAX,SMF,2025-06-12 21:55:00,22:26:00,31,23:20:00,00:02:00,42,2025-06-12,78900,84000,3
2025,6,12,4,LAX,STL,2025-06-12 05:10:00,05:05:00,-5,10:50:00,10:34:00,-16,2025-06-12,18600,39000,3
2025,6,12,4,LAX,STL,2025-06-12 17:33:00,17:29:00,-4,22:59:00,23:08:00,9,2025-06-12,63180,82740,3
2025,6,12,4,LAX,STS,2025-06-12 09:25:00,09:50:00,25,11:06:00,11:14:00,8,2025-06-12,33900,39960,3
2025,6,12,4,LAX,STS,2025-06-12 22:06:00,22:18:00,12,23:44:00,23:38:00,-6,2025-06-12,79560,85440,3
2025,6,12,4,LAX,TPA,2025-06-12 10:12:00,10:09:00,-3,18:00:00,17:54:00,-6,2025-06-12,36720,64800,3
2025,6,12,4,LAX,TPA,2025-06-12 22:10:00,22:21:00,11,05:44:00,05:51:00,7,2025-06-12,79800,20640,3
2025,6,12,4,LAX,TPA,2025-06-12 23:59:00,23:46:00,-13,07:56:00,07:30:00,-26,2025-06-12,86340,28560,3
2025,6,12,4,LAX,TUL,2025-06-12 09:30:00,09:22:00,-8,14:40:00,14:34:00,-6,2025-06-12,34200,52800,3
2025,6,12,4,LAX,TUS,2025-06-12 08:22:00,08:15:00,-7,10:03:00,09:38:00,-25,2025-06-12,30120,36180,3
2025,6,12,4,LAX,TUS,2025-06-12 09:35:00,09:32:00,-3,11:10:00,11:07:00,-3,2025-06-12,34500,40200,3
2025,6,12,4,LAX,TUS,2025-06-12 12:40:00,13:23:00,43,14:10:00,14:45:00,35,2025-06-12,45600,51000,3
2025,6,12,4,LAX,TUS,2025-06-12 14:10:00,14:01:00,-9,15:44:00,15:26:00,-18,2025-06-12,51000,56640,3
2025,6,12,4,LAX,TUS,2025-06-12 14:58:00,14:54:00,-4,16:27:00,16:24:00,-3,2025-06-12,53880,59220,3
2025,6,12,4,LAX,TUS,2025-06-12 18:18:00,18:14:00,-4,19:49:00,19:47:00,-2,2025-06-12,65880,71340,3
2025,6,12,4,LAX,TUS,2025-06-12 19:00:00,18:57:00,-3,20:33:00,20:22:00,-11,2025-06-12,68400,73980,3
2025,6,12,4,LAX,XNA,2025-06-12 09:14:00,09:04:00,-10,14:38:00,14:42:00,4,2025-06-12,33240,52680,3
2025,6,13,5,LAX,ABQ,2025-06-13 08:00:00,08:45:00,45,11:08:00,11:48:00,40,2025-06-13,28800,40080,4
2025,6,13,5,LAX,ABQ,2025-06-13 08:55:00,08:54:00,-1,11:58:00,11:59:00,1,2025-06-13,32100,43080,4
2025,6,13,5,LAX,ABQ,2025-06-13 11:20:00,11:32:00,12,14:15:00,14:16:00,1,2025-06-13,40800,51300,4
2025,6,13,5,LAX,ABQ,2025-06-13 14:59:00,14:51:00,-8,18:02:00,17:39:00,-23,2025-06-13,53940,64920,4
2025,6,13,5,LAX,ABQ,2025-06-13 18:49:00,18:44:00,-5,21:52:00,21:30:00,-22,2025-06-13,67740,78720,4
2025,6,13,5,LAX,ACV,2025-06-13 13:15:00,13:26:00,11,15:13:00,15:15:00,2,2025-06-13,47700,54780,4
2025,6,13,5,LAX,ANC,2025-06-13 19:45:00,20:03:00,18,00:08:00,00:06:00,-2,2025-06-13,71100,480,4
2025,6,13,5,LAX,ASE,2025-06-13 10:40:00,10:37:00,-3,13:56:00,13:45:00,-11,2025-06-13,38400,50160,4
2025,6,13,5,LAX,ASE,2025-06-13 12:54:00,12:45:00,-9,16:05:00,15:45:00,-20,2025-06-13,46440,57900,4
2025,6,13,5,LAX,ASE,2025-06-13 14:45:00,14:36:00,-9,17:51:00,18:14:00,23,2025-06-13,53100,64260,4
2025,6,13,5,LAX,ATL,2025-06-13 06:20:00,06:20:00,0,13:42:00,13:48:00,6,2025-06-13,22800,49320,4
2025,6,13,5,LAX,ATL,2025-06-13 07:35:00,07:34:00,-1,14:48:00,14:49:00,1,2025-06-13,27300,53280,4
2025,6,13,5,LAX,ATL,2025-06-13 08:45:00,08:48:00,3,16:07:00,16:16:00,9,2025-06-13,31500,58020,4
2025,6,13,5,LAX,ATL,2025-06-13 09:53:00,10:06:00,13,17:19:00,17:30:00,11,2025-06-13,35580,62340,4
2025,6,13,5,LAX,ATL,2025-06-13 11:15:00,11:11:00,-4,18:34:00,18:58:00,24,2025-06-13,40500,66840,4
2025,6,13,5,LAX,ATL,2025-06-13 12:15:00,13:08:00,53,19:30:00,20:17:00,47,2025-06-13,44100,70200,4
2025,6,13,5,LAX,ATL,2025-06-13 12:49:00,12:44:00,-5,20:15:00,20:47:00,32,2025-06-13,46140,72900,4
2025,6,13,5,LAX,ATL,2025-06-13 13:06:00,13:51:00,45,20:49:00,22:24:00,95,2025-06-13,47160,74940,4
2025,6,13,5,LAX,ATL,2025-06-13 13:15:00,13:12:00,-3,20:46:00,20:42:00,-4,2025-06-13,47700,74760,4
2025,6,13,5,LAX,ATL,2025-06-13 17:35:00,17:29:00,-6,00:54:00,00:47:00,-7,2025-06-13,63300,3240,4
2025,6,13,5,LAX,ATL,2025-06-13 21:28:00,22:21:00,53,05:07:00,05:47:00,40,2025-06-13,77280,18420,4
2025,6,13,5,LAX,ATL,2025-06-13 21:45:00,22:27:00,42,05:00:00,05:48:00,48,2025-06-13,78300,18000,4
2025,6,13,5,LAX,ATL,2025-06-13 22:45:00,22:57:00,12,06:00:00,06:23:00,23,2025-06-13,81900,21600,4
2025,6,13,5,LAX,ATL,2025-06-13 23:45:00,23:43:00,-2,07:12:00,07:06:00,-6,2025-06-13,85500,25920,4
2025,6,13,5,LAX,AUS,2025-06-13 05:00:00,04:54:00,-6,10:00:00,09:41:00,-19,2025-06-13,18000,36000,4
2025,6,13,5,LAX,AUS,2025-06-13 07:45:00,07:36:00,-9,12:46:00,12:31:00,-15,2025-06-13,27900,45960,4
2025,6,13,5,LAX,AUS,2025-06-13 09:25:00,09:32:00,7,14:51:00,14:37:00,-14,2025-06-13,33900,53460,4
2025,6,13,5,LAX,AUS,2025-06-13 10:35:00,10:23:00,-12,15:45:00,15:50:00,5,2025-06-13,38100,56700,4
2025,6,13,5,LAX,AUS,2025-06-13 11:15:00,11:29:00,14,16:20:00,16:30:00,10,2025-06-13,40500,58800,4
2025,6,13,5,LAX,AUS,2025-06-13 16:14:00,16:10:00,-4,21:14:00,20:54:00,-20,2025-06-13,58440,76440,4
2025,6,13,5,LAX,AUS,2025-06-13 16:20:00,16:13:00,-7,21:21:00,21:07:00,-14,2025-06-13,58800,76860,4
2025,6,13,5,LAX,AUS,2025-06-13 18:35:00,18:29:00,-6,23:38:00,23:11:00,-27,2025-06-13,66900,85080,4
2025,6,13,5,LAX,AUS,2025-06-13 18:40:00,18:36:00,-4,23:58:00,23:29:00,-29,2025-06-13,67200,86280,4
2025,6,13,5,LAX,AUS,2025-06-13 18:50:00,18:37:00,-13,23:50:00,23:20:00,-30,2025-06-13,67800,85800,4
2025,6,13,5,LAX,BNA,2025-06-13 07:00:00,06:53:00,-7,12:57:00,13:26:00,29,2025-06-13,25200,46620,4
2025,6,13,5,LAX,BNA,2025-06-13 07:10:00,07:10:00,0,13:25:00,13:16:00,-9,2025-06-13,25800,48300,4
2025,6,13,5,LAX,BNA,2025-06-13 09:29:00,09:28:00,-1,15:32:00,15:49:00,17,2025-06-13,34140,55920,4
2025,6,13,5,LAX,BNA,2025-06-13 10:36:00,10:32:00,-4,16:45:00,16:43:00,-2,2025-06-13,38160,60300,4
2025,6,13,5,LAX,BNA,2025-06-13 12:39:00,12:34:00,-5,18:44:00,18:46:00,2,2025-06-13,45540,67440,4
2025,6,13,5,LAX,BNA,2025-06-13 22:50:00,22:45:00,-5,05:00:00,04:35:00,-25,2025-06-13,82200,18000,4
2025,6,13,5,LAX,BOI,2025-06-13 11:57:00,12:55:00,58,15:03:00,15:50:00,47,2025-06-13,43020,54180,4
2025,6,13,5,LAX,BOI,2025-06-13 12:45:00,13:09:00,24,15:59:00,16:01:00,2,2025-06-13,45900,57540,4
2025,6,13,5,LAX,BOI,2025-06-13 19:50:00,19:43:00,-7,22:54:00,22:34:00,-20,2025-06-13,71400,82440,4
2025,6,13,5,LAX,BOI,2025-06-13 19:59:00,19:49:00,-10,23:01:00,22:43:00,-18,2025-06-13,71940,82860,4
2025,6,13,5,LAX,BOS,2025-06-13 06:00:00,05:52:00,-8,14:40:00,14:12:00,-28,2025-06-13,21600,52800,4
2025,6,13,5,LAX,BOS,2025-06-13 06:40:00,06:35:00,-5,15:15:00,15:02:00,-13,2025-06-13,24000,54900,4
2025,6,13,5,LAX,BOS,2025-06-13 08:30:00,08:22:00,-8,17:19:00,16:57:00,-22,2025-06-13,30600,62340,4
2025,6,13,5,LAX,BOS,2025-06-13 08:35:00,08:25:00,-10,17:16:00,17:13:00,-3,2025-06-13,30900,62160,4
2025,6,13,5,LAX,BOS,2025-06-13 08:40:00,08:36:00,-4,17:16:00,17:23:00,7,2025-06-13,31200,62160,4
2025,6,13,5,LAX,BOS,2025-06-13 10:45:00,10:44:00,-1,19:24:00,19:08:00,-16,2025-06-13,38700,69840,4
2025,6,13,5,LAX,BOS,2025-06-13 11:45:00,11:37:00,-8,20:25:00,20:04:00,-21,2025-06-13,42300,73500,4
2025,6,13,5,LAX,BOS,2025-06-13 13:10:00,13:23:00,13,21:51:00,21:53:00,2,2025-06-13,47400,78660,4
2025,6,13,5,LAX,BOS,2025-06-13 20:24:00,20:30:00,6,05:00:00,04:46:00,-14,2025-06-13,73440,18000,4
2025,6,13,5,LAX,BOS,2025-06-13 21:02:00,21:01:00,-1,05:32:00,05:29:00,-3,2025-06-13,75720,19920,4
2025,6,13,5,LAX,BOS,2025-06-13 22:13:00,22:06:00,-7,06:44:00,06:32:00,-12,2025-06-13,79980,24240,4
2025,6,13,5,LAX,BOS,2025-06-13 22:57:00,22:49:00,-8,07:35:00,07:34:00,-1,2025-06-13,82620,27300,4
2025,6,13,5,LAX,BOS,2025-06-13 23:05:00,23:06:00,1,07:41:00,07:35:00,-6,2025-06-13,83100,27660,4
2025,6,13,5,LAX,BUF,2025-06-13 22:09:00,22:06:00,-3,06:00:00,05:48:00,-12,2025-06-13,79740,21600,4
2025,6,13,5,LAX,BWI,2025-06-13 05:30:00,05:31:00,1,13:35:00,13:21:00,-14,2025-06-13,19800,48900,4
2025,6,13,5,LAX,BWI,2025-06-13 08:45:00,08:37:00,-8,16:54:00,16:44:00,-10,2025-06-13,31500,60840,4
2025,6,13,5,LAX,BWI,2025-06-13 10:05:00,10:05:00,0,18:10:00,18:10:00,0,2025-06-13,36300,65400,4
2025,6,13,5,LAX,BWI,2025-06-13 11:34:00,12:01:00,27,19:29:00,19:46:00,17,2025-06-13,41640,70140,4
2025,6,13,5,LAX,BWI,2025-06-13 20:55:00,20:59:00,4,05:00:00,04:49:00,-11,2025-06-13,75300,18000,4
2025,6,13,5,LAX,BWI,2025-06-13 23:59:00,23:55:00,-4,08:07:00,07:54:00,-13,2025-06-13,86340,29220,4
2025,6,13,5,LAX,BZN,2025-06-13 11:21:00,11:11:00,-10,14:50:00,14:54:00,4,2025-06-13,40860,53400,4
2025,6,13,5,LAX,BZN,2025-06-13 18:00:00,17:56:00,-4,21:39:00,21:36:00,-3,2025-06-13,64800,77940,4
2025,6,13,5,LAX,CLE,2025-06-13 21:20:00,21:15:00,-5,04:53:00,04:39:00,-14,2025-06-13,76800,17580,4
2025,6,13,5,LAX,CLT,2025-06-13 06:05:00,06:02:00,-3,13:54:00,14:04:00,10,2025-06-13,21900,50040,4
2025,6,13,5,LAX,CLT,2025-06-13 07:59:00,08:56:00,57,15:45:00,16:39:00,54,2025-06-13,28740,56700,4
2025,6,13,5,LAX,CLT,2025-06-13 09:11:00,09:32:00,21,17:00:00,17:33:00,33,2025-06-13,33060,61200,4
2025,6,13,5,LAX,CLT,2025-06-13 11:54:00,12:04:00,10,19:45:00,19:51:00,6,2025-06-13,42840,71100,4
2025,6,13,5,LAX,CLT,2025-06-13 14:02:00,14:33:00,31,21:55:00,22:18:00,23,2025-06-13,50520,78900,4
2025,6,13,5,LAX,CLT,2025-06-13 22:49:00,23:09:00,20,06:35:00,06:50:00,15,2025-06-13,82140,23700,4
2025,6,13,5,LAX,CLT,2025-06-13 23:06:00,22:58:00,-8,06:45:00,06:44:00,-1,2025-06-13,83160,24300,4
2025,6,13,5,LAX,CLT,2025-06-13 23:49:00,23:47:00,-2,07:35:00,07:29:00,-6,2025-06-13,85740,27300,4
2025,6,13,5,LAX,CMH,2025-06-13 09:25:00,09:24:00,-1,17:01:00,17:01:00,0,2025-06-13,33900,61260,4
2025,6,13,5,LAX,CVG,2025-06-13 22:29:00,22:58:00,29,05:38:00,06:17:00,39,2025-06-13,80940,20280,4
2025,6,13,5,LAX,DAL,2025-06-13 05:05:00,05:00:00,-5,10:10:00,09:57:00,-13,2025-06-13,18300,36600,4
2025,6,13,5,LAX,DAL,2025-06-13 06:45:00,06:43:00,-2,11:50:00,11:41:00,-9,2025-06-13,24300,42600,4
2025,6,13,5,LAX,DAL,2025-06-13 11:20:00,11:26:00,6,16:30:00,16:17:00,-13,2025-06-13,40800,59400,4
2025,6,13,5,LAX,DAL,2025-06-13 16:30:00,16:34:00,4,21:45:00,21:32:00,-13,2025-06-13,59400,78300,4
2025,6,13,5,LAX,DCA,2025-06-13 07:59:00,07:55:00,-4,16:00:00,16:10:00,10,2025-06-13,28740,57600,4
2025,6,13,5,LAX,DCA,2025-06-13 08:19:00,08:16:00,-3,16:22:00,15:58:00,-24,2025-06-13,29940,58920,4
2025,6,13,5,LAX,DCA,2025-06-13 12:28:00,12:31:00,3,20:29:00,20:21:00,-8,2025-06-13,44880,73740,4
2025,6,13,5,LAX,DCA,2025-06-13 13:31:00,13:20:00,-11,21:42:00,22:31:00,49,2025-06-13,48660,78120,4
2025,6,13,5,LAX,DEN,2025-06-13 05:05:00,05:11:00,6,08:24:00,08:27:00,3,2025-06-13,18300,30240,4
2025,6,13,5,LAX,DEN,2025-06-13 05:45:00,05:46:00,1,09:10:00,08:58:00,-12,2025-06-13,20700,33000,4
2025,6,13,5,LAX,DEN,2025-06-13 06:15:00,07:01:00,46,09:48:00,10:28:00,40,2025-06-13,22500,35280,4
2025,6,13,5,LAX,DEN,2025-06-13 07:06:00,06:58:00,-8,10:31:00,10:17:00,-14,2025-06-13,25560,37860,4
2025,6,13,5,LAX,DEN,2025-06-13 07:46:00,07:44:00,-2,11:10:00,11:11:00,1,2025-06-13,27960,40200,4
2025,6,13,5,LAX,DEN,2025-06-13 08:04:00,08:15:00,11,11:33:00,11:34:00,1,2025-06-13,29040,41580,4
2025,6,13,5,LAX,DEN,2025-06-13 08:05:00,08:16:00,11,11:30:00,11:29:00,-1,2025-06-13,29100,41400,4
2025,6,13,5,LAX,DEN,2025-06-13 09:00:00,08:58:00,-2,12:27:00,12:46:00,19,2025-06-13,32400,44820,4
2025,6,13,5,LAX,DEN,2025-06-13 10:30:00,10:37:00,7,13:55:00,14:08:00,13,2025-06-13,37800,50100,4
2025,6,13,5,LAX,DEN,2025-06-13 10:52:00,10:52:00,0,14:19:00,14:26:00,7,2025-06-13,39120,51540,4
2025,6,13,5,LAX,DEN,2025-06-13 12:55:00,12:49:00,-6,16:23:00,16:14:00,-9,2025-06-13,46500,58980,4
2025,6,13,5,LAX,DEN,2025-06-13 14:35:00,14:26:00,-9,18:05:00,18:09:00,4,2025-06-13,52500,65100,4
2025,6,13,5,LAX,DEN,2025-06-13 14:59:00,14:48:00,-11,18:19:00,18:41:00,22,2025-06-13,53940,65940,4
2025,6,13,5,LAX,DEN,2025-06-13 16:11:00,16:22:00,11,19:40:00,20:27:00,47,2025-06-13,58260,70800,4
2025,6,13,5,LAX,DEN,2025-06-13 18:30:00,18:27:00,-3,22:00:00,21:44:00,-16,2025-06-13,66600,79200,4
2025,6,13,5,LAX,DEN,2025-06-13 19:18:00,19:12:00,-6,22:47:00,22:26:00,-21,2025-06-13,69480,82020,4
2025,6,13,5,LAX,DEN,2025-06-13 19:45:00,20:16:00,31,23:09:00,23:46:00,37,2025-06-13,71100,83340,4
2025,6,13,5,LAX,DEN,2025-06-13 20:20:00,20:28:00,8,23:50:00,23:38:00,-12,2025-06-13,73200,85800,4
2025,6,13,5,LAX,DEN,2025-06-13 20:25:00,20:27:00,2,23:48:00,23:45:00,-3,2025-06-13,73500,85680,4
2025,6,13,5,LAX,DFW,2025-06-13 00:40:00,00:40:00,0,05:45:00,05:31:00,-14,2025-06-13,2400,20700,4
2025,6,13,5,LAX,DFW,2025-06-13 00:47:00,00:39:00,-8,05:50:00,06:02:00,12,2025-06-13,2820,21000,4
2025,6,13,5,LAX,DFW,2025-06-13 01:30:00,01:28:00,-2,06:33:00,06:30:00,-3,2025-06-13,5400,23580,4
2025,6,13,5,LAX,DFW,2025-06-13 06:00:00,05:59:00,-1,11:03:00,11:04:00,1,2025-06-13,21600,39780,4
2025,6,13,5,LAX,DFW,2025-06-13 06:00:00,06:08:00,8,11:20:00,11:20:00,0,2025-06-13,21600,40800,4
2025,6,13,5,LAX,DFW,2025-06-13 07:00:00,06:56:00,-4,12:09:00,12:01:00,-8,2025-06-13,25200,43740,4
2025,6,13,5,LAX,DFW,2025-06-13 08:26:00,08:21:00,-5,13:39:00,13:25:00,-14,2025-06-13,30360,49140,4
2025,6,13,5,LAX,DFW,2025-06-13 08:35:00,08:30:00,-5,13:43:00,13:53:00,10,2025-06-13,30900,49380,4
2025,6,13,5,LAX,DFW,2025-06-13 09:30:00,09:25:00,-5,14:43:00,14:39:00,-4,2025-06-13,34200,52980,4
2025,6,13,5,LAX,DFW,2025-06-13 10:37:00,11:04:00,27,15:45:00,16:13:00,28,2025-06-13,38220,56700,4
2025,6,13,5,LAX,DFW,2025-06-13 12:30:00,12:28:00,-2,17:37:00,17:42:00,5,2025-06-13,45000,63420,4
2025,6,13,5,LAX,DFW,2025-06-13 13:48:00,13:48:00,0,18:59:00,19:01:00,2,2025-06-13,49680,68340,4
2025,6,13,5,LAX,DFW,2025-06-13 14:33:00,14:31:00,-2,19:43:00,19:41:00,-2,2025-06-13,52380,70980,4
2025,6,13,5,LAX,DFW,2025-06-13 15:48:00,16:14:00,26,20:59:00,21:22:00,23,2025-06-13,56880,75540,4
2025,6,13,5,LAX,DFW,2025-06-13 16:36:00,16:29:00,-7,21:47:00,21:39:00,-8,2025-06-13,59760,78420,4
2025,6,13,5,LAX,DFW,2025-06-13 18:35:00,18:32:00,-3,23:47:00,23:20:00,-27,2025-06-13,66900,85620,4
2025,6,13,5,LAX,DFW,2025-06-13 18:55:00,19:51:00,56,23:56:00,00:41:00,45,2025-06-13,68100,86160,4
2025,6,13,5,LAX,DFW,2025-06-13 19:03:00,19:54:00,51,00:26:00,00:58:00,32,2025-06-13,68580,1560,4
2025,6,13,5,LAX,DFW,2025-06-13 23:59:00,00:21:00,22,05:09:00,05:26:00,17,2025-06-13,86340,18540,4
2025,6,13,5,LAX,DTW,2025-06-13 05:30:00,05:29:00,-1,12:57:00,12:44:00,-13,2025-06-13,19800,46620,4
2025,6,13,5,LAX,DTW,2025-06-13 07:35:00,07:34:00,-1,14:56:00,14:42:00,-14,2025-06-13,27300,53760,4
2025,6,13,5,LAX,DTW,2025-06-13 09:25:00,09:33:00,8,16:52:00,16:55:00,3,2025-06-13,33900,60720,4
2025,6,13,5,LAX,DTW,2025-06-13 11:14:00,11:17:00,3,18:37:00,18:36:00,-1,2025-06-13,40440,67020,4
2025,6,13,5,LAX,DTW,2025-06-13 12:09:00,12:01:00,-8,19:31:00,19:27:00,-4,2025-06-13,43740,70260,4
2025,6,13,5,LAX,DTW,2025-06-13 15:36:00,15:28:00,-8,23:04:00,22:58:00,-6,2025-06-13,56160,83040,4
2025,6,13,5,LAX,DTW,2025-06-13 21:30:00,22:20:00,50,04:52:00,05:39:00,47,2025-06-13,77400,17520,4
2025,6,13,5,LAX,DTW,2025-06-13 22:15:00,22:23:00,8,05:35:00,05:43:00,8,2025-06-13,80100,20100,4
2025,6,13,5,LAX,ELP,2025-06-13 12:45:00,12:40:00,-5,15:45:00,15:27:00,-18,2025-06-13,45900,56700,4
2025,6,13,5,LAX,ELP,2025-06-13 14:30:00,14:25:00,-5,17:31:00,17:18:00,-13,2025-06-13,52200,63060,4
2025,6,13,5,LAX,ELP,2025-06-13 19:47:00,19:39:00,-8,22:47:00,22:45:00,-2,2025-06-13,71220,82020,4
2025,6,13,5,LAX,EUG,2025-06-13 21:44:00,21:38:00,-6,23:58:00,23:36:00,-22,2025-06-13,78240,86280,4
2025,6,13,5,LAX,EWR,2025-06-13 06:00:00,05:53:00,-7,14:34:00,14:27:00,-7,2025-06-13,21600,52440,4
2025,6,13,5,LAX,EWR,2025-06-13 07:00:00,06:58:00,-2,15:34:00,15:25:00,-9,2025-06-13,25200,56040,4
2025,6,13,5,LAX,EWR,2025-06-13 07:00:00,07:05:00,5,15:34:00,15:25:00,-9,2025-06-13,25200,56040,4
2025,6,13,5,LAX,EWR,2025-06-13 08:10:00,08:05:00,-5,16:40:00,16:21:00,-19,2025-06-13,29400,60000,4
2025,6,13,5,LAX,EWR,2025-06-13 08:20:00,08:17:00,-3,16:45:00,16:53:00,8,2025-06-13,30000,60300,4
2025,6,13,5,LAX,EWR,2025-06-13 10:15:00,10:13:00,-2,18:54:00,18:45:00,-9,2025-06-13,36900,68040,4
2025,6,13,5,LAX,EWR,2025-06-13 10:50:00,10:44:00,-6,19:20:00,18:59:00,-21,2025-06-13,39000,69600,4
2025,6,13,5,LAX,EWR,2025-06-13 12:15:00,12:10:00,-5,20:54:00,20:32:00,-22,2025-06-13,44100,75240,4
2025,6,13,5,LAX,EWR,2025-06-13 13:30:00,13:40:00,10,21:52:00,21:35:00,-17,2025-06-13,48600,78720,4
2025,6,13,5,LAX,EWR,2025-06-13 14:34:00,14:31:00,-3,22:55:00,22:45:00,-10,2025-06-13,52440,82500,4
2025,6,13,5,LAX,EWR,2025-06-13 16:30:00,16:43:00,13,00:57:00,00:58:00,1,2025-06-13,59400,3420,4
2025,6,13,5,LAX,EWR,2025-06-13 21:26:00,21:30:00,4,05:59:00,05:53:00,-6,2025-06-13,77160,21540,4
2025,6,13,5,LAX,EWR,2025-06-13 23:59:00,00:08:00,9,08:12:00,08:24:00,12,2025-06-13,86340,29520,4
2025,6,13,5,LAX,FAT,2025-06-13 10:30:00,10:22:00,-8,11:48:00,11:47:00,-1,2025-06-13,37800,42480,4
2025,6,13,5,LAX,FAT,2025-06-13 19:10:00,19:02:00,-8,20:24:00,20:10:00,-14,2025-06-13,69000,73440,4
2025,6,13,5,LAX,FAT,2025-06-13 22:38:00,22:45:00,7,23:52:00,00:14:00,22,2025-06-13,81480,85920,4
2025,6,13,5,LAX,FCA,2025-06-13 09:22:00,09:13:00,-9,13:21:00,13:01:00,-20,2025-06-13,33720,48060,4
2025,6,13,5,LAX,FLL,2025-06-13 08:00:00,07:58:00,-2,16:14:00,16:23:00,9,2025-06-13,28800,58440,4
2025,6,13,5,LAX,FLL,2025-06-13 11:12:00,11:09:00,-3,19:26:00,19:06:00,-20,2025-06-13,40320,69960,4
2025,6,13,5,LAX,FLL,2025-06-13 13:45:00,13:41:00,-4,21:58:00,21:30:00,-28,2025-06-13,49500,79080,4
2025,6,13,5,LAX,FLL,2025-06-13 21:55:00,22:00:00,5,06:03:00,05:50:00,-13,2025-06-13,78900,21780,4
2025,6,13,5,LAX,FSD,2025-06-13 16:05:00,15:58:00,-7,21:19:00,21:27:00,8,2025-06-13,57900,76740,4
2025,6,13,5,LAX,GEG,2025-06-13 11:14:00,11:09:00,-5,13:52:00,13:29:00,-23,2025-06-13,40440,49920,4
2025,6,13,5,LAX,GEG,2025-06-13 14:32:00,14:57:00,25,17:07:00,17:23:00,16,2025-06-13,52320,61620,4
2025,6,13,5,LAX,GEG,2025-06-13 15:16:00,15:25:00,9,17:47:00,17:45:00,-2,2025-06-13,54960,64020,4
2025,6,13,5,LAX,GEG,2025-06-13 18:59:00,18:51:00,-8,21:33:00,21:27:00,-6,2025-06-13,68340,77580,4
2025,6,13,5,LAX,HNL,2025-06-13 07:05:00,07:03:00,-2,10:10:00,09:52:00,-18,2025-06-13,25500,36600,4
2025,6,13,5,LAX,HNL,2025-06-13 08:25:00,08:24:00,-1,11:07:00,11:36:00,29,2025-06-13,30300,40020,4
2025,6,13,5,LAX,HNL,2025-06-13 08:30:00,08:30:00,0,11:05:00,11:30:00,25,2025-06-13,30600,39900,4
2025,6,13,5,LAX,HNL,2025-06-13 08:35:00,08:32:00,-3,11:17:00,11:29:00,12,2025-06-13,30900,40620,4
2025,6,13,5,LAX,HNL,2025-06-13 08:49:00,08:57:00,8,11:37:00,11:52:00,15,2025-06-13,31740,41820,4
2025,6,13,5,LAX,HNL,2025-06-13 10:10:00,10:35:00,25,12:40:00,13:12:00,32,2025-06-13,36600,45600,4
2025,6,13,5,LAX,HNL,2025-06-13 11:15:00,11:13:00,-2,14:04:00,14:00:00,-4,2025-06-13,40500,50640,4
2025,6,13,5,LAX,HNL,2025-06-13 13:15:00,13:49:00,34,16:01:00,16:35:00,34,2025-06-13,47700,57660,4
2025,6,13,5,LAX,HNL,2025-06-13 14:44:00,14:46:00,2,17:28:00,17:22:00,-6,2025-06-13,53040,62880,4
2025,6,13,5,LAX,HNL,2025-06-13 17:10:00,17:06:00,-4,19:44:00,19:33:00,-11,2025-06-13,61800,71040,4
2025,6,13,5,LAX,HNL,2025-06-13 17:45:00,17:51:00,6,20:30:00,20:42:00,12,2025-06-13,63900,73800,4
2025,6,13,5,LAX,HNL,2025-06-13 18:10:00,18:05:00,-5,20:52:00,20:40:00,-12,2025-06-13,65400,75120,4
2025,6,13,5,LAX,HNL,2025-06-13 18:20:00,18:16:00,-4,20:57:00,20:51:00,-6,2025-06-13,66000,75420,4
2025,6,13,5,LAX,HNL,2025-06-13 18:25:00,18:26:00,1,21:15:00,21:04:00,-11,2025-06-13,66300,76500,4
2025,6,13,5,LAX,HNL,2025-06-13 18:45:00,18:58:00,13,21:28:00,21:29:00,1,2025-06-13,67500,77280,4
2025,6,13,5,LAX,HNL,2025-06-13 19:13:00,19:09:00,-4,21:55:00,21:47:00,-8,2025-06-13,69180,78900,4
2025,6,13,5,LAX,HNL,2025-06-13 20:40:00,21:06:00,26,23:29:00,00:05:00,36,2025-06-13,74400,84540,4
2025,6,13,5,LAX,HOU,2025-06-13 05:05:00,05:05:00,0,10:30:00,10:15:00,-15,2025-06-13,18300,37800,4
2025,6,13,5,LAX,HOU,2025-06-13 13:35:00,13:49:00,14,19:00:00,18:59:00,-1,2025-06-13,48900,68400,4
2025,6,13,5,LAX,HOU,2025-06-13 17:45:00,17:47:00,2,23:05:00,22:53:00,-12,2025-06-13,63900,83100,4
2025,6,13,5,LAX,HOU,2025-06-13 23:50:00,23:47:00,-3,05:15:00,04:43:00,-32,2025-06-13,85800,18900,4
2025,6,13,5,LAX,IAD,2025-06-13 06:20:00,06:13:00,-7,14:23:00,14:08:00,-15,2025-06-13,22800,51780,4
2025,6,13,5,LAX,IAD,2025-06-13 08:15:00,08:14:00,-1,16:21:00,16:31:00,10,2025-06-13,29700,58860,4
2025,6,13,5,LAX,IAD,2025-06-13 08:20:00,08:21:00,1,16:25:00,16:27:00,2,2025-06-13,30000,59100,4
2025,6,13,5,LAX,IAD,2025-06-13 10:15:00,10:19:00,4,18:20:00,18:34:00,14,2025-06-13,36900,66000,4
2025,6,13,5,LAX,IAD,2025-06-13 13:15:00,13:09:00,-6,21:20:00,21:17:00,-3,2025-06-13,47700,76800,4
2025,6,13,5,LAX,IAD,2025-06-13 16:45:00,16:40:00,-5,00:44:00,00:42:00,-2,2025-06-13,60300,2640,4
2025,6,13,5,LAX,IAD,2025-06-13 22:50:00,23:11:00,21,06:39:00,07:00:00,21,2025-06-13,82200,23940,4
2025,6,13,5,LAX,IAH,2025-06-13 00:56:00,00:52:00,-4,06:18:00,05:51:00,-27,2025-06-13,3360,22680,4
2025,6,13,5,LAX,IAH,2025-06-13 05:15:00,05:30:00,15,10:42:00,10:43:00,1,2025-06-13,18900,38520,4
2025,6,13,5,LAX,IAH,2025-06-13 07:15:00,07:09:00,-6,12:44:00,12:31:00,-13,2025-06-13,26100,45840,4
2025,6,13,5,LAX,IAH,2025-06-13 08:40:00,08:43:00,3,14:09:00,14:09:00,0,2025-06-13,31200,50940,4
2025,6,13,5,LAX,IAH,2025-06-13 10:15:00,10:09:00,-6,15:40:00,16:04:00,24,2025-06-13,36900,56400,4
2025,6,13,5,LAX,IAH,2025-06-13 11:28:00,11:23:00,-5,16:48:00,16:54:00,6,2025-06-13,41280,60480,4
2025,6,13,5,LAX,IAH,2025-06-13 12:07:00,12:01:00,-6,17:24:00,17:51:00,27,2025-06-13,43620,62640,4
2025,6,13,5,LAX,IAH,2025-06-13 13:10:00,13:09:00,-1,18:40:00,21:17:00,157,2025-06-13,47400,67200,4
2025,6,13,5,LAX,IAH,2025-06-13 13:58:00,13:50:00,-8,19:25:00,19:21:00,-4,2025-06-13,50280,69900,4
2025,6,13,5,LAX,IAH,2025-06-13 14:23:00,15:07:00,44,20:01:00,20:37:00,36,2025-06-13,51780,72060,4
2025,6,13,5,LAX,IAH,2025-06-13 18:09:00,18:06:00,-3,23:28:00,23:15:00,-13,2025-06-13,65340,84480,4
2025,6,13,5,LAX,IAH,2025-06-13 18:10:00,19:08:00,58,23:33:00,00:12:00,39,2025-06-13,65400,84780,4
2025,6,13,5,LAX,IAH,2025-06-13 19:20:00,19:37:00,17,00:43:00,00:50:00,7,2025-06-13,69600,2580,4
2025,6,13,5,LAX,IAH,2025-06-13 23:45:00,00:09:00,24,05:05:00,05:06:00,1,2025-06-13,85500,18300,4
2025,6,13,5,LAX,IND,2025-06-13 10:36:00,10:35:00,-1,17:47:00,17:52:00,5,2025-06-13,38160,64020,4
2025,6,13,5,LAX,IND,2025-06-13 11:34:00,11:27:00,-7,18:38:00,18:33:00,-5,2025-06-13,41640,67080,4
2025,6,13,5,LAX,IND,2025-06-13 23:14:00,23:06:00,-8,06:14:00,06:14:00,0,2025-06-13,83640,22440,4
2025,6,13,5,LAX,JAC,2025-06-13 09:00:00,08:52:00,-8,12:18:00,12:14:00,-4,2025-06-13,32400,44280,4
2025,6,13,5,LAX,JAC,2025-06-13 10:30:00,10:24:00,-6,13:48:00,13:29:00,-19,2025-06-13,37800,49680,4
2025,6,13,5,LAX,JAC,2025-06-13 12:35:00,12:21:00,-14,15:52:00,15:29:00,-23,2025-06-13,45300,57120,4
2025,6,13,5,LAX,JFK,2025-06-13 06:00:00,05:56:00,-4,14:34:00,14:10:00,-24,2025-06-13,21600,52440,4
2025,6,13,5,LAX,JFK,2025-06-13 06:00:00,06:07:00,7,14:30:00,14:20:00,-10,2025-06-13,21600,52200,4
2025,6,13,5,LAX,JFK,2025-06-13 07:00:00,06:54:00,-6,15:35:00,15:15:00,-20,2025-06-13,25200,56100,4
2025,6,13,5,LAX,JFK,2025-06-13 07:00:00,06:57:00,-3,15:35:00,15:07:00,-28,2025-06-13,25200,56100,4
2025,6,13,5,LAX,JFK,2025-06-13 07:20:00,07:12:00,-8,15:55:00,15:24:00,-31,2025-06-13,26400,57300,4
2025,6,13,5,LAX,JFK,2025-06-13 09:05:00,09:01:00,-4,17:57:00,17:17:00,-40,2025-06-13,32700,64620,4
2025,6,13,5,LAX,JFK,2025-06-13 09:30:00,09:27:00,-3,18:09:00,17:41:00,-28,2025-06-13,34200,65340,4
2025,6,13,5,LAX,JFK,2025-06-13 10:21:00,11:11:00,50,18:59:00,19:41:00,42,2025-06-13,37260,68340,4
2025,6,13,5,LAX,JFK,2025-06-13 10:30:00,10:28:00,-2,19:11:00,18:51:00,-20,2025-06-13,37800,69060,4
2025,6,13,5,LAX,JFK,2025-06-13 11:10:00,12:03:00,53,19:50:00,21:05:00,75,2025-06-13,40200,71400,4
2025,6,13,5,LAX,JFK,2025-06-13 11:30:00,11:38:00,8,20:06:00,20:06:00,0,2025-06-13,41400,72360,4
2025,6,13,5,LAX,JFK,2025-06-13 12:21:00,12:21:00,0,21:00:00,20:40:00,-20,2025-06-13,44460,75600,4
2025,6,13,5,LAX,JFK,2025-06-13 12:30:00,12:54:00,24,21:07:00,21:24:00,17,2025-06-13,45000,76020,4
2025,6,13,5,LAX,JFK,2025-06-13 13:00:00,13:27:00,27,21:45:00,21:55:00,10,2025-06-13,46800,78300,4
2025,6,13,5,LAX,JFK,2025-06-13 13:10:00,13:05:00,-5,21:52:00,21:22:00,-30,2025-06-13,47400,78720,4
2025,6,13,5,LAX,JFK,2025-06-13 14:20:00,14:14:00,-6,22:52:00,22:37:00,-15,2025-06-13,51600,82320,4
2025,6,13,5,LAX,JFK,2025-06-13 15:15:00,15:55:00,40,23:55:00,00:04:00,9,2025-06-13,54900,86100,4
2025,6,13,5,LAX,JFK,2025-06-13 15:20:00,15:18:00,-2,23:54:00,23:41:00,-13,2025-06-13,55200,86040,4
2025,6,13,5,LAX,JFK,2025-06-13 15:20:00,15:41:00,21,23:57:00,00:03:00,6,2025-06-13,55200,86220,4
2025,6,13,5,LAX,JFK,2025-06-13 16:20:00,16:12:00,-8,00:55:00,00:27:00,-28,2025-06-13,58800,3300,4
2025,6,13,5,LAX,JFK,2025-06-13 20:36:00,20:36:00,0,05:00:00,05:06:00,6,2025-06-13,74160,18000,4
2025,6,13,5,LAX,JFK,2025-06-13 20:53:00,21:05:00,12,05:30:00,05:31:00,1,2025-06-13,75180,19800,4
2025,6,13,5,LAX,JFK,2025-06-13 21:25:00,21:18:00,-7,05:59:00,05:43:00,-16,2025-06-13,77100,21540,4
2025,6,13,5,LAX,JFK,2025-06-13 21:40:00,21:52:00,12,06:07:00,06:04:00,-3,2025-06-13,78000,22020,4
2025,6,13,5,LAX,JFK,2025-06-13 22:31:00,22:31:00,0,07:00:00,07:13:00,13,2025-06-13,81060,25200,4
2025,6,13,5,LAX,JFK,2025-06-13 22:50:00,23:16:00,26,07:23:00,07:40:00,17,2025-06-13,82200,26580,4
2025,6,13,5,LAX,JFK,2025-06-13 22:52:00,23:02:00,10,07:32:00,07:29:00,-3,2025-06-13,82320,27120,4
2025,6,13,5,LAX,JFK,2025-06-13 23:55:00,23:50:00,-5,08:30:00,08:17:00,-13,2025-06-13,86100,30600,4
2025,6,13,5,LAX,KOA,2025-06-13 08:30:00,08:30:00,0,11:10:00,11:34:00,24,2025-06-13,30600,40200,4
2025,6,13,5,LAX,KOA,2025-06-13 09:10:00,09:04:00,-6,11:50:00,11:52:00,2,2025-06-13,33000,42600,4
2025,6,13,5,LAX,KOA,2025-06-13 11:19:00,11:13:00,-6,13:55:00,13:54:00,-1,2025-06-13,40740,50100,4
2025,6,13,5,LAX,KOA,2025-06-13 16:29:00,16:28:00,-1,18:59:00,18:56:00,-3,2025-06-13,59340,68340,4
2025,6,13,5,LAX,KOA,2025-06-13 17:25:00,17:17:00,-8,20:03:00,19:47:00,-16,2025-06-13,62700,72180,4
2025,6,13,5,LAX,LAS,2025-06-13 05:20:00,05:19:00,-1,06:35:00,06:24:00,-11,2025-06-13,19200,23700,4
2025,6,13,5,LAX,LAS,2025-06-13 05:30:00,05:21:00,-9,06:42:00,06:25:00,-17,2025-06-13,19800,24120,4
2025,6,13,5,LAX,LAS,2025-06-13 07:25:00,07:23:00,-2,08:45:00,08:35:00,-10,2025-06-13,26700,31500,4
2025,6,13,5,LAX,LAS,2025-06-13 07:30:00,07:23:00,-7,08:40:00,08:31:00,-9,2025-06-13,27000,31200,4
2025,6,13,5,LAX,LAS,2025-06-13 08:26:00,08:21:00,-5,09:51:00,09:42:00,-9,2025-06-13,30360,35460,4
2025,6,13,5,LAX,LAS,2025-06-13 08:45:00,08:42:00,-3,10:05:00,09:46:00,-19,2025-06-13,31500,36300,4
2025,6,13,5,LAX,LAS,2025-06-13 10:19:00,10:11:00,-8,11:31:00,11:23:00,-8,2025-06-13,37140,41460,4
2025,6,13,5,LAX,LAS,2025-06-13 11:25:00,11:22:00,-3,12:45:00,12:40:00,-5,2025-06-13,41100,45900,4
2025,6,13,5,LAX,LAS,2025-06-13 14:45:00,15:04:00,19,16:07:00,16:22:00,15,2025-06-13,53100,58020,4
2025,6,13,5,LAX,LAS,2025-06-13 15:05:00,15:02:00,-3,16:15:00,16:11:00,-4,2025-06-13,54300,58500,4
2025,6,13,5,LAX,LAS,2025-06-13 15:35:00,16:02:00,27,16:55:00,17:02:00,7,2025-06-13,56100,60900,4
2025,6,13,5,LAX,LAS,2025-06-13 15:48:00,16:08:00,20,17:13:00,17:34:00,21,2025-06-13,56880,61980,4
2025,6,13,5,LAX,LAS,2025-06-13 17:40:00,18:28:00,48,18:55:00,19:34:00,39,2025-06-13,63600,68100,4
2025,6,13,5,LAX,LAS,2025-06-13 17:55:00,17:52:00,-3,19:18:00,18:58:00,-20,2025-06-13,64500,69480,4
2025,6,13,5,LAX,LAS,2025-06-13 18:50:00,18:45:00,-5,20:00:00,19:51:00,-9,2025-06-13,67800,72000,4
2025,6,13,5,LAX,LAS,2025-06-13 18:52:00,18:44:00,-8,20:08:00,19:51:00,-17,2025-06-13,67920,72480,4
2025,6,13,5,LAX,LAS,2025-06-13 19:30:00,19:23:00,-7,20:52:00,20:33:00,-19,2025-06-13,70200,75120,4
2025,6,13,5,LAX,LAS,2025-06-13 19:40:00,19:37:00,-3,21:00:00,20:32:00,-28,2025-06-13,70800,75600,4
2025,6,13,5,LAX,LAS,2025-06-13 19:45:00,20:06:00,21,21:08:00,21:59:00,51,2025-06-13,71100,76080,4
2025,6,13,5,LAX,LAS,2025-06-13 19:48:00,20:01:00,13,21:00:00,21:41:00,41,2025-06-13,71280,75600,4
2025,6,13,5,LAX,LAS,2025-06-13 19:59:00,20:04:00,5,21:10:00,21:38:00,28,2025-06-13,71940,76200,4
2025,6,13,5,LAX,LAS,2025-06-13 21:55:00,22:10:00,15,23:15:00,23:06:00,-9,2025-06-13,78900,83700,4
2025,6,13,5,LAX,LAS,2025-06-13 22:15:00,22:11:00,-4,23:27:00,23:22:00,-5,2025-06-13,80100,84420,4
2025,6,13,5,LAX,LAS,2025-06-13 22:18:00,22:51:00,33,23:35:00,23:56:00,21,2025-06-13,80280,84900,4
2025,6,13,5,LAX,LIH,2025-06-13 08:42:00,08:40:00,-2,11:40:00,12:11:00,31,2025-06-13,31320,42000,4
2025,6,13,5,LAX,LIH,2025-06-13 09:03:00,08:59:00,-4,12:04:00,12:02:00,-2,2025-06-13,32580,43440,4
2025,6,13,5,LAX,LIH,2025-06-13 09:30:00,09:53:00,23,12:25:00,12:46:00,21,2025-06-13,34200,44700,4
2025,6,13,5,LAX,LIH,2025-06-13 14:25:00,15:20:00,55,17:08:00,18:09:00,61,2025-06-13,51900,61680,4
2025,6,13,5,LAX,MCI,2025-06-13 08:00:00,07:58:00,-2,13:15:00,13:06:00,-9,2025-06-13,28800,47700,4
2025,6,13,5,LAX,MCI,2025-06-13 09:30:00,09:31:00,1,14:44:00,14:37:00,-7,2025-06-13,34200,53040,4
2025,6,13,5,LAX,MCI,2025-06-13 18:15:00,18:27:00,12,23:27:00,23:35:00,8,2025-06-13,65700,84420,4
2025,6,13,5,LAX,MCO,2025-06-13 07:00:00,06:55:00,-5,14:58:00,15:15:00,17,2025-06-13,25200,53880,4
2025,6,13,5,LAX,MCO,2025-06-13 10:02:00,09:58:00,-4,18:04:00,17:43:00,-21,2025-06-13,36120,65040,4
2025,6,13,5,LAX,MCO,2025-06-13 10:35:00,10:27:00,-8,18:38:00,18:32:00,-6,2025-06-13,38100,67080,4
2025,6,13,5,LAX,MCO,2025-06-13 11:20:00,11:19:00,-1,19:14:00,19:21:00,7,2025-06-13,40800,69240,4
2025,6,13,5,LAX,MCO,2025-06-13 13:57:00,14:22:00,25,22:10:00,22:24:00,14,2025-06-13,50220,79800,4
2025,6,13,5,LAX,MCO,2025-06-13 21:35:00,21:28:00,-7,05:36:00,05:18:00,-18,2025-06-13,77700,20160,4
2025,6,13,5,LAX,MCO,2025-06-13 21:45:00,21:43:00,-2,05:32:00,05:24:00,-8,2025-06-13,78300,19920,4
2025,6,13,5,LAX,MCO,2025-06-13 22:49:00,22:53:00,4,06:47:00,06:47:00,0,2025-06-13,82140,24420,4
2025,6,13,5,LAX,MDW,2025-06-13 06:20:00,06:19:00,-1,12:25:00,12:14:00,-11,2025-06-13,22800,44700,4
2025,6,13,5,LAX,MDW,2025-06-13 08:40:00,08:45:00,5,14:45:00,14:39:00,-6,2025-06-13,31200,53100,4
2025,6,13,5,LAX,MDW,2025-06-13 13:15:00,13:27:00,12,19:20:00,19:20:00,0,2025-06-13,47700,69600,4
2025,6,13,5,LAX,MDW,2025-06-13 16:10:00,16:13:00,3,22:10:00,21:58:00,-12,2025-06-13,58200,79800,4
2025,6,13,5,LAX,MDW,2025-06-13 22:55:00,22:57:00,2,05:00:00,04:50:00,-10,2025-06-13,82500,18000,4
2025,6,13,5,LAX,MEM,2025-06-13 18:20:00,18:13:00,-7,23:58:00,00:00,2,2025-06-13,66000,86280,4
2025,6,13,5,LAX,MIA,2025-06-13 06:00:00,05:56:00,-4,14:13:00,13:50:00,-23,2025-06-13,21600,51180,4
2025,6,13,5,LAX,MIA,2025-06-13 07:45:00,08:07:00,22,15:54:00,16:13:00,19,2025-06-13,27900,57240,4
2025,6,13,5,LAX,MIA,2025-06-13 09:00:00,08:58:00,-2,17:19:00,17:44:00,25,2025-06-13,32400,62340,4
2025,6,13,5,LAX,MIA,2025-06-13 10:05:00,10:04:00,-1,18:16:00,18:01:00,-15,2025-06-13,36300,65760,4
2025,6,13,5,LAX,MIA,2025-06-13 12:10:00,12:10:00,0,20:20:00,20:08:00,-12,2025-06-13,43800,73200,4
2025,6,13,5,LAX,MIA,2025-06-13 15:00:00,15:53:00,53,23:10:00,23:43:00,33,2025-06-13,54000,83400,4
2025,6,13,5,LAX,MIA,2025-06-13 21:40:00,21:39:00,-1,05:50:00,05:37:00,-13,2025-06-13,78000,21000,4
2025,6,13,5,LAX,MIA,2025-06-13 22:49:00,22:48:00,-1,07:01:00,06:53:00,-8,2025-06-13,82140,25260,4
2025,6,13,5,LAX,MIA,2025-06-13 23:43:00,00:11:00,28,07:50:00,08:13:00,23,2025-06-13,85380,28200,4
2025,6,13,5,LAX,MRY,2025-06-13 08:20:00,08:14:00,-6,09:42:00,09:25:00,-17,2025-06-13,30000,34920,4
2025,6,13,5,LAX,MRY,2025-06-13 18:23:00,18:14:00,-9,19:37:00,19:18:00,-19,2025-06-13,66180,70620,4
2025,6,13,5,LAX,MSO,2025-06-13 11:31:00,11:22:00,-9,15:10:00,14:58:00,-12,2025-06-13,41460,54600,4
2025,6,13,5,LAX,MSP,2025-06-13 06:17:00,06:15:00,-2,11:48:00,11:37:00,-11,2025-06-13,22620,42480,4
2025,6,13,5,LAX,MSP,2025-06-13 08:00:00,08:00:00,0,13:34:00,13:25:00,-9,2025-06-13,28800,48840,4
2025,6,13,5,LAX,MSP,2025-06-13 13:25:00,14:06:00,41,18:55:00,19:27:00,32,2025-06-13,48300,68100,4
2025,6,13,5,LAX,MSP,2025-06-13 15:20:00,15:22:00,2,20:49:00,20:58:00,9,2025-06-13,55200,74940,4
2025,6,13,5,LAX,MSP,2025-06-13 18:50:00,18:45:00,-5,00:20:00,00:16:00,-4,2025-06-13,67800,1200,4
2025,6,13,5,LAX,MSP,2025-06-13 23:30:00,23:34:00,4,05:04:00,05:09:00,5,2025-06-13,84600,18240,4
2025,6,13,5,LAX,MSY,2025-06-13 07:00:00,06:49:00,-11,12:40:00,12:27:00,-13,2025-06-13,25200,45600,4
2025,6,13,5,LAX,MSY,2025-06-13 12:10:00,12:05:00,-5,17:53:00,17:51:00,-2,2025-06-13,43800,64380,4
2025,6,13,5,LAX,MSY,2025-06-13 12:25:00,12:40:00,15,18:10:00,18:30:00,20,2025-06-13,44700,65400,4
2025,6,13,5,LAX,MSY,2025-06-13 18:18:00,18:12:00,-6,23:58:00,23:41:00,-17,2025-06-13,65880,86280,4
2025,6,13,5,LAX,OAK,2025-06-13 06:10:00,06:06:00,-4,07:35:00,07:14:00,-21,2025-06-13,22200,27300,4
2025,6,13,5,LAX,OAK,2025-06-13 08:05:00,08:01:00,-4,09:30:00,09:10:00,-20,2025-06-13,29100,34200,4
2025,6,13,5,LAX,OAK,2025-06-13 09:25:00,09:21:00,-4,10:50:00,10:33:00,-17,2025-06-13,33900,39000,4
2025,6,13,5,LAX,OAK,2025-06-13 11:50:00,12:05:00,15,13:15:00,13:13:00,-2,2025-06-13,42600,47700,4
2025,6,13,5,LAX,OAK,2025-06-13 15:05:00,15:05:00,0,16:25:00,16:21:00,-4,2025-06-13,54300,59100,4
2025,6,13,5,LAX,OAK,2025-06-13 18:45:00,18:44:00,-1,20:10:00,19:56:00,-14,2025-06-13,67500,72600,4
2025,6,13,5,LAX,OAK,2025-06-13 20:30:00,20:39:00,9,21:55:00,21:48:00,-7,2025-06-13,73800,78900,4
2025,6,13,5,LAX,OGG,2025-06-13 07:00:00,07:02:00,2,09:35:00,09:57:00,22,2025-06-13,25200,34500,4
2025,6,13,5,LAX,OGG,2025-06-13 08:00:00,08:00:00,0,10:31:00,11:19:00,48,2025-06-13,28800,37860,4
2025,6,13,5,LAX,OGG,2025-06-13 08:15:00,08:14:00,-1,10:55:00,10:54:00,-1,2025-06-13,29700,39300,4
2025,6,13,5,LAX,OGG,2025-06-13 09:02:00,08:59:00,-3,11:47:00,11:39:00,-8,2025-06-13,32520,42420,4
2025,6,13,5,LAX,OGG,2025-06-13 16:55:00,16:49:00,-6,19:34:00,19:25:00,-9,2025-06-13,60900,70440,4
2025,6,13,5,LAX,OGG,2025-06-13 16:56:00,16:52:00,-4,19:28:00,19:16:00,-12,2025-06-13,60960,70080,4
2025,6,13,5,LAX,OGG,2025-06-13 17:54:00,17:50:00,-4,20:30:00,20:22:00,-8,2025-06-13,64440,73800,4
2025,6,13,5,LAX,OKC,2025-06-13 09:00:00,08:52:00,-8,14:00:00,13:47:00,-13,2025-06-13,32400,50400,4
2025,6,13,5,LAX,OKC,2025-06-13 17:32:00,17:26:00,-6,22:30:00,22:19:00,-11,2025-06-13,63120,81000,4
2025,6,13,5,LAX,OMA,2025-06-13 12:36:00,12:27:00,-9,17:52:00,17:33:00,-19,2025-06-13,45360,64320,4
2025,6,13,5,LAX,ORD,2025-06-13 00:30:00,00:28:00,-2,06:42:00,06:35:00,-7,2025-06-13,1800,24120,4
2025,6,13,5,LAX,ORD,2025-06-13 00:32:00,00:27:00,-5,06:38:00,06:21:00,-17,2025-06-13,1920,23880,4
2025,6,13,5,LAX,ORD,2025-06-13 00:44:00,00:38:00,-6,06:51:00,06:30:00,-21,2025-06-13,2640,24660,4
2025,6,13,5,LAX,ORD,2025-06-13 05:45:00,05:40:00,-5,11:57:00,11:43:00,-14,2025-06-13,20700,43020,4
2025,6,13,5,LAX,ORD,2025-06-13 06:05:00,05:57:00,-8,12:21:00,12:10:00,-11,2025-06-13,21900,44460,4
2025,6,13,5,LAX,ORD,2025-06-13 06:20:00,06:15:00,-5,12:42:00,12:31:00,-11,2025-06-13,22800,45720,4
2025,6,13,5,LAX,ORD,2025-06-13 06:30:00,06:25:00,-5,12:38:00,12:23:00,-15,2025-06-13,23400,45480,4
2025,6,13,5,LAX,ORD,2025-06-13 08:00:00,07:54:00,-6,14:15:00,13:59:00,-16,2025-06-13,28800,51300,4
2025,6,13,5,LAX,ORD,2025-06-13 08:15:00,08:08:00,-7,14:39:00,14:19:00,-20,2025-06-13,29700,52740,4
2025,6,13,5,LAX,ORD,2025-06-13 09:36:00,09:38:00,2,15:44:00,16:01:00,17,2025-06-13,34560,56640,4
2025,6,13,5,LAX,ORD,2025-06-13 10:40:00,10:36:00,-4,16:56:00,16:47:00,-9,2025-06-13,38400,60960,4
2025,6,13,5,LAX,ORD,2025-06-13 11:05:00,11:04:00,-1,17:17:00,17:30:00,13,2025-06-13,39900,62220,4
2025,6,13,5,LAX,ORD,2025-06-13 11:45:00,11:36:00,-9,17:53:00,17:45:00,-8,2025-06-13,42300,64380,4
2025,6,13,5,LAX,ORD,2025-06-13 12:37:00,12:34:00,-3,18:55:00,19:26:00,31,2025-06-13,45420,68100,4
2025,6,13,5,LAX,ORD,2025-06-13 13:00:00,13:05:00,5,19:29:00,19:19:00,-10,2025-06-13,46800,70140,4
2025,6,13,5,LAX,ORD,2025-06-13 14:01:00,13:58:00,-3,20:25:00,20:04:00,-21,2025-06-13,50460,73500,4
2025,6,13,5,LAX,ORD,2025-06-13 15:02:00,15:21:00,19,21:08:00,21:46:00,38,2025-06-13,54120,76080,4
2025,6,13,5,LAX,ORD,2025-06-13 16:40:00,16:54:00,14,23:04:00,22:52:00,-12,2025-06-13,60000,83040,4
2025,6,13,5,LAX,ORD,2025-06-13 17:29:00,17:39:00,10,23:35:00,23:45:00,10,2025-06-13,62940,84900,4
2025,6,13,5,LAX,ORD,2025-06-13 17:38:00,17:30:00,-8,23:59:00,23:33:00,-26,2025-06-13,63480,86340,4
2025,6,13,5,LAX,ORD,2025-06-13 22:40:00,22:39:00,-1,04:51:00,04:49:00,-2,2025-06-13,81600,17460,4
2025,6,13,5,LAX,ORD,2025-06-13 23:00:00,23:15:00,15,05:13:00,05:12:00,-1,2025-06-13,82800,18780,4
2025,6,13,5,LAX,ORD,2025-06-13 23:25:00,00:09:00,44,05:33:00,06:06:00,33,2025-06-13,84300,19980,4
2025,6,13,5,LAX,PDX,2025-06-13 07:00:00,06:59:00,-1,09:21:00,09:12:00,-9,2025-06-13,25200,33660,4
2025,6,13,5,LAX,PDX,2025-06-13 08:45:00,09:07:00,22,11:10:00,11:19:00,9,2025-06-13,31500,40200,4
2025,6,13,5,LAX,PDX,2025-06-13 09:05:00,09:00:00,-5,11:31:00,11:26:00,-5,2025-06-13,32700,41460,4
2025,6,13,5,LAX,PDX,2025-06-13 11:02:00,10:59:00,-3,13:25:00,13:14:00,-11,2025-06-13,39720,48300,4
2025,6,13,5,LAX,PDX,2025-06-13 13:40:00,13:30:00,-10,16:00:00,15:37:00,-23,2025-06-13,49200,57600,4
2025,6,13,5,LAX,PDX,2025-06-13 14:05:00,14:30:00,25,16:26:00,16:44:00,18,2025-06-13,50700,59160,4
2025,6,13,5,LAX,PDX,2025-06-13 16:05:00,16:10:00,5,18:26:00,18:28:00,2,2025-06-13,57900,66360,4
2025,6,13,5,LAX,PDX,2025-06-13 16:40:00,16:31:00,-9,18:59:00,18:34:00,-25,2025-06-13,60000,68340,4
2025,6,13,5,LAX,PDX,2025-06-13 18:07:00,18:01:00,-6,20:30:00,20:14:00,-16,2025-06-13,65220,73800,4
2025,6,13,5,LAX,PDX,2025-06-13 20:25:00,20:17:00,-8,22:45:00,22:21:00,-24,2025-06-13,73500,81900,4
2025,6,13,5,LAX,PDX,2025-06-13 21:36:00,21:28:00,-8,23:59:00,23:41:00,-18,2025-06-13,77760,86340,4
2025,6,13,5,LAX,PHL,2025-06-13 01:08:00,01:13:00,5,09:16:00,09:20:00,4,2025-06-13,4080,33360,4
2025,6,13,5,LAX,PHL,2025-06-13 06:45:00,06:36:00,-9,14:54:00,14:40:00,-14,2025-06-13,24300,53640,4
2025,6,13,5,LAX,PHL,2025-06-13 07:45:00,07:35:00,-10,15:56:00,15:37:00,-19,2025-06-13,27900,57360,4
2025,6,13,5,LAX,PHL,2025-06-13 09:00:00,09:07:00,7,17:18:00,17:28:00,10,2025-06-13,32400,62280,4
2025,6,13,5,LAX,PHL,2025-06-13 11:40:00,11:36:00,-4,19:56:00,20:11:00,15,2025-06-13,42000,71760,4
2025,6,13,5,LAX,PHL,2025-06-13 14:42:00,14:37:00,-5,22:54:00,22:40:00,-14,2025-06-13,52920,82440,4
2025,6,13,5,LAX,PHL,2025-06-13 16:30:00,16:25:00,-5,00:43:00,00:28:00,-15,2025-06-13,59400,2580,4
2025,6,13,5,LAX,PHL,2025-06-13 22:35:00,23:30:00,55,06:58:00,07:48:00,50,2025-06-13,81300,25080,4
2025,6,13,5,LAX,PHL,2025-06-13 22:53:00,23:07:00,14,07:05:00,07:13:00,8,2025-06-13,82380,25500,4
2025,6,13,5,LAX,PHX,2025-06-13 05:25:00,05:26:00,1,06:55:00,06:38:00,-17,2025-06-13,19500,24900,4
2025,6,13,5,LAX,PHX,2025-06-13 06:10:00,06:07:00,-3,07:39:00,07:27:00,-12,2025-06-13,22200,27540,4
2025,6,13,5,LAX,PHX,2025-06-13 07:05:00,06:55:00,-10,08:30:00,08:22:00,-8,2025-06-13,25500,30600,4
2025,6,13,5,LAX,PHX,2025-06-13 07:50:00,07:43:00,-7,09:15:00,08:59:00,-16,2025-06-13,28200,33300,4
2025,6,13,5,LAX,PHX,2025-06-13 08:15:00,08:06:00,-9,09:51:00,09:53:00,2,2025-06-13,29700,35460,4
2025,6,13,5,LAX,PHX,2025-06-13 10:00:00,09:58:00,-2,11:30:00,11:10:00,-20,2025-06-13,36000,41400,4
2025,6,13,5,LAX,PHX,2025-06-13 10:15:00,10:08:00,-7,11:45:00,11:26:00,-19,2025-06-13,36900,42300,4
2025,6,13,5,LAX,PHX,2025-06-13 11:05:00,11:12:00,7,12:35:00,12:15:00,-20,2025-06-13,39900,45300,4
2025,6,13,5,LAX,PHX,2025-06-13 13:25:00,13:18:00,-7,14:50:00,14:44:00,-6,2025-06-13,48300,53400,4
2025,6,13,5,LAX,PHX,2025-06-13 13:25:00,13:20:00,-5,15:03:00,14:50:00,-13,2025-06-13,48300,54180,4
2025,6,13,5,LAX,PHX,2025-06-13 14:00:00,13:52:00,-8,15:28:00,15:15:00,-13,2025-06-13,50400,55680,4
2025,6,13,5,LAX,PHX,2025-06-13 14:23:00,14:40:00,17,16:02:00,16:44:00,42,2025-06-13,51780,57720,4
2025,6,13,5,LAX,PHX,2025-06-13 14:40:00,14:45:00,5,16:10:00,16:05:00,-5,2025-06-13,52800,58200,4
2025,6,13,5,LAX,PHX,2025-06-13 16:32:00,17:05:00,33,17:59:00,18:23:00,24,2025-06-13,59520,64740,4
2025,6,13,5,LAX,PHX,2025-06-13 17:30:00,17:23:00,-7,18:55:00,18:55:00,0,2025-06-13,63000,68100,4
2025,6,13,5,LAX,PHX,2025-06-13 19:10:00,19:04:00,-6,20:39:00,21:21:00,42,2025-06-13,69000,74340,4
2025,6,13,5,LAX,PHX,2025-06-13 19:35:00,19:31:00,-4,21:03:00,20:58:00,-5,2025-06-13,70500,75780,4
2025,6,13,5,LAX,PHX,2025-06-13 19:55:00,20:18:00,23,21:30:00,21:47:00,17,2025-06-13,71700,77400,4
2025,6,13,5,LAX,PHX,2025-06-13 21:34:00,21:48:00,14,23:05:00,23:03:00,-2,2025-06-13,77640,83100,4
2025,6,13,5,LAX,PHX,2025-06-13 21:35:00,22:22:00,47,23:15:00,23:32:00,17,2025-06-13,77700,83700,4
2025,6,13,5,LAX,PHX,2025-06-13 22:35:00,22:29:00,-6,00:13:00,23:49:00,-24,2025-06-13,81300,780,4
2025,6,13,5,LAX,PIT,2025-06-13 09:15:00,09:15:00,0,17:00:00,17:09:00,9,2025-06-13,33300,61200,4
2025,6,13,5,LAX,PRC,2025-06-13 19:45:00,19:36:00,-9,21:11:00,20:51:00,-20,2025-06-13,71100,76260,4
2025,6,13,5,LAX,PSC,2025-06-13 21:25:00,21:20:00,-5,23:59:00,23:40:00,-19,2025-06-13,77100,86340,4
2025,6,13,5,LAX,RDD,2025-06-13 12:50:00,12:45:00,-5,14:39:00,14:22:00,-17,2025-06-13,46200,52740,4
2025,6,13,5,LAX,RDM,2025-06-13 12:45:00,12:40:00,-5,15:03:00,14:44:00,-19,2025-06-13,45900,54180,4
2025,6,13,5,LAX,RDU,2025-06-13 08:57:00,08:54:00,-3,16:54:00,16:58:00,4,2025-06-13,32220,60840,4
2025,6,13,5,LAX,RDU,2025-06-13 22:20:00,22:09:00,-11,06:18:00,05:55:00,-23,2025-06-13,80400,22680,4
2025,6,13,5,LAX,RNO,2025-06-13 09:59:00,09:52:00,-7,11:31:00,11:09:00,-22,2025-06-13,35940,41460,4
2025,6,13,5,LAX,RNO,2025-06-13 10:19:00,10:35:00,16,12:00:00,12:18:00,18,2025-06-13,37140,43200,4
2025,6,13,5,LAX,RNO,2025-06-13 14:25:00,14:28:00,3,15:50:00,15:43:00,-7,2025-06-13,51900,57000,4
2025,6,13,5,LAX,RNO,2025-06-13 15:02:00,14:58:00,-4,16:30:00,16:33:00,3,2025-06-13,54120,59400,4
2025,6,13,5,LAX,RNO,2025-06-13 17:10:00,17:02:00,-8,18:44:00,18:40:00,-4,2025-06-13,61800,67440,4
2025,6,13,5,LAX,RNO,2025-06-13 20:15:00,20:48:00,33,21:49:00,22:19:00,30,2025-06-13,72900,78540,4
2025,6,13,5,LAX,RNO,2025-06-13 20:50:00,20:43:00,-7,22:17:00,22:05:00,-12,2025-06-13,75000,80220,4
2025,6,13,5,LAX,RNO,2025-06-13 22:16:00,22:15:00,-1,23:53:00,23:41:00,-12,2025-06-13,80160,85980,4
2025,6,13,5,LAX,SAN,2025-06-13 08:20:00,08:11:00,-9,09:19:00,09:17:00,-2,2025-06-13,30000,33540,4
2025,6,13,5,LAX,SAN,2025-06-13 09:20:00,09:20:00,0,10:24:00,10:57:00,33,2025-06-13,33600,37440,4
2025,6,13,5,LAX,SAN,2025-06-13 14:28:00,14:19:00,-9,15:22:00,15:12:00,-10,2025-06-13,52080,55320,4
2025,6,13,5,LAX,SAN,2025-06-13 18:00:00,18:21:00,21,18:54:00,19:34:00,40,2025-06-13,64800,68040,4
2025,6,13,5,LAX,SAN,2025-06-13 18:46:00,18:40:00,-6,19:47:00,19:45:00,-2,2025-06-13,67560,71220,4
2025,6,13,5,LAX,SAN,2025-06-13 21:59:00,21:49:00,-10,22:53:00,22:40:00,-13,2025-06-13,79140,82380,4
2025,6,13,5,LAX,SAN,2025-06-13 22:45:00,22:44:00,-1,23:46:00,23:45:00,-1,2025-06-13,81900,85560,4
2025,6,13,5,LAX,SAT,2025-06-13 08:25:00,08:17:00,-8,13:21:00,13:01:00,-20,2025-06-13,30300,48060,4
2025,6,13,5,LAX,SAT,2025-06-13 09:12:00,09:06:00,-6,14:19:00,14:00:00,-19,2025-06-13,33120,51540,4
2025,6,13,5,LAX,SAT,2025-06-13 14:10:00,14:18:00,8,19:10:00,18:58:00,-12,2025-06-13,51000,69000,4
2025,6,13,5,LAX,SAT,2025-06-13 17:00:00,16:49:00,-11,21:58:00,21:34:00,-24,2025-06-13,61200,79080,4
2025,6,13,5,LAX,SAT,2025-06-13 18:58:00,19:38:00,40,23:49:00,00:23:00,34,2025-06-13,68280,85740,4
2025,6,13,5,LAX,SBA,2025-06-13 15:20:00,15:10:00,-10,16:12:00,16:29:00,17,2025-06-13,55200,58320,4
2025,6,13,5,LAX,SBA,2025-06-13 23:00:00,23:00:00,0,23:58:00,00:18:00,20,2025-06-13,82800,86280,4
2025,6,13,5,LAX,SBP,2025-06-13 15:00:00,14:53:00,-7,16:01:00,15:56:00,-5,2025-06-13,54000,57660,4
2025,6,13,5,LAX,SBP,2025-06-13 22:32:00,22:39:00,7,23:36:00,23:53:00,17,2025-06-13,81120,84960,4
2025,6,13,5,LAX,SDF,2025-06-13 08:21:00,08:11:00,-10,15:22:00,15:17:00,-5,2025-06-13,30060,55320,4
2025,6,13,5,LAX,SEA,2025-06-13 06:00:00,06:03:00,3,08:50:00,08:48:00,-2,2025-06-13,21600,31800,4
2025,6,13,5,LAX,SEA,2025-06-13 07:00:00,06:57:00,-3,09:47:00,09:55:00,8,2025-06-13,25200,35220,4
2025,6,13,5,LAX,SEA,2025-06-13 07:00:00,06:58:00,-2,09:54:00,09:37:00,-17,2025-06-13,25200,35640,4
2025,6,13,5,LAX,SEA,2025-06-13 08:33:00,08:30:00,-3,11:28:00,11:17:00,-11,2025-06-13,30780,41280,4
2025,6,13,5,LAX,SEA,2025-06-13 09:45:00,09:55:00,10,12:42:00,12:19:00,-23,2025-06-13,35100,45720,4
2025,6,13,5,LAX,SEA,2025-06-13 11:10:00,11:09:00,-1,14:01:00,14:05:00,4,2025-06-13,40200,50460,4
2025,6,13,5,LAX,SEA,2025-06-13 11:15:00,11:10:00,-5,14:09:00,14:19:00,10,2025-06-13,40500,50940,4
2025,6,13,5,LAX,SEA,2025-06-13 11:55:00,11:48:00,-7,14:39:00,14:37:00,-2,2025-06-13,42900,52740,4
2025,6,13,5,LAX,SEA,2025-06-13 14:10:00,14:29:00,19,16:54:00,17:28:00,34,2025-06-13,51000,60840,4
2025,6,13,5,LAX,SEA,2025-06-13 14:15:00,14:11:00,-4,17:00:00,16:45:00,-15,2025-06-13,51300,61200,4
2025,6,13,5,LAX,SEA,2025-06-13 17:43:00,17:37:00,-6,20:35:00,20:09:00,-26,2025-06-13,63780,74100,4
2025,6,13,5,LAX,SEA,2025-06-13 18:15:00,18:15:00,0,21:00:00,20:55:00,-5,2025-06-13,65700,75600,4
2025,6,13,5,LAX,SEA,2025-06-13 18:50:00,18:40:00,-10,21:45:00,21:18:00,-27,2025-06-13,67800,78300,4
2025,6,13,5,LAX,SEA,2025-06-13 19:07:00,19:03:00,-4,21:58:00,21:41:00,-17,2025-06-13,68820,79080,4
2025,6,13,5,LAX,SEA,2025-06-13 19:25:00,19:41:00,16,22:10:00,22:32:00,22,2025-06-13,69900,79800,4
2025,6,13,5,LAX,SEA,2025-06-13 19:59:00,20:04:00,5,22:57:00,22:52:00,-5,2025-06-13,71940,82620,4
2025,6,13,5,LAX,SEA,2025-06-13 20:10:00,20:03:00,-7,22:59:00,22:55:00,-4,2025-06-13,72600,82740,4
2025,6,13,5,LAX,SEA,2025-06-13 21:15:00,22:06:00,51,23:59:00,00:37:00,38,2025-06-13,76500,86340,4
2025,6,13,5,LAX,SEA,2025-06-13 21:29:00,21:22:00,-7,00:25:00,23:58:00,-27,2025-06-13,77340,1500,4
2025,6,13,5,LAX,SFO,2025-06-13 06:00:00,05:54:00,-6,07:38:00,07:19:00,-19,2025-06-13,21600,27480,4
2025,6,13,5,LAX,SFO,2025-06-13 06:30:00,06:21:00,-9,07:52:00,07:40:00,-12,2025-06-13,23400,28320,4
2025,6,13,5,LAX,SFO,2025-06-13 06:30:00,06:27:00,-3,07:50:00,07:38:00,-12,2025-06-13,23400,28200,4
2025,6,13,5,LAX,SFO,2025-06-13 07:00:00,06:53:00,-7,08:29:00,08:22:00,-7,2025-06-13,25200,30540,4
2025,6,13,5,LAX,SFO,2025-06-13 07:00:00,06:53:00,-7,08:36:00,08:16:00,-20,2025-06-13,25200,30960,4
2025,6,13,5,LAX,SFO,2025-06-13 08:05:00,08:01:00,-4,09:45:00,09:59:00,14,2025-06-13,29100,35100,4
2025,6,13,5,LAX,SFO,2025-06-13 08:35:00,08:30:00,-5,09:58:00,10:08:00,10,2025-06-13,30900,35880,4
2025,6,13,5,LAX,SFO,2025-06-13 09:10:00,09:08:00,-2,10:45:00,10:37:00,-8,2025-06-13,33000,38700,4
2025,6,13,5,LAX,SFO,2025-06-13 10:00:00,10:08:00,8,11:20:00,11:34:00,14,2025-06-13,36000,40800,4
2025,6,13,5,LAX,SFO,2025-06-13 10:15:00,10:09:00,-6,11:40:00,11:45:00,5,2025-06-13,36900,42000,4
2025,6,13,5,LAX,SFO,2025-06-13 10:26:00,10:24:00,-2,11:59:00,11:59:00,0,2025-06-13,37560,43140,4
2025,6,13,5,LAX,SFO,2025-06-13 11:29:00,11:27:00,-2,12:56:00,12:55:00,-1,2025-06-13,41340,46560,4
2025,6,13,5,LAX,SFO,2025-06-13 12:20:00,12:27:00,7,13:43:00,13:35:00,-8,2025-06-13,44400,49380,4
2025,6,13,5,LAX,SFO,2025-06-13 13:30:00,13:35:00,5,14:52:00,14:45:00,-7,2025-06-13,48600,53520,4
2025,6,13,5,LAX,SFO,2025-06-13 13:39:00,13:33:00,-6,15:07:00,15:16:00,9,2025-06-13,49140,54420,4
2025,6,13,5,LAX,SFO,2025-06-13 14:22:00,14:16:00,-6,15:48:00,15:27:00,-21,2025-06-13,51720,56880,4
2025,6,13,5,LAX,SFO,2025-06-13 15:44:00,15:40:00,-4,17:11:00,16:56:00,-15,2025-06-13,56640,61860,4
2025,6,13,5,LAX,SFO,2025-06-13 16:10:00,16:06:00,-4,17:39:00,17:15:00,-24,2025-06-13,58200,63540,4
2025,6,13,5,LAX,SFO,2025-06-13 16:30:00,16:28:00,-2,17:55:00,17:33:00,-22,2025-06-13,59400,64500,4
2025,6,13,5,LAX,SFO,2025-06-13 17:10:00,17:00:00,-10,18:40:00,18:21:00,-19,2025-06-13,61800,67200,4
2025,6,13,5,LAX,SFO,2025-06-13 17:40:00,17:53:00,13,19:02:00,19:00:00,-2,2025-06-13,63600,68520,4
2025,6,13,5,LAX,SFO,2025-06-13 18:08:00,18:12:00,4,19:43:00,19:34:00,-9,2025-06-13,65280,70980,4
2025,6,13,5,LAX,SFO,2025-06-13 18:20:00,18:20:00,0,19:43:00,19:29:00,-14,2025-06-13,66000,70980,4
2025,6,13,5,LAX,SFO,2025-06-13 18:40:00,18:41:00,1,20:09:00,20:00:00,-9,2025-06-13,67200,72540,4
2025,6,13,5,LAX,SFO,2025-06-13 18:59:00,19:02:00,3,20:28:00,20:29:00,1,2025-06-13,68340,73680,4
2025,6,13,5,LAX,SFO,2025-06-13 19:25:00,19:18:00,-7,20:57:00,20:51:00,-6,2025-06-13,69900,75420,4
2025,6,13,5,LAX,SFO,2025-06-13 19:55:00,19:59:00,4,21:25:00,21:12:00,-13,2025-06-13,71700,77100,4
2025,6,13,5,LAX,SFO,2025-06-13 21:30:00,21:22:00,-8,23:02:00,22:51:00,-11,2025-06-13,77400,82920,4
2025,6,13,5,LAX,SFO,2025-06-13 21:49:00,22:08:00,19,23:12:00,23:21:00,9,2025-06-13,78540,83520,4
2025,6,13,5,LAX,SFO,2025-06-13 22:25:00,22:23:00,-2,23:52:00,23:58:00,6,2025-06-13,80700,85920,4
2025,6,13,5,LAX,SGF,2025-06-13 06:00:00,05:57:00,-3,11:17:00,11:22:00,5,2025-06-13,21600,40620,4
2025,6,13,5,LAX,SGU,2025-06-13 13:15:00,13:13:00,-2,15:47:00,15:37:00,-10,2025-06-13,47700,56820,4
2025,6,13,5,LAX,SJC,2025-06-13 06:05:00,06:01:00,-4,07:25:00,07:15:00,-10,2025-06-13,21900,26700,4
2025,6,13,5,LAX,SJC,2025-06-13 07:05:00,07:05:00,0,08:20:00,08:19:00,-1,2025-06-13,25500,30000,4
2025,6,13,5,LAX,SJC,2025-06-13 09:00:00,09:02:00,2,10:20:00,10:11:00,-9,2025-06-13,32400,37200,4
2025,6,13,5,LAX,SJC,2025-06-13 09:15:00,09:07:00,-8,10:30:00,10:17:00,-13,2025-06-13,33300,37800,4
2025,6,13,5,LAX,SJC,2025-06-13 10:25:00,10:27:00,2,11:40:00,11:27:00,-13,2025-06-13,37500,42000,4
2025,6,13,5,LAX,SJC,2025-06-13 11:35:00,11:28:00,-7,12:52:00,12:40:00,-12,2025-06-13,41700,46320,4
2025,6,13,5,LAX,SJC,2025-06-13 13:25:00,13:25:00,0,14:40:00,14:33:00,-7,2025-06-13,48300,52800,4
2025,6,13,5,LAX,SJC,2025-06-13 14:05:00,14:38:00,33,15:20:00,15:41:00,21,2025-06-13,50700,55200,4
2025,6,13,5,LAX,SJC,2025-06-13 15:45:00,15:38:00,-7,17:00:00,16:44:00,-16,2025-06-13,56700,61200,4
2025,6,13,5,LAX,SJC,2025-06-13 16:35:00,16:36:00,1,17:50:00,17:38:00,-12,2025-06-13,59700,64200,4
2025,6,13,5,LAX,SJC,2025-06-13 18:00:00,17:57:00,-3,19:15:00,19:02:00,-13,2025-06-13,64800,69300,4
2025,6,13,5,LAX,SJC,2025-06-13 21:20:00,21:34:00,14,22:45:00,22:38:00,-7,2025-06-13,76800,81900,4
2025,6,13,5,LAX,SJC,2025-06-13 21:28:00,22:14:00,46,22:44:00,23:20:00,36,2025-06-13,77280,81840,4
2025,6,13,5,LAX,SLC,2025-06-13 06:00:00,05:58:00,-2,08:53:00,08:41:00,-12,2025-06-13,21600,31980,4
2025,6,13,5,LAX,SLC,2025-06-13 09:48:00,09:43:00,-5,12:43:00,12:21:00,-22,2025-06-13,35280,45780,4
2025,6,13,5,LAX,SLC,2025-06-13 10:05:00,10:18:00,13,12:55:00,12:55:00,0,2025-06-13,36300,46500,4
2025,6,13,5,LAX,SLC,2025-06-13 11:11:00,11:15:00,4,14:03:00,13:50:00,-13,2025-06-13,40260,50580,4
2025,6,13,5,LAX,SLC,2025-06-13 13:09:00,13:38:00,29,16:08:00,16:29:00,21,2025-06-13,47340,58080,4
2025,6,13,5,LAX,SLC,2025-06-13 13:11:00,13:10:00,-1,16:04:00,16:09:00,5,2025-06-13,47460,57840,4
2025,6,13,5,LAX,SLC,2025-06-13 18:45:00,18:43:00,-2,21:39:00,21:29:00,-10,2025-06-13,67500,77940,4
2025,6,13,5,LAX,SLC,2025-06-13 19:19:00,19:13:00,-6,22:06:00,21:56:00,-10,2025-06-13,69540,79560,4
2025,6,13,5,LAX,SMF,2025-06-13 06:00:00,05:57:00,-3,07:25:00,07:10:00,-15,2025-06-13,21600,26700,4
2025,6,13,5,LAX,SMF,2025-06-13 07:55:00,07:59:00,4,09:24:00,09:14:00,-10,2025-06-13,28500,33840,4
2025,6,13,5,LAX,SMF,2025-06-13 08:10:00,08:04:00,-6,09:40:00,09:18:00,-22,2025-06-13,29400,34800,4
2025,6,13,5,LAX,SMF,2025-06-13 08:15:00,08:13:00,-2,09:52:00,09:58:00,6,2025-06-13,29700,35520,4
2025,6,13,5,LAX,SMF,2025-06-13 09:46:00,09:36:00,-10,11:23:00,11:03:00,-20,2025-06-13,35160,40980,4
2025,6,13,5,LAX,SMF,2025-06-13 10:25:00,10:19:00,-6,11:59:00,11:40:00,-19,2025-06-13,37500,43140,4
2025,6,13,5,LAX,SMF,2025-06-13 11:40:00,11:55:00,15,13:05:00,13:07:00,2,2025-06-13,42000,47100,4
2025,6,13,5,LAX,SMF,2025-06-13 12:25:00,13:09:00,44,13:54:00,14:24:00,30,2025-06-13,44700,50040,4
2025,6,13,5,LAX,SMF,2025-06-13 16:20:00,16:25:00,5,17:45:00,17:43:00,-2,2025-06-13,58800,63900,4
2025,6,13,5,LAX,SMF,2025-06-13 16:30:00,16:26:00,-4,18:01:00,17:58:00,-3,2025-06-13,59400,64860,4
2025,6,13,5,LAX,SMF,2025-06-13 16:54:00,17:17:00,23,18:23:00,18:40:00,17,2025-06-13,60840,66180,4
2025,6,13,5,LAX,SMF,2025-06-13 17:05:00,16:58:00,-7,18:37:00,18:36:00,-1,2025-06-13,61500,67020,4
2025,6,13,5,LAX,SMF,2025-06-13 18:15:00,18:41:00,26,19:45:00,20:01:00,16,2025-06-13,65700,71100,4
2025,6,13,5,LAX,SMF,2025-06-13 19:22:00,19:14:00,-8,21:01:00,20:50:00,-11,2025-06-13,69720,75660,4
2025,6,13,5,LAX,SMF,2025-06-13 20:56:00,21:00:00,4,22:28:00,22:37:00,9,2025-06-13,75360,80880,4
2025,6,13,5,LAX,SMF,2025-06-13 21:55:00,22:10:00,15,23:20:00,23:42:00,22,2025-06-13,78900,84000,4
2025,6,13,5,LAX,STL,2025-06-13 05:10:00,05:24:00,14,10:50:00,10:58:00,8,2025-06-13,18600,39000,4
2025,6,13,5,LAX,STL,2025-06-13 19:05:00,19:30:00,25,00:40:00,00:57:00,17,2025-06-13,68700,2400,4
2025,6,13,5,LAX,STS,2025-06-13 09:25:00,09:25:00,0,11:06:00,11:08:00,2,2025-06-13,33900,39960,4
2025,6,13,5,LAX,STS,2025-06-13 22:06:00,22:02:00,-4,23:44:00,23:24:00,-20,2025-06-13,79560,85440,4
2025,6,13,5,LAX,SUN,2025-06-13 08:30:00,08:25:00,-5,11:43:00,11:50:00,7,2025-06-13,30600,42180,4
2025,6,13,5,LAX,TPA,2025-06-13 10:12:00,10:06:00,-6,18:00:00,17:55:00,-5,2025-06-13,36720,64800,4
2025,6,13,5,LAX,TPA,2025-06-13 22:10:00,22:49:00,39,05:44:00,06:19:00,35,2025-06-13,79800,20640,4
2025,6,13,5,LAX,TPA,2025-06-13 23:59:00,23:55:00,-4,07:56:00,07:23:00,-33,2025-06-13,86340,28560,4
2025,6,13,5,LAX,TUL,2025-06-13 07:45:00,07:43:00,-2,12:43:00,12:40:00,-3,2025-06-13,27900,45780,4
2025,6,13,5,LAX,TUS,2025-06-13 08:22:00,08:13:00,-9,10:03:00,09:42:00,-21,2025-06-13,30120,36180,4
2025,6,13,5,LAX,TUS,2025-06-13 09:35:00,09:27:00,-8,11:10:00,10:52:00,-18,2025-06-13,34500,40200,4
2025,6,13,5,LAX,TUS,2025-06-13 12:40:00,12:46:00,6,14:10:00,14:20:00,10,2025-06-13,45600,51000,4
2025,6,13,5,LAX,TUS,2025-06-13 14:10:00,14:02:00,-8,15:44:00,15:34:00,-10,2025-06-13,51000,56640,4
2025,6,13,5,LAX,TUS,2025-06-13 14:58:00,15:05:00,7,16:27:00,16:26:00,-1,2025-06-13,53880,59220,4
2025,6,13,5,LAX,TUS,2025-06-13 18:18:00,18:09:00,-9,19:49:00,19:38:00,-11,2025-06-13,65880,71340,4
2025,6,13,5,LAX,TUS,2025-06-13 19:00:00,19:17:00,17,20:33:00,20:43:00,10,2025-06-13,68400,73980,4
2025,6,13,5,LAX,XNA,2025-06-13 09:14:00,09:18:00,4,14:38:00,14:41:00,3,2025-06-13,33240,52680,4
2025,6,14,6,LAX,ABQ,2025-06-14 07:25:00,07:19:00,-6,10:25:00,10:10:00,-15,2025-06-14,26700,37500,5
2025,6,14,6,LAX,ABQ,2025-06-14 08:00:00,07:50:00,-10,11:08:00,11:02:00,-6,2025-06-14,28800,40080,5
2025,6,14,6,LAX,ABQ,2025-06-14 08:55:00,08:46:00,-9,11:58:00,11:56:00,-2,2025-06-14,32100,43080,5
2025,6,14,6,LAX,ABQ,2025-06-14 18:00:00,17:53:00,-7,21:01:00,20:46:00,-15,2025-06-14,64800,75660,5
2025,6,14,6,LAX,ACV,2025-06-14 13:15:00,13:10:00,-5,15:13:00,15:11:00,-2,2025-06-14,47700,54780,5
2025,6,14,6,LAX,ANC,2025-06-14 07:00:00,06:56:00,-4,11:24:00,11:04:00,-20,2025-06-14,25200,41040,5
2025,6,14,6,LAX,ANC,2025-06-14 10:37:00,10:31:00,-6,14:50:00,14:20:00,-30,2025-06-14,38220,53400,5
2025,6,14,6,LAX,ANC,2025-06-14 19:45:00,19:42:00,-3,00:08:00,00:01:00,-7,2025-06-14,71100,480,5
2025,6,14,6,LAX,ASE,2025-06-14 10:40:00,10:36:00,-4,13:56:00,13:37:00,-19,2025-06-14,38400,50160,5
2025,6,14,6,LAX,ASE,2025-06-14 12:54:00,12:42:00,-12,16:05:00,15:56:00,-9,2025-06-14,46440,57900,5
2025,6,14,6,LAX,ATL,2025-06-14 00:55:00,00:58:00,3,08:21:00,08:25:00,4,2025-06-14,3300,30060,5
2025,6,14,6,LAX,ATL,2025-06-14 06:20:00,06:18:00,-2,13:42:00,13:47:00,5,2025-06-14,22800,49320,5
2025,6,14,6,LAX,ATL,2025-06-14 07:35:00,07:40:00,5,14:48:00,14:55:00,7,2025-06-14,27300,53280,5
2025,6,14,6,LAX,ATL,2025-06-14 08:45:00,09:05:00,20,16:07:00,16:49:00,42,2025-06-14,31500,58020,5
2025,6,14,6,LAX,ATL,2025-06-14 09:51:00,09:48:00,-3,17:15:00,17:33:00,18,2025-06-14,35460,62100,5
2025,6,14,6,LAX,ATL,2025-06-14 09:53:00,09:46:00,-7,17:19:00,17:30:00,11,2025-06-14,35580,62340,5
2025,6,14,6,LAX,ATL,2025-06-14 11:15:00,11:47:00,32,18:34:00,19:28:00,54,2025-06-14,40500,66840,5
2025,6,14,6,LAX,ATL,2025-06-14 12:15:00,12:09:00,-6,19:30:00,21:02:00,92,2025-06-14,44100,70200,5
2025,6,14,6,LAX,ATL,2025-06-14 13:30:00,13:24:00,-6,20:59:00,21:22:00,23,2025-06-14,48600,75540,5
2025,6,14,6,LAX,ATL,2025-06-14 14:30:00,14:29:00,-1,21:50:00,21:53:00,3,2025-06-14,52200,78600,5
2025,6,14,6,LAX,ATL,2025-06-14 15:30:00,15:33:00,3,22:54:00,23:06:00,12,2025-06-14,55800,82440,5
2025,6,14,6,LAX,ATL,2025-06-14 21:28:00,21:46:00,18,05:07:00,05:11:00,4,2025-06-14,77280,18420,5
2025,6,14,6,LAX,ATL,2025-06-14 21:45:00,21:38:00,-7,05:00:00,04:57:00,-3,2025-06-14,78300,18000,5
2025,6,14,6,LAX,ATL,2025-06-14 22:45:00,23:11:00,26,06:00:00,06:31:00,31,2025-06-14,81900,21600,5
2025,6,14,6,LAX,ATL,2025-06-14 23:45:00,00:11:00,26,07:06:00,07:55:00,49,2025-06-14,85500,25560,5
2025,6,14,6,LAX,AUS,2025-06-14 06:00:00,05:59:00,-1,11:05:00,10:52:00,-13,2025-06-14,21600,39900,5
2025,6,14,6,LAX,AUS,2025-06-14 06:15:00,06:15:00,0,11:17:00,11:11:00,-6,2025-06-14,22500,40620,5
2025,6,14,6,LAX,AUS,2025-06-14 07:45:00,07:41:00,-4,12:46:00,12:29:00,-17,2025-06-14,27900,45960,5
2025,6,14,6,LAX,AUS,2025-06-14 10:45:00,10:39:00,-6,15:55:00,15:49:00,-6,2025-06-14,38700,57300,5
2025,6,14,6,LAX,AUS,2025-06-14 16:14:00,16:04:00,-10,21:14:00,20:58:00,-16,2025-06-14,58440,76440,5
2025,6,14,6,LAX,AUS,2025-06-14 17:45:00,18:40:00,55,22:45:00,23:19:00,34,2025-06-14,63900,81900,5
2025,6,14,6,LAX,AUS,2025-06-14 18:35:00,18:50:00,15,23:38:00,23:35:00,-3,2025-06-14,66900,85080,5
2025,6,14,6,LAX,AUS,2025-06-14 18:40:00,18:29:00,-11,23:58:00,23:23:00,-35,2025-06-14,67200,86280,5
2025,6,14,6,LAX,BNA,2025-06-14 06:45:00,06:44:00,-1,12:50:00,12:46:00,-4,2025-06-14,24300,46200,5
2025,6,14,6,LAX,BNA,2025-06-14 07:00:00,06:56:00,-4,12:57:00,13:11:00,14,2025-06-14,25200,46620,5
2025,6,14,6,LAX,BNA,2025-06-14 10:36:00,10:31:00,-5,16:45:00,16:23:00,-22,2025-06-14,38160,60300,5
2025,6,14,6,LAX,BNA,2025-06-14 11:50:00,11:51:00,1,18:00:00,18:02:00,2,2025-06-14,42600,64800,5
2025,6,14,6,LAX,BNA,2025-06-14 17:33:00,17:26:00,-7,23:33:00,23:23:00,-10,2025-06-14,63180,84780,5
2025,6,14,6,LAX,BNA,2025-06-14 22:50:00,22:49:00,-1,05:00:00,04:44:00,-16,2025-06-14,82200,18000,5
2025,6,14,6,LAX,BOI,2025-06-14 08:25:00,08:19:00,-6,11:34:00,11:13:00,-21,2025-06-14,30300,41640,5
2025,6,14,6,LAX,BOI,2025-06-14 12:40:00,12:38:00,-2,15:54:00,15:40:00,-14,2025-06-14,45600,57240,5
2025,6,14,6,LAX,BOI,2025-06-14 19:50:00,19:50:00,0,22:54:00,22:35:00,-19,2025-06-14,71400,82440,5
2025,6,14,6,LAX,BOI,2025-06-14 19:59:00,19:50:00,-9,23:01:00,22:45:00,-16,2025-06-14,71940,82860,5
2025,6,14,6,LAX,BOS,2025-06-14 06:00:00,05:57:00,-3,14:40:00,14:25:00,-15,2025-06-14,21600,52800,5
2025,6,14,6,LAX,BOS,2025-06-14 07:00:00,06:52:00,-8,15:37:00,15:32:00,-5,2025-06-14,25200,56220,5
2025,6,14,6,LAX,BOS,2025-06-14 08:30:00,08:30:00,0,17:13:00,17:03:00,-10,2025-06-14,30600,61980,5
2025,6,14,6,LAX,BOS,2025-06-14 08:40:00,09:37:00,57,17:16:00,18:01:00,45,2025-06-14,31200,62160,5
2025,6,14,6,LAX,BOS,2025-06-14 11:30:00,11:30:00,0,20:03:00,20:05:00,2,2025-06-14,41400,72180,5
2025,6,14,6,LAX,BOS,2025-06-14 15:25:00,15:22:00,-3,23:55:00,23:45:00,-10,2025-06-14,55500,86100,5
2025,6,14,6,LAX,BOS,2025-06-14 22:13:00,22:13:00,0,06:44:00,06:36:00,-8,2025-06-14,79980,24240,5
2025,6,14,6,LAX,BOS,2025-06-14 22:50:00,22:55:00,5,07:28:00,07:22:00,-6,2025-06-14,82200,26880,5
2025,6,14,6,LAX,BUF,2025-06-14 22:09:00,22:51:00,42,06:00:00,06:29:00,29,2025-06-14,79740,21600,5
2025,6,14,6,LAX,BWI,2025-06-14 06:30:00,06:30:00,0,14:30:00,14:32:00,2,2025-06-14,23400,52200,5
2025,6,14,6,LAX,BWI,2025-06-14 11:34:00,11:33:00,-1,19:29:00,19:26:00,-3,2025-06-14,41640,70140,5
2025,6,14,6,LAX,BWI,2025-06-14 13:15:00,13:24:00,9,21:20:00,21:36:00,16,2025-06-14,47700,76800,5
2025,6,14,6,LAX,BWI,2025-06-14 20:55:00,20:53:00,-2,05:00:00,04:36:00,-24,2025-06-14,75300,18000,5
2025,6,14,6,LAX,BWI,2025-06-14 23:59:00,23:52:00,-7,08:07:00,08:07:00,0,2025-06-14,86340,29220,5
2025,6,14,6,LAX,BZN,2025-06-14 11:21:00,11:14:00,-7,14:50:00,15:05:00,15,2025-06-14,40860,53400,5
2025,6,14,6,LAX,BZN,2025-06-14 18:00:00,17:51:00,-9,21:39:00,21:12:00,-27,2025-06-14,64800,77940,5
2025,6,14,6,LAX,CID,2025-06-14 06:40:00,06:32:00,-8,12:15:00,12:05:00,-10,2025-06-14,24000,44100,5
2025,6,14,6,LAX,CLE,2025-06-14 12:22:00,12:29:00,7,19:55:00,19:50:00,-5,2025-06-14,44520,71700,5
2025,6,14,6,LAX,CLE,2025-06-14 22:45:00,22:36:00,-9,06:17:00,06:01:00,-16,2025-06-14,81900,22620,5
2025,6,14,6,LAX,CLT,2025-06-14 06:05:00,06:02:00,-3,13:54:00,13:55:00,1,2025-06-14,21900,50040,5
2025,6,14,6,LAX,CLT,2025-06-14 07:59:00,07:54:00,-5,15:45:00,15:44:00,-1,2025-06-14,28740,56700,5
2025,6,14,6,LAX,CLT,2025-06-14 08:30:00,08:21:00,-9,16:16:00,16:15:00,-1,2025-06-14,30600,58560,5
2025,6,14,6,LAX,CLT,2025-06-14 09:11:00,09:13:00,2,17:00:00,17:16:00,16,2025-06-14,33060,61200,5
2025,6,14,6,LAX,CLT,2025-06-14 11:54:00,11:55:00,1,19:45:00,19:28:00,-17,2025-06-14,42840,71100,5
2025,6,14,6,LAX,CLT,2025-06-14 14:13:00,14:07:00,-6,22:02:00,21:57:00,-5,2025-06-14,51180,79320,5
2025,6,14,6,LAX,CLT,2025-06-14 21:48:00,22:10:00,22,05:29:00,05:39:00,10,2025-06-14,78480,19740,5
2025,6,14,6,LAX,CLT,2025-06-14 22:49:00,23:02:00,13,06:35:00,06:39:00,4,2025-06-14,82140,23700,5
2025,6,14,6,LAX,CLT,2025-06-14 23:49:00,23:40:00,-9,07:35:00,07:30:00,-5,2025-06-14,85740,27300,5
2025,6,14,6,LAX,CMH,2025-06-14 09:02:00,08:58:00,-4,16:41:00,16:28:00,-13,2025-06-14,32520,60060,5
2025,6,14,6,LAX,DAL,2025-06-14 05:00:00,05:00:00,0,10:05:00,09:54:00,-11,2025-06-14,18000,36300,5
2025,6,14,6,LAX,DAL,2025-06-14 08:15:00,08:20:00,5,13:30:00,13:29:00,-1,2025-06-14,29700,48600,5
2025,6,14,6,LAX,DAL,2025-06-14 13:20:00,13:23:00,3,18:30:00,18:26:00,-4,2025-06-14,48000,66600,5
2025,6,14,6,LAX,DAL,2025-06-14 18:10:00,18:03:00,-7,23:20:00,22:51:00,-29,2025-06-14,65400,84000,5
2025,6,14,6,LAX,DCA,2025-06-14 07:59:00,07:53:00,-6,16:00:00,16:07:00,7,2025-06-14,28740,57600,5
2025,6,14,6,LAX,DCA,2025-06-14 08:19:00,08:13:00,-6,16:22:00,16:06:00,-16,2025-06-14,29940,58920,5
2025,6,14,6,LAX,DCA,2025-06-14 12:28:00,12:49:00,21,20:29:00,21:49:00,80,2025-06-14,44880,73740,5
2025,6,14,6,LAX,DCA,2025-06-14 13:31:00,13:49:00,18,21:42:00,22:21:00,39,2025-06-14,48660,78120,5
2025,6,14,6,LAX,DEN,2025-06-14 05:15:00,05:14:00,-1,08:40:00,08:24:00,-16,2025-06-14,18900,31200,5
2025,6,14,6,LAX,DEN,2025-06-14 05:22:00,05:17:00,-5,08:41:00,08:30:00,-11,2025-06-14,19320,31260,5
2025,6,14,6,LAX,DEN,2025-06-14 06:15:00,06:13:00,-2,09:48:00,09:47:00,-1,2025-06-14,22500,35280,5
2025,6,14,6,LAX,DEN,2025-06-14 07:04:00,07:09:00,5,10:29:00,10:29:00,0,2025-06-14,25440,37740,5
2025,6,14,6,LAX,DEN,2025-06-14 07:40:00,07:36:00,-4,11:00:00,10:58:00,-2,2025-06-14,27600,39600,5
2025,6,14,6,LAX,DEN,2025-06-14 07:46:00,07:44:00,-2,11:10:00,11:21:00,11,2025-06-14,27960,40200,5
2025,6,14,6,LAX,DEN,2025-06-14 08:04:00,07:54:00,-10,11:33:00,11:15:00,-18,2025-06-14,29040,41580,5
2025,6,14,6,LAX,DEN,2025-06-14 09:00:00,09:00:00,0,12:27:00,12:19:00,-8,2025-06-14,32400,44820,5
2025,6,14,6,LAX,DEN,2025-06-14 10:20:00,10:40:00,20,13:45:00,13:58:00,13,2025-06-14,37200,49500,5
2025,6,14,6,LAX,DEN,2025-06-14 10:52:00,10:55:00,3,14:19:00,14:49:00,30,2025-06-14,39120,51540,5
2025,6,14,6,LAX,DEN,2025-06-14 12:04:00,12:12:00,8,15:43:00,15:44:00,1,2025-06-14,43440,56580,5
2025,6,14,6,LAX,DEN,2025-06-14 12:55:00,12:52:00,-3,16:23:00,16:18:00,-5,2025-06-14,46500,58980,5
2025,6,14,6,LAX,DEN,2025-06-14 13:38:00,13:30:00,-8,17:01:00,17:14:00,13,2025-06-14,49080,61260,5
2025,6,14,6,LAX,DEN,2025-06-14 14:35:00,14:38:00,3,18:05:00,18:08:00,3,2025-06-14,52500,65100,5
2025,6,14,6,LAX,DEN,2025-06-14 14:59:00,15:12:00,13,18:19:00,18:33:00,14,2025-06-14,53940,65940,5
2025,6,14,6,LAX,DEN,2025-06-14 15:20:00,15:17:00,-3,18:45:00,18:39:00,-6,2025-06-14,55200,67500,5
2025,6,14,6,LAX,DEN,2025-06-14 16:11:00,16:02:00,-9,19:40:00,19:34:00,-6,2025-06-14,58260,70800,5
2025,6,14,6,LAX,DEN,2025-06-14 19:18:00,19:08:00,-10,22:47:00,22:21:00,-26,2025-06-14,69480,82020,5
2025,6,14,6,LAX,DEN,2025-06-14 19:20:00,19:16:00,-4,22:45:00,22:32:00,-13,2025-06-14,69600,81900,5
2025,6,14,6,LAX,DEN,2025-06-14 20:25:00,20:22:00,-3,23:48:00,23:32:00,-16,2025-06-14,73500,85680,5
2025,6,14,6,LAX,DFW,2025-06-14 00:40:00,00:37:00,-3,05:45:00,05:36:00,-9,2025-06-14,2400,20700,5
2025,6,14,6,LAX,DFW,2025-06-14 00:47:00,00:45:00,-2,05:50:00,05:39:00,-11,2025-06-14,2820,21000,5
2025,6,14,6,LAX,DFW,2025-06-14 01:30:00,01:24:00,-6,06:33:00,06:13:00,-20,2025-06-14,5400,23580,5
2025,6,14,6,LAX,DFW,2025-06-14 06:00:00,05:55:00,-5,11:03:00,10:56:00,-7,2025-06-14,21600,39780,5
2025,6,14,6,LAX,DFW,2025-06-14 06:00:00,06:32:00,32,11:20:00,11:42:00,22,2025-06-14,21600,40800,5
2025,6,14,6,LAX,DFW,2025-06-14 07:00:00,06:51:00,-9,12:09:00,12:00:00,-9,2025-06-14,25200,43740,5
2025,6,14,6,LAX,DFW,2025-06-14 08:00:00,08:01:00,1,13:12:00,13:07:00,-5,2025-06-14,28800,47520,5
2025,6,14,6,LAX,DFW,2025-06-14 08:35:00,08:24:00,-11,13:43:00,13:39:00,-4,2025-06-14,30900,49380,5
2025,6,14,6,LAX,DFW,2025-06-14 10:37:00,10:35:00,-2,15:45:00,15:36:00,-9,2025-06-14,38220,56700,5
2025,6,14,6,LAX,DFW,2025-06-14 12:30:00,12:50:00,20,17:37:00,18:00:00,23,2025-06-14,45000,63420,5
2025,6,14,6,LAX,DFW,2025-06-14 14:33:00,14:30:00,-3,19:43:00,19:30:00,-13,2025-06-14,52380,70980,5
2025,6,14,6,LAX,DFW,2025-06-14 15:45:00,15:40:00,-5,20:56:00,21:22:00,26,2025-06-14,56700,75360,5
2025,6,14,6,LAX,DFW,2025-06-14 16:36:00,16:41:00,5,21:47:00,21:46:00,-1,2025-06-14,59760,78420,5
2025,6,14,6,LAX,DFW,2025-06-14 18:35:00,18:35:00,0,23:47:00,23:34:00,-13,2025-06-14,66900,85620,5
2025,6,14,6,LAX,DFW,2025-06-14 18:55:00,18:57:00,2,23:56:00,23:43:00,-13,2025-06-14,68100,86160,5
2025,6,14,6,LAX,DFW,2025-06-14 19:03:00,19:44:00,41,00:26:00,00:50:00,24,2025-06-14,68580,1560,5
2025,6,14,6,LAX,DFW,2025-06-14 23:59:00,00:10:00,11,05:06:00,05:13:00,7,2025-06-14,86340,18360,5
2025,6,14,6,LAX,DTW,2025-06-14 00:20:00,00:14:00,-6,07:52:00,07:39:00,-13,2025-06-14,1200,28320,5
2025,6,14,6,LAX,DTW,2025-06-14 05:30:00,05:25:00,-5,12:57:00,12:53:00,-4,2025-06-14,19800,46620,5
2025,6,14,6,LAX,DTW,2025-06-14 07:35:00,07:28:00,-7,14:56:00,14:53:00,-3,2025-06-14,27300,53760,5
2025,6,14,6,LAX,DTW,2025-06-14 09:25:00,09:21:00,-4,16:52:00,16:43:00,-9,2025-06-14,33900,60720,5
2025,6,14,6,LAX,DTW,2025-06-14 11:14:00,11:12:00,-2,18:37:00,18:39:00,2,2025-06-14,40440,67020,5
2025,6,14,6,LAX,DTW,2025-06-14 12:09:00,12:05:00,-4,19:31:00,19:31:00,0,2025-06-14,43740,70260,5
2025,6,14,6,LAX,DTW,2025-06-14 15:36:00,15:34:00,-2,23:04:00,22:57:00,-7,2025-06-14,56160,83040,5
2025,6,14,6,LAX,DTW,2025-06-14 21:30:00,22:13:00,43,04:52:00,06:18:00,86,2025-06-14,77400,17520,5
2025,6,14,6,LAX,DTW,2025-06-14 22:15:00,22:10:00,-5,05:35:00,05:28:00,-7,2025-06-14,80100,20100,5
2025,6,14,6,LAX,ELP,2025-06-14 11:20:00,11:41:00,21,14:20:00,14:31:00,11,2025-06-14,40800,51600,5
2025,6,14,6,LAX,ELP,2025-06-14 14:30:00,14:19:00,-11,17:31:00,17:25:00,-6,2025-06-14,52200,63060,5
2025,6,14,6,LAX,ELP,2025-06-14 19:47:00,19:42:00,-5,22:47:00,22:33:00,-14,2025-06-14,71220,82020,5
2025,6,14,6,LAX,EUG,2025-06-14 21:44:00,21:34:00,-10,23:58:00,23:44:00,-14,2025-06-14,78240,86280,5
2025,6,14,6,LAX,EWR,2025-06-14 06:00:00,05:56:00,-4,14:34:00,14:16:00,-18,2025-06-14,21600,52440,5
2025,6,14,6,LAX,EWR,2025-06-14 07:00:00,06:50:00,-10,15:28:00,15:12:00,-16,2025-06-14,25200,55680,5
2025,6,14,6,LAX,EWR,2025-06-14 07:00:00,06:59:00,-1,15:34:00,15:27:00,-7,2025-06-14,25200,56040,5
2025,6,14,6,LAX,EWR,2025-06-14 07:00:00,07:02:00,2,15:34:00,15:31:00,-3,2025-06-14,25200,56040,5
2025,6,14,6,LAX,EWR,2025-06-14 08:20:00,08:15:00,-5,16:45:00,16:38:00,-7,2025-06-14,30000,60300,5
2025,6,14,6,LAX,EWR,2025-06-14 11:45:00,11:40:00,-5,20:24:00,20:14:00,-10,2025-06-14,42300,73440,5
2025,6,14,6,LAX,EWR,2025-06-14 13:30:00,13:36:00,6,21:52:00,21:46:00,-6,2025-06-14,48600,78720,5
2025,6,14,6,LAX,EWR,2025-06-14 14:34:00,14:30:00,-4,22:55:00,22:38:00,-17,2025-06-14,52440,82500,5
2025,6,14,6,LAX,EWR,2025-06-14 21:26:00,21:18:00,-8,05:59:00,05:33:00,-26,2025-06-14,77160,21540,5
2025,6,14,6,LAX,EWR,2025-06-14 21:35:00,21:34:00,-1,05:55:00,06:07:00,12,2025-06-14,77700,21300,5
2025,6,14,6,LAX,EWR,2025-06-14 23:59:00,00:33:00,34,08:12:00,08:35:00,23,2025-06-14,86340,29520,5
2025,6,14,6,LAX,FAT,2025-06-14 10:30:00,10:25:00,-5,11:48:00,11:41:00,-7,2025-06-14,37800,42480,5
2025,6,14,6,LAX,FCA,2025-06-14 09:44:00,09:33:00,-11,13:43:00,13:10:00,-33,2025-06-14,35040,49380,5
2025,6,14,6,LAX,FLL,2025-06-14 08:00:00,07:51:00,-9,16:14:00,15:47:00,-27,2025-06-14,28800,58440,5
2025,6,14,6,LAX,FLL,2025-06-14 11:12:00,11:04:00,-8,19:26:00,19:10:00,-16,2025-06-14,40320,69960,5
2025,6,14,6,LAX,FLL,2025-06-14 21:55:00,22:46:00,51,06:03:00,06:39:00,36,2025-06-14,78900,21780,5
2025,6,14,6,LAX,GEG,2025-06-14 10:25:00,10:19:00,-6,13:11:00,12:35:00,-36,2025-06-14,37500,47460,5
2025,6,14,6,LAX,GEG,2025-06-14 18:59:00,18:50:00,-9,21:33:00,21:19:00,-14,2025-06-14,68340,77580,5
2025,6,14,6,LAX,HDN,2025-06-14 12:40:00,12:34:00,-6,15:59:00,15:46:00,-13,2025-06-14,45600,57540,5
2025,6,14,6,LAX,HNL,2025-06-14 07:05:00,07:01:00,-4,10:10:00,09:39:00,-31,2025-06-14,25500,36600,5
2025,6,14,6,LAX,HNL,2025-06-14 08:25:00,08:25:00,0,11:07:00,11:04:00,-3,2025-06-14,30300,40020,5
2025,6,14,6,LAX,HNL,2025-06-14 08:30:00,09:18:00,48,11:05:00,11:43:00,38,2025-06-14,30600,39900,5
2025,6,14,6,LAX,HNL,2025-06-14 08:35:00,08:32:00,-3,11:17:00,11:17:00,0,2025-06-14,30900,40620,5
2025,6,14,6,LAX,HNL,2025-06-14 08:49:00,08:40:00,-9,11:37:00,11:22:00,-15,2025-06-14,31740,41820,5
2025,6,14,6,LAX,HNL,2025-06-14 10:10:00,10:37:00,27,12:40:00,13:04:00,24,2025-06-14,36600,45600,5
2025,6,14,6,LAX,HNL,2025-06-14 11:15:00,11:38:00,23,14:04:00,14:29:00,25,2025-06-14,40500,50640,5
2025,6,14,6,LAX,HNL,2025-06-14 13:15:00,13:09:00,-6,16:01:00,15:54:00,-7,2025-06-14,47700,57660,5
2025,6,14,6,LAX,HNL,2025-06-14 13:35:00,13:26:00,-9,16:18:00,16:10:00,-8,2025-06-14,48900,58680,5
2025,6,14,6,LAX,HNL,2025-06-14 14:44:00,14:40:00,-4,17:28:00,17:19:00,-9,2025-06-14,53040,62880,5
2025,6,14,6,LAX,HNL,2025-06-14 17:10:00,17:04:00,-6,19:44:00,19:21:00,-23,2025-06-14,61800,71040,5
2025,6,14,6,LAX,HNL,2025-06-14 17:45:00,18:15:00,30,20:30:00,21:06:00,36,2025-06-14,63900,73800,5
2025,6,14,6,LAX,HNL,2025-06-14 18:10:00,18:12:00,2,20:52:00,20:44:00,-8,2025-06-14,65400,75120,5
2025,6,14,6,LAX,HNL,2025-06-14 18:25:00,18:50:00,25,21:15:00,21:38:00,23,2025-06-14,66300,76500,5
2025,6,14,6,LAX,HNL,2025-06-14 18:45:00,18:53:00,8,21:28:00,21:24:00,-4,2025-06-14,67500,77280,5
2025,6,14,6,LAX,HOU,2025-06-14 05:05:00,05:09:00,4,10:30:00,10:18:00,-12,2025-06-14,18300,37800,5
2025,6,14,6,LAX,HOU,2025-06-14 13:20:00,13:30:00,10,18:45:00,18:51:00,6,2025-06-14,48000,67500,5
2025,6,14,6,LAX,HOU,2025-06-14 23:50:00,23:50:00,0,05:15:00,05:10:00,-5,2025-06-14,85800,18900,5
2025,6,14,6,LAX,IAD,2025-06-14 06:20:00,06:19:00,-1,14:23:00,14:16:00,-7,2025-06-14,22800,51780,5
2025,6,14,6,LAX,IAD,2025-06-14 08:15:00,08:13:00,-2,16:21:00,16:19:00,-2,2025-06-14,29700,58860,5
2025,6,14,6,LAX,IAD,2025-06-14 08:20:00,08:33:00,13,16:25:00,16:40:00,15,2025-06-14,30000,59100,5
2025,6,14,6,LAX,IAD,2025-06-14 11:15:00,11:17:00,2,19:20:00,19:25:00,5,2025-06-14,40500,69600,5
2025,6,14,6,LAX,IAD,2025-06-14 12:45:00,12:39:00,-6,20:50:00,20:51:00,1,2025-06-14,45900,75000,5
2025,6,14,6,LAX,IAD,2025-06-14 22:50:00,23:17:00,27,06:39:00,06:58:00,19,2025-06-14,82200,23940,5
2025,6,14,6,LAX,IAH,2025-06-14 00:56:00,00:56:00,0,06:18:00,05:56:00,-22,2025-06-14,3360,22680,5
2025,6,14,6,LAX,IAH,2025-06-14 05:15:00,05:23:00,8,10:42:00,10:38:00,-4,2025-06-14,18900,38520,5
2025,6,14,6,LAX,IAH,2025-06-14 07:15:00,07:17:00,2,12:44:00,12:29:00,-15,2025-06-14,26100,45840,5
2025,6,14,6,LAX,IAH,2025-06-14 08:40:00,08:39:00,-1,14:09:00,14:21:00,12,2025-06-14,31200,50940,5
2025,6,14,6,LAX,IAH,2025-06-14 08:45:00,08:38:00,-7,14:07:00,14:34:00,27,2025-06-14,31500,50820,5
2025,6,14,6,LAX,IAH,2025-06-14 10:15:00,10:14:00,-1,15:40:00,16:23:00,43,2025-06-14,36900,56400,5
2025,6,14,6,LAX,IAH,2025-06-14 11:28:00,11:53:00,25,16:48:00,17:18:00,30,2025-06-14,41280,60480,5
2025,6,14,6,LAX,IAH,2025-06-14 13:58:00,14:08:00,10,19:25:00,19:37:00,12,2025-06-14,50280,69900,5
2025,6,14,6,LAX,IAH,2025-06-14 14:23:00,15:21:00,58,20:01:00,21:22:00,81,2025-06-14,51780,72060,5
2025,6,14,6,LAX,IAH,2025-06-14 18:10:00,18:12:00,2,23:33:00,23:15:00,-18,2025-06-14,65400,84780,5
2025,6,14,6,LAX,IAH,2025-06-14 19:20:00,20:13:00,53,00:43:00,01:18:00,35,2025-06-14,69600,2580,5
2025,6,14,6,LAX,IAH,2025-06-14 23:45:00,23:47:00,2,05:05:00,04:57:00,-8,2025-06-14,85500,18300,5
2025,6,14,6,LAX,IND,2025-06-14 10:36:00,10:41:00,5,17:47:00,17:54:00,7,2025-06-14,38160,64020,5
2025,6,14,6,LAX,JAC,2025-06-14 10:30:00,10:34:00,4,13:48:00,13:36:00,-12,2025-06-14,37800,49680,5
2025,6,14,6,LAX,JAC,2025-06-14 12:35:00,13:22:00,47,15:52:00,17:20:00,88,2025-06-14,45300,57120,5
2025,6,14,6,LAX,JFK,2025-06-14 06:00:00,06:00:00,0,14:34:00,14:31:00,-3,2025-06-14,21600,52440,5
2025,6,14,6,LAX,JFK,2025-06-14 06:00:00,06:07:00,7,14:30:00,15:13:00,43,2025-06-14,21600,52200,5
2025,6,14,6,LAX,JFK,2025-06-14 06:30:00,06:28:00,-2,15:05:00,15:20:00,15,2025-06-14,23400,54300,5
2025,6,14,6,LAX,JFK,2025-06-14 07:00:00,06:54:00,-6,15:35:00,15:29:00,-6,2025-06-14,25200,56100,5
2025,6,14,6,LAX,JFK,2025-06-14 07:00:00,07:02:00,2,15:35:00,15:50:00,15,2025-06-14,25200,56100,5
2025,6,14,6,LAX,JFK,2025-06-14 09:05:00,09:07:00,2,17:57:00,18:01:00,4,2025-06-14,32700,64620,5
2025,6,14,6,LAX,JFK,2025-06-14 10:21:00,11:14:00,53,18:59:00,19:54:00,55,2025-06-14,37260,68340,5
2025,6,14,6,LAX,JFK,2025-06-14 11:10:00,11:49:00,39,19:50:00,20:49:00,59,2025-06-14,40200,71400,5
2025,6,14,6,LAX,JFK,2025-06-14 11:30:00,11:55:00,25,20:06:00,20:45:00,39,2025-06-14,41400,72360,5
2025,6,14,6,LAX,JFK,2025-06-14 12:21:00,12:13:00,-8,21:00:00,20:55:00,-5,2025-06-14,44460,75600,5
2025,6,14,6,LAX,JFK,2025-06-14 12:25:00,12:41:00,16,20:59:00,21:23:00,24,2025-06-14,44700,75540,5
2025,6,14,6,LAX,JFK,2025-06-14 15:15:00,15:16:00,1,23:55:00,23:56:00,1,2025-06-14,54900,86100,5
2025,6,14,6,LAX,JFK,2025-06-14 15:20:00,15:12:00,-8,23:54:00,23:45:00,-9,2025-06-14,55200,86040,5
2025,6,14,6,LAX,JFK,2025-06-14 15:20:00,15:23:00,3,23:57:00,23:46:00,-11,2025-06-14,55200,86220,5
2025,6,14,6,LAX,JFK,2025-06-14 20:30:00,20:21:00,-9,05:00:00,04:49:00,-11,2025-06-14,73800,18000,5
2025,6,14,6,LAX,JFK,2025-06-14 20:53:00,20:56:00,3,05:30:00,05:21:00,-9,2025-06-14,75180,19800,5
2025,6,14,6,LAX,JFK,2025-06-14 21:21:00,21:14:00,-7,05:55:00,05:35:00,-20,2025-06-14,76860,21300,5
2025,6,14,6,LAX,JFK,2025-06-14 21:30:00,21:34:00,4,05:59:00,05:54:00,-5,2025-06-14,77400,21540,5
2025,6,14,6,LAX,JFK,2025-06-14 21:40:00,21:55:00,15,06:07:00,05:58:00,-9,2025-06-14,78000,22020,5
2025,6,14,6,LAX,JFK,2025-06-14 22:52:00,22:45:00,-7,07:32:00,07:01:00,-31,2025-06-14,82320,27120,5
2025,6,14,6,LAX,JFK,2025-06-14 23:55:00,23:58:00,3,08:30:00,08:33:00,3,2025-06-14,86100,30600,5
2025,6,14,6,LAX,JFK,2025-06-14 23:58:00,23:58:00,0,08:30:00,08:45:00,15,2025-06-14,86280,30600,5
2025,6,14,6,LAX,KOA,2025-06-14 07:25:00,07:21:00,-4,10:05:00,09:58:00,-7,2025-06-14,26700,36300,5
2025,6,14,6,LAX,KOA,2025-06-14 08:30:00,08:43:00,13,11:10:00,11:32:00,22,2025-06-14,30600,40200,5
2025,6,14,6,LAX,KOA,2025-06-14 09:03:00,08:57:00,-6,11:43:00,11:44:00,1,2025-06-14,32580,42180,5
2025,6,14,6,LAX,KOA,2025-06-14 11:19:00,11:14:00,-5,13:55:00,14:02:00,7,2025-06-14,40740,50100,5
2025,6,14,6,LAX,KOA,2025-06-14 16:29:00,17:28:00,59,18:59:00,20:08:00,69,2025-06-14,59340,68340,5
2025,6,14,6,LAX,KOA,2025-06-14 17:25:00,17:17:00,-8,20:03:00,19:58:00,-5,2025-06-14,62700,72180,5
2025,6,14,6,LAX,LAS,2025-06-14 05:25:00,05:24:00,-1,06:40:00,06:40:00,0,2025-06-14,19500,24000,5
2025,6,14,6,LAX,LAS,2025-06-14 05:30:00,05:26:00,-4,06:42:00,06:31:00,-11,2025-06-14,19800,24120,5
2025,6,14,6,LAX,LAS,2025-06-14 07:30:00,07:26:00,-4,08:40:00,08:37:00,-3,2025-06-14,27000,31200,5
2025,6,14,6,LAX,LAS,2025-06-14 08:20:00,08:15:00,-5,09:45:00,09:29:00,-16,2025-06-14,30000,35100,5
2025,6,14,6,LAX,LAS,2025-06-14 08:26:00,08:23:00,-3,09:51:00,09:49:00,-2,2025-06-14,30360,35460,5
2025,6,14,6,LAX,LAS,2025-06-14 10:19:00,10:14:00,-5,11:31:00,11:16:00,-15,2025-06-14,37140,41460,5
2025,6,14,6,LAX,LAS,2025-06-14 11:40:00,11:34:00,-6,12:54:00,12:54:00,0,2025-06-14,42000,46440,5
2025,6,14,6,LAX,LAS,2025-06-14 13:30:00,13:24:00,-6,14:52:00,14:41:00,-11,2025-06-14,48600,53520,5
2025,6,14,6,LAX,LAS,2025-06-14 14:10:00,14:18:00,8,15:30:00,15:15:00,-15,2025-06-14,51000,55800,5
2025,6,14,6,LAX,LAS,2025-06-14 15:05:00,14:59:00,-6,16:15:00,15:59:00,-16,2025-06-14,54300,58500,5
2025,6,14,6,LAX,LAS,2025-06-14 15:48:00,15:48:00,0,17:13:00,17:03:00,-10,2025-06-14,56880,61980,5
2025,6,14,6,LAX,LAS,2025-06-14 16:10:00,16:10:00,0,17:25:00,17:03:00,-22,2025-06-14,58200,62700,5
2025,6,14,6,LAX,LAS,2025-06-14 17:55:00,18:07:00,12,19:18:00,19:25:00,7,2025-06-14,64500,69480,5
2025,6,14,6,LAX,LAS,2025-06-14 18:50:00,19:08:00,18,20:00:00,20:23:00,23,2025-06-14,67800,72000,5
2025,6,14,6,LAX,LAS,2025-06-14 18:52:00,18:47:00,-5,20:08:00,19:50:00,-18,2025-06-14,67920,72480,5
2025,6,14,6,LAX,LAS,2025-06-14 19:30:00,19:26:00,-4,20:52:00,20:43:00,-9,2025-06-14,70200,75120,5
2025,6,14,6,LAX,LAS,2025-06-14 19:48:00,19:43:00,-5,21:00:00,21:15:00,15,2025-06-14,71280,75600,5
2025,6,14,6,LAX,LAS,2025-06-14 20:40:00,20:36:00,-4,22:00:00,21:55:00,-5,2025-06-14,74400,79200,5
2025,6,14,6,LAX,LAS,2025-06-14 22:15:00,22:07:00,-8,23:27:00,23:08:00,-19,2025-06-14,80100,84420,5
2025,6,14,6,LAX,LAS,2025-06-14 22:18:00,22:10:00,-8,23:35:00,23:14:00,-21,2025-06-14,80280,84900,5
2025,6,14,6,LAX,LAS,2025-06-14 23:05:00,22:57:00,-8,00:27:00,00:08:00,-19,2025-06-14,83100,1620,5
2025,6,14,6,LAX,LIH,2025-06-14 07:20:00,07:15:00,-5,10:20:00,10:12:00,-8,2025-06-14,26400,37200,5
2025,6,14,6,LAX,LIH,2025-06-14 08:42:00,08:32:00,-10,11:38:00,11:37:00,-1,2025-06-14,31320,41880,5
2025,6,14,6,LAX,LIH,2025-06-14 09:03:00,09:05:00,2,12:04:00,11:48:00,-16,2025-06-14,32580,43440,5
2025,6,14,6,LAX,LIH,2025-06-14 09:30:00,10:23:00,53,12:25:00,12:49:00,24,2025-06-14,34200,44700,5
2025,6,14,6,LAX,LIH,2025-06-14 14:25:00,14:34:00,9,17:08:00,17:12:00,4,2025-06-14,51900,61680,5
2025,6,14,6,LAX,LIH,2025-06-14 17:30:00,17:30:00,0,20:25:00,20:00:00,-25,2025-06-14,63000,73500,5
2025,6,14,6,LAX,LIT,2025-06-14 15:42:00,15:53:00,11,21:06:00,21:17:00,11,2025-06-14,56520,75960,5
2025,6,14,6,LAX,MCI,2025-06-14 07:30:00,07:39:00,9,12:45:00,12:57:00,12,2025-06-14,27000,45900,5
2025,6,14,6,LAX,MCI,2025-06-14 15:20:00,15:12:00,-8,20:29:00,20:16:00,-13,2025-06-14,55200,73740,5
2025,6,14,6,LAX,MCO,2025-06-14 07:00:00,06:57:00,-3,14:58:00,15:34:00,36,2025-06-14,25200,53880,5
2025,6,14,6,LAX,MCO,2025-06-14 07:00:00,07:24:00,24,15:08:00,15:52:00,44,2025-06-14,25200,54480,5
2025,6,14,6,LAX,MCO,2025-06-14 10:35:00,10:38:00,3,18:38:00,19:08:00,30,2025-06-14,38100,67080,5
2025,6,14,6,LAX,MCO,2025-06-14 11:20:00,11:12:00,-8,19:14:00,19:07:00,-7,2025-06-14,40800,69240,5
2025,6,14,6,LAX,MCO,2025-06-14 13:57:00,14:06:00,9,22:10:00,22:12:00,2,2025-06-14,50220,79800,5
2025,6,14,6,LAX,MCO,2025-06-14 16:05:00,15:59:00,-6,23:59:00,23:48:00,-11,2025-06-14,57900,86340,5
2025,6,14,6,LAX,MCO,2025-06-14 21:35:00,21:28:00,-7,05:36:00,05:07:00,-29,2025-06-14,77700,20160,5
2025,6,14,6,LAX,MCO,2025-06-14 21:45:00,21:39:00,-6,05:32:00,05:18:00,-14,2025-06-14,78300,19920,5
2025,6,14,6,LAX,MCO,2025-06-14 22:49:00,22:59:00,10,06:47:00,06:50:00,3,2025-06-14,82140,24420,5
2025,6,14,6,LAX,MDW,2025-06-14 05:40:00,05:38:00,-2,11:45:00,11:43:00,-2,2025-06-14,20400,42300,5
2025,6,14,6,LAX,MDW,2025-06-14 11:55:00,11:56:00,1,17:55:00,17:52:00,-3,2025-06-14,42900,64500,5
2025,6,14,6,LAX,MDW,2025-06-14 16:40:00,16:57:00,17,22:45:00,22:46:00,1,2025-06-14,60000,81900,5
2025,6,14,6,LAX,MDW,2025-06-14 22:55:00,23:20:00,25,05:00:00,05:06:00,6,2025-06-14,82500,18000,5
2025,6,14,6,LAX,MIA,2025-06-14 06:00:00,05:56:00,-4,14:13:00,14:14:00,1,2025-06-14,21600,51180,5
2025,6,14,6,LAX,MIA,2025-06-14 07:45:00,07:43:00,-2,15:54:00,15:56:00,2,2025-06-14,27900,57240,5
2025,6,14,6,LAX,MIA,2025-06-14 09:00:00,08:58:00,-2,17:19:00,17:21:00,2,2025-06-14,32400,62340,5
2025,6,14,6,LAX,MIA,2025-06-14 10:05:00,10:45:00,40,18:16:00,18:44:00,28,2025-06-14,36300,65760,5
2025,6,14,6,LAX,MIA,2025-06-14 12:10:00,12:08:00,-2,20:20:00,19:58:00,-22,2025-06-14,43800,73200,5
2025,6,14,6,LAX,MIA,2025-06-14 15:00:00,15:04:00,4,23:10:00,23:00:00,-10,2025-06-14,54000,83400,5
2025,6,14,6,LAX,MIA,2025-06-14 21:40:00,21:39:00,-1,05:50:00,05:29:00,-21,2025-06-14,78000,21000,5
2025,6,14,6,LAX,MIA,2025-06-14 22:49:00,22:49:00,0,07:01:00,06:48:00,-13,2025-06-14,82140,25260,5
2025,6,14,6,LAX,MIA,2025-06-14 23:43:00,23:39:00,-4,07:50:00,07:34:00,-16,2025-06-14,85380,28200,5
2025,6,14,6,LAX,MRY,2025-06-14 08:20:00,08:14:00,-6,09:42:00,09:47:00,5,2025-06-14,30000,34920,5
2025,6,14,6,LAX,MRY,2025-06-14 18:23:00,18:41:00,18,19:37:00,19:41:00,4,2025-06-14,66180,70620,5
2025,6,14,6,LAX,MSO,2025-06-14 11:31:00,11:21:00,-10,15:10:00,15:09:00,-1,2025-06-14,41460,54600,5
2025,6,14,6,LAX,MSP,2025-06-14 00:50:00,00:53:00,3,06:25:00,06:26:00,1,2025-06-14,3000,23100,5
2025,6,14,6,LAX,MSP,2025-06-14 06:17:00,06:14:00,-3,11:48:00,11:40:00,-8,2025-06-14,22620,42480,5
2025,6,14,6,LAX,MSP,2025-06-14 08:00:00,07:54:00,-6,13:34:00,13:37:00,3,2025-06-14,28800,48840,5
2025,6,14,6,LAX,MSP,2025-06-14 11:30:00,11:26:00,-4,17:02:00,17:04:00,2,2025-06-14,41400,61320,5
2025,6,14,6,LAX,MSP,2025-06-14 13:25:00,13:19:00,-6,18:55:00,19:00:00,5,2025-06-14,48300,68100,5
2025,6,14,6,LAX,MSP,2025-06-14 15:20:00,15:23:00,3,20:49:00,21:12:00,23,2025-06-14,55200,74940,5
2025,6,14,6,LAX,MSP,2025-06-14 18:50:00,19:16:00,26,00:20:00,00:40:00,20,2025-06-14,67800,1200,5
2025,6,14,6,LAX,MSP,2025-06-14 23:30:00,23:57:00,27,05:04:00,05:46:00,42,2025-06-14,84600,18240,5
2025,6,14,6,LAX,MSY,2025-06-14 17:47:00,18:37:00,50,23:27:00,00:10:00,43,2025-06-14,64020,84420,5
2025,6,14,6,LAX,MSY,2025-06-14 18:18:00,18:25:00,7,23:58:00,23:55:00,-3,2025-06-14,65880,86280,5
2025,6,14,6,LAX,OAK,2025-06-14 05:35:00,05:38:00,3,06:55:00,06:59:00,4,2025-06-14,20100,24900,5
2025,6,14,6,LAX,OAK,2025-06-14 08:50:00,09:28:00,38,10:15:00,10:43:00,28,2025-06-14,31800,36900,5
2025,6,14,6,LAX,OAK,2025-06-14 12:45:00,13:00:00,15,14:05:00,14:07:00,2,2025-06-14,45900,50700,5
2025,6,14,6,LAX,OAK,2025-06-14 17:20:00,17:20:00,0,18:45:00,18:30:00,-15,2025-06-14,62400,67500,5
2025,6,14,6,LAX,OAK,2025-06-14 20:40:00,21:07:00,27,22:05:00,22:14:00,9,2025-06-14,74400,79500,5
2025,6,14,6,LAX,OGG,2025-06-14 07:00:00,06:55:00,-5,09:35:00,09:21:00,-14,2025-06-14,25200,34500,5
2025,6,14,6,LAX,OGG,2025-06-14 08:00:00,07:54:00,-6,10:31:00,10:18:00,-13,2025-06-14,28800,37860,5
2025,6,14,6,LAX,OGG,2025-06-14 09:02:00,08:57:00,-5,11:47:00,11:21:00,-26,2025-06-14,32520,42420,5
2025,6,14,6,LAX,OGG,2025-06-14 09:08:00,09:00:00,-8,11:45:00,11:39:00,-6,2025-06-14,32880,42300,5
2025,6,14,6,LAX,OGG,2025-06-14 10:48:00,10:42:00,-6,13:27:00,13:43:00,16,2025-06-14,38880,48420,5
2025,6,14,6,LAX,OGG,2025-06-14 16:55:00,16:54:00,-1,19:34:00,19:21:00,-13,2025-06-14,60900,70440,5
2025,6,14,6,LAX,OGG,2025-06-14 16:56:00,16:49:00,-7,19:28:00,19:12:00,-16,2025-06-14,60960,70080,5
2025,6,14,6,LAX,OKC,2025-06-14 09:00:00,08:56:00,-4,14:00:00,13:49:00,-11,2025-06-14,32400,50400,5
2025,6,14,6,LAX,OKC,2025-06-14 17:32:00,17:49:00,17,22:30:00,22:44:00,14,2025-06-14,63120,81000,5
2025,6,14,6,LAX,OMA,2025-06-14 06:20:00,06:17:00,-3,11:32:00,11:26:00,-6,2025-06-14,22800,41520,5
2025,6,14,6,LAX,OMA,2025-06-14 12:36:00,12:41:00,5,17:52:00,17:56:00,4,2025-06-14,45360,64320,5
2025,6,14,6,LAX,ORD,2025-06-14 00:30:00,00:59:00,29,06:42:00,06:55:00,13,2025-06-14,1800,24120,5
2025,6,14,6,LAX,ORD,2025-06-14 00:32:00,00:42:00,10,06:38:00,06:53:00,15,2025-06-14,1920,23880,5
2025,6,14,6,LAX,ORD,2025-06-14 00:44:00,00:40:00,-4,06:51:00,06:32:00,-19,2025-06-14,2640,24660,5
2025,6,14,6,LAX,ORD,2025-06-14 05:45:00,05:42:00,-3,11:57:00,11:55:00,-2,2025-06-14,20700,43020,5
2025,6,14,6,LAX,ORD,2025-06-14 06:05:00,05:59:00,-6,12:21:00,12:17:00,-4,2025-06-14,21900,44460,5
2025,6,14,6,LAX,ORD,2025-06-14 06:30:00,06:21:00,-9,12:38:00,12:23:00,-15,2025-06-14,23400,45480,5
2025,6,14,6,LAX,ORD,2025-06-14 08:00:00,08:00:00,0,14:15:00,13:58:00,-17,2025-06-14,28800,51300,5
2025,6,14,6,LAX,ORD,2025-06-14 08:15:00,08:23:00,8,14:39:00,14:15:00,-24,2025-06-14,29700,52740,5
2025,6,14,6,LAX,ORD,2025-06-14 09:36:00,09:34:00,-2,15:44:00,15:32:00,-12,2025-06-14,34560,56640,5
2025,6,14,6,LAX,ORD,2025-06-14 10:40:00,10:38:00,-2,16:56:00,16:50:00,-6,2025-06-14,38400,60960,5
2025,6,14,6,LAX,ORD,2025-06-14 11:45:00,11:39:00,-6,17:53:00,18:11:00,18,2025-06-14,42300,64380,5
2025,6,14,6,LAX,ORD,2025-06-14 12:37:00,12:29:00,-8,18:55:00,19:24:00,29,2025-06-14,45420,68100,5
2025,6,14,6,LAX,ORD,2025-06-14 13:00:00,12:50:00,-10,19:29:00,19:29:00,0,2025-06-14,46800,70140,5
2025,6,14,6,LAX,ORD,2025-06-14 14:01:00,14:09:00,8,20:25:00,20:10:00,-15,2025-06-14,50460,73500,5
2025,6,14,6,LAX,ORD,2025-06-14 15:02:00,15:00:00,-2,21:08:00,21:25:00,17,2025-06-14,54120,76080,5
2025,6,14,6,LAX,ORD,2025-06-14 16:40:00,16:31:00,-9,23:04:00,22:30:00,-34,2025-06-14,60000,83040,5
2025,6,14,6,LAX,ORD,2025-06-14 16:46:00,17:36:00,50,23:05:00,23:32:00,27,2025-06-14,60360,83100,5
2025,6,14,6,LAX,ORD,2025-06-14 17:29:00,17:19:00,-10,23:35:00,23:41:00,6,2025-06-14,62940,84900,5
2025,6,14,6,LAX,ORD,2025-06-14 23:00:00,23:19:00,19,05:13:00,05:11:00,-2,2025-06-14,82800,18780,5
2025,6,14,6,LAX,ORD,2025-06-14 23:25:00,23:40:00,15,05:33:00,05:35:00,2,2025-06-14,84300,19980,5
2025,6,14,6,LAX,PDX,2025-06-14 07:00:00,06:53:00,-7,09:21:00,09:03:00,-18,2025-06-14,25200,33660,5
2025,6,14,6,LAX,PDX,2025-06-14 07:00:00,06:53:00,-7,09:23:00,09:21:00,-2,2025-06-14,25200,33780,5
2025,6,14,6,LAX,PDX,2025-06-14 08:45:00,08:38:00,-7,11:10:00,11:07:00,-3,2025-06-14,31500,40200,5
2025,6,14,6,LAX,PDX,2025-06-14 09:43:00,10:29:00,46,12:14:00,12:37:00,23,2025-06-14,34980,44040,5
2025,6,14,6,LAX,PDX,2025-06-14 13:40:00,13:37:00,-3,16:00:00,15:50:00,-10,2025-06-14,49200,57600,5
2025,6,14,6,LAX,PDX,2025-06-14 14:05:00,14:13:00,8,16:25:00,16:25:00,0,2025-06-14,50700,59100,5
2025,6,14,6,LAX,PDX,2025-06-14 18:07:00,18:03:00,-4,20:30:00,20:10:00,-20,2025-06-14,65220,73800,5
2025,6,14,6,LAX,PDX,2025-06-14 20:06:00,20:17:00,11,22:30:00,22:36:00,6,2025-06-14,72360,81000,5
2025,6,14,6,LAX,PDX,2025-06-14 20:25:00,20:18:00,-7,22:45:00,22:20:00,-25,2025-06-14,73500,81900,5
2025,6,14,6,LAX,PDX,2025-06-14 21:36:00,22:18:00,42,23:59:00,00:30:00,31,2025-06-14,77760,86340,5
2025,6,14,6,LAX,PHL,2025-06-14 01:08:00,01:09:00,1,09:16:00,09:20:00,4,2025-06-14,4080,33360,5
2025,6,14,6,LAX,PHL,2025-06-14 06:45:00,06:43:00,-2,14:54:00,15:00:00,6,2025-06-14,24300,53640,5
2025,6,14,6,LAX,PHL,2025-06-14 07:45:00,07:54:00,9,15:56:00,16:00:00,4,2025-06-14,27900,57360,5
2025,6,14,6,LAX,PHL,2025-06-14 09:00:00,08:57:00,-3,17:18:00,16:59:00,-19,2025-06-14,32400,62280,5
2025,6,14,6,LAX,PHL,2025-06-14 14:42:00,14:39:00,-3,22:54:00,22:42:00,-12,2025-06-14,52920,82440,5
2025,6,14,6,LAX,PHL,2025-06-14 16:30:00,17:03:00,33,00:43:00,01:02:00,19,2025-06-14,59400,2580,5
2025,6,14,6,LAX,PHL,2025-06-14 22:53:00,22:42:00,-11,07:05:00,06:54:00,-11,2025-06-14,82380,25500,5
2025,6,14,6,LAX,PHL,2025-06-14 22:56:00,22:54:00,-2,07:00:00,07:00:00,0,2025-06-14,82560,25200,5
2025,6,14,6,LAX,PHX,2025-06-14 05:00:00,05:39:00,39,06:30:00,07:05:00,35,2025-06-14,18000,23400,5
2025,6,14,6,LAX,PHX,2025-06-14 06:10:00,06:06:00,-4,07:39:00,07:25:00,-14,2025-06-14,22200,27540,5
2025,6,14,6,LAX,PHX,2025-06-14 07:05:00,06:54:00,-11,08:30:00,08:32:00,2,2025-06-14,25500,30600,5
2025,6,14,6,LAX,PHX,2025-06-14 08:15:00,08:12:00,-3,09:51:00,09:34:00,-17,2025-06-14,29700,35460,5
2025,6,14,6,LAX,PHX,2025-06-14 09:40:00,10:07:00,27,11:10:00,11:33:00,23,2025-06-14,34800,40200,5
2025,6,14,6,LAX,PHX,2025-06-14 10:00:00,09:57:00,-3,11:30:00,11:25:00,-5,2025-06-14,36000,41400,5
2025,6,14,6,LAX,PHX,2025-06-14 10:15:00,10:09:00,-6,11:45:00,11:25:00,-20,2025-06-14,36900,42300,5
2025,6,14,6,LAX,PHX,2025-06-14 12:30:00,12:40:00,10,13:55:00,13:59:00,4,2025-06-14,45000,50100,5
2025,6,14,6,LAX,PHX,2025-06-14 13:25:00,13:23:00,-2,14:50:00,14:39:00,-11,2025-06-14,48300,53400,5
2025,6,14,6,LAX,PHX,2025-06-14 14:00:00,14:24:00,24,15:28:00,15:46:00,18,2025-06-14,50400,55680,5
2025,6,14,6,LAX,PHX,2025-06-14 14:23:00,14:31:00,8,16:02:00,15:57:00,-5,2025-06-14,51780,57720,5
2025,6,14,6,LAX,PHX,2025-06-14 16:32:00,16:25:00,-7,17:59:00,17:44:00,-15,2025-06-14,59520,64740,5
2025,6,14,6,LAX,PHX,2025-06-14 19:10:00,19:02:00,-8,20:39:00,20:20:00,-19,2025-06-14,69000,74340,5
2025,6,14,6,LAX,PHX,2025-06-14 19:20:00,19:15:00,-5,20:50:00,20:23:00,-27,2025-06-14,69600,75000,5
2025,6,14,6,LAX,PHX,2025-06-14 19:35:00,19:35:00,0,21:03:00,20:55:00,-8,2025-06-14,70500,75780,5
2025,6,14,6,LAX,PHX,2025-06-14 19:55:00,19:44:00,-11,21:22:00,21:05:00,-17,2025-06-14,71700,76920,5
2025,6,14,6,LAX,PHX,2025-06-14 22:35:00,22:29:00,-6,00:13:00,23:55:00,-18,2025-06-14,81300,780,5
2025,6,14,6,LAX,PIT,2025-06-14 09:15:00,09:08:00,-7,17:00:00,16:48:00,-12,2025-06-14,33300,61200,5
2025,6,14,6,LAX,PRC,2025-06-14 19:45:00,19:37:00,-8,21:11:00,20:51:00,-20,2025-06-14,71100,76260,5
2025,6,14,6,LAX,PSC,2025-06-14 21:25:00,21:40:00,15,23:59:00,23:53:00,-6,2025-06-14,77100,86340,5
2025,6,14,6,LAX,RDD,2025-06-14 12:57:00,12:53:00,-4,14:46:00,14:35:00,-11,2025-06-14,46620,53160,5
2025,6,14,6,LAX,RDM,2025-06-14 12:45:00,12:39:00,-6,15:03:00,14:53:00,-10,2025-06-14,45900,54180,5
2025,6,14,6,LAX,RDU,2025-06-14 12:40:00,12:41:00,1,20:29:00,20:42:00,13,2025-06-14,45600,73740,5
2025,6,14,6,LAX,RDU,2025-06-14 22:20:00,22:19:00,-1,06:18:00,06:11:00,-7,2025-06-14,80400,22680,5
2025,6,14,6,LAX,RNO,2025-06-14 09:59:00,09:53:00,-6,11:31:00,11:11:00,-20,2025-06-14,35940,41460,5
2025,6,14,6,LAX,RNO,2025-06-14 15:02:00,14:56:00,-6,16:30:00,16:11:00,-19,2025-06-14,54120,59400,5
2025,6,14,6,LAX,RNO,2025-06-14 17:20:00,17:17:00,-3,18:54:00,18:51:00,-3,2025-06-14,62400,68040,5
2025,6,14,6,LAX,RNO,2025-06-14 19:30:00,19:35:00,5,20:59:00,21:05:00,6,2025-06-14,70200,75540,5
2025,6,14,6,LAX,RNO,2025-06-14 20:15:00,20:11:00,-4,21:49:00,21:42:00,-7,2025-06-14,72900,78540,5
2025,6,14,6,LAX,RNO,2025-06-14 21:10:00,21:26:00,16,22:40:00,22:41:00,1,2025-06-14,76200,81600,5
2025,6,14,6,LAX,RNO,2025-06-14 22:16:00,22:12:00,-4,23:53:00,23:49:00,-4,2025-06-14,80160,85980,5
2025,6,14,6,LAX,SAN,2025-06-14 08:20:00,08:10:00,-10,09:19:00,09:09:00,-10,2025-06-14,30000,33540,5
2025,6,14,6,LAX,SAN,2025-06-14 09:05:00,09:19:00,14,10:09:00,10:15:00,6,2025-06-14,32700,36540,5
2025,6,14,6,LAX,SAN,2025-06-14 15:25:00,15:22:00,-3,16:19:00,16:11:00,-8,2025-06-14,55500,58740,5
2025,6,14,6,LAX,SAN,2025-06-14 19:05:00,19:02:00,-3,20:04:00,19:58:00,-6,2025-06-14,68700,72240,5
2025,6,14,6,LAX,SAN,2025-06-14 21:59:00,22:12:00,13,22:53:00,22:54:00,1,2025-06-14,79140,82380,5
2025,6,14,6,LAX,SAN,2025-06-14 22:45:00,22:37:00,-8,23:46:00,23:35:00,-11,2025-06-14,81900,85560,5
2025,6,14,6,LAX,SAT,2025-06-14 09:12:00,09:02:00,-10,14:19:00,14:04:00,-15,2025-06-14,33120,51540,5
2025,6,14,6,LAX,SAT,2025-06-14 10:08:00,10:06:00,-2,15:02:00,14:41:00,-21,2025-06-14,36480,54120,5
2025,6,14,6,LAX,SAT,2025-06-14 17:00:00,16:57:00,-3,21:58:00,21:56:00,-2,2025-06-14,61200,79080,5
2025,6,14,6,LAX,SAT,2025-06-14 18:10:00,18:10:00,0,23:05:00,22:44:00,-21,2025-06-14,65400,83100,5
2025,6,14,6,LAX,SAT,2025-06-14 18:58:00,18:57:00,-1,23:49:00,23:36:00,-13,2025-06-14,68280,85740,5
2025,6,14,6,LAX,SBA,2025-06-14 15:20:00,15:14:00,-6,16:12:00,16:06:00,-6,2025-06-14,55200,58320,5
2025,6,14,6,LAX,SBA,2025-06-14 23:00:00,23:31:00,31,23:58:00,00:07:00,9,2025-06-14,82800,86280,5
2025,6,14,6,LAX,SBP,2025-06-14 15:00:00,14:55:00,-5,16:01:00,15:46:00,-15,2025-06-14,54000,57660,5
2025,6,14,6,LAX,SBP,2025-06-14 22:32:00,22:26:00,-6,23:36:00,23:15:00,-21,2025-06-14,81120,84960,5
2025,6,14,6,LAX,SDF,2025-06-14 08:21:00,08:09:00,-12,15:22:00,15:17:00,-5,2025-06-14,30060,55320,5
2025,6,14,6,LAX,SEA,2025-06-14 07:00:00,06:58:00,-2,09:47:00,09:43:00,-4,2025-06-14,25200,35220,5
2025,6,14,6,LAX,SEA,2025-06-14 07:00:00,06:59:00,-1,09:54:00,09:31:00,-23,2025-06-14,25200,35640,5
2025,6,14,6,LAX,SEA,2025-06-14 08:33:00,08:40:00,7,11:28:00,11:22:00,-6,2025-06-14,30780,41280,5
2025,6,14,6,LAX,SEA,2025-06-14 09:45:00,09:42:00,-3,12:42:00,12:18:00,-24,2025-06-14,35100,45720,5
2025,6,14,6,LAX,SEA,2025-06-14 11:50:00,12:14:00,24,14:38:00,15:01:00,23,2025-06-14,42600,52680,5
2025,6,14,6,LAX,SEA,2025-06-14 14:10:00,14:30:00,20,16:54:00,17:05:00,11,2025-06-14,51000,60840,5
2025,6,14,6,LAX,SEA,2025-06-14 14:15:00,14:12:00,-3,17:00:00,16:41:00,-19,2025-06-14,51300,61200,5
2025,6,14,6,LAX,SEA,2025-06-14 17:15:00,17:12:00,-3,20:00:00,19:49:00,-11,2025-06-14,62100,72000,5
2025,6,14,6,LAX,SEA,2025-06-14 17:43:00,17:57:00,14,20:35:00,20:19:00,-16,2025-06-14,63780,74100,5
2025,6,14,6,LAX,SEA,2025-06-14 18:20:00,18:42:00,22,21:05:00,21:11:00,6,2025-06-14,66000,75900,5
2025,6,14,6,LAX,SEA,2025-06-14 19:25:00,19:22:00,-3,22:10:00,21:59:00,-11,2025-06-14,69900,79800,5
2025,6,14,6,LAX,SEA,2025-06-14 20:40:00,20:40:00,0,23:38:00,23:05:00,-33,2025-06-14,74400,85080,5
2025,6,14,6,LAX,SEA,2025-06-14 21:15:00,21:10:00,-5,23:59:00,23:56:00,-3,2025-06-14,76500,86340,5
2025,6,14,6,LAX,SFO,2025-06-14 05:20:00,05:20:00,0,06:40:00,06:35:00,-5,2025-06-14,19200,24000,5
2025,6,14,6,LAX,SFO,2025-06-14 06:00:00,05:54:00,-6,07:38:00,07:06:00,-32,2025-06-14,21600,27480,5
2025,6,14,6,LAX,SFO,2025-06-14 06:05:00,06:02:00,-3,07:28:00,07:18:00,-10,2025-06-14,21900,26880,5
2025,6,14,6,LAX,SFO,2025-06-14 07:00:00,06:56:00,-4,08:29:00,08:29:00,0,2025-06-14,25200,30540,5
2025,6,14,6,LAX,SFO,2025-06-14 07:00:00,06:56:00,-4,08:36:00,08:19:00,-17,2025-06-14,25200,30960,5
2025,6,14,6,LAX,SFO,2025-06-14 08:05:00,08:04:00,-1,09:49:00,09:53:00,4,2025-06-14,29100,35340,5
2025,6,14,6,LAX,SFO,2025-06-14 08:35:00,08:28:00,-7,09:58:00,09:37:00,-21,2025-06-14,30900,35880,5
2025,6,14,6,LAX,SFO,2025-06-14 09:10:00,09:05:00,-5,10:45:00,10:54:00,9,2025-06-14,33000,38700,5
2025,6,14,6,LAX,SFO,2025-06-14 09:45:00,09:44:00,-1,11:10:00,11:00:00,-10,2025-06-14,35100,40200,5
2025,6,14,6,LAX,SFO,2025-06-14 10:15:00,10:10:00,-5,11:40:00,11:23:00,-17,2025-06-14,36900,42000,5
2025,6,14,6,LAX,SFO,2025-06-14 10:26:00,10:21:00,-5,12:03:00,12:00:00,-3,2025-06-14,37560,43380,5
2025,6,14,6,LAX,SFO,2025-06-14 11:29:00,11:33:00,4,12:56:00,12:58:00,2,2025-06-14,41340,46560,5
2025,6,14,6,LAX,SFO,2025-06-14 12:20:00,12:46:00,26,13:43:00,13:59:00,16,2025-06-14,44400,49380,5
2025,6,14,6,LAX,SFO,2025-06-14 13:30:00,13:21:00,-9,14:52:00,14:30:00,-22,2025-06-14,48600,53520,5
2025,6,14,6,LAX,SFO,2025-06-14 13:39:00,13:35:00,-4,15:07:00,14:57:00,-10,2025-06-14,49140,54420,5
2025,6,14,6,LAX,SFO,2025-06-14 14:22:00,14:15:00,-7,15:48:00,15:35:00,-13,2025-06-14,51720,56880,5
2025,6,14,6,LAX,SFO,2025-06-14 16:10:00,16:05:00,-5,17:39:00,17:30:00,-9,2025-06-14,58200,63540,5
2025,6,14,6,LAX,SFO,2025-06-14 16:27:00,16:18:00,-9,17:45:00,17:31:00,-14,2025-06-14,59220,63900,5
2025,6,14,6,LAX,SFO,2025-06-14 16:40:00,16:55:00,15,18:00:00,17:58:00,-2,2025-06-14,60000,64800,5
2025,6,14,6,LAX,SFO,2025-06-14 17:10:00,17:06:00,-4,18:40:00,18:22:00,-18,2025-06-14,61800,67200,5
2025,6,14,6,LAX,SFO,2025-06-14 18:08:00,18:40:00,32,19:43:00,19:57:00,14,2025-06-14,65280,70980,5
2025,6,14,6,LAX,SFO,2025-06-14 18:25:00,18:23:00,-2,19:54:00,19:32:00,-22,2025-06-14,66300,71640,5
2025,6,14,6,LAX,SFO,2025-06-14 18:59:00,19:07:00,8,20:28:00,20:25:00,-3,2025-06-14,68340,73680,5
2025,6,14,6,LAX,SFO,2025-06-14 19:35:00,19:28:00,-7,20:58:00,20:44:00,-14,2025-06-14,70500,75480,5
2025,6,14,6,LAX,SFO,2025-06-14 19:35:00,19:31:00,-4,21:07:00,20:52:00,-15,2025-06-14,70500,76020,5
2025,6,14,6,LAX,SFO,2025-06-14 19:55:00,19:52:00,-3,21:25:00,21:07:00,-18,2025-06-14,71700,77100,5
2025,6,14,6,LAX,SFO,2025-06-14 20:51:00,20:45:00,-6,22:17:00,21:55:00,-22,2025-06-14,75060,80220,5
2025,6,14,6,LAX,SFO,2025-06-14 22:25:00,22:22:00,-3,23:52:00,00:00,8,2025-06-14,80700,85920,5
2025,6,14,6,LAX,SGU,2025-06-14 13:15:00,13:07:00,-8,15:47:00,15:28:00,-19,2025-06-14,47700,56820,5
2025,6,14,6,LAX,SJC,2025-06-14 05:55:00,06:02:00,7,07:10:00,07:14:00,4,2025-06-14,21300,25800,5
2025,6,14,6,LAX,SJC,2025-06-14 09:15:00,09:07:00,-8,10:30:00,10:27:00,-3,2025-06-14,33300,37800,5
2025,6,14,6,LAX,SJC,2025-06-14 11:35:00,11:26:00,-9,12:52:00,12:41:00,-11,2025-06-14,41700,46320,5
2025,6,14,6,LAX,SJC,2025-06-14 11:45:00,11:49:00,4,13:00:00,12:51:00,-9,2025-06-14,42300,46800,5
2025,6,14,6,LAX,SJC,2025-06-14 13:25:00,13:26:00,1,14:40:00,14:43:00,3,2025-06-14,48300,52800,5
2025,6,14,6,LAX,SJC,2025-06-14 14:05:00,14:02:00,-3,15:20:00,15:04:00,-16,2025-06-14,50700,55200,5
2025,6,14,6,LAX,SJC,2025-06-14 15:05:00,14:56:00,-9,16:19:00,16:02:00,-17,2025-06-14,54300,58740,5
2025,6,14,6,LAX,SJC,2025-06-14 17:00:00,16:56:00,-4,18:15:00,18:09:00,-6,2025-06-14,61200,65700,5
2025,6,14,6,LAX,SJC,2025-06-14 19:30:00,19:21:00,-9,20:45:00,20:22:00,-23,2025-06-14,70200,74700,5
2025,6,14,6,LAX,SJC,2025-06-14 21:28:00,21:18:00,-10,22:44:00,22:22:00,-22,2025-06-14,77280,81840,5
2025,6,14,6,LAX,SLC,2025-06-14 06:00:00,05:58:00,-2,08:53:00,08:53:00,0,2025-06-14,21600,31980,5
2025,6,14,6,LAX,SLC,2025-06-14 07:00:00,06:59:00,-1,09:55:00,09:49:00,-6,2025-06-14,25200,35700,5
2025,6,14,6,LAX,SLC,2025-06-14 08:25:00,08:24:00,-1,11:26:00,11:22:00,-4,2025-06-14,30300,41160,5
2025,6,14,6,LAX,SLC,2025-06-14 09:48:00,09:41:00,-7,12:43:00,12:29:00,-14,2025-06-14,35280,45780,5
2025,6,14,6,LAX,SLC,2025-06-14 10:20:00,10:36:00,16,13:10:00,13:24:00,14,2025-06-14,37200,47400,5
2025,6,14,6,LAX,SLC,2025-06-14 11:11:00,11:12:00,1,14:03:00,13:50:00,-13,2025-06-14,40260,50580,5
2025,6,14,6,LAX,SLC,2025-06-14 13:11:00,13:34:00,23,16:04:00,16:12:00,8,2025-06-14,47460,57840,5
2025,6,14,6,LAX,SLC,2025-06-14 17:10:00,17:26:00,16,20:00:00,20:12:00,12,2025-06-14,61800,72000,5
2025,6,14,6,LAX,SLC,2025-06-14 18:45:00,19:00:00,15,21:39:00,21:55:00,16,2025-06-14,67500,77940,5
2025,6,14,6,LAX,SMF,2025-06-14 05:30:00,05:26:00,-4,06:55:00,07:00:00,5,2025-06-14,19800,24900,5
2025,6,14,6,LAX,SMF,2025-06-14 08:30:00,08:30:00,0,10:00:00,09:53:00,-7,2025-06-14,30600,36000,5
2025,6,14,6,LAX,SMF,2025-06-14 09:46:00,09:43:00,-3,11:23:00,11:13:00,-10,2025-06-14,35160,40980,5
2025,6,14,6,LAX,SMF,2025-06-14 11:50:00,11:56:00,6,13:15:00,13:12:00,-3,2025-06-14,42600,47700,5
2025,6,14,6,LAX,SMF,2025-06-14 12:00:00,11:55:00,-5,13:29:00,13:25:00,-4,2025-06-14,43200,48540,5
2025,6,14,6,LAX,SMF,2025-06-14 15:10:00,15:02:00,-8,16:38:00,16:19:00,-19,2025-06-14,54600,59880,5
2025,6,14,6,LAX,SMF,2025-06-14 16:30:00,16:32:00,2,18:01:00,17:58:00,-3,2025-06-14,59400,64860,5
2025,6,14,6,LAX,SMF,2025-06-14 17:00:00,16:55:00,-5,18:28:00,18:22:00,-6,2025-06-14,61200,66480,5
2025,6,14,6,LAX,SMF,2025-06-14 17:05:00,16:58:00,-7,18:37:00,18:38:00,1,2025-06-14,61500,67020,5
2025,6,14,6,LAX,SMF,2025-06-14 19:22:00,19:23:00,1,21:01:00,20:45:00,-16,2025-06-14,69720,75660,5
2025,6,14,6,LAX,SMF,2025-06-14 20:35:00,20:35:00,0,22:00:00,21:52:00,-8,2025-06-14,74100,79200,5
2025,6,14,6,LAX,SMF,2025-06-14 21:55:00,21:47:00,-8,23:20:00,23:17:00,-3,2025-06-14,78900,84000,5
2025,6,14,6,LAX,STL,2025-06-14 08:40:00,08:48:00,8,14:25:00,14:58:00,33,2025-06-14,31200,51900,5
2025,6,14,6,LAX,STL,2025-06-14 17:33:00,17:31:00,-2,22:59:00,23:08:00,9,2025-06-14,63180,82740,5
2025,6,14,6,LAX,STL,2025-06-14 18:05:00,18:12:00,7,23:45:00,23:36:00,-9,2025-06-14,65100,85500,5
2025,6,14,6,LAX,STS,2025-06-14 09:25:00,09:21:00,-4,11:06:00,11:30:00,24,2025-06-14,33900,39960,5
2025,6,14,6,LAX,STS,2025-06-14 22:06:00,21:59:00,-7,23:44:00,23:18:00,-26,2025-06-14,79560,85440,5
2025,6,14,6,LAX,TPA,2025-06-14 10:12:00,10:05:00,-7,18:00:00,17:45:00,-15,2025-06-14,36720,64800,5
2025,6,14,6,LAX,TPA,2025-06-14 23:59:00,00:04:00,5,07:56:00,07:44:00,-12,2025-06-14,86340,28560,5
2025,6,14,6,LAX,TUL,2025-06-14 09:30:00,09:23:00,-7,14:40:00,14:27:00,-13,2025-06-14,34200,52800,5
2025,6,14,6,LAX,TUS,2025-06-14 08:22:00,08:14:00,-8,10:03:00,09:52:00,-11,2025-06-14,30120,36180,5
2025,6,14,6,LAX,TUS,2025-06-14 09:35:00,09:25:00,-10,11:10:00,10:55:00,-15,2025-06-14,34500,40200,5
2025,6,14,6,LAX,TUS,2025-06-14 15:00:00,14:57:00,-3,16:33:00,16:30:00,-3,2025-06-14,54000,59580,5
2025,6,14,6,LAX,TUS,2025-06-14 18:18:00,18:11:00,-7,19:49:00,19:43:00,-6,2025-06-14,65880,71340,5
2025,6,14,6,LAX,XNA,2025-06-14 09:14:00,09:03:00,-11,14:38:00,14:37:00,-1,2025-06-14,33240,52680,5
2025,6,14,6,LAX,XNA,2025-06-14 14:42:00,14:39:00,-3,19:52:00,19:46:00,-6,2025-06-14,52920,71520,5
2025,6,15,7,LAX,ABQ,2025-06-15 08:00:00,07:51:00,-9,11:08:00,10:45:00,-23,2025-06-15,28800,40080,6
2025,6,15,7,LAX,ABQ,2025-06-15 08:55:00,08:53:00,-2,11:58:00,11:38:00,-20,2025-06-15,32100,43080,6
2025,6,15,7,LAX,ABQ,2025-06-15 14:40:00,14:39:00,-1,17:35:00,17:18:00,-17,2025-06-15,52800,63300,6
2025,6,15,7,LAX,ABQ,2025-06-15 14:59:00,14:55:00,-4,18:02:00,17:42:00,-20,2025-06-15,53940,64920,6
2025,6,15,7,LAX,ABQ,2025-06-15 18:49:00,19:14:00,25,21:52:00,22:02:00,10,2025-06-15,67740,78720,6
2025,6,15,7,LAX,ABQ,2025-06-15 19:58:00,19:50:00,-8,22:58:00,22:45:00,-13,2025-06-15,71880,82680,6
2025,6,15,7,LAX,ACV,2025-06-15 13:15:00,13:12:00,-3,15:13:00,15:12:00,-1,2025-06-15,47700,54780,6
2025,6,15,7,LAX,ANC,2025-06-15 19:45:00,19:48:00,3,00:08:00,23:57:00,-11,2025-06-15,71100,480,6
2025,6,15,7,LAX,ASE,2025-06-15 12:54:00,12:48:00,-6,16:05:00,15:47:00,-18,2025-06-15,46440,57900,6
2025,6,15,7,LAX,ASE,2025-06-15 14:45:00,14:41:00,-4,17:51:00,17:38:00,-13,2025-06-15,53100,64260,6
2025,6,15,7,LAX,ATL,2025-06-15 06:20:00,06:15:00,-5,13:42:00,13:32:00,-10,2025-06-15,22800,49320,6
2025,6,15,7,LAX,ATL,2025-06-15 07:35:00,07:34:00,-1,14:48:00,14:46:00,-2,2025-06-15,27300,53280,6
2025,6,15,7,LAX,ATL,2025-06-15 08:45:00,09:15:00,30,16:07:00,16:34:00,27,2025-06-15,31500,58020,6
2025,6,15,7,LAX,ATL,2025-06-15 09:51:00,09:57:00,6,17:15:00,17:22:00,7,2025-06-15,35460,62100,6
2025,6,15,7,LAX,ATL,2025-06-15 09:53:00,09:44:00,-9,17:19:00,17:07:00,-12,2025-06-15,35580,62340,6
2025,6,15,7,LAX,ATL,2025-06-15 11:15:00,11:17:00,2,18:34:00,18:31:00,-3,2025-06-15,40500,66840,6
2025,6,15,7,LAX,ATL,2025-06-15 12:15:00,12:16:00,1,19:30:00,19:24:00,-6,2025-06-15,44100,70200,6
2025,6,15,7,LAX,ATL,2025-06-15 12:49:00,13:05:00,16,20:15:00,20:31:00,16,2025-06-15,46140,72900,6
2025,6,15,7,LAX,ATL,2025-06-15 13:15:00,13:14:00,-1,20:46:00,20:33:00,-13,2025-06-15,47700,74760,6
2025,6,15,7,LAX,ATL,2025-06-15 14:30:00,14:30:00,0,21:50:00,21:40:00,-10,2025-06-15,52200,78600,6
2025,6,15,7,LAX,ATL,2025-06-15 17:35:00,17:34:00,-1,00:54:00,01:09:00,15,2025-06-15,63300,3240,6
2025,6,15,7,LAX,ATL,2025-06-15 21:45:00,21:43:00,-2,05:00:00,04:48:00,-12,2025-06-15,78300,18000,6
2025,6,15,7,LAX,ATL,2025-06-15 22:45:00,22:42:00,-3,06:00:00,05:57:00,-3,2025-06-15,81900,21600,6
2025,6,15,7,LAX,ATL,2025-06-15 23:45:00,00:07:00,22,07:12:00,07:39:00,27,2025-06-15,85500,25920,6
2025,6,15,7,LAX,ATL,2025-06-15 23:45:00,23:47:00,2,07:06:00,06:57:00,-9,2025-06-15,85500,25560,6
2025,6,15,7,LAX,AUS,2025-06-15 05:10:00,05:08:00,-2,10:10:00,09:52:00,-18,2025-06-15,18600,36600,6
2025,6,15,7,LAX,AUS,2025-06-15 06:15:00,06:07:00,-8,11:17:00,11:19:00,2,2025-06-15,22500,40620,6
2025,6,15,7,LAX,AUS,2025-06-15 07:45:00,07:43:00,-2,12:46:00,12:30:00,-16,2025-06-15,27900,45960,6
2025,6,15,7,LAX,AUS,2025-06-15 08:35:00,08:25:00,-10,13:24:00,13:11:00,-13,2025-06-15,30900,48240,6
2025,6,15,7,LAX,AUS,2025-06-15 09:25:00,09:36:00,11,14:51:00,14:43:00,-8,2025-06-15,33900,53460,6
2025,6,15,7,LAX,AUS,2025-06-15 16:14:00,16:04:00,-10,21:14:00,21:01:00,-13,2025-06-15,58440,76440,6
2025,6,15,7,LAX,AUS,2025-06-15 18:35:00,18:52:00,17,23:38:00,23:35:00,-3,2025-06-15,66900,85080,6
2025,6,15,7,LAX,AUS,2025-06-15 18:50:00,18:38:00,-12,23:50:00,23:25:00,-25,2025-06-15,67800,85800,6
2025,6,15,7,LAX,AUS,2025-06-15 18:52:00,18:51:00,-1,00:10:00,23:47:00,-23,2025-06-15,67920,600,6
2025,6,15,7,LAX,AUS,2025-06-15 19:30:00,19:48:00,18,00:35:00,00:39:00,4,2025-06-15,70200,2100,6
2025,6,15,7,LAX,BLI,2025-06-15 18:50:00,19:02:00,12,21:32:00,21:30:00,-2,2025-06-15,67800,77520,6
2025,6,15,7,LAX,BNA,2025-06-15 07:00:00,06:52:00,-8,12:57:00,12:45:00,-12,2025-06-15,25200,46620,6
2025,6,15,7,LAX,BNA,2025-06-15 07:50:00,07:52:00,2,13:55:00,13:42:00,-13,2025-06-15,28200,50100,6
2025,6,15,7,LAX,BNA,2025-06-15 10:36:00,10:52:00,16,16:45:00,16:51:00,6,2025-06-15,38160,60300,6
2025,6,15,7,LAX,BNA,2025-06-15 11:20:00,11:28:00,8,17:30:00,17:19:00,-11,2025-06-15,40800,63000,6
2025,6,15,7,LAX,BNA,2025-06-15 12:39:00,12:33:00,-6,18:44:00,18:21:00,-23,2025-06-15,45540,67440,6
2025,6,15,7,LAX,BNA,2025-06-15 18:39:00,19:09:00,30,00:37:00,00:57:00,20,2025-06-15,67140,2220,6
2025,6,15,7,LAX,BNA,2025-06-15 22:50:00,22:51:00,1,05:00:00,04:43:00,-17,2025-06-15,82200,18000,6
2025,6,15,7,LAX,BOI,2025-06-15 11:57:00,11:56:00,-1,15:03:00,14:46:00,-17,2025-06-15,43020,54180,6
2025,6,15,7,LAX,BOI,2025-06-15 12:45:00,12:39:00,-6,15:59:00,15:38:00,-21,2025-06-15,45900,57540,6
2025,6,15,7,LAX,BOI,2025-06-15 19:50:00,19:40:00,-10,22:54:00,22:30:00,-24,2025-06-15,71400,82440,6
2025,6,15,7,LAX,BOI,2025-06-15 19:59:00,19:49:00,-10,23:01:00,22:47:00,-14,2025-06-15,71940,82860,6
2025,6,15,7,LAX,BOS,2025-06-15 06:00:00,05:52:00,-8,14:40:00,14:13:00,-27,2025-06-15,21600,52800,6
2025,6,15,7,LAX,BOS,2025-06-15 06:40:00,06:33:00,-7,15:15:00,15:00:00,-15,2025-06-15,24000,54900,6
2025,6,15,7,LAX,BOS,2025-06-15 08:30:00,08:17:00,-13,17:19:00,16:41:00,-38,2025-06-15,30600,62340,6
2025,6,15,7,LAX,BOS,2025-06-15 08:35:00,08:29:00,-6,17:18:00,17:01:00,-17,2025-06-15,30900,62280,6
2025,6,15,7,LAX,BOS,2025-06-15 08:40:00,08:38:00,-2,17:16:00,17:11:00,-5,2025-06-15,31200,62160,6
2025,6,15,7,LAX,BOS,2025-06-15 10:45:00,10:41:00,-4,19:24:00,19:23:00,-1,2025-06-15,38700,69840,6
2025,6,15,7,LAX,BOS,2025-06-15 11:45:00,11:36:00,-9,20:25:00,20:06:00,-19,2025-06-15,42300,73500,6
2025,6,15,7,LAX,BOS,2025-06-15 13:10:00,13:01:00,-9,21:51:00,21:35:00,-16,2025-06-15,47400,78660,6
2025,6,15,7,LAX,BOS,2025-06-15 20:24:00,20:21:00,-3,05:00:00,04:36:00,-24,2025-06-15,73440,18000,6
2025,6,15,7,LAX,BOS,2025-06-15 21:02:00,20:58:00,-4,05:32:00,05:20:00,-12,2025-06-15,75720,19920,6
2025,6,15,7,LAX,BOS,2025-06-15 22:13:00,22:12:00,-1,06:44:00,06:34:00,-10,2025-06-15,79980,24240,6
2025,6,15,7,LAX,BUF,2025-06-15 22:09:00,22:07:00,-2,06:00:00,05:45:00,-15,2025-06-15,79740,21600,6
2025,6,15,7,LAX,BWI,2025-06-15 05:00:00,05:00:00,0,13:05:00,12:53:00,-12,2025-06-15,18000,47100,6
2025,6,15,7,LAX,BWI,2025-06-15 11:34:00,11:42:00,8,19:29:00,19:25:00,-4,2025-06-15,41640,70140,6
2025,6,15,7,LAX,BWI,2025-06-15 13:45:00,14:27:00,42,21:50:00,22:18:00,28,2025-06-15,49500,78600,6
2025,6,15,7,LAX,BWI,2025-06-15 20:55:00,21:17:00,22,05:00:00,05:02:00,2,2025-06-15,75300,18000,6
2025,6,15,7,LAX,BWI,2025-06-15 23:59:00,23:52:00,-7,08:07:00,07:37:00,-30,2025-06-15,86340,29220,6
2025,6,15,7,LAX,BZN,2025-06-15 11:21:00,11:15:00,-6,14:50:00,14:46:00,-4,2025-06-15,40860,53400,6
2025,6,15,7,LAX,BZN,2025-06-15 18:00:00,18:01:00,1,21:39:00,21:17:00,-22,2025-06-15,64800,77940,6
2025,6,15,7,LAX,CLE,2025-06-15 13:00:00,12:55:00,-5,20:33:00,20:10:00,-23,2025-06-15,46800,73980,6
2025,6,15,7,LAX,CLE,2025-06-15 21:20:00,21:18:00,-2,04:53:00,04:25:00,-28,2025-06-15,76800,17580,6
2025,6,15,7,LAX,CLT,2025-06-15 06:05:00,06:02:00,-3,13:54:00,13:43:00,-11,2025-06-15,21900,50040,6
2025,6,15,7,LAX,CLT,2025-06-15 07:59:00,07:54:00,-5,15:45:00,15:37:00,-8,2025-06-15,28740,56700,6
2025,6,15,7,LAX,CLT,2025-06-15 09:11:00,09:00:00,-11,17:00:00,16:59:00,-1,2025-06-15,33060,61200,6
2025,6,15,7,LAX,CLT,2025-06-15 11:54:00,11:54:00,0,19:45:00,20:18:00,33,2025-06-15,42840,71100,6
2025,6,15,7,LAX,CLT,2025-06-15 21:48:00,22:02:00,14,05:29:00,05:37:00,8,2025-06-15,78480,19740,6
2025,6,15,7,LAX,CLT,2025-06-15 22:49:00,22:47:00,-2,06:35:00,06:21:00,-14,2025-06-15,82140,23700,6
2025,6,15,7,LAX,CLT,2025-06-15 23:49:00,23:45:00,-4,07:35:00,07:12:00,-23,2025-06-15,85740,27300,6
2025,6,15,7,LAX,CMH,2025-06-15 09:25:00,10:22:00,57,17:01:00,17:37:00,36,2025-06-15,33900,61260,6
2025,6,15,7,LAX,CVG,2025-06-15 13:50:00,13:52:00,2,21:04:00,20:57:00,-7,2025-06-15,49800,75840,6
2025,6,15,7,LAX,CVG,2025-06-15 22:29:00,22:23:00,-6,05:38:00,05:15:00,-23,2025-06-15,80940,20280,6
2025,6,15,7,LAX,DAL,2025-06-15 05:20:00,05:23:00,3,10:25:00,10:11:00,-14,2025-06-15,19200,37500,6
2025,6,15,7,LAX,DAL,2025-06-15 14:45:00,15:19:00,34,19:55:00,20:15:00,20,2025-06-15,53100,71700,6
2025,6,15,7,LAX,DCA,2025-06-15 08:19:00,08:14:00,-5,16:22:00,16:15:00,-7,2025-06-15,29940,58920,6
2025,6,15,7,LAX,DCA,2025-06-15 12:28:00,12:25:00,-3,20:29:00,20:07:00,-22,2025-06-15,44880,73740,6
2025,6,15,7,LAX,DCA,2025-06-15 13:31:00,13:32:00,1,21:42:00,21:54:00,12,2025-06-15,48660,78120,6
2025,6,15,7,LAX,DEN,2025-06-15 05:22:00,05:21:00,-1,08:41:00,08:32:00,-9,2025-06-15,19320,31260,6
2025,6,15,7,LAX,DEN,2025-06-15 06:10:00,06:10:00,0,09:35:00,09:21:00,-14,2025-06-15,22200,34500,6
2025,6,15,7,LAX,DEN,2025-06-15 06:15:00,06:28:00,13,09:48:00,09:43:00,-5,2025-06-15,22500,35280,6
2025,6,15,7,LAX,DEN,2025-06-15 07:06:00,06:59:00,-7,10:31:00,10:13:00,-18,2025-06-15,25560,37860,6
2025,6,15,7,LAX,DEN,2025-06-15 07:46:00,07:40:00,-6,11:10:00,10:51:00,-19,2025-06-15,27960,40200,6
2025,6,15,7,LAX,DEN,2025-06-15 08:00:00,08:00:00,0,11:25:00,11:02:00,-23,2025-06-15,28800,41100,6
2025,6,15,7,LAX,DEN,2025-06-15 08:04:00,08:21:00,17,11:33:00,11:33:00,0,2025-06-15,29040,41580,6
2025,6,15,7,LAX,DEN,2025-06-15 09:00:00,09:02:00,2,12:27:00,12:30:00,3,2025-06-15,32400,44820,6
2025,6,15,7,LAX,DEN,2025-06-15 10:52:00,10:50:00,-2,14:19:00,14:15:00,-4,2025-06-15,39120,51540,6
2025,6,15,7,LAX,DEN,2025-06-15 10:55:00,10:43:00,-12,14:30:00,14:08:00,-22,2025-06-15,39300,52200,6
2025,6,15,7,LAX,DEN,2025-06-15 11:55:00,11:51:00,-4,15:20:00,14:58:00,-22,2025-06-15,42900,55200,6
2025,6,15,7,LAX,DEN,2025-06-15 14:35:00,14:33:00,-2,18:05:00,18:01:00,-4,2025-06-15,52500,65100,6
2025,6,15,7,LAX,DEN,2025-06-15 16:11:00,16:14:00,3,19:40:00,19:40:00,0,2025-06-15,58260,70800,6
2025,6,15,7,LAX,DEN,2025-06-15 18:30:00,18:31:00,1,22:00:00,21:40:00,-20,2025-06-15,66600,79200,6
2025,6,15,7,LAX,DEN,2025-06-15 19:18:00,19:13:00,-5,22:47:00,22:27:00,-20,2025-06-15,69480,82020,6
2025,6,15,7,LAX,DEN,2025-06-15 19:45:00,19:49:00,4,23:09:00,22:54:00,-15,2025-06-15,71100,83340,6
2025,6,15,7,LAX,DEN,2025-06-15 20:25:00,21:12:00,47,23:48:00,00:48:00,60,2025-06-15,73500,85680,6
2025,6,15,7,LAX,DEN,2025-06-15 21:00:00,21:13:00,13,00:25:00,00:20:00,-5,2025-06-15,75600,1500,6
2025,6,15,7,LAX,DFW,2025-06-15 01:30:00,01:24:00,-6,06:33:00,06:13:00,-20,2025-06-15,5400,23580,6
2025,6,15,7,LAX,DFW,2025-06-15 06:00:00,05:53:00,-7,11:03:00,10:51:00,-12,2025-06-15,21600,39780,6
2025,6,15,7,LAX,DFW,2025-06-15 06:00:00,06:01:00,1,11:20:00,11:05:00,-15,2025-06-15,21600,40800,6
2025,6,15,7,LAX,DFW,2025-06-15 07:00:00,06:53:00,-7,12:09:00,11:55:00,-14,2025-06-15,25200,43740,6
2025,6,15,7,LAX,DFW,2025-06-15 08:26:00,08:25:00,-1,13:39:00,13:31:00,-8,2025-06-15,30360,49140,6
2025,6,15,7,LAX,DFW,2025-06-15 08:35:00,08:56:00,21,13:43:00,14:05:00,22,2025-06-15,30900,49380,6
2025,6,15,7,LAX,DFW,2025-06-15 12:30:00,12:34:00,4,17:37:00,17:45:00,8,2025-06-15,45000,63420,6
2025,6,15,7,LAX,DFW,2025-06-15 13:48:00,14:08:00,20,18:59:00,19:14:00,15,2025-06-15,49680,68340,6
2025,6,15,7,LAX,DFW,2025-06-15 14:33:00,14:29:00,-4,19:43:00,19:27:00,-16,2025-06-15,52380,70980,6
2025,6,15,7,LAX,DFW,2025-06-15 15:48:00,16:29:00,41,20:59:00,21:31:00,32,2025-06-15,56880,75540,6
2025,6,15,7,LAX,DFW,2025-06-15 16:36:00,16:43:00,7,21:47:00,21:41:00,-6,2025-06-15,59760,78420,6
2025,6,15,7,LAX,DFW,2025-06-15 18:35:00,18:29:00,-6,23:47:00,23:20:00,-27,2025-06-15,66900,85620,6
2025,6,15,7,LAX,DFW,2025-06-15 18:55:00,19:44:00,49,23:56:00,00:37:00,41,2025-06-15,68100,86160,6
2025,6,15,7,LAX,DFW,2025-06-15 23:59:00,00:22:00,23,05:09:00,05:15:00,6,2025-06-15,86340,18540,6
2025,6,15,7,LAX,DTW,2025-06-15 05:30:00,05:34:00,4,12:57:00,12:52:00,-5,2025-06-15,19800,46620,6
2025,6,15,7,LAX,DTW,2025-06-15 07:35:00,07:33:00,-2,14:56:00,14:48:00,-8,2025-06-15,27300,53760,6
2025,6,15,7,LAX,DTW,2025-06-15 09:25:00,09:24:00,-1,16:52:00,16:30:00,-22,2025-06-15,33900,60720,6
2025,6,15,7,LAX,DTW,2025-06-15 11:14:00,11:06:00,-8,18:37:00,18:19:00,-18,2025-06-15,40440,67020,6
2025,6,15,7,LAX,DTW,2025-06-15 12:09:00,12:04:00,-5,19:31:00,19:06:00,-25,2025-06-15,43740,70260,6
2025,6,15,7,LAX,DTW,2025-06-15 15:36:00,15:28:00,-8,23:04:00,22:48:00,-16,2025-06-15,56160,83040,6
2025,6,15,7,LAX,DTW,2025-06-15 21:30:00,21:27:00,-3,04:52:00,04:42:00,-10,2025-06-15,77400,17520,6
2025,6,15,7,LAX,DTW,2025-06-15 22:15:00,23:01:00,46,05:35:00,06:27:00,52,2025-06-15,80100,20100,6
2025,6,15,7,LAX,ELP,2025-06-15 11:25:00,11:20:00,-5,14:25:00,14:08:00,-17,2025-06-15,41100,51900,6
2025,6,15,7,LAX,ELP,2025-06-15 14:30:00,14:16:00,-14,17:31:00,17:04:00,-27,2025-06-15,52200,63060,6
2025,6,15,7,LAX,ELP,2025-06-15 19:47:00,19:41:00,-6,22:47:00,22:42:00,-5,2025-06-15,71220,82020,6
2025,6,15,7,LAX,EUG,2025-06-15 21:44:00,22:30:00,46,23:58:00,00:34:00,36,2025-06-15,78240,86280,6
2025,6,15,7,LAX,EWR,2025-06-15 06:00:00,06:00:00,0,14:34:00,14:15:00,-19,2025-06-15,21600,52440,6
2025,6,15,7,LAX,EWR,2025-06-15 07:00:00,06:56:00,-4,15:34:00,15:14:00,-20,2025-06-15,25200,56040,6
2025,6,15,7,LAX,EWR,2025-06-15 07:00:00,06:59:00,-1,15:34:00,15:39:00,5,2025-06-15,25200,56040,6
2025,6,15,7,LAX,EWR,2025-06-15 08:10:00,08:07:00,-3,16:40:00,16:14:00,-26,2025-06-15,29400,60000,6
2025,6,15,7,LAX,EWR,2025-06-15 08:20:00,08:20:00,0,16:45:00,16:19:00,-26,2025-06-15,30000,60300,6
2025,6,15,7,LAX,EWR,2025-06-15 10:15:00,10:13:00,-2,18:54:00,18:16:00,-38,2025-06-15,36900,68040,6
2025,6,15,7,LAX,EWR,2025-06-15 10:50:00,10:45:00,-5,19:20:00,18:59:00,-21,2025-06-15,39000,69600,6
2025,6,15,7,LAX,EWR,2025-06-15 11:00:00,11:00:00,0,19:39:00,19:15:00,-24,2025-06-15,39600,70740,6
2025,6,15,7,LAX,EWR,2025-06-15 11:45:00,11:42:00,-3,20:24:00,20:19:00,-5,2025-06-15,42300,73440,6
2025,6,15,7,LAX,EWR,2025-06-15 13:30:00,13:24:00,-6,21:52:00,21:25:00,-27,2025-06-15,48600,78720,6
2025,6,15,7,LAX,EWR,2025-06-15 14:34:00,14:26:00,-8,22:55:00,22:44:00,-11,2025-06-15,52440,82500,6
2025,6,15,7,LAX,EWR,2025-06-15 16:30:00,16:26:00,-4,00:57:00,00:28:00,-29,2025-06-15,59400,3420,6
2025,6,15,7,LAX,EWR,2025-06-15 20:55:00,20:51:00,-4,05:08:00,04:38:00,-30,2025-06-15,75300,18480,6
2025,6,15,7,LAX,EWR,2025-06-15 21:26:00,21:32:00,6,05:59:00,05:39:00,-20,2025-06-15,77160,21540,6
2025,6,15,7,LAX,EWR,2025-06-15 21:35:00,21:50:00,15,05:55:00,05:55:00,0,2025-06-15,77700,21300,6
2025,6,15,7,LAX,EWR,2025-06-15 23:59:00,23:57:00,-2,08:12:00,07:45:00,-27,2025-06-15,86340,29520,6
2025,6,15,7,LAX,FAT,2025-06-15 10:30:00,10:37:00,7,11:48:00,11:56:00,8,2025-06-15,37800,42480,6
2025,6,15,7,LAX,FAT,2025-06-15 19:10:00,19:06:00,-4,20:24:00,20:12:00,-12,2025-06-15,69000,73440,6
2025,6,15,7,LAX,FAT,2025-06-15 22:38:00,22:29:00,-9,23:52:00,23:39:00,-13,2025-06-15,81480,85920,6
2025,6,15,7,LAX,FCA,2025-06-15 09:22:00,09:19:00,-3,13:21:00,13:06:00,-15,2025-06-15,33720,48060,6
2025,6,15,7,LAX,FLL,2025-06-15 08:00:00,07:59:00,-1,16:14:00,16:02:00,-12,2025-06-15,28800,58440,6
2025,6,15,7,LAX,FLL,2025-06-15 11:12:00,11:10:00,-2,19:26:00,19:18:00,-8,2025-06-15,40320,69960,6
2025,6,15,7,LAX,FLL,2025-06-15 13:45:00,13:42:00,-3,21:58:00,21:46:00,-12,2025-06-15,49500,79080,6
2025,6,15,7,LAX,FLL,2025-06-15 21:55:00,21:49:00,-6,06:03:00,05:41:00,-22,2025-06-15,78900,21780,6
2025,6,15,7,LAX,FLL,2025-06-15 23:09:00,23:56:00,47,07:05:00,07:46:00,41,2025-06-15,83340,25500,6
2025,6,15,7,LAX,GEG,2025-06-15 11:14:00,11:07:00,-7,13:52:00,13:33:00,-19,2025-06-15,40440,49920,6
2025,6,15,7,LAX,GEG,2025-06-15 18:59:00,18:51:00,-8,21:33:00,21:18:00,-15,2025-06-15,68340,77580,6
2025,6,15,7,LAX,HNL,2025-06-15 07:05:00,07:04:00,-1,10:10:00,09:51:00,-19,2025-06-15,25500,36600,6
2025,6,15,7,LAX,HNL,2025-06-15 08:25:00,08:21:00,-4,11:07:00,11:07:00,0,2025-06-15,30300,40020,6
2025,6,15,7,LAX,HNL,2025-06-15 08:30:00,08:31:00,1,11:05:00,11:00:00,-5,2025-06-15,30600,39900,6
2025,6,15,7,LAX,HNL,2025-06-15 08:35:00,08:33:00,-2,11:17:00,11:18:00,1,2025-06-15,30900,40620,6
2025,6,15,7,LAX,HNL,2025-06-15 08:49:00,08:45:00,-4,11:37:00,11:24:00,-13,2025-06-15,31740,41820,6
2025,6,15,7,LAX,HNL,2025-06-15 10:10:00,10:41:00,31,12:40:00,13:33:00,53,2025-06-15,36600,45600,6
2025,6,15,7,LAX,HNL,2025-06-15 11:15:00,11:16:00,1,14:04:00,13:54:00,-10,2025-06-15,40500,50640,6
2025,6,15,7,LAX,HNL,2025-06-15 13:15:00,13:13:00,-2,16:01:00,15:53:00,-8,2025-06-15,47700,57660,6
2025,6,15,7,LAX,HNL,2025-06-15 13:35:00,13:42:00,7,16:18:00,16:25:00,7,2025-06-15,48900,58680,6
2025,6,15,7,LAX,HNL,2025-06-15 14:44:00,15:25:00,41,17:28:00,18:04:00,36,2025-06-15,53040,62880,6
2025,6,15,7,LAX,HNL,2025-06-15 17:10:00,17:09:00,-1,19:44:00,19:45:00,1,2025-06-15,61800,71040,6
2025,6,15,7,LAX,HNL,2025-06-15 17:45:00,18:28:00,43,20:30:00,21:09:00,39,2025-06-15,63900,73800,6
2025,6,15,7,LAX,HNL,2025-06-15 18:10:00,18:02:00,-8,20:52:00,20:39:00,-13,2025-06-15,65400,75120,6
2025,6,15,7,LAX,HNL,2025-06-15 18:20:00,19:05:00,45,20:57:00,21:30:00,33,2025-06-15,66000,75420,6
2025,6,15,7,LAX,HNL,2025-06-15 18:25:00,18:33:00,8,21:15:00,21:12:00,-3,2025-06-15,66300,76500,6
2025,6,15,7,LAX,HNL,2025-06-15 18:45:00,18:42:00,-3,21:28:00,21:12:00,-16,2025-06-15,67500,77280,6
2025,6,15,7,LAX,HNL,2025-06-15 19:13:00,19:09:00,-4,21:55:00,21:46:00,-9,2025-06-15,69180,78900,6
2025,6,15,7,LAX,HNL,2025-06-15 20:40:00,21:11:00,31,23:29:00,23:57:00,28,2025-06-15,74400,84540,6
2025,6,15,7,LAX,HOU,2025-06-15 05:05:00,05:03:00,-2,10:30:00,10:13:00,-17,2025-06-15,18300,37800,6
2025,6,15,7,LAX,HOU,2025-06-15 23:50:00,23:59:00,9,05:15:00,05:01:00,-14,2025-06-15,85800,18900,6
2025,6,15,7,LAX,IAD,2025-06-15 06:20:00,06:15:00,-5,14:23:00,14:07:00,-16,2025-06-15,22800,51780,6
2025,6,15,7,LAX,IAD,2025-06-15 08:15:00,08:13:00,-2,16:21:00,16:15:00,-6,2025-06-15,29700,58860,6
2025,6,15,7,LAX,IAD,2025-06-15 08:20:00,08:19:00,-1,16:25:00,16:16:00,-9,2025-06-15,30000,59100,6
2025,6,15,7,LAX,IAD,2025-06-15 10:58:00,10:53:00,-5,19:03:00,18:50:00,-13,2025-06-15,39480,68580,6
2025,6,15,7,LAX,IAD,2025-06-15 13:15:00,13:30:00,15,21:20:00,21:27:00,7,2025-06-15,47700,76800,6
2025,6,15,7,LAX,IAD,2025-06-15 16:45:00,16:46:00,1,00:44:00,00:49:00,5,2025-06-15,60300,2640,6
2025,6,15,7,LAX,IAD,2025-06-15 21:35:00,21:39:00,4,05:37:00,05:22:00,-15,2025-06-15,77700,20220,6
2025,6,15,7,LAX,IAD,2025-06-15 22:50:00,23:31:00,41,06:39:00,06:57:00,18,2025-06-15,82200,23940,6
2025,6,15,7,LAX,IAH,2025-06-15 00:56:00,01:00:00,4,06:18:00,06:02:00,-16,2025-06-15,3360,22680,6
2025,6,15,7,LAX,IAH,2025-06-15 05:15:00,05:08:00,-7,10:42:00,10:19:00,-23,2025-06-15,18900,38520,6
2025,6,15,7,LAX,IAH,2025-06-15 07:15:00,07:12:00,-3,12:44:00,12:40:00,-4,2025-06-15,26100,45840,6
2025,6,15,7,LAX,IAH,2025-06-15 08:40:00,08:32:00,-8,14:09:00,13:56:00,-13,2025-06-15,31200,50940,6
2025,6,15,7,LAX,IAH,2025-06-15 08:45:00,08:40:00,-5,14:07:00,13:53:00,-14,2025-06-15,31500,50820,6
2025,6,15,7,LAX,IAH,2025-06-15 11:28:00,12:17:00,49,16:48:00,17:53:00,65,2025-06-15,41280,60480,6
2025,6,15,7,LAX,IAH,2025-06-15 12:07:00,12:50:00,43,17:24:00,18:40:00,76,2025-06-15,43620,62640,6
2025,6,15,7,LAX,IAH,2025-06-15 18:10:00,19:00:00,50,23:33:00,00:28:00,55,2025-06-15,65400,84780,6
2025,6,15,7,LAX,ICT,2025-06-15 06:20:00,06:18:00,-2,11:14:00,11:24:00,10,2025-06-15,22800,40440,6
2025,6,15,7,LAX,IND,2025-06-15 10:36:00,10:35:00,-1,17:47:00,17:37:00,-10,2025-06-15,38160,64020,6
2025,6,15,7,LAX,IND,2025-06-15 14:12:00,14:37:00,25,21:14:00,21:22:00,8,2025-06-15,51120,76440,6
2025,6,15,7,LAX,IND,2025-06-15 23:14:00,23:09:00,-5,06:14:00,06:05:00,-9,2025-06-15,83640,22440,6
2025,6,15,7,LAX,JAC,2025-06-15 09:00:00,08:52:00,-8,12:18:00,12:14:00,-4,2025-06-15,32400,44280,6
2025,6,15,7,LAX,JAC,2025-06-15 10:30:00,10:28:00,-2,13:48:00,13:41:00,-7,2025-06-15,37800,49680,6
2025,6,15,7,LAX,JAC,2025-06-15 12:35:00,12:25:00,-10,15:52:00,15:50:00,-2,2025-06-15,45300,57120,6
2025,6,15,7,LAX,JFK,2025-06-15 06:00:00,05:54:00,-6,14:34:00,14:09:00,-25,2025-06-15,21600,52440,6
2025,6,15,7,LAX,JFK,2025-06-15 06:00:00,06:09:00,9,14:30:00,14:17:00,-13,2025-06-15,21600,52200,6
2025,6,15,7,LAX,JFK,2025-06-15 07:00:00,06:51:00,-9,15:35:00,15:08:00,-27,2025-06-15,25200,56100,6
2025,6,15,7,LAX,JFK,2025-06-15 07:00:00,06:56:00,-4,15:35:00,15:19:00,-16,2025-06-15,25200,56100,6
2025,6,15,7,LAX,JFK,2025-06-15 07:20:00,07:13:00,-7,15:55:00,15:32:00,-23,2025-06-15,26400,57300,6
2025,6,15,7,LAX,JFK,2025-06-15 08:19:00,08:23:00,4,16:58:00,16:44:00,-14,2025-06-15,29940,61080,6
2025,6,15,7,LAX,JFK,2025-06-15 09:05:00,09:04:00,-1,17:57:00,17:51:00,-6,2025-06-15,32700,64620,6
2025,6,15,7,LAX,JFK,2025-06-15 09:30:00,10:16:00,46,18:09:00,18:25:00,16,2025-06-15,34200,65340,6
2025,6,15,7,LAX,JFK,2025-06-15 10:21:00,10:17:00,-4,18:59:00,18:38:00,-21,2025-06-15,37260,68340,6
2025,6,15,7,LAX,JFK,2025-06-15 10:30:00,10:27:00,-3,19:11:00,18:42:00,-29,2025-06-15,37800,69060,6
2025,6,15,7,LAX,JFK,2025-06-15 11:10:00,11:27:00,17,19:50:00,19:47:00,-3,2025-06-15,40200,71400,6
2025,6,15,7,LAX,JFK,2025-06-15 11:30:00,11:26:00,-4,20:06:00,19:46:00,-20,2025-06-15,41400,72360,6
2025,6,15,7,LAX,JFK,2025-06-15 12:21:00,12:41:00,20,21:00:00,21:00:00,0,2025-06-15,44460,75600,6
2025,6,15,7,LAX,JFK,2025-06-15 12:30:00,13:14:00,44,21:07:00,21:39:00,32,2025-06-15,45000,76020,6
2025,6,15,7,LAX,JFK,2025-06-15 13:10:00,13:50:00,40,21:52:00,22:23:00,31,2025-06-15,47400,78720,6
2025,6,15,7,LAX,JFK,2025-06-15 15:15:00,15:46:00,31,23:55:00,23:49:00,-6,2025-06-15,54900,86100,6
2025,6,15,7,LAX,JFK,2025-06-15 15:20:00,15:22:00,2,23:54:00,00:04:00,10,2025-06-15,55200,86040,6
2025,6,15,7,LAX,JFK,2025-06-15 15:20:00,15:42:00,22,23:57:00,00:22:00,25,2025-06-15,55200,86220,6
2025,6,15,7,LAX,JFK,2025-06-15 16:20:00,16:13:00,-7,00:55:00,00:27:00,-28,2025-06-15,58800,3300,6
2025,6,15,7,LAX,JFK,2025-06-15 20:36:00,20:27:00,-9,05:00:00,04:28:00,-32,2025-06-15,74160,18000,6
2025,6,15,7,LAX,JFK,2025-06-15 20:53:00,21:06:00,13,05:30:00,05:18:00,-12,2025-06-15,75180,19800,6
2025,6,15,7,LAX,JFK,2025-06-15 21:21:00,21:13:00,-8,05:55:00,05:23:00,-32,2025-06-15,76860,21300,6
2025,6,15,7,LAX,JFK,2025-06-15 22:31:00,22:20:00,-11,07:00:00,06:48:00,-12,2025-06-15,81060,25200,6
2025,6,15,7,LAX,JFK,2025-06-15 22:50:00,22:47:00,-3,07:23:00,07:01:00,-22,2025-06-15,82200,26580,6
2025,6,15,7,LAX,JFK,2025-06-15 22:52:00,23:04:00,12,07:32:00,07:14:00,-18,2025-06-15,82320,27120,6
2025,6,15,7,LAX,JFK,2025-06-15 23:55:00,23:50:00,-5,08:30:00,08:05:00,-25,2025-06-15,86100,30600,6
2025,6,15,7,LAX,JFK,2025-06-15 23:58:00,00:01:00,3,08:30:00,08:08:00,-22,2025-06-15,86280,30600,6
2025,6,15,7,LAX,KOA,2025-06-15 07:25:00,07:24:00,-1,10:05:00,09:57:00,-8,2025-06-15,26700,36300,6
2025,6,15,7,LAX,KOA,2025-06-15 08:30:00,08:27:00,-3,11:10:00,11:55:00,45,2025-06-15,30600,40200,6
2025,6,15,7,LAX,KOA,2025-06-15 09:10:00,09:06:00,-4,11:50:00,11:49:00,-1,2025-06-15,33000,42600,6
2025,6,15,7,LAX,KOA,2025-06-15 11:19:00,11:16:00,-3,13:55:00,14:04:00,9,2025-06-15,40740,50100,6
2025,6,15,7,LAX,KOA,2025-06-15 16:29:00,16:29:00,0,18:59:00,18:46:00,-13,2025-06-15,59340,68340,6
2025,6,15,7,LAX,KOA,2025-06-15 17:25:00,17:20:00,-5,20:03:00,20:02:00,-1,2025-06-15,62700,72180,6
2025,6,15,7,LAX,LAS,2025-06-15 05:30:00,05:23:00,-7,06:42:00,06:26:00,-16,2025-06-15,19800,24120,6
2025,6,15,7,LAX,LAS,2025-06-15 05:55:00,05:52:00,-3,07:15:00,07:04:00,-11,2025-06-15,21300,26100,6
2025,6,15,7,LAX,LAS,2025-06-15 07:30:00,07:22:00,-8,08:40:00,08:27:00,-13,2025-06-15,27000,31200,6
2025,6,15,7,LAX,LAS,2025-06-15 08:10:00,08:08:00,-2,09:30:00,09:08:00,-22,2025-06-15,29400,34200,6
2025,6,15,7,LAX,LAS,2025-06-15 08:26:00,08:20:00,-6,09:51:00,09:56:00,5,2025-06-15,30360,35460,6
2025,6,15,7,LAX,LAS,2025-06-15 09:35:00,09:36:00,1,10:50:00,10:37:00,-13,2025-06-15,34500,39000,6
2025,6,15,7,LAX,LAS,2025-06-15 10:19:00,10:16:00,-3,11:31:00,11:28:00,-3,2025-06-15,37140,41460,6
2025,6,15,7,LAX,LAS,2025-06-15 11:40:00,11:49:00,9,12:54:00,12:58:00,4,2025-06-15,42000,46440,6
2025,6,15,7,LAX,LAS,2025-06-15 14:45:00,14:42:00,-3,16:07:00,15:50:00,-17,2025-06-15,53100,58020,6
2025,6,15,7,LAX,LAS,2025-06-15 15:05:00,15:23:00,18,16:15:00,16:38:00,23,2025-06-15,54300,58500,6
2025,6,15,7,LAX,LAS,2025-06-15 15:48:00,15:50:00,2,17:13:00,17:01:00,-12,2025-06-15,56880,61980,6
2025,6,15,7,LAX,LAS,2025-06-15 17:55:00,17:52:00,-3,19:18:00,19:03:00,-15,2025-06-15,64500,69480,6
2025,6,15,7,LAX,LAS,2025-06-15 18:50:00,19:10:00,20,20:00:00,20:19:00,19,2025-06-15,67800,72000,6
2025,6,15,7,LAX,LAS,2025-06-15 18:52:00,18:46:00,-6,20:08:00,19:53:00,-15,2025-06-15,67920,72480,6
2025,6,15,7,LAX,LAS,2025-06-15 19:45:00,19:53:00,8,21:08:00,21:06:00,-2,2025-06-15,71100,76080,6
2025,6,15,7,LAX,LAS,2025-06-15 19:48:00,19:59:00,11,21:00:00,21:07:00,7,2025-06-15,71280,75600,6
2025,6,15,7,LAX,LAS,2025-06-15 19:59:00,20:04:00,5,21:10:00,21:09:00,-1,2025-06-15,71940,76200,6
2025,6,15,7,LAX,LAS,2025-06-15 21:50:00,22:24:00,34,23:10:00,23:42:00,32,2025-06-15,78600,83400,6
2025,6,15,7,LAX,LAS,2025-06-15 22:18:00,22:14:00,-4,23:35:00,23:22:00,-13,2025-06-15,80280,84900,6
2025,6,15,7,LAX,LAS,2025-06-15 23:05:00,23:03:00,-2,00:27:00,00:37:00,10,2025-06-15,83100,1620,6
2025,6,15,7,LAX,LIH,2025-06-15 07:20:00,07:16:00,-4,10:20:00,10:07:00,-13,2025-06-15,26400,37200,6
2025,6,15,7,LAX,LIH,2025-06-15 08:42:00,08:39:00,-3,11:38:00,11:33:00,-5,2025-06-15,31320,41880,6
2025,6,15,7,LAX,LIH,2025-06-15 09:03:00,09:25:00,22,12:04:00,12:07:00,3,2025-06-15,32580,43440,6
2025,6,15,7,LAX,LIH,2025-06-15 09:30:00,09:24:00,-6,12:25:00,12:01:00,-24,2025-06-15,34200,44700,6
2025,6,15,7,LAX,LIH,2025-06-15 14:25:00,14:13:00,-12,17:08:00,16:37:00,-31,2025-06-15,51900,61680,6
2025,6,15,7,LAX,MCI,2025-06-15 07:45:00,07:39:00,-6,12:55:00,12:43:00,-12,2025-06-15,27900,46500,6
2025,6,15,7,LAX,MCI,2025-06-15 09:30:00,09:23:00,-7,14:44:00,14:38:00,-6,2025-06-15,34200,53040,6
2025,6,15,7,LAX,MCI,2025-06-15 15:20:00,15:16:00,-4,20:29:00,20:14:00,-15,2025-06-15,55200,73740,6
2025,6,15,7,LAX,MCI,2025-06-15 18:15:00,18:58:00,43,23:27:00,23:57:00,30,2025-06-15,65700,84420,6
2025,6,15,7,LAX,MCO,2025-06-15 07:00:00,06:59:00,-1,14:58:00,15:09:00,11,2025-06-15,25200,53880,6
2025,6,15,7,LAX,MCO,2025-06-15 10:02:00,09:56:00,-6,18:04:00,18:05:00,1,2025-06-15,36120,65040,6
2025,6,15,7,LAX,MCO,2025-06-15 10:35:00,10:33:00,-2,18:38:00,18:41:00,3,2025-06-15,38100,67080,6
2025,6,15,7,LAX,MCO,2025-06-15 11:20:00,11:10:00,-10,19:14:00,19:35:00,21,2025-06-15,40800,69240,6
2025,6,15,7,LAX,MCO,2025-06-15 13:57:00,14:16:00,19,22:10:00,22:29:00,19,2025-06-15,50220,79800,6
2025,6,15,7,LAX,MCO,2025-06-15 16:05:00,16:00:00,-5,23:59:00,00:02:00,3,2025-06-15,57900,86340,6
2025,6,15,7,LAX,MCO,2025-06-15 21:45:00,22:00:00,15,05:32:00,05:35:00,3,2025-06-15,78300,19920,6
2025,6,15,7,LAX,MCO,2025-06-15 22:49:00,23:11:00,22,06:47:00,07:26:00,39,2025-06-15,82140,24420,6
2025,6,15,7,LAX,MCO,2025-06-15 22:56:00,22:50:00,-6,06:57:00,06:42:00,-15,2025-06-15,82560,25020,6
2025,6,15,7,LAX,MDW,2025-06-15 06:30:00,06:27:00,-3,12:30:00,12:11:00,-19,2025-06-15,23400,45000,6
2025,6,15,7,LAX,MDW,2025-06-15 11:40:00,11:56:00,16,17:40:00,17:38:00,-2,2025-06-15,42000,63600,6
2025,6,15,7,LAX,MDW,2025-06-15 15:50:00,15:46:00,-4,21:50:00,21:27:00,-23,2025-06-15,57000,78600,6
2025,6,15,7,LAX,MDW,2025-06-15 22:55:00,23:00:00,5,05:00:00,04:46:00,-14,2025-06-15,82500,18000,6
2025,6,15,7,LAX,MEM,2025-06-15 18:20:00,18:34:00,14,23:58:00,00:11:00,13,2025-06-15,66000,86280,6
2025,6,15,7,LAX,MFE,2025-06-15 06:00:00,06:23:00,23,11:09:00,11:32:00,23,2025-06-15,21600,40140,6
2025,6,15,7,LAX,MIA,2025-06-15 06:00:00,05:52:00,-8,14:13:00,14:03:00,-10,2025-06-15,21600,51180,6
2025,6,15,7,LAX,MIA,2025-06-15 07:45:00,07:41:00,-4,15:54:00,15:57:00,3,2025-06-15,27900,57240,6
2025,6,15,7,LAX,MIA,2025-06-15 09:00:00,09:10:00,10,17:19:00,17:07:00,-12,2025-06-15,32400,62340,6
2025,6,15,7,LAX,MIA,2025-06-15 10:05:00,10:00:00,-5,18:16:00,18:12:00,-4,2025-06-15,36300,65760,6
2025,6,15,7,LAX,MIA,2025-06-15 12:10:00,12:02:00,-8,20:20:00,20:02:00,-18,2025-06-15,43800,73200,6
2025,6,15,7,LAX,MIA,2025-06-15 22:49:00,22:41:00,-8,07:01:00,06:38:00,-23,2025-06-15,82140,25260,6
2025,6,15,7,LAX,MIA,2025-06-15 23:43:00,23:41:00,-2,07:50:00,07:32:00,-18,2025-06-15,85380,28200,6
2025,6,15,7,LAX,MKE,2025-06-15 08:17:00,08:15:00,-2,14:10:00,13:56:00,-14,2025-06-15,29820,51000,6
2025,6,15,7,LAX,MRY,2025-06-15 08:20:00,08:12:00,-8,09:42:00,09:36:00,-6,2025-06-15,30000,34920,6
2025,6,15,7,LAX,MRY,2025-06-15 18:23:00,19:22:00,59,19:37:00,20:32:00,55,2025-06-15,66180,70620,6
2025,6,15,7,LAX,MSO,2025-06-15 11:31:00,11:21:00,-10,15:10:00,14:57:00,-13,2025-06-15,41460,54600,6
2025,6,15,7,LAX,MSP,2025-06-15 06:17:00,06:17:00,0,11:48:00,11:36:00,-12,2025-06-15,22620,42480,6
2025,6,15,7,LAX,MSP,2025-06-15 08:00:00,08:05:00,5,13:34:00,13:27:00,-7,2025-06-15,28800,48840,6
2025,6,15,7,LAX,MSP,2025-06-15 13:25:00,13:34:00,9,18:55:00,19:36:00,41,2025-06-15,48300,68100,6
2025,6,15,7,LAX,MSP,2025-06-15 15:20:00,15:16:00,-4,20:49:00,20:54:00,5,2025-06-15,55200,74940,6
2025,6,15,7,LAX,MSP,2025-06-15 18:50:00,18:49:00,-1,00:20:00,00:16:00,-4,2025-06-15,67800,1200,6
2025,6,15,7,LAX,MSP,2025-06-15 23:30:00,00:18:00,48,05:04:00,05:35:00,31,2025-06-15,84600,18240,6
2025,6,15,7,LAX,MSY,2025-06-15 07:00:00,06:52:00,-8,12:40:00,12:30:00,-10,2025-06-15,25200,45600,6
2025,6,15,7,LAX,MSY,2025-06-15 09:00:00,08:57:00,-3,14:55:00,14:42:00,-13,2025-06-15,32400,53700,6
2025,6,15,7,LAX,MSY,2025-06-15 12:10:00,12:06:00,-4,17:53:00,17:58:00,5,2025-06-15,43800,64380,6
2025,6,15,7,LAX,MSY,2025-06-15 17:47:00,18:16:00,29,23:27:00,23:50:00,23,2025-06-15,64020,84420,6
2025,6,15,7,LAX,MSY,2025-06-15 18:18:00,18:15:00,-3,23:58:00,23:56:00,-2,2025-06-15,65880,86280,6
2025,6,15,7,LAX,OAK,2025-06-15 08:25:00,08:24:00,-1,09:55:00,09:28:00,-27,2025-06-15,30300,35700,6
2025,6,15,7,LAX,OAK,2025-06-15 10:30:00,10:34:00,4,11:55:00,11:39:00,-16,2025-06-15,37800,42900,6
2025,6,15,7,LAX,OAK,2025-06-15 14:20:00,14:46:00,26,15:45:00,15:53:00,8,2025-06-15,51600,56700,6
2025,6,15,7,LAX,OAK,2025-06-15 17:25:00,17:45:00,20,18:50:00,18:51:00,1,2025-06-15,62700,67800,6
2025,6,15,7,LAX,OAK,2025-06-15 19:45:00,20:03:00,18,21:10:00,21:12:00,2,2025-06-15,71100,76200,6
2025,6,15,7,LAX,OAK,2025-06-15 21:05:00,21:20:00,15,22:30:00,22:31:00,1,2025-06-15,75900,81000,6
2025,6,15,7,LAX,OGG,2025-06-15 07:00:00,07:02:00,2,09:35:00,09:36:00,1,2025-06-15,25200,34500,6
2025,6,15,7,LAX,OGG,2025-06-15 08:00:00,08:08:00,8,10:31:00,10:24:00,-7,2025-06-15,28800,37860,6
2025,6,15,7,LAX,OGG,2025-06-15 08:15:00,08:09:00,-6,10:55:00,10:34:00,-21,2025-06-15,29700,39300,6
2025,6,15,7,LAX,OGG,2025-06-15 09:02:00,08:59:00,-3,11:47:00,11:20:00,-27,2025-06-15,32520,42420,6
2025,6,15,7,LAX,OGG,2025-06-15 16:55:00,16:49:00,-6,19:34:00,19:10:00,-24,2025-06-15,60900,70440,6
2025,6,15,7,LAX,OGG,2025-06-15 16:56:00,16:51:00,-5,19:28:00,19:08:00,-20,2025-06-15,60960,70080,6
2025,6,15,7,LAX,OGG,2025-06-15 17:54:00,17:45:00,-9,20:30:00,20:11:00,-19,2025-06-15,64440,73800,6
2025,6,15,7,LAX,OKC,2025-06-15 09:00:00,09:14:00,14,14:00:00,14:15:00,15,2025-06-15,32400,50400,6
2025,6,15,7,LAX,OKC,2025-06-15 17:32:00,17:36:00,4,22:30:00,22:25:00,-5,2025-06-15,63120,81000,6
2025,6,15,7,LAX,OMA,2025-06-15 12:36:00,12:26:00,-10,17:52:00,17:29:00,-23,2025-06-15,45360,64320,6
2025,6,15,7,LAX,ORD,2025-06-15 00:32:00,00:27:00,-5,06:38:00,06:36:00,-2,2025-06-15,1920,23880,6
2025,6,15,7,LAX,ORD,2025-06-15 00:44:00,01:07:00,23,06:51:00,06:58:00,7,2025-06-15,2640,24660,6
2025,6,15,7,LAX,ORD,2025-06-15 05:45:00,05:41:00,-4,11:57:00,11:37:00,-20,2025-06-15,20700,43020,6
2025,6,15,7,LAX,ORD,2025-06-15 06:05:00,06:04:00,-1,12:21:00,11:53:00,-28,2025-06-15,21900,44460,6
2025,6,15,7,LAX,ORD,2025-06-15 06:20:00,06:27:00,7,12:42:00,12:28:00,-14,2025-06-15,22800,45720,6
2025,6,15,7,LAX,ORD,2025-06-15 06:30:00,06:25:00,-5,12:38:00,12:18:00,-20,2025-06-15,23400,45480,6
2025,6,15,7,LAX,ORD,2025-06-15 08:00:00,07:57:00,-3,14:15:00,14:12:00,-3,2025-06-15,28800,51300,6
2025,6,15,7,LAX,ORD,2025-06-15 08:15:00,08:11:00,-4,14:39:00,14:24:00,-15,2025-06-15,29700,52740,6
2025,6,15,7,LAX,ORD,2025-06-15 09:36:00,09:38:00,2,15:44:00,15:43:00,-1,2025-06-15,34560,56640,6
2025,6,15,7,LAX,ORD,2025-06-15 10:40:00,10:38:00,-2,16:56:00,16:37:00,-19,2025-06-15,38400,60960,6
2025,6,15,7,LAX,ORD,2025-06-15 12:37:00,12:33:00,-4,18:55:00,19:11:00,16,2025-06-15,45420,68100,6
2025,6,15,7,LAX,ORD,2025-06-15 13:00:00,12:59:00,-1,19:29:00,19:31:00,2,2025-06-15,46800,70140,6
2025,6,15,7,LAX,ORD,2025-06-15 14:01:00,14:02:00,1,20:25:00,19:59:00,-26,2025-06-15,50460,73500,6
2025,6,15,7,LAX,ORD,2025-06-15 15:02:00,14:58:00,-4,21:08:00,21:06:00,-2,2025-06-15,54120,76080,6
2025,6,15,7,LAX,ORD,2025-06-15 16:40:00,16:44:00,4,23:04:00,22:45:00,-19,2025-06-15,60000,83040,6
2025,6,15,7,LAX,ORD,2025-06-15 16:46:00,17:09:00,23,23:05:00,22:58:00,-7,2025-06-15,60360,83100,6
2025,6,15,7,LAX,ORD,2025-06-15 17:29:00,17:46:00,17,23:35:00,23:47:00,12,2025-06-15,62940,84900,6
2025,6,15,7,LAX,ORD,2025-06-15 17:38:00,17:31:00,-7,23:59:00,23:34:00,-25,2025-06-15,63480,86340,6
2025,6,15,7,LAX,ORD,2025-06-15 22:40:00,22:47:00,7,04:51:00,04:40:00,-11,2025-06-15,81600,17460,6
2025,6,15,7,LAX,ORD,2025-06-15 23:00:00,23:02:00,2,05:13:00,05:05:00,-8,2025-06-15,82800,18780,6
2025,6,15,7,LAX,ORD,2025-06-15 23:37:00,23:33:00,-4,05:45:00,05:13:00,-32,2025-06-15,85020,20700,6
2025,6,15,7,LAX,PDX,2025-06-15 07:00:00,06:53:00,-7,09:21:00,09:00:00,-21,2025-06-15,25200,33660,6
2025,6,15,7,LAX,PDX,2025-06-15 07:00:00,06:56:00,-4,09:23:00,09:14:00,-9,2025-06-15,25200,33780,6
2025,6,15,7,LAX,PDX,2025-06-15 08:45:00,08:43:00,-2,11:10:00,10:53:00,-17,2025-06-15,31500,40200,6
2025,6,15,7,LAX,PDX,2025-06-15 09:43:00,09:37:00,-6,12:14:00,11:49:00,-25,2025-06-15,34980,44040,6
2025,6,15,7,LAX,PDX,2025-06-15 10:00:00,09:53:00,-7,12:23:00,12:13:00,-10,2025-06-15,36000,44580,6
2025,6,15,7,LAX,PDX,2025-06-15 11:02:00,10:54:00,-8,13:25:00,13:05:00,-20,2025-06-15,39720,48300,6
2025,6,15,7,LAX,PDX,2025-06-15 13:40:00,13:44:00,4,16:00:00,15:47:00,-13,2025-06-15,49200,57600,6
2025,6,15,7,LAX,PDX,2025-06-15 14:05:00,14:35:00,30,16:25:00,16:52:00,27,2025-06-15,50700,59100,6
2025,6,15,7,LAX,PDX,2025-06-15 16:40:00,16:36:00,-4,18:59:00,18:42:00,-17,2025-06-15,60000,68340,6
2025,6,15,7,LAX,PDX,2025-06-15 18:07:00,18:30:00,23,20:30:00,20:54:00,24,2025-06-15,65220,73800,6
2025,6,15,7,LAX,PDX,2025-06-15 20:05:00,20:49:00,44,22:29:00,23:15:00,46,2025-06-15,72300,80940,6
2025,6,15,7,LAX,PDX,2025-06-15 20:25:00,20:57:00,32,22:45:00,23:03:00,18,2025-06-15,73500,81900,6
2025,6,15,7,LAX,PHL,2025-06-15 06:45:00,06:40:00,-5,14:54:00,14:42:00,-12,2025-06-15,24300,53640,6
2025,6,15,7,LAX,PHL,2025-06-15 07:45:00,07:38:00,-7,15:56:00,15:44:00,-12,2025-06-15,27900,57360,6
2025,6,15,7,LAX,PHL,2025-06-15 09:00:00,08:55:00,-5,17:18:00,17:11:00,-7,2025-06-15,32400,62280,6
2025,6,15,7,LAX,PHL,2025-06-15 11:40:00,11:44:00,4,19:56:00,20:14:00,18,2025-06-15,42000,71760,6
2025,6,15,7,LAX,PHL,2025-06-15 14:42:00,15:25:00,43,22:54:00,23:20:00,26,2025-06-15,52920,82440,6
2025,6,15,7,LAX,PHL,2025-06-15 16:30:00,17:02:00,32,00:43:00,00:55:00,12,2025-06-15,59400,2580,6
2025,6,15,7,LAX,PHL,2025-06-15 22:53:00,22:53:00,0,07:05:00,06:51:00,-14,2025-06-15,82380,25500,6
2025,6,15,7,LAX,PHL,2025-06-15 22:56:00,22:56:00,0,07:00:00,06:48:00,-12,2025-06-15,82560,25200,6
2025,6,15,7,LAX,PHX,2025-06-15 05:50:00,05:47:00,-3,07:20:00,07:04:00,-16,2025-06-15,21000,26400,6
2025,6,15,7,LAX,PHX,2025-06-15 06:10:00,06:03:00,-7,07:39:00,07:17:00,-22,2025-06-15,22200,27540,6
2025,6,15,7,LAX,PHX,2025-06-15 07:05:00,07:00:00,-5,08:30:00,08:18:00,-12,2025-06-15,25500,30600,6
2025,6,15,7,LAX,PHX,2025-06-15 08:15:00,08:12:00,-3,09:51:00,09:55:00,4,2025-06-15,29700,35460,6
2025,6,15,7,LAX,PHX,2025-06-15 09:40:00,09:36:00,-4,11:10:00,10:51:00,-19,2025-06-15,34800,40200,6
2025,6,15,7,LAX,PHX,2025-06-15 10:00:00,09:55:00,-5,11:30:00,11:09:00,-21,2025-06-15,36000,41400,6
2025,6,15,7,LAX,PHX,2025-06-15 10:15:00,10:11:00,-4,11:45:00,11:21:00,-24,2025-06-15,36900,42300,6
2025,6,15,7,LAX,PHX,2025-06-15 13:25:00,13:54:00,29,14:50:00,15:18:00,28,2025-06-15,48300,53400,6
2025,6,15,7,LAX,PHX,2025-06-15 14:00:00,13:53:00,-7,15:28:00,15:14:00,-14,2025-06-15,50400,55680,6
2025,6,15,7,LAX,PHX,2025-06-15 14:23:00,14:32:00,9,16:02:00,15:52:00,-10,2025-06-15,51780,57720,6
2025,6,15,7,LAX,PHX,2025-06-15 15:15:00,15:19:00,4,16:45:00,16:49:00,4,2025-06-15,54900,60300,6
2025,6,15,7,LAX,PHX,2025-06-15 16:32:00,17:12:00,40,17:59:00,18:28:00,29,2025-06-15,59520,64740,6
2025,6,15,7,LAX,PHX,2025-06-15 17:30:00,17:23:00,-7,18:55:00,18:52:00,-3,2025-06-15,63000,68100,6
2025,6,15,7,LAX,PHX,2025-06-15 18:00:00,18:51:00,51,19:30:00,20:05:00,35,2025-06-15,64800,70200,6
2025,6,15,7,LAX,PHX,2025-06-15 19:10:00,19:07:00,-3,20:39:00,20:19:00,-20,2025-06-15,69000,74340,6
2025,6,15,7,LAX,PHX,2025-06-15 19:35:00,19:34:00,-1,21:03:00,20:55:00,-8,2025-06-15,70500,75780,6
2025,6,15,7,LAX,PHX,2025-06-15 21:34:00,21:23:00,-11,23:05:00,22:55:00,-10,2025-06-15,77640,83100,6
2025,6,15,7,LAX,PHX,2025-06-15 22:20:00,23:16:00,56,23:50:00,00:25:00,35,2025-06-15,80400,85800,6
2025,6,15,7,LAX,PHX,2025-06-15 22:35:00,22:39:00,4,00:13:00,00:01:00,-12,2025-06-15,81300,780,6
2025,6,15,7,LAX,PIT,2025-06-15 09:15:00,09:07:00,-8,17:00:00,16:36:00,-24,2025-06-15,33300,61200,6
2025,6,15,7,LAX,PRC,2025-06-15 19:45:00,19:42:00,-3,21:11:00,20:51:00,-20,2025-06-15,71100,76260,6
2025,6,15,7,LAX,RDD,2025-06-15 12:56:00,12:51:00,-5,14:45:00,14:28:00,-17,2025-06-15,46560,53100,6
2025,6,15,7,LAX,RDM,2025-06-15 12:45:00,12:40:00,-5,15:03:00,14:50:00,-13,2025-06-15,45900,54180,6
2025,6,15,7,LAX,RDU,2025-06-15 08:57:00,08:53:00,-4,16:54:00,16:42:00,-12,2025-06-15,32220,60840,6
2025,6,15,7,LAX,RDU,2025-06-15 10:37:00,10:35:00,-2,18:31:00,18:53:00,22,2025-06-15,38220,66660,6
2025,6,15,7,LAX,RDU,2025-06-15 22:20:00,22:26:00,6,06:18:00,06:12:00,-6,2025-06-15,80400,22680,6
2025,6,15,7,LAX,RNO,2025-06-15 09:35:00,09:31:00,-4,11:00:00,10:44:00,-16,2025-06-15,34500,39600,6
2025,6,15,7,LAX,RNO,2025-06-15 09:59:00,09:54:00,-5,11:31:00,11:06:00,-25,2025-06-15,35940,41460,6
2025,6,15,7,LAX,RNO,2025-06-15 10:19:00,10:29:00,10,12:00:00,12:16:00,16,2025-06-15,37140,43200,6
2025,6,15,7,LAX,RNO,2025-06-15 15:02:00,14:53:00,-9,16:30:00,16:20:00,-10,2025-06-15,54120,59400,6
2025,6,15,7,LAX,RNO,2025-06-15 17:10:00,17:03:00,-7,18:44:00,18:34:00,-10,2025-06-15,61800,67440,6
2025,6,15,7,LAX,RNO,2025-06-15 19:20:00,20:05:00,45,20:45:00,21:17:00,32,2025-06-15,69600,74700,6
2025,6,15,7,LAX,RNO,2025-06-15 20:15:00,20:43:00,28,21:49:00,22:06:00,17,2025-06-15,72900,78540,6
2025,6,15,7,LAX,RNO,2025-06-15 20:50:00,20:41:00,-9,22:17:00,22:09:00,-8,2025-06-15,75000,80220,6
2025,6,15,7,LAX,RNO,2025-06-15 22:16:00,22:16:00,0,23:53:00,23:56:00,3,2025-06-15,80160,85980,6
2025,6,15,7,LAX,SAN,2025-06-15 08:20:00,08:11:00,-9,09:19:00,09:10:00,-9,2025-06-15,30000,33540,6
2025,6,15,7,LAX,SAN,2025-06-15 09:20:00,09:14:00,-6,10:24:00,10:17:00,-7,2025-06-15,33600,37440,6
2025,6,15,7,LAX,SAN,2025-06-15 14:28:00,14:21:00,-7,15:22:00,15:09:00,-13,2025-06-15,52080,55320,6
2025,6,15,7,LAX,SAN,2025-06-15 18:00:00,17:52:00,-8,18:54:00,18:55:00,1,2025-06-15,64800,68040,6
2025,6,15,7,LAX,SAN,2025-06-15 18:46:00,18:58:00,12,19:47:00,19:45:00,-2,2025-06-15,67560,71220,6
2025,6,15,7,LAX,SAN,2025-06-15 21:59:00,21:50:00,-9,22:53:00,22:39:00,-14,2025-06-15,79140,82380,6
2025,6,15,7,LAX,SAN,2025-06-15 22:45:00,22:57:00,12,23:46:00,23:55:00,9,2025-06-15,81900,85560,6
2025,6,15,7,LAX,SAT,2025-06-15 07:10:00,07:10:00,0,12:02:00,11:58:00,-4,2025-06-15,25800,43320,6
2025,6,15,7,LAX,SAT,2025-06-15 09:12:00,09:05:00,-7,14:19:00,13:54:00,-25,2025-06-15,33120,51540,6
2025,6,15,7,LAX,SAT,2025-06-15 09:30:00,09:27:00,-3,14:23:00,14:05:00,-18,2025-06-15,34200,51780,6
2025,6,15,7,LAX,SAT,2025-06-15 15:20:00,15:57:00,37,20:15:00,20:43:00,28,2025-06-15,55200,72900,6
2025,6,15,7,LAX,SAT,2025-06-15 17:00:00,17:25:00,25,21:58:00,22:31:00,33,2025-06-15,61200,79080,6
2025,6,15,7,LAX,SBA,2025-06-15 15:20:00,15:22:00,2,16:12:00,16:03:00,-9,2025-06-15,55200,58320,6
2025,6,15,7,LAX,SBP,2025-06-15 15:00:00,14:57:00,-3,16:01:00,15:43:00,-18,2025-06-15,54000,57660,6
2025,6,15,7,LAX,SBP,2025-06-15 22:32:00,22:28:00,-4,23:36:00,23:24:00,-12,2025-06-15,81120,84960,6
2025,6,15,7,LAX,SDF,2025-06-15 11:34:00,11:30:00,-4,18:35:00,18:25:00,-10,2025-06-15,41640,66900,6
2025,6,15,7,LAX,SEA,2025-06-15 07:00:00,06:52:00,-8,09:54:00,09:35:00,-19,2025-06-15,25200,35640,6
2025,6,15,7,LAX,SEA,2025-06-15 07:00:00,07:16:00,16,09:47:00,10:15:00,28,2025-06-15,25200,35220,6
2025,6,15,7,LAX,SEA,2025-06-15 08:00:00,07:57:00,-3,10:49:00,10:40:00,-9,2025-06-15,28800,38940,6
2025,6,15,7,LAX,SEA,2025-06-15 09:45:00,10:39:00,54,12:42:00,12:59:00,17,2025-06-15,35100,45720,6
2025,6,15,7,LAX,SEA,2025-06-15 09:50:00,10:05:00,15,12:35:00,12:42:00,7,2025-06-15,35400,45300,6
2025,6,15,7,LAX,SEA,2025-06-15 11:10:00,11:12:00,2,14:01:00,13:56:00,-5,2025-06-15,40200,50460,6
2025,6,15,7,LAX,SEA,2025-06-15 11:15:00,11:06:00,-9,14:09:00,14:15:00,6,2025-06-15,40500,50940,6
2025,6,15,7,LAX,SEA,2025-06-15 11:55:00,11:52:00,-3,14:45:00,14:19:00,-26,2025-06-15,42900,53100,6
2025,6,15,7,LAX,SEA,2025-06-15 14:15:00,14:25:00,10,17:00:00,17:12:00,12,2025-06-15,51300,61200,6
2025,6,15,7,LAX,SEA,2025-06-15 15:10:00,15:56:00,46,17:54:00,18:37:00,43,2025-06-15,54600,64440,6
2025,6,15,7,LAX,SEA,2025-06-15 17:15:00,17:12:00,-3,20:00:00,19:38:00,-22,2025-06-15,62100,72000,6
2025,6,15,7,LAX,SEA,2025-06-15 17:43:00,17:38:00,-5,20:35:00,20:08:00,-27,2025-06-15,63780,74100,6
2025,6,15,7,LAX,SEA,2025-06-15 18:15:00,18:30:00,15,21:00:00,21:05:00,5,2025-06-15,65700,75600,6
2025,6,15,7,LAX,SEA,2025-06-15 19:07:00,19:32:00,25,21:58:00,22:03:00,5,2025-06-15,68820,79080,6
2025,6,15,7,LAX,SEA,2025-06-15 19:25:00,19:17:00,-8,22:10:00,22:09:00,-1,2025-06-15,69900,79800,6
2025,6,15,7,LAX,SEA,2025-06-15 19:59:00,20:48:00,49,22:57:00,23:12:00,15,2025-06-15,71940,82620,6
2025,6,15,7,LAX,SEA,2025-06-15 20:10:00,20:49:00,39,22:59:00,23:31:00,32,2025-06-15,72600,82740,6
2025,6,15,7,LAX,SEA,2025-06-15 21:15:00,21:08:00,-7,23:59:00,23:48:00,-11,2025-06-15,76500,86340,6
2025,6,15,7,LAX,SEA,2025-06-15 21:29:00,21:22:00,-7,00:25:00,23:49:00,-36,2025-06-15,77340,1500,6
2025,6,15,7,LAX,SFO,2025-06-15 06:00:00,05:58:00,-2,07:25:00,07:19:00,-6,2025-06-15,21600,26700,6
2025,6,15,7,LAX,SFO,2025-06-15 06:00:00,06:00:00,0,07:38:00,07:28:00,-10,2025-06-15,21600,27480,6
2025,6,15,7,LAX,SFO,2025-06-15 06:30:00,06:28:00,-2,07:52:00,07:40:00,-12,2025-06-15,23400,28320,6
2025,6,15,7,LAX,SFO,2025-06-15 07:00:00,06:52:00,-8,08:36:00,08:09:00,-27,2025-06-15,25200,30960,6
2025,6,15,7,LAX,SFO,2025-06-15 07:00:00,06:59:00,-1,08:29:00,08:18:00,-11,2025-06-15,25200,30540,6
2025,6,15,7,LAX,SFO,2025-06-15 08:00:00,07:56:00,-4,09:40:00,09:14:00,-26,2025-06-15,28800,34800,6
2025,6,15,7,LAX,SFO,2025-06-15 08:35:00,08:28:00,-7,09:58:00,09:42:00,-16,2025-06-15,30900,35880,6
2025,6,15,7,LAX,SFO,2025-06-15 09:10:00,09:05:00,-5,10:45:00,10:30:00,-15,2025-06-15,33000,38700,6
2025,6,15,7,LAX,SFO,2025-06-15 10:15:00,10:47:00,32,11:40:00,12:06:00,26,2025-06-15,36900,42000,6
2025,6,15,7,LAX,SFO,2025-06-15 10:26:00,10:22:00,-4,11:59:00,11:37:00,-22,2025-06-15,37560,43140,6
2025,6,15,7,LAX,SFO,2025-06-15 11:29:00,11:22:00,-7,12:56:00,12:46:00,-10,2025-06-15,41340,46560,6
2025,6,15,7,LAX,SFO,2025-06-15 12:20:00,12:16:00,-4,13:43:00,13:25:00,-18,2025-06-15,44400,49380,6
2025,6,15,7,LAX,SFO,2025-06-15 12:35:00,13:05:00,30,13:55:00,14:10:00,15,2025-06-15,45300,50100,6
2025,6,15,7,LAX,SFO,2025-06-15 13:30:00,13:22:00,-8,14:52:00,14:37:00,-15,2025-06-15,48600,53520,6
2025,6,15,7,LAX,SFO,2025-06-15 13:39:00,13:29:00,-10,15:07:00,14:48:00,-19,2025-06-15,49140,54420,6
2025,6,15,7,LAX,SFO,2025-06-15 14:22:00,14:18:00,-4,15:48:00,15:48:00,0,2025-06-15,51720,56880,6
2025,6,15,7,LAX,SFO,2025-06-15 15:44:00,15:42:00,-2,17:11:00,17:06:00,-5,2025-06-15,56640,61860,6
2025,6,15,7,LAX,SFO,2025-06-15 16:10:00,16:10:00,0,17:39:00,17:24:00,-15,2025-06-15,58200,63540,6
2025,6,15,7,LAX,SFO,2025-06-15 16:27:00,16:47:00,20,17:45:00,18:02:00,17,2025-06-15,59220,63900,6
2025,6,15,7,LAX,SFO,2025-06-15 17:10:00,17:56:00,46,18:40:00,19:13:00,33,2025-06-15,61800,67200,6
2025,6,15,7,LAX,SFO,2025-06-15 17:40:00,17:49:00,9,19:02:00,19:11:00,9,2025-06-15,63600,68520,6
2025,6,15,7,LAX,SFO,2025-06-15 18:08:00,18:08:00,0,19:43:00,19:27:00,-16,2025-06-15,65280,70980,6
2025,6,15,7,LAX,SFO,2025-06-15 18:20:00,18:15:00,-5,19:43:00,19:22:00,-21,2025-06-15,66000,70980,6
2025,6,15,7,LAX,SFO,2025-06-15 18:40:00,18:44:00,4,20:09:00,20:04:00,-5,2025-06-15,67200,72540,6
2025,6,15,7,LAX,SFO,2025-06-15 18:59:00,18:58:00,-1,20:28:00,20:27:00,-1,2025-06-15,68340,73680,6
2025,6,15,7,LAX,SFO,2025-06-15 19:25:00,20:08:00,43,20:57:00,21:46:00,49,2025-06-15,69900,75420,6
2025,6,15,7,LAX,SFO,2025-06-15 19:35:00,19:30:00,-5,20:58:00,20:47:00,-11,2025-06-15,70500,75480,6
2025,6,15,7,LAX,SFO,2025-06-15 19:45:00,19:45:00,0,21:10:00,20:54:00,-16,2025-06-15,71100,76200,6
2025,6,15,7,LAX,SFO,2025-06-15 21:30:00,21:27:00,-3,23:02:00,22:46:00,-16,2025-06-15,77400,82920,6
2025,6,15,7,LAX,SFO,2025-06-15 21:49:00,21:41:00,-8,23:12:00,22:52:00,-20,2025-06-15,78540,83520,6
2025,6,15,7,LAX,SFO,2025-06-15 22:25:00,22:47:00,22,23:52:00,00:02:00,10,2025-06-15,80700,85920,6
2025,6,15,7,LAX,SGU,2025-06-15 13:15:00,13:06:00,-9,15:47:00,15:35:00,-12,2025-06-15,47700,56820,6
2025,6,15,7,LAX,SJC,2025-06-15 05:50:00,05:45:00,-5,07:05:00,06:53:00,-12,2025-06-15,21000,25500,6
2025,6,15,7,LAX,SJC,2025-06-15 07:05:00,06:56:00,-9,08:20:00,08:23:00,3,2025-06-15,25500,30000,6
2025,6,15,7,LAX,SJC,2025-06-15 09:10:00,09:11:00,1,10:30:00,10:14:00,-16,2025-06-15,33000,37800,6
2025,6,15,7,LAX,SJC,2025-06-15 09:15:00,09:05:00,-10,10:30:00,10:12:00,-18,2025-06-15,33300,37800,6
2025,6,15,7,LAX,SJC,2025-06-15 11:35:00,11:34:00,-1,12:52:00,12:38:00,-14,2025-06-15,41700,46320,6
2025,6,15,7,LAX,SJC,2025-06-15 13:25:00,13:15:00,-10,14:40:00,14:19:00,-21,2025-06-15,48300,52800,6
2025,6,15,7,LAX,SJC,2025-06-15 14:45:00,14:51:00,6,16:00:00,15:55:00,-5,2025-06-15,53100,57600,6
2025,6,15,7,LAX,SJC,2025-06-15 15:45:00,15:37:00,-8,17:00:00,16:43:00,-17,2025-06-15,56700,61200,6
2025,6,15,7,LAX,SJC,2025-06-15 18:00:00,17:52:00,-8,19:15:00,18:58:00,-17,2025-06-15,64800,69300,6
2025,6,15,7,LAX,SJC,2025-06-15 21:28:00,21:21:00,-7,22:44:00,22:33:00,-11,2025-06-15,77280,81840,6
2025,6,15,7,LAX,SLC,2025-06-15 06:00:00,05:51:00,-9,08:53:00,08:38:00,-15,2025-06-15,21600,31980,6
2025,6,15,7,LAX,SLC,2025-06-15 07:00:00,06:55:00,-5,09:55:00,10:27:00,32,2025-06-15,25200,35700,6
2025,6,15,7,LAX,SLC,2025-06-15 08:25:00,08:20:00,-5,11:26:00,11:19:00,-7,2025-06-15,30300,41160,6
2025,6,15,7,LAX,SLC,2025-06-15 08:33:00,08:30:00,-3,11:32:00,11:15:00,-17,2025-06-15,30780,41520,6
2025,6,15,7,LAX,SLC,2025-06-15 09:48:00,10:08:00,20,12:43:00,12:52:00,9,2025-06-15,35280,45780,6
2025,6,15,7,LAX,SLC,2025-06-15 10:55:00,10:51:00,-4,13:50:00,13:26:00,-24,2025-06-15,39300,49800,6
2025,6,15,7,LAX,SLC,2025-06-15 11:11:00,11:10:00,-1,14:03:00,13:55:00,-8,2025-06-15,40260,50580,6
2025,6,15,7,LAX,SLC,2025-06-15 13:11:00,13:09:00,-2,16:04:00,15:51:00,-13,2025-06-15,47460,57840,6
2025,6,15,7,LAX,SLC,2025-06-15 17:10:00,17:15:00,5,20:00:00,19:53:00,-7,2025-06-15,61800,72000,6
2025,6,15,7,LAX,SLC,2025-06-15 19:19:00,19:26:00,7,22:06:00,22:05:00,-1,2025-06-15,69540,79560,6
2025,6,15,7,LAX,SMF,2025-06-15 05:40:00,05:36:00,-4,07:05:00,06:57:00,-8,2025-06-15,20400,25500,6
2025,6,15,7,LAX,SMF,2025-06-15 07:55:00,07:54:00,-1,09:24:00,09:08:00,-16,2025-06-15,28500,33840,6
2025,6,15,7,LAX,SMF,2025-06-15 08:10:00,08:08:00,-2,09:40:00,09:24:00,-16,2025-06-15,29400,34800,6
2025,6,15,7,LAX,SMF,2025-06-15 09:46:00,10:15:00,29,11:23:00,11:41:00,18,2025-06-15,35160,40980,6
2025,6,15,7,LAX,SMF,2025-06-15 10:25:00,10:20:00,-5,11:59:00,11:40:00,-19,2025-06-15,37500,43140,6
2025,6,15,7,LAX,SMF,2025-06-15 12:25:00,12:43:00,18,13:54:00,13:56:00,2,2025-06-15,44700,50040,6
2025,6,15,7,LAX,SMF,2025-06-15 12:30:00,13:06:00,36,13:45:00,14:23:00,38,2025-06-15,45000,49500,6
2025,6,15,7,LAX,SMF,2025-06-15 13:09:00,13:05:00,-4,14:44:00,14:26:00,-18,2025-06-15,47340,53040,6
2025,6,15,7,LAX,SMF,2025-06-15 16:30:00,16:48:00,18,18:01:00,18:16:00,15,2025-06-15,59400,64860,6
2025,6,15,7,LAX,SMF,2025-06-15 16:54:00,16:45:00,-9,18:23:00,18:14:00,-9,2025-06-15,60840,66180,6
2025,6,15,7,LAX,SMF,2025-06-15 17:05:00,17:04:00,-1,18:37:00,18:24:00,-13,2025-06-15,61500,67020,6
2025,6,15,7,LAX,SMF,2025-06-15 18:15:00,18:09:00,-6,19:45:00,19:38:00,-7,2025-06-15,65700,71100,6
2025,6,15,7,LAX,SMF,2025-06-15 19:22:00,19:19:00,-3,21:01:00,20:56:00,-5,2025-06-15,69720,75660,6
2025,6,15,7,LAX,SMF,2025-06-15 20:35:00,20:45:00,10,22:00:00,22:12:00,12,2025-06-15,74100,79200,6
2025,6,15,7,LAX,SMF,2025-06-15 20:56:00,20:47:00,-9,22:28:00,22:24:00,-4,2025-06-15,75360,80880,6
2025,6,15,7,LAX,STL,2025-06-15 05:15:00,05:14:00,-1,10:55:00,10:43:00,-12,2025-06-15,18900,39300,6
2025,6,15,7,LAX,STL,2025-06-15 13:25:00,13:42:00,17,19:05:00,18:58:00,-7,2025-06-15,48300,68700,6
2025,6,15,7,LAX,STL,2025-06-15 17:33:00,17:32:00,-1,22:59:00,23:11:00,12,2025-06-15,63180,82740,6
2025,6,15,7,LAX,STS,2025-06-15 09:25:00,09:18:00,-7,11:06:00,11:01:00,-5,2025-06-15,33900,39960,6
2025,6,15,7,LAX,STS,2025-06-15 22:06:00,22:28:00,22,23:44:00,23:51:00,7,2025-06-15,79560,85440,6
2025,6,15,7,LAX,SUN,2025-06-15 08:30:00,08:25:00,-5,11:43:00,11:39:00,-4,2025-06-15,30600,42180,6
2025,6,15,7,LAX,TPA,2025-06-15 23:59:00,23:52:00,-7,07:56:00,07:25:00,-31,2025-06-15,86340,28560,6
2025,6,15,7,LAX,TUL,2025-06-15 09:30:00,09:23:00,-7,14:40:00,14:29:00,-11,2025-06-15,34200,52800,6
2025,6,15,7,LAX,TUS,2025-06-15 08:22:00,08:15:00,-7,10:03:00,09:42:00,-21,2025-06-15,30120,36180,6
2025,6,15,7,LAX,TUS,2025-06-15 09:35:00,09:26:00,-9,11:10:00,10:51:00,-19,2025-06-15,34500,40200,6
2025,6,15,7,LAX,TUS,2025-06-15 10:05:00,10:17:00,12,11:35:00,11:32:00,-3,2025-06-15,36300,41700,6
2025,6,15,7,LAX,TUS,2025-06-15 14:10:00,14:50:00,40,15:44:00,16:13:00,29,2025-06-15,51000,56640,6
2025,6,15,7,LAX,TUS,2025-06-15 14:58:00,15:45:00,47,16:27:00,17:09:00,42,2025-06-15,53880,59220,6
2025,6,15,7,LAX,TUS,2025-06-15 18:18:00,18:25:00,7,19:49:00,19:59:00,10,2025-06-15,65880,71340,6
2025,6,15,7,LAX,TUS,2025-06-15 19:00:00,18:57:00,-3,20:33:00,20:25:00,-8,2025-06-15,68400,73980,6
2025,6,15,7,LAX,XNA,2025-06-15 09:14:00,09:06:00,-8,14:38:00,14:19:00,-19,2025-06-15,33240,52680,6
2025,6,16,1,LAX,ABQ,2025-06-16 08:00:00,07:51:00,-9,11:08:00,10:49:00,-19,2025-06-16,28800,40080,0
2025,6,16,1,LAX,ABQ,2025-06-16 08:55:00,08:46:00,-9,11:58:00,11:44:00,-14,2025-06-16,32100,43080,0
2025,6,16,1,LAX,ABQ,2025-06-16 11:20:00,11:27:00,7,14:15:00,14:10:00,-5,2025-06-16,40800,51300,0
2025,6,16,1,LAX,ABQ,2025-06-16 14:59:00,14:50:00,-9,18:02:00,17:45:00,-17,2025-06-16,53940,64920,0
2025,6,16,1,LAX,ABQ,2025-06-16 18:49:00,18:38:00,-11,21:52:00,21:48:00,-4,2025-06-16,67740,78720,0
2025,6,16,1,LAX,ACV,2025-06-16 13:15:00,13:49:00,34,15:13:00,15:59:00,46,2025-06-16,47700,54780,0
2025,6,16,1,LAX,ASE,2025-06-16 10:40:00,10:39:00,-1,13:56:00,13:34:00,-22,2025-06-16,38400,50160,0
2025,6,16,1,LAX,ATL,2025-06-16 06:20:00,06:20:00,0,13:42:00,13:33:00,-9,2025-06-16,22800,49320,0
2025,6,16,1,LAX,ATL,2025-06-16 07:35:00,07:37:00,2,14:48:00,14:39:00,-9,2025-06-16,27300,53280,0
2025,6,16,1,LAX,ATL,2025-06-16 08:45:00,09:07:00,22,16:07:00,16:21:00,14,2025-06-16,31500,58020,0
2025,6,16,1,LAX,ATL,2025-06-16 09:53:00,09:52:00,-1,17:19:00,17:04:00,-15,2025-06-16,35580,62340,0
2025,6,16,1,LAX,ATL,2025-06-16 11:15:00,11:41:00,26,18:34:00,19:17:00,43,2025-06-16,40500,66840,0
2025,6,16,1,LAX,ATL,2025-06-16 12:49:00,13:23:00,34,20:15:00,20:33:00,18,2025-06-16,46140,72900,0
2025,6,16,1,LAX,ATL,2025-06-16 13:15:00,13:47:00,32,20:46:00,20:59:00,13,2025-06-16,47700,74760,0
2025,6,16,1,LAX,ATL,2025-06-16 14:30:00,14:30:00,0,21:50:00,22:00:00,10,2025-06-16,52200,78600,0
2025,6,16,1,LAX,ATL,2025-06-16 17:35:00,18:34:00,59,00:54:00,01:31:00,37,2025-06-16,63300,3240,0
2025,6,16,1,LAX,ATL,2025-06-16 21:45:00,22:22:00,37,05:00:00,05:31:00,31,2025-06-16,78300,18000,0
2025,6,16,1,LAX,ATL,2025-06-16 22:45:00,23:28:00,43,06:00:00,06:27:00,27,2025-06-16,81900,21600,0
2025,6,16,1,LAX,ATL,2025-06-16 23:45:00,23:50:00,5,07:12:00,06:58:00,-14,2025-06-16,85500,25920,0
2025,6,16,1,LAX,AUS,2025-06-16 05:00:00,04:56:00,-4,10:00:00,10:02:00,2,2025-06-16,18000,36000,0
2025,6,16,1,LAX,AUS,2025-06-16 06:15:00,06:31:00,16,11:17:00,11:19:00,2,2025-06-16,22500,40620,0
2025,6,16,1,LAX,AUS,2025-06-16 07:45:00,08:03:00,18,12:46:00,12:45:00,-1,2025-06-16,27900,45960,0
2025,6,16,1,LAX,AUS,2025-06-16 09:25:00,09:47:00,22,14:51:00,14:57:00,6,2025-06-16,33900,53460,0
2025,6,16,1,LAX,AUS,2025-06-16 10:35:00,10:52:00,17,15:45:00,15:49:00,4,2025-06-16,38100,56700,0
2025,6,16,1,LAX,AUS,2025-06-16 11:15:00,11:12:00,-3,16:20:00,15:54:00,-26,2025-06-16,40500,58800,0
2025,6,16,1,LAX,AUS,2025-06-16 16:14:00,16:20:00,6,21:14:00,21:10:00,-4,2025-06-16,58440,76440,0
2025,6,16,1,LAX,AUS,2025-06-16 16:20:00,16:14:00,-6,21:21:00,21:09:00,-12,2025-06-16,58800,76860,0
2025,6,16,1,LAX,AUS,2025-06-16 18:40:00,18:56:00,16,23:58:00,23:45:00,-13,2025-06-16,67200,86280,0
2025,6,16,1,LAX,AUS,2025-06-16 18:50:00,19:11:00,21,23:50:00,23:58:00,8,2025-06-16,67800,85800,0
2025,6,16,1,LAX,AUS,2025-06-16 18:55:00,18:57:00,2,23:55:00,23:53:00,-2,2025-06-16,68100,86100,0
2025,6,16,1,LAX,BNA,2025-06-16 07:00:00,07:18:00,18,12:57:00,13:03:00,6,2025-06-16,25200,46620,0
2025,6,16,1,LAX,BNA,2025-06-16 07:10:00,07:13:00,3,13:25:00,13:02:00,-23,2025-06-16,25800,48300,0
2025,6,16,1,LAX,BNA,2025-06-16 09:29:00,09:29:00,0,15:32:00,15:22:00,-10,2025-06-16,34140,55920,0
2025,6,16,1,LAX,BNA,2025-06-16 10:36:00,10:29:00,-7,16:45:00,16:37:00,-8,2025-06-16,38160,60300,0
2025,6,16,1,LAX,BNA,2025-06-16 12:39:00,12:35:00,-4,18:44:00,18:49:00,5,2025-06-16,45540,67440,0
2025,6,16,1,LAX,BNA,2025-06-16 18:39:00,18:35:00,-4,00:37:00,00:23:00,-14,2025-06-16,67140,2220,0
2025,6,16,1,LAX,BNA,2025-06-16 22:50:00,23:15:00,25,05:00:00,04:57:00,-3,2025-06-16,82200,18000,0
2025,6,16,1,LAX,BOI,2025-06-16 11:57:00,12:14:00,17,15:03:00,15:07:00,4,2025-06-16,43020,54180,0
2025,6,16,1,LAX,BOI,2025-06-16 12:45:00,12:44:00,-1,15:59:00,15:43:00,-16,2025-06-16,45900,57540,0
2025,6,16,1,LAX,BOI,2025-06-16 19:50:00,19:44:00,-6,22:54:00,22:43:00,-11,2025-06-16,71400,82440,0
2025,6,16,1,LAX,BOI,2025-06-16 19:59:00,20:07:00,8,23:01:00,23:07:00,6,2025-06-16,71940,82860,0
2025,6,16,1,LAX,BOS,2025-06-16 06:00:00,05:54:00,-6,14:40:00,14:08:00,-32,2025-06-16,21600,52800,0
2025,6,16,1,LAX,BOS,2025-06-16 06:40:00,06:44:00,4,15:15:00,15:10:00,-5,2025-06-16,24000,54900,0
2025,6,16,1,LAX,BOS,2025-06-16 08:30:00,08:22:00,-8,17:19:00,16:45:00,-34,2025-06-16,30600,62340,0
2025,6,16,1,LAX,BOS,2025-06-16 08:35:00,08:30:00,-5,17:18:00,16:53:00,-25,2025-06-16,30900,62280,0
2025,6,16,1,LAX,BOS,2025-06-16 08:40:00,08:27:00,-13,17:16:00,16:39:00,-37,2025-06-16,31200,62160,0
2025,6,16,1,LAX,BOS,2025-06-16 11:45:00,11:39:00,-6,20:25:00,19:56:00,-29,2025-06-16,42300,73500,0
2025,6,16,1,LAX,BOS,2025-06-16 13:10:00,13:00:00,-10,21:51:00,21:16:00,-35,2025-06-16,47400,78660,0
2025,6,16,1,LAX,BOS,2025-06-16 15:25:00,15:16:00,-9,23:55:00,23:27:00,-28,2025-06-16,55500,86100,0
2025,6,16,1,LAX,BOS,2025-06-16 20:24:00,20:33:00,9,05:00:00,04:46:00,-14,2025-06-16,73440,18000,0
2025,6,16,1,LAX,BOS,2025-06-16 21:02:00,20:56:00,-6,05:32:00,05:24:00,-8,2025-06-16,75720,19920,0
2025,6,16,1,LAX,BOS,2025-06-16 22:35:00,22:35:00,0,07:13:00,07:04:00,-9,2025-06-16,81300,25980,0
2025,6,16,1,LAX,BOS,2025-06-16 23:05:00,23:00:00,-5,07:41:00,07:26:00,-15,2025-06-16,83100,27660,0
2025,6,16,1,LAX,BUF,2025-06-16 22:09:00,22:26:00,17,06:00:00,06:02:00,2,2025-06-16,79740,21600,0
2025,6,16,1,LAX,BWI,2025-06-16 05:30:00,05:44:00,14,13:35:00,13:33:00,-2,2025-06-16,19800,48900,0
2025,6,16,1,LAX,BWI,2025-06-16 08:45:00,08:39:00,-6,16:54:00,16:24:00,-30,2025-06-16,31500,60840,0
2025,6,16,1,LAX,BWI,2025-06-16 10:05:00,10:14:00,9,18:10:00,17:53:00,-17,2025-06-16,36300,65400,0
2025,6,16,1,LAX,BWI,2025-06-16 11:34:00,11:48:00,14,19:29:00,19:26:00,-3,2025-06-16,41640,70140,0
2025,6,16,1,LAX,BWI,2025-06-16 20:55:00,21:34:00,39,05:00:00,05:12:00,12,2025-06-16,75300,18000,0
2025,6,16,1,LAX,BWI,2025-06-16 23:59:00,23:54:00,-5,08:07:00,07:47:00,-20,2025-06-16,86340,29220,0
2025,6,16,1,LAX,BZN,2025-06-16 11:21:00,11:16:00,-5,14:50:00,14:27:00,-23,2025-06-16,40860,53400,0
2025,6,16,1,LAX,BZN,2025-06-16 18:00:00,18:40:00,40,21:39:00,22:02:00,23,2025-06-16,64800,77940,0
2025,6,16,1,LAX,CLE,2025-06-16 11:38:00,11:42:00,4,19:11:00,19:01:00,-10,2025-06-16,41880,69060,0
2025,6,16,1,LAX,CLE,2025-06-16 21:20:00,21:13:00,-7,04:53:00,04:39:00,-14,2025-06-16,76800,17580,0
2025,6,16,1,LAX,CLT,2025-06-16 06:05:00,05:59:00,-6,13:54:00,13:51:00,-3,2025-06-16,21900,50040,0
2025,6,16,1,LAX,CLT,2025-06-16 07:59:00,07:55:00,-4,15:45:00,15:43:00,-2,2025-06-16,28740,56700,0
2025,6,16,1,LAX,CLT,2025-06-16 11:54:00,12:08:00,14,19:45:00,19:53:00,8,2025-06-16,42840,71100,0
2025,6,16,1,LAX,CLT,2025-06-16 22:49:00,22:46:00,-3,06:35:00,06:13:00,-22,2025-06-16,82140,23700,0
2025,6,16,1,LAX,CLT,2025-06-16 23:06:00,23:05:00,-1,06:45:00,06:36:00,-9,2025-06-16,83160,24300,0
2025,6,16,1,LAX,CLT,2025-06-16 23:49:00,00:04:00,15,07:35:00,07:41:00,6,2025-06-16,85740,27300,0
2025,6,16,1,LAX,CMH,2025-06-16 09:25:00,09:21:00,-4,17:01:00,16:33:00,-28,2025-06-16,33900,61260,0
2025,6,16,1,LAX,DAL,2025-06-16 05:05:00,05:04:00,-1,10:10:00,09:50:00,-20,2025-06-16,18300,36600,0
2025,6,16,1,LAX,DAL,2025-06-16 06:45:00,06:47:00,2,11:50:00,11:35:00,-15,2025-06-16,24300,42600,0
2025,6,16,1,LAX,DAL,2025-06-16 11:20:00,11:22:00,2,16:30:00,16:07:00,-23,2025-06-16,40800,59400,0
2025,6,16,1,LAX,DAL,2025-06-16 18:10:00,18:12:00,2,23:20:00,23:07:00,-13,2025-06-16,65400,84000,0
2025,6,16,1,LAX,DCA,2025-06-16 07:59:00,08:30:00,31,16:00:00,16:11:00,11,2025-06-16,28740,57600,0
2025,6,16,1,LAX,DCA,2025-06-16 08:19:00,08:14:00,-5,16:22:00,16:08:00,-14,2025-06-16,29940,58920,0
2025,6,16,1,LAX,DEN,2025-06-16 05:05:00,05:03:00,-2,08:24:00,08:16:00,-8,2025-06-16,18300,30240,0
2025,6,16,1,LAX,DEN,2025-06-16 05:45:00,05:44:00,-1,09:10:00,08:53:00,-17,2025-06-16,20700,33000,0
2025,6,16,1,LAX,DEN,2025-06-16 06:15:00,06:06:00,-9,09:48:00,09:57:00,9,2025-06-16,22500,35280,0
2025,6,16,1,LAX,DEN,2025-06-16 07:06:00,07:04:00,-2,10:31:00,10:16:00,-15,2025-06-16,25560,37860,0
2025,6,16,1,LAX,DEN,2025-06-16 07:46:00,07:39:00,-7,11:10:00,10:49:00,-21,2025-06-16,27960,40200,0
2025,6,16,1,LAX,DEN,2025-06-16 08:04:00,07:59:00,-5,11:33:00,11:20:00,-13,2025-06-16,29040,41580,0
2025,6,16,1,LAX,DEN,2025-06-16 08:05:00,08:05:00,0,11:30:00,11:09:00,-21,2025-06-16,29100,41400,0
2025,6,16,1,LAX,DEN,2025-06-16 09:00:00,08:55:00,-5,12:27:00,12:06:00,-21,2025-06-16,32400,44820,0
2025,6,16,1,LAX,DEN,2025-06-16 10:30:00,10:46:00,16,13:55:00,13:57:00,2,2025-06-16,37800,50100,0
2025,6,16,1,LAX,DEN,2025-06-16 10:52:00,10:47:00,-5,14:19:00,14:02:00,-17,2025-06-16,39120,51540,0
2025,6,16,1,LAX,DEN,2025-06-16 10:55:00,11:13:00,18,14:30:00,14:27:00,-3,2025-06-16,39300,52200,0
2025,6,16,1,LAX,DEN,2025-06-16 12:55:00,12:51:00,-4,16:23:00,15:57:00,-26,2025-06-16,46500,58980,0
2025,6,16,1,LAX,DEN,2025-06-16 13:38:00,13:39:00,1,17:01:00,17:11:00,10,2025-06-16,49080,61260,0
2025,6,16,1,LAX,DEN,2025-06-16 13:40:00,13:39:00,-1,17:10:00,16:48:00,-22,2025-06-16,49200,61800,0
2025,6,16,1,LAX,DEN,2025-06-16 14:35:00,14:33:00,-2,18:05:00,17:54:00,-11,2025-06-16,52500,65100,0
2025,6,16,1,LAX,DEN,2025-06-16 14:59:00,14:58:00,-1,18:19:00,18:13:00,-6,2025-06-16,53940,65940,0
2025,6,16,1,LAX,DEN,2025-06-16 16:05:00,16:50:00,45,19:30:00,20:01:00,31,2025-06-16,57900,70200,0
2025,6,16,1,LAX,DEN,2025-06-16 16:11:00,16:00:00,-11,19:40:00,19:03:00,-37,2025-06-16,58260,70800,0
2025,6,16,1,LAX,DEN,2025-06-16 19:18:00,19:52:00,34,22:47:00,23:05:00,18,2025-06-16,69480,82020,0
2025,6,16,1,LAX,DEN,2025-06-16 19:45:00,19:48:00,3,23:09:00,23:00:00,-9,2025-06-16,71100,83340,0
2025,6,16,1,LAX,DEN,2025-06-16 20:20:00,20:19:00,-1,23:50:00,23:26:00,-24,2025-06-16,73200,85800,0
2025,6,16,1,LAX,DFW,2025-06-16 00:40:00,00:34:00,-6,05:45:00,05:21:00,-24,2025-06-16,2400,20700,0
2025,6,16,1,LAX,DFW,2025-06-16 00:47:00,00:39:00,-8,05:50:00,05:53:00,3,2025-06-16,2820,21000,0
2025,6,16,1,LAX,DFW,2025-06-16 01:30:00,01:28:00,-2,06:33:00,06:16:00,-17,2025-06-16,5400,23580,0
2025,6,16,1,LAX,DFW,2025-06-16 06:00:00,05:50:00,-10,11:03:00,11:01:00,-2,2025-06-16,21600,39780,0
2025,6,16,1,LAX,DFW,2025-06-16 06:00:00,06:12:00,12,11:20:00,11:21:00,1,2025-06-16,21600,40800,0
2025,6,16,1,LAX,DFW,2025-06-16 08:26:00,09:05:00,39,13:39:00,13:58:00,19,2025-06-16,30360,49140,0
2025,6,16,1,LAX,DFW,2025-06-16 08:35:00,08:56:00,21,13:43:00,13:59:00,16,2025-06-16,30900,49380,0
2025,6,16,1,LAX,DFW,2025-06-16 10:37:00,10:35:00,-2,15:45:00,15:47:00,2,2025-06-16,38220,56700,0
2025,6,16,1,LAX,DFW,2025-06-16 12:30:00,12:29:00,-1,17:37:00,17:31:00,-6,2025-06-16,45000,63420,0
2025,6,16,1,LAX,DFW,2025-06-16 13:48:00,13:44:00,-4,18:59:00,18:55:00,-4,2025-06-16,49680,68340,0
2025,6,16,1,LAX,DFW,2025-06-16 14:33:00,14:40:00,7,19:43:00,19:41:00,-2,2025-06-16,52380,70980,0
2025,6,16,1,LAX,DFW,2025-06-16 15:48:00,15:44:00,-4,20:59:00,20:50:00,-9,2025-06-16,56880,75540,0
2025,6,16,1,LAX,DFW,2025-06-16 16:36:00,16:34:00,-2,21:47:00,21:38:00,-9,2025-06-16,59760,78420,0
2025,6,16,1,LAX,DFW,2025-06-16 18:35:00,18:30:00,-5,23:47:00,23:19:00,-28,2025-06-16,66900,85620,0
2025,6,16,1,LAX,DFW,2025-06-16 18:55:00,18:48:00,-7,23:56:00,23:43:00,-13,2025-06-16,68100,86160,0
2025,6,16,1,LAX,DFW,2025-06-16 19:03:00,19:37:00,34,00:26:00,00:25:00,-1,2025-06-16,68580,1560,0
2025,6,16,1,LAX,DFW,2025-06-16 23:59:00,00:50:00,51,05:09:00,05:35:00,26,2025-06-16,86340,18540,0
2025,6,16,1,LAX,DTW,2025-06-16 05:30:00,05:29:00,-1,12:57:00,12:42:00,-15,2025-06-16,19800,46620,0
2025,6,16,1,LAX,DTW,2025-06-16 07:35:00,08:34:00,59,14:56:00,15:50:00,54,2025-06-16,27300,53760,0
2025,6,16,1,LAX,DTW,2025-06-16 11:14:00,11:07:00,-7,18:37:00,18:36:00,-1,2025-06-16,40440,67020,0
2025,6,16,1,LAX,DTW,2025-06-16 12:09:00,12:04:00,-5,19:31:00,19:15:00,-16,2025-06-16,43740,70260,0
2025,6,16,1,LAX,DTW,2025-06-16 15:36:00,15:29:00,-7,23:04:00,22:29:00,-35,2025-06-16,56160,83040,0
2025,6,16,1,LAX,DTW,2025-06-16 21:30:00,21:36:00,6,04:52:00,04:53:00,1,2025-06-16,77400,17520,0
2025,6,16,1,LAX,ELP,2025-06-16 14:30:00,14:24:00,-6,17:31:00,17:15:00,-16,2025-06-16,52200,63060,0
2025,6,16,1,LAX,ELP,2025-06-16 19:47:00,19:47:00,0,22:47:00,22:34:00,-13,2025-06-16,71220,82020,0
2025,6,16,1,LAX,EWR,2025-06-16 06:00:00,06:00:00,0,14:34:00,14:19:00,-15,2025-06-16,21600,52440,0
2025,6,16,1,LAX,EWR,2025-06-16 07:00:00,06:52:00,-8,15:34:00,14:58:00,-36,2025-06-16,25200,56040,0
2025,6,16,1,LAX,EWR,2025-06-16 07:00:00,06:57:00,-3,15:34:00,15:22:00,-12,2025-06-16,25200,56040,0
2025,6,16,1,LAX,EWR,2025-06-16 08:20:00,08:15:00,-5,16:45:00,16:25:00,-20,2025-06-16,30000,60300,0
2025,6,16,1,LAX,EWR,2025-06-16 10:15:00,10:08:00,-7,18:54:00,18:22:00,-32,2025-06-16,36900,68040,0
2025,6,16,1,LAX,EWR,2025-06-16 10:50:00,10:48:00,-2,19:20:00,18:58:00,-22,2025-06-16,39000,69600,0
2025,6,16,1,LAX,EWR,2025-06-16 11:15:00,11:10:00,-5,19:54:00,19:15:00,-39,2025-06-16,40500,71640,0
2025,6,16,1,LAX,EWR,2025-06-16 12:15:00,12:28:00,13,20:54:00,20:38:00,-16,2025-06-16,44100,75240,0
2025,6,16,1,LAX,EWR,2025-06-16 13:30:00,13:26:00,-4,21:52:00,21:26:00,-26,2025-06-16,48600,78720,0
2025,6,16,1,LAX,EWR,2025-06-16 14:34:00,14:52:00,18,22:55:00,22:43:00,-12,2025-06-16,52440,82500,0
2025,6,16,1,LAX,EWR,2025-06-16 16:30:00,16:28:00,-2,00:57:00,00:21:00,-36,2025-06-16,59400,3420,0
2025,6,16,1,LAX,EWR,2025-06-16 20:55:00,20:53:00,-2,05:08:00,04:40:00,-28,2025-06-16,75300,18480,0
2025,6,16,1,LAX,EWR,2025-06-16 21:26:00,21:22:00,-4,05:59:00,05:32:00,-27,2025-06-16,77160,21540,0
2025,6,16,1,LAX,EWR,2025-06-16 21:35:00,21:39:00,4,05:55:00,06:01:00,6,2025-06-16,77700,21300,0
2025,6,16,1,LAX,EWR,2025-06-16 23:59:00,23:56:00,-3,08:12:00,08:00:00,-12,2025-06-16,86340,29520,0
2025,6,16,1,LAX,FAT,2025-06-16 10:30:00,10:26:00,-4,11:48:00,11:31:00,-17,2025-06-16,37800,42480,0
2025,6,16,1,LAX,FAT,2025-06-16 19:10:00,19:08:00,-2,20:24:00,20:17:00,-7,2025-06-16,69000,73440,0
2025,6,16,1,LAX,FAT,2025-06-16 22:38:00,22:32:00,-6,23:52:00,23:53:00,1,2025-06-16,81480,85920,0
2025,6,16,1,LAX,FCA,2025-06-16 09:22:00,09:23:00,1,13:21:00,12:55:00,-26,2025-06-16,33720,48060,0
2025,6,16,1,LAX,FLL,2025-06-16 08:00:00,07:58:00,-2,16:14:00,15:59:00,-15,2025-06-16,28800,58440,0
2025,6,16,1,LAX,FLL,2025-06-16 13:45:00,13:34:00,-11,21:58:00,21:34:00,-24,2025-06-16,49500,79080,0
2025,6,16,1,LAX,FLL,2025-06-16 21:55:00,22:04:00,9,06:03:00,06:03:00,0,2025-06-16,78900,21780,0
2025,6,16,1,LAX,FLL,2025-06-16 23:09:00,23:13:00,4,07:05:00,07:01:00,-4,2025-06-16,83340,25500,0
2025,6,16,1,LAX,FSD,2025-06-16 16:05:00,16:01:00,-4,21:19:00,20:59:00,-20,2025-06-16,57900,76740,0
2025,6,16,1,LAX,GEG,2025-06-16 11:14:00,11:12:00,-2,13:52:00,13:46:00,-6,2025-06-16,40440,49920,0
2025,6,16,1,LAX,GEG,2025-06-16 14:32:00,14:27:00,-5,17:07:00,16:47:00,-20,2025-06-16,52320,61620,0
2025,6,16,1,LAX,GEG,2025-06-16 15:16:00,15:06:00,-10,17:47:00,17:32:00,-15,2025-06-16,54960,64020,0
2025,6,16,1,LAX,GEG,2025-06-16 18:59:00,18:53:00,-6,21:33:00,21:32:00,-1,2025-06-16,68340,77580,0
2025,6,16,1,LAX,HNL,2025-06-16 07:05:00,07:08:00,3,10:10:00,09:52:00,-18,2025-06-16,25500,36600,0
2025,6,16,1,LAX,HNL,2025-06-16 08:25:00,08:23:00,-2,11:07:00,11:07:00,0,2025-06-16,30300,40020,0
2025,6,16,1,LAX,HNL,2025-06-16 08:30:00,08:34:00,4,11:05:00,11:01:00,-4,2025-06-16,30600,39900,0
2025,6,16,1,LAX,HNL,2025-06-16 08:35:00,08:29:00,-6,11:17:00,10:52:00,-25,2025-06-16,30900,40620,0
2025,6,16,1,LAX,HNL,2025-06-16 08:49:00,08:45:00,-4,11:37:00,11:29:00,-8,2025-06-16,31740,41820,0
2025,6,16,1,LAX,HNL,2025-06-16 11:15:00,11:14:00,-1,14:04:00,13:52:00,-12,2025-06-16,40500,50640,0
2025,6,16,1,LAX,HNL,2025-06-16 13:15:00,13:09:00,-6,16:01:00,15:40:00,-21,2025-06-16,47700,57660,0
2025,6,16,1,LAX,HNL,2025-06-16 13:35:00,13:27:00,-8,16:18:00,16:16:00,-2,2025-06-16,48900,58680,0
2025,6,16,1,LAX,HNL,2025-06-16 14:44:00,14:40:00,-4,17:28:00,17:03:00,-25,2025-06-16,53040,62880,0
2025,6,16,1,LAX,HNL,2025-06-16 17:10:00,17:09:00,-1,19:44:00,19:35:00,-9,2025-06-16,61800,71040,0
2025,6,16,1,LAX,HNL,2025-06-16 17:45:00,17:40:00,-5,20:30:00,20:13:00,-17,2025-06-16,63900,73800,0
2025,6,16,1,LAX,HNL,2025-06-16 18:10:00,18:37:00,27,20:52:00,21:07:00,15,2025-06-16,65400,75120,0
2025,6,16,1,LAX,HNL,2025-06-16 18:20:00,18:39:00,19,20:57:00,21:18:00,21,2025-06-16,66000,75420,0
2025,6,16,1,LAX,HNL,2025-06-16 18:25:00,18:42:00,17,21:15:00,21:12:00,-3,2025-06-16,66300,76500,0
2025,6,16,1,LAX,HNL,2025-06-16 18:45:00,19:02:00,17,21:28:00,21:35:00,7,2025-06-16,67500,77280,0
2025,6,16,1,LAX,HNL,2025-06-16 19:13:00,19:09:00,-4,21:55:00,21:48:00,-7,2025-06-16,69180,78900,0
2025,6,16,1,LAX,HNL,2025-06-16 20:40:00,21:09:00,29,23:29:00,23:57:00,28,2025-06-16,74400,84540,0
2025,6,16,1,LAX,HOU,2025-06-16 05:05:00,05:11:00,6,10:30:00,10:24:00,-6,2025-06-16,18300,37800,0
2025,6,16,1,LAX,HOU,2025-06-16 13:35:00,14:14:00,39,19:00:00,19:29:00,29,2025-06-16,48900,68400,0
2025,6,16,1,LAX,HOU,2025-06-16 17:45:00,17:59:00,14,23:05:00,23:12:00,7,2025-06-16,63900,83100,0
2025,6,16,1,LAX,IAD,2025-06-16 06:20:00,06:14:00,-6,14:23:00,13:58:00,-25,2025-06-16,22800,51780,0
2025,6,16,1,LAX,IAD,2025-06-16 08:15:00,08:08:00,-7,16:21:00,15:57:00,-24,2025-06-16,29700,58860,0
2025,6,16,1,LAX,IAD,2025-06-16 08:20:00,08:18:00,-2,16:25:00,16:22:00,-3,2025-06-16,30000,59100,0
2025,6,16,1,LAX,IAD,2025-06-16 10:15:00,10:14:00,-1,18:20:00,18:17:00,-3,2025-06-16,36900,66000,0
2025,6,16,1,LAX,IAD,2025-06-16 13:15:00,13:12:00,-3,21:16:00,21:17:00,1,2025-06-16,47700,76560,0
2025,6,16,1,LAX,IAD,2025-06-16 16:45:00,17:06:00,21,00:44:00,00:48:00,4,2025-06-16,60300,2640,0
2025,6,16,1,LAX,IAD,2025-06-16 21:35:00,21:31:00,-4,05:37:00,05:06:00,-31,2025-06-16,77700,20220,0
2025,6,16,1,LAX,IAD,2025-06-16 22:50:00,23:02:00,12,06:39:00,06:48:00,9,2025-06-16,82200,23940,0
2025,6,16,1,LAX,IAH,2025-06-16 05:15:00,05:20:00,5,10:42:00,10:31:00,-11,2025-06-16,18900,38520,0
2025,6,16,1,LAX,IAH,2025-06-16 07:15:00,07:13:00,-2,12:44:00,12:41:00,-3,2025-06-16,26100,45840,0
2025,6,16,1,LAX,IAH,2025-06-16 08:40:00,08:44:00,4,14:09:00,14:01:00,-8,2025-06-16,31200,50940,0
2025,6,16,1,LAX,IAH,2025-06-16 10:15:00,10:13:00,-2,15:40:00,15:33:00,-7,2025-06-16,36900,56400,0
2025,6,16,1,LAX,IAH,2025-06-16 11:28:00,11:20:00,-8,16:48:00,16:30:00,-18,2025-06-16,41280,60480,0
2025,6,16,1,LAX,IAH,2025-06-16 12:07:00,12:08:00,1,17:24:00,17:37:00,13,2025-06-16,43620,62640,0
2025,6,16,1,LAX,IAH,2025-06-16 13:10:00,13:05:00,-5,18:40:00,18:26:00,-14,2025-06-16,47400,67200,0
2025,6,16,1,LAX,IAH,2025-06-16 13:58:00,14:19:00,21,19:25:00,19:44:00,19,2025-06-16,50280,69900,0
2025,6,16,1,LAX,IAH,2025-06-16 18:09:00,18:39:00,30,23:28:00,23:41:00,13,2025-06-16,65340,84480,0
2025,6,16,1,LAX,IAH,2025-06-16 19:20:00,19:32:00,12,00:43:00,00:36:00,-7,2025-06-16,69600,2580,0
2025,6,16,1,LAX,IAH,2025-06-16 23:45:00,00:05:00,20,05:05:00,05:13:00,8,2025-06-16,85500,18300,0
2025,6,16,1,LAX,IND,2025-06-16 10:36:00,10:36:00,0,17:47:00,17:27:00,-20,2025-06-16,38160,64020,0
2025,6,16,1,LAX,IND,2025-06-16 11:34:00,11:31:00,-3,18:38:00,18:17:00,-21,2025-06-16,41640,67080,0
2025,6,16,1,LAX,JAC,2025-06-16 10:30:00,10:24:00,-6,13:48:00,13:27:00,-21,2025-06-16,37800,49680,0
2025,6,16,1,LAX,JFK,2025-06-16 06:00:00,05:55:00,-5,14:30:00,14:13:00,-17,2025-06-16,21600,52200,0
2025,6,16,1,LAX,JFK,2025-06-16 07:00:00,06:50:00,-10,15:35:00,15:06:00,-29,2025-06-16,25200,56100,0
2025,6,16,1,LAX,JFK,2025-06-16 07:20:00,07:39:00,19,15:55:00,16:08:00,13,2025-06-16,26400,57300,0
2025,6,16,1,LAX,JFK,2025-06-16 08:19:00,08:11:00,-8,16:58:00,16:34:00,-24,2025-06-16,29940,61080,0
2025,6,16,1,LAX,JFK,2025-06-16 10:10:00,10:38:00,28,19:10:00,18:45:00,-25,2025-06-16,36600,69000,0
2025,6,16,1,LAX,JFK,2025-06-16 10:21:00,10:16:00,-5,18:59:00,18:24:00,-35,2025-06-16,37260,68340,0
2025,6,16,1,LAX,JFK,2025-06-16 11:10:00,11:17:00,7,19:50:00,19:22:00,-28,2025-06-16,40200,71400,0
2025,6,16,1,LAX,JFK,2025-06-16 11:30:00,11:21:00,-9,20:06:00,19:26:00,-40,2025-06-16,41400,72360,0
2025,6,16,1,LAX,JFK,2025-06-16 12:21:00,12:44:00,23,21:00:00,20:49:00,-11,2025-06-16,44460,75600,0
2025,6,16,1,LAX,JFK,2025-06-16 13:00:00,12:59:00,-1,21:45:00,21:08:00,-37,2025-06-16,46800,78300,0
2025,6,16,1,LAX,JFK,2025-06-16 13:10:00,14:03:00,53,21:52:00,22:13:00,21,2025-06-16,47400,78720,0
2025,6,16,1,LAX,JFK,2025-06-16 14:20:00,14:44:00,24,22:52:00,23:24:00,32,2025-06-16,51600,82320,0
2025,6,16,1,LAX,JFK,2025-06-16 15:15:00,15:17:00,2,23:55:00,23:32:00,-23,2025-06-16,54900,86100,0
2025,6,16,1,LAX,JFK,2025-06-16 15:20:00,15:12:00,-8,23:54:00,23:30:00,-24,2025-06-16,55200,86040,0
2025,6,16,1,LAX,JFK,2025-06-16 15:20:00,15:15:00,-5,23:57:00,23:47:00,-10,2025-06-16,55200,86220,0
2025,6,16,1,LAX,JFK,2025-06-16 16:20:00,16:16:00,-4,00:55:00,00:21:00,-34,2025-06-16,58800,3300,0
2025,6,16,1,LAX,JFK,2025-06-16 20:36:00,20:36:00,0,05:00:00,04:36:00,-24,2025-06-16,74160,18000,0
2025,6,16,1,LAX,JFK,2025-06-16 20:53:00,21:11:00,18,05:30:00,05:22:00,-8,2025-06-16,75180,19800,0
2025,6,16,1,LAX,JFK,2025-06-16 21:21:00,21:17:00,-4,05:55:00,05:30:00,-25,2025-06-16,76860,21300,0
2025,6,16,1,LAX,JFK,2025-06-16 21:40:00,21:37:00,-3,06:07:00,05:44:00,-23,2025-06-16,78000,22020,0
2025,6,16,1,LAX,JFK,2025-06-16 22:31:00,23:22:00,51,07:00:00,07:35:00,35,2025-06-16,81060,25200,0
2025,6,16,1,LAX,JFK,2025-06-16 22:50:00,22:53:00,3,07:23:00,07:10:00,-13,2025-06-16,82200,26580,0
2025,6,16,1,LAX,JFK,2025-06-16 22:52:00,22:50:00,-2,07:32:00,07:01:00,-31,2025-06-16,82320,27120,0
2025,6,16,1,LAX,JFK,2025-06-16 23:55:00,00:40:00,45,08:30:00,08:23:00,-7,2025-06-16,86100,30600,0
2025,6,16,1,LAX,JFK,2025-06-16 23:58:00,23:54:00,-4,08:30:00,08:09:00,-21,2025-06-16,86280,30600,0
2025,6,16,1,LAX,KOA,2025-06-16 08:30:00,08:26:00,-4,11:10:00,11:08:00,-2,2025-06-16,30600,40200,0
2025,6,16,1,LAX,KOA,2025-06-16 09:10:00,09:05:00,-5,11:50:00,11:25:00,-25,2025-06-16,33000,42600,0
2025,6,16,1,LAX,KOA,2025-06-16 11:19:00,12:06:00,47,13:55:00,14:28:00,33,2025-06-16,40740,50100,0
2025,6,16,1,LAX,KOA,2025-06-16 16:29:00,16:21:00,-8,18:59:00,18:40:00,-19,2025-06-16,59340,68340,0
2025,6,16,1,LAX,KOA,2025-06-16 17:25:00,17:20:00,-5,20:03:00,19:48:00,-15,2025-06-16,62700,72180,0
2025,6,16,1,LAX,LAS,2025-06-16 05:20:00,05:18:00,-2,06:35:00,06:19:00,-16,2025-06-16,19200,23700,0
2025,6,16,1,LAX,LAS,2025-06-16 05:30:00,05:21:00,-9,06:42:00,06:23:00,-19,2025-06-16,19800,24120,0
2025,6,16,1,LAX,LAS,2025-06-16 07:25:00,07:26:00,1,08:45:00,08:41:00,-4,2025-06-16,26700,31500,0
2025,6,16,1,LAX,LAS,2025-06-16 07:30:00,07:23:00,-7,08:40:00,08:24:00,-16,2025-06-16,27000,31200,0
2025,6,16,1,LAX,LAS,2025-06-16 08:26:00,08:52:00,26,09:51:00,10:26:00,35,2025-06-16,30360,35460,0
2025,6,16,1,LAX,LAS,2025-06-16 08:45:00,08:44:00,-1,10:05:00,09:53:00,-12,2025-06-16,31500,36300,0
2025,6,16,1,LAX,LAS,2025-06-16 10:19:00,10:23:00,4,11:31:00,11:42:00,11,2025-06-16,37140,41460,0
2025,6,16,1,LAX,LAS,2025-06-16 11:25:00,11:35:00,10,12:45:00,12:34:00,-11,2025-06-16,41100,45900,0
2025,6,16,1,LAX,LAS,2025-06-16 11:40:00,11:38:00,-2,12:54:00,12:50:00,-4,2025-06-16,42000,46440,0
2025,6,16,1,LAX,LAS,2025-06-16 14:45:00,14:38:00,-7,16:07:00,16:00:00,-7,2025-06-16,53100,58020,0
2025,6,16,1,LAX,LAS,2025-06-16 15:05:00,15:51:00,46,16:15:00,17:09:00,54,2025-06-16,54300,58500,0
2025,6,16,1,LAX,LAS,2025-06-16 15:48:00,15:46:00,-2,17:13:00,17:16:00,3,2025-06-16,56880,61980,0
2025,6,16,1,LAX,LAS,2025-06-16 17:40:00,18:01:00,21,18:55:00,19:15:00,20,2025-06-16,63600,68100,0
2025,6,16,1,LAX,LAS,2025-06-16 17:55:00,17:48:00,-7,19:18:00,19:05:00,-13,2025-06-16,64500,69480,0
2025,6,16,1,LAX,LAS,2025-06-16 18:50:00,18:41:00,-9,20:00:00,19:46:00,-14,2025-06-16,67800,72000,0
2025,6,16,1,LAX,LAS,2025-06-16 18:52:00,19:23:00,31,20:08:00,21:04:00,56,2025-06-16,67920,72480,0
2025,6,16,1,LAX,LAS,2025-06-16 19:30:00,19:28:00,-2,20:52:00,21:05:00,13,2025-06-16,70200,75120,0
2025,6,16,1,LAX,LAS,2025-06-16 19:45:00,19:43:00,-2,21:08:00,21:24:00,16,2025-06-16,71100,76080,0
2025,6,16,1,LAX,LAS,2025-06-16 19:48:00,20:05:00,17,21:00:00,21:13:00,13,2025-06-16,71280,75600,0
2025,6,16,1,LAX,LAS,2025-06-16 19:59:00,19:51:00,-8,21:10:00,21:22:00,12,2025-06-16,71940,76200,0
2025,6,16,1,LAX,LAS,2025-06-16 21:55:00,22:50:00,55,23:15:00,23:53:00,38,2025-06-16,78900,83700,0
2025,6,16,1,LAX,LAS,2025-06-16 22:15:00,22:11:00,-4,23:27:00,23:13:00,-14,2025-06-16,80100,84420,0
2025,6,16,1,LAX,LAS,2025-06-16 22:18:00,22:16:00,-2,23:35:00,23:19:00,-16,2025-06-16,80280,84900,0
2025,6,16,1,LAX,LAS,2025-06-16 23:05:00,22:53:00,-12,00:27:00,00:10:00,-17,2025-06-16,83100,1620,0
2025,6,16,1,LAX,LIH,2025-06-16 08:42:00,08:37:00,-5,11:38:00,11:19:00,-19,2025-06-16,31320,41880,0
2025,6,16,1,LAX,LIH,2025-06-16 09:03:00,09:02:00,-1,12:04:00,11:35:00,-29,2025-06-16,32580,43440,0
2025,6,16,1,LAX,LIH,2025-06-16 09:30:00,09:52:00,22,12:25:00,12:31:00,6,2025-06-16,34200,44700,0
2025,6,16,1,LAX,LIH,2025-06-16 14:25:00,14:22:00,-3,17:08:00,16:57:00,-11,2025-06-16,51900,61680,0
2025,6,16,1,LAX,MCI,2025-06-16 08:00:00,08:11:00,11,13:15:00,13:03:00,-12,2025-06-16,28800,47700,0
2025,6,16,1,LAX,MCI,2025-06-16 09:30:00,09:21:00,-9,14:44:00,14:18:00,-26,2025-06-16,34200,53040,0
2025,6,16,1,LAX,MCI,2025-06-16 15:20:00,15:14:00,-6,20:29:00,20:11:00,-18,2025-06-16,55200,73740,0
2025,6,16,1,LAX,MCI,2025-06-16 18:15:00,18:17:00,2,23:27:00,23:15:00,-12,2025-06-16,65700,84420,0
2025,6,16,1,LAX,MCO,2025-06-16 07:00:00,07:09:00,9,14:58:00,14:53:00,-5,2025-06-16,25200,53880,0
2025,6,16,1,LAX,MCO,2025-06-16 10:02:00,10:10:00,8,18:04:00,18:02:00,-2,2025-06-16,36120,65040,0
2025,6,16,1,LAX,MCO,2025-06-16 10:35:00,11:19:00,44,18:38:00,19:13:00,35,2025-06-16,38100,67080,0
2025,6,16,1,LAX,MCO,2025-06-16 13:57:00,14:11:00,14,22:10:00,22:05:00,-5,2025-06-16,50220,79800,0
2025,6,16,1,LAX,MCO,2025-06-16 16:05:00,16:44:00,39,23:59:00,00:29:00,30,2025-06-16,57900,86340,0
2025,6,16,1,LAX,MCO,2025-06-16 21:35:00,21:32:00,-3,05:36:00,05:20:00,-16,2025-06-16,77700,20160,0
2025,6,16,1,LAX,MCO,2025-06-16 21:45:00,21:39:00,-6,05:32:00,05:24:00,-8,2025-06-16,78300,19920,0
2025,6,16,1,LAX,MCO,2025-06-16 22:49:00,22:46:00,-3,06:47:00,06:19:00,-28,2025-06-16,82140,24420,0
2025,6,16,1,LAX,MDW,2025-06-16 06:20:00,06:20:00,0,12:25:00,12:06:00,-19,2025-06-16,22800,44700,0
2025,6,16,1,LAX,MDW,2025-06-16 08:40:00,08:42:00,2,14:45:00,14:20:00,-25,2025-06-16,31200,53100,0
2025,6,16,1,LAX,MDW,2025-06-16 13:15:00,13:14:00,-1,19:20:00,18:54:00,-26,2025-06-16,47700,69600,0
2025,6,16,1,LAX,MDW,2025-06-16 22:55:00,23:02:00,7,05:00:00,04:43:00,-17,2025-06-16,82500,18000,0
2025,6,16,1,LAX,MEM,2025-06-16 18:20:00,18:14:00,-6,23:58:00,00:00,2,2025-06-16,66000,86280,0
2025,6,16,1,LAX,MIA,2025-06-16 06:00:00,05:55:00,-5,14:13:00,14:14:00,1,2025-06-16,21600,51180,0
2025,6,16,1,LAX,MIA,2025-06-16 07:45:00,07:47:00,2,15:54:00,15:42:00,-12,2025-06-16,27900,57240,0
2025,6,16,1,LAX,MIA,2025-06-16 10:05:00,10:05:00,0,18:16:00,18:11:00,-5,2025-06-16,36300,65760,0
2025,6,16,1,LAX,MIA,2025-06-16 12:10:00,12:25:00,15,20:20:00,20:18:00,-2,2025-06-16,43800,73200,0
2025,6,16,1,LAX,MIA,2025-06-16 15:00:00,15:07:00,7,23:10:00,22:55:00,-15,2025-06-16,54000,83400,0
2025,6,16,1,LAX,MIA,2025-06-16 21:40:00,21:44:00,4,05:50:00,05:29:00,-21,2025-06-16,78000,21000,0
2025,6,16,1,LAX,MIA,2025-06-16 22:49:00,22:42:00,-7,07:01:00,06:36:00,-25,2025-06-16,82140,25260,0
2025,6,16,1,LAX,MIA,2025-06-16 23:43:00,00:30:00,47,07:50:00,08:18:00,28,2025-06-16,85380,28200,0
2025,6,16,1,LAX,MRY,2025-06-16 08:20:00,08:14:00,-6,09:42:00,09:47:00,5,2025-06-16,30000,34920,0
2025,6,16,1,LAX,MRY,2025-06-16 18:23:00,18:16:00,-7,19:37:00,19:33:00,-4,2025-06-16,66180,70620,0
2025,6,16,1,LAX,MSO,2025-06-16 11:31:00,11:33:00,2,15:10:00,15:02:00,-8,2025-06-16,41460,54600,0
2025,6,16,1,LAX,MSP,2025-06-16 00:50:00,01:25:00,35,06:25:00,06:43:00,18,2025-06-16,3000,23100,0
2025,6,16,1,LAX,MSP,2025-06-16 06:17:00,06:15:00,-2,11:48:00,11:51:00,3,2025-06-16,22620,42480,0
2025,6,16,1,LAX,MSP,2025-06-16 08:00:00,08:51:00,51,13:34:00,14:06:00,32,2025-06-16,28800,48840,0
2025,6,16,1,LAX,MSP,2025-06-16 11:30:00,11:33:00,3,17:02:00,16:58:00,-4,2025-06-16,41400,61320,0
2025,6,16,1,LAX,MSP,2025-06-16 13:25:00,13:55:00,30,18:55:00,19:22:00,27,2025-06-16,48300,68100,0
2025,6,16,1,LAX,MSP,2025-06-16 15:20:00,15:20:00,0,20:49:00,20:34:00,-15,2025-06-16,55200,74940,0
2025,6,16,1,LAX,MSP,2025-06-16 18:50:00,19:04:00,14,00:20:00,00:17:00,-3,2025-06-16,67800,1200,0
2025,6,16,1,LAX,MSP,2025-06-16 23:30:00,23:25:00,-5,05:04:00,04:49:00,-15,2025-06-16,84600,18240,0
2025,6,16,1,LAX,MSY,2025-06-16 07:00:00,06:56:00,-4,12:40:00,12:38:00,-2,2025-06-16,25200,45600,0
2025,6,16,1,LAX,MSY,2025-06-16 12:10:00,12:01:00,-9,17:53:00,17:37:00,-16,2025-06-16,43800,64380,0
2025,6,16,1,LAX,MSY,2025-06-16 12:25:00,12:53:00,28,18:10:00,18:21:00,11,2025-06-16,44700,65400,0
2025,6,16,1,LAX,MSY,2025-06-16 17:47:00,18:31:00,44,23:27:00,00:04:00,37,2025-06-16,64020,84420,0
2025,6,16,1,LAX,MSY,2025-06-16 18:18:00,18:17:00,-1,23:58:00,23:47:00,-11,2025-06-16,65880,86280,0
2025,6,16,1,LAX,OAK,2025-06-16 06:10:00,06:54:00,44,07:35:00,08:03:00,28,2025-06-16,22200,27300,0
2025,6,16,1,LAX,OAK,2025-06-16 08:05:00,08:12:00,7,09:30:00,09:27:00,-3,2025-06-16,29100,34200,0
2025,6,16,1,LAX,OAK,2025-06-16 09:25:00,09:28:00,3,10:50:00,10:35:00,-15,2025-06-16,33900,39000,0
2025,6,16,1,LAX,OAK,2025-06-16 11:50:00,12:15:00,25,13:15:00,13:28:00,13,2025-06-16,42600,47700,0
2025,6,16,1,LAX,OAK,2025-06-16 15:05:00,15:31:00,26,16:25:00,16:42:00,17,2025-06-16,54300,59100,0
2025,6,16,1,LAX,OAK,2025-06-16 18:45:00,19:04:00,19,20:10:00,20:23:00,13,2025-06-16,67500,72600,0
2025,6,16,1,LAX,OGG,2025-06-16 07:00:00,06:54:00,-6,09:35:00,09:27:00,-8,2025-06-16,25200,34500,0
2025,6,16,1,LAX,OGG,2025-06-16 08:00:00,07:57:00,-3,10:31:00,10:22:00,-9,2025-06-16,28800,37860,0
2025,6,16,1,LAX,OGG,2025-06-16 08:15:00,08:11:00,-4,10:55:00,10:48:00,-7,2025-06-16,29700,39300,0
2025,6,16,1,LAX,OGG,2025-06-16 09:02:00,08:58:00,-4,11:47:00,11:26:00,-21,2025-06-16,32520,42420,0
2025,6,16,1,LAX,OGG,2025-06-16 16:55:00,17:08:00,13,19:34:00,19:33:00,-1,2025-06-16,60900,70440,0
2025,6,16,1,LAX,OGG,2025-06-16 16:56:00,16:58:00,2,19:28:00,19:18:00,-10,2025-06-16,60960,70080,0
2025,6,16,1,LAX,OGG,2025-06-16 17:54:00,17:46:00,-8,20:30:00,20:12:00,-18,2025-06-16,64440,73800,0
2025,6,16,1,LAX,OKC,2025-06-16 09:00:00,08:53:00,-7,14:00:00,13:46:00,-14,2025-06-16,32400,50400,0
2025,6,16,1,LAX,OKC,2025-06-16 17:32:00,17:44:00,12,22:30:00,22:23:00,-7,2025-06-16,63120,81000,0
2025,6,16,1,LAX,OMA,2025-06-16 12:36:00,12:27:00,-9,17:52:00,17:23:00,-29,2025-06-16,45360,64320,0
2025,6,16,1,LAX,ORD,2025-06-16 00:30:00,00:28:00,-2,06:42:00,06:20:00,-22,2025-06-16,1800,24120,0
2025,6,16,1,LAX,ORD,2025-06-16 00:32:00,00:23:00,-9,06:38:00,06:11:00,-27,2025-06-16,1920,23880,0
2025,6,16,1,LAX,ORD,2025-06-16 00:44:00,00:39:00,-5,06:51:00,06:32:00,-19,2025-06-16,2640,24660,0
2025,6,16,1,LAX,ORD,2025-06-16 05:45:00,05:39:00,-6,11:57:00,11:37:00,-20,2025-06-16,20700,43020,0
2025,6,16,1,LAX,ORD,2025-06-16 06:05:00,06:00:00,-5,12:21:00,11:54:00,-27,2025-06-16,21900,44460,0
2025,6,16,1,LAX,ORD,2025-06-16 06:20:00,06:13:00,-7,12:42:00,12:02:00,-40,2025-06-16,22800,45720,0
2025,6,16,1,LAX,ORD,2025-06-16 06:30:00,06:26:00,-4,12:38:00,12:20:00,-18,2025-06-16,23400,45480,0
2025,6,16,1,LAX,ORD,2025-06-16 08:00:00,07:57:00,-3,14:15:00,14:04:00,-11,2025-06-16,28800,51300,0
2025,6,16,1,LAX,ORD,2025-06-16 08:15:00,08:14:00,-1,14:39:00,14:24:00,-15,2025-06-16,29700,52740,0
2025,6,16,1,LAX,ORD,2025-06-16 09:36:00,10:04:00,28,15:44:00,15:59:00,15,2025-06-16,34560,56640,0
2025,6,16,1,LAX,ORD,2025-06-16 10:40:00,10:37:00,-3,16:56:00,16:58:00,2,2025-06-16,38400,60960,0
2025,6,16,1,LAX,ORD,2025-06-16 11:05:00,11:07:00,2,17:17:00,17:05:00,-12,2025-06-16,39900,62220,0
2025,6,16,1,LAX,ORD,2025-06-16 12:37:00,12:33:00,-4,18:55:00,18:44:00,-11,2025-06-16,45420,68100,0
2025,6,16,1,LAX,ORD,2025-06-16 13:00:00,12:55:00,-5,19:29:00,18:57:00,-32,2025-06-16,46800,70140,0
2025,6,16,1,LAX,ORD,2025-06-16 14:01:00,13:59:00,-2,20:25:00,20:31:00,6,2025-06-16,50460,73500,0
2025,6,16,1,LAX,ORD,2025-06-16 16:40:00,16:37:00,-3,23:04:00,22:22:00,-42,2025-06-16,60000,83040,0
2025,6,16,1,LAX,ORD,2025-06-16 16:46:00,17:00:00,14,23:05:00,22:43:00,-22,2025-06-16,60360,83100,0
2025,6,16,1,LAX,ORD,2025-06-16 17:29:00,18:01:00,32,23:35:00,23:52:00,17,2025-06-16,62940,84900,0
2025,6,16,1,LAX,ORD,2025-06-16 17:38:00,17:33:00,-5,23:59:00,23:24:00,-35,2025-06-16,63480,86340,0
2025,6,16,1,LAX,ORD,2025-06-16 22:40:00,22:40:00,0,04:51:00,04:35:00,-16,2025-06-16,81600,17460,0
2025,6,16,1,LAX,ORD,2025-06-16 23:00:00,23:12:00,12,05:13:00,05:27:00,14,2025-06-16,82800,18780,0
2025,6,16,1,LAX,ORD,2025-06-16 23:37:00,23:32:00,-5,05:49:00,05:30:00,-19,2025-06-16,85020,20940,0
2025,6,16,1,LAX,PDX,2025-06-16 08:45:00,09:37:00,52,11:10:00,11:52:00,42,2025-06-16,31500,40200,0
2025,6,16,1,LAX,PDX,2025-06-16 09:05:00,09:04:00,-1,11:31:00,11:40:00,9,2025-06-16,32700,41460,0
2025,6,16,1,LAX,PDX,2025-06-16 09:43:00,09:42:00,-1,12:14:00,12:03:00,-11,2025-06-16,34980,44040,0
2025,6,16,1,LAX,PDX,2025-06-16 11:02:00,11:02:00,0,13:25:00,13:24:00,-1,2025-06-16,39720,48300,0
2025,6,16,1,LAX,PDX,2025-06-16 14:05:00,13:59:00,-6,16:25:00,16:17:00,-8,2025-06-16,50700,59100,0
2025,6,16,1,LAX,PDX,2025-06-16 16:05:00,15:54:00,-11,18:26:00,18:18:00,-8,2025-06-16,57900,66360,0
2025,6,16,1,LAX,PDX,2025-06-16 16:40:00,16:35:00,-5,18:59:00,18:46:00,-13,2025-06-16,60000,68340,0
2025,6,16,1,LAX,PDX,2025-06-16 18:07:00,18:00:00,-7,20:30:00,20:16:00,-14,2025-06-16,65220,73800,0
2025,6,16,1,LAX,PDX,2025-06-16 20:06:00,20:15:00,9,22:30:00,22:42:00,12,2025-06-16,72360,81000,0
2025,6,16,1,LAX,PDX,2025-06-16 20:25:00,20:17:00,-8,22:45:00,22:30:00,-15,2025-06-16,73500,81900,0
2025,6,16,1,LAX,PDX,2025-06-16 21:36:00,21:27:00,-9,23:59:00,23:58:00,-1,2025-06-16,77760,86340,0
2025,6,16,1,LAX,PHL,2025-06-16 01:08:00,01:03:00,-5,09:16:00,09:07:00,-9,2025-06-16,4080,33360,0
2025,6,16,1,LAX,PHL,2025-06-16 06:45:00,06:43:00,-2,14:54:00,14:32:00,-22,2025-06-16,24300,53640,0
2025,6,16,1,LAX,PHL,2025-06-16 07:45:00,07:51:00,6,15:56:00,15:41:00,-15,2025-06-16,27900,57360,0
2025,6,16,1,LAX,PHL,2025-06-16 11:40:00,11:37:00,-3,19:56:00,20:01:00,5,2025-06-16,42000,71760,0
2025,6,16,1,LAX,PHL,2025-06-16 14:42:00,14:42:00,0,22:54:00,22:25:00,-29,2025-06-16,52920,82440,0
2025,6,16,1,LAX,PHL,2025-06-16 16:30:00,16:23:00,-7,00:43:00,00:06:00,-37,2025-06-16,59400,2580,0
2025,6,16,1,LAX,PHL,2025-06-16 22:53:00,23:04:00,11,07:05:00,07:05:00,0,2025-06-16,82380,25500,0
2025,6,16,1,LAX,PHX,2025-06-16 05:25:00,05:44:00,19,06:55:00,06:56:00,1,2025-06-16,19500,24900,0
2025,6,16,1,LAX,PHX,2025-06-16 06:10:00,06:30:00,20,07:39:00,07:49:00,10,2025-06-16,22200,27540,0
2025,6,16,1,LAX,PHX,2025-06-16 07:05:00,07:00:00,-5,08:30:00,08:16:00,-14,2025-06-16,25500,30600,0
2025,6,16,1,LAX,PHX,2025-06-16 07:50:00,07:57:00,7,09:15:00,09:15:00,0,2025-06-16,28200,33300,0
2025,6,16,1,LAX,PHX,2025-06-16 08:15:00,08:11:00,-4,09:51:00,09:48:00,-3,2025-06-16,29700,35460,0
2025,6,16,1,LAX,PHX,2025-06-16 10:00:00,09:55:00,-5,11:30:00,11:22:00,-8,2025-06-16,36000,41400,0
2025,6,16,1,LAX,PHX,2025-06-16 10:15:00,10:11:00,-4,11:45:00,11:31:00,-14,2025-06-16,36900,42300,0
2025,6,16,1,LAX,PHX,2025-06-16 11:05:00,11:05:00,0,12:35:00,12:14:00,-21,2025-06-16,39900,45300,0
2025,6,16,1,LAX,PHX,2025-06-16 13:25:00,13:20:00,-5,14:50:00,14:42:00,-8,2025-06-16,48300,53400,0
2025,6,16,1,LAX,PHX,2025-06-16 13:25:00,13:59:00,34,15:03:00,15:29:00,26,2025-06-16,48300,54180,0
2025,6,16,1,LAX,PHX,2025-06-16 14:00:00,14:18:00,18,15:28:00,15:35:00,7,2025-06-16,50400,55680,0
2025,6,16,1,LAX,PHX,2025-06-16 14:23:00,14:40:00,17,16:02:00,16:25:00,23,2025-06-16,51780,57720,0
2025,6,16,1,LAX,PHX,2025-06-16 14:40:00,15:03:00,23,16:10:00,16:13:00,3,2025-06-16,52800,58200,0
2025,6,16,1,LAX,PHX,2025-06-16 16:32:00,16:26:00,-6,17:59:00,17:50:00,-9,2025-06-16,59520,64740,0
2025,6,16,1,LAX,PHX,2025-06-16 17:30:00,17:24:00,-6,18:55:00,18:45:00,-10,2025-06-16,63000,68100,0
2025,6,16,1,LAX,PHX,2025-06-16 19:10:00,19:11:00,1,20:39:00,20:31:00,-8,2025-06-16,69000,74340,0
2025,6,16,1,LAX,PHX,2025-06-16 19:35:00,19:29:00,-6,21:03:00,20:49:00,-14,2025-06-16,70500,75780,0
2025,6,16,1,LAX,PHX,2025-06-16 21:34:00,22:30:00,56,23:05:00,23:50:00,45,2025-06-16,77640,83100,0
2025,6,16,1,LAX,PHX,2025-06-16 21:35:00,21:27:00,-8,23:15:00,22:46:00,-29,2025-06-16,77700,83700,0
2025,6,16,1,LAX,PHX,2025-06-16 22:35:00,22:30:00,-5,00:13:00,23:51:00,-22,2025-06-16,81300,780,0
2025,6,16,1,LAX,PIT,2025-06-16 09:15:00,09:38:00,23,17:00:00,16:53:00,-7,2025-06-16,33300,61200,0
2025,6,16,1,LAX,RDM,2025-06-16 12:45:00,12:39:00,-6,15:03:00,14:42:00,-21,2025-06-16,45900,54180,0
2025,6,16,1,LAX,RDU,2025-06-16 08:57:00,08:51:00,-6,16:54:00,17:09:00,15,2025-06-16,32220,60840,0
2025,6,16,1,LAX,RDU,2025-06-16 10:37:00,10:31:00,-6,18:31:00,18:34:00,3,2025-06-16,38220,66660,0
2025,6,16,1,LAX,RDU,2025-06-16 22:20:00,22:16:00,-4,06:18:00,06:17:00,-1,2025-06-16,80400,22680,0
2025,6,16,1,LAX,RDU,2025-06-16 22:43:00,22:34:00,-9,06:30:00,06:26:00,-4,2025-06-16,81780,23400,0
2025,6,16,1,LAX,RNO,2025-06-16 09:59:00,09:51:00,-8,11:31:00,11:21:00,-10,2025-06-16,35940,41460,0
2025,6,16,1,LAX,RNO,2025-06-16 10:19:00,10:16:00,-3,12:00:00,11:45:00,-15,2025-06-16,37140,43200,0
2025,6,16,1,LAX,RNO,2025-06-16 14:25:00,14:25:00,0,15:50:00,15:40:00,-10,2025-06-16,51900,57000,0
2025,6,16,1,LAX,RNO,2025-06-16 15:02:00,14:56:00,-6,16:30:00,16:21:00,-9,2025-06-16,54120,59400,0
2025,6,16,1,LAX,RNO,2025-06-16 17:10:00,17:11:00,1,18:44:00,18:48:00,4,2025-06-16,61800,67440,0
2025,6,16,1,LAX,RNO,2025-06-16 20:15:00,20:12:00,-3,21:49:00,21:37:00,-12,2025-06-16,72900,78540,0
2025,6,16,1,LAX,RNO,2025-06-16 20:50:00,20:40:00,-10,22:17:00,22:11:00,-6,2025-06-16,75000,80220,0
2025,6,16,1,LAX,RNO,2025-06-16 22:16:00,22:16:00,0,23:53:00,23:48:00,-5,2025-06-16,80160,85980,0
2025,6,16,1,LAX,SAN,2025-06-16 09:20:00,09:36:00,16,10:24:00,11:06:00,42,2025-06-16,33600,37440,0
2025,6,16,1,LAX,SAN,2025-06-16 14:28:00,14:22:00,-6,15:22:00,15:11:00,-11,2025-06-16,52080,55320,0
2025,6,16,1,LAX,SAN,2025-06-16 18:00:00,18:13:00,13,18:54:00,18:56:00,2,2025-06-16,64800,68040,0
2025,6,16,1,LAX,SAN,2025-06-16 18:46:00,18:53:00,7,19:47:00,19:46:00,-1,2025-06-16,67560,71220,0
2025,6,16,1,LAX,SAN,2025-06-16 21:59:00,21:57:00,-2,22:53:00,22:47:00,-6,2025-06-16,79140,82380,0
2025,6,16,1,LAX,SAN,2025-06-16 22:45:00,22:34:00,-11,23:46:00,23:44:00,-2,2025-06-16,81900,85560,0
2025,6,16,1,LAX,SAT,2025-06-16 08:25:00,08:20:00,-5,13:21:00,12:58:00,-23,2025-06-16,30300,48060,0
2025,6,16,1,LAX,SAT,2025-06-16 09:12:00,09:06:00,-6,14:19:00,13:55:00,-24,2025-06-16,33120,51540,0
2025,6,16,1,LAX,SAT,2025-06-16 09:30:00,09:24:00,-6,14:23:00,14:04:00,-19,2025-06-16,34200,51780,0
2025,6,16,1,LAX,SAT,2025-06-16 14:10:00,14:29:00,19,19:10:00,19:04:00,-6,2025-06-16,51000,69000,0
2025,6,16,1,LAX,SAT,2025-06-16 17:00:00,16:59:00,-1,21:58:00,22:04:00,6,2025-06-16,61200,79080,0
2025,6,16,1,LAX,SBA,2025-06-16 15:20:00,15:10:00,-10,16:12:00,16:26:00,14,2025-06-16,55200,58320,0
2025,6,16,1,LAX,SBA,2025-06-16 23:00:00,23:05:00,5,23:58:00,00:12:00,14,2025-06-16,82800,86280,0
2025,6,16,1,LAX,SBP,2025-06-16 15:00:00,14:55:00,-5,16:01:00,15:44:00,-17,2025-06-16,54000,57660,0
2025,6,16,1,LAX,SBP,2025-06-16 22:32:00,22:26:00,-6,23:36:00,23:32:00,-4,2025-06-16,81120,84960,0
2025,6,16,1,LAX,SDF,2025-06-16 08:21:00,08:21:00,0,15:22:00,15:24:00,2,2025-06-16,30060,55320,0
2025,6,16,1,LAX,SEA,2025-06-16 06:00:00,05:58:00,-2,08:50:00,08:53:00,3,2025-06-16,21600,31800,0
2025,6,16,1,LAX,SEA,2025-06-16 07:00:00,06:55:00,-5,09:54:00,09:32:00,-22,2025-06-16,25200,35640,0
2025,6,16,1,LAX,SEA,2025-06-16 07:00:00,06:57:00,-3,09:47:00,09:44:00,-3,2025-06-16,25200,35220,0
2025,6,16,1,LAX,SEA,2025-06-16 08:33:00,08:31:00,-2,11:28:00,11:03:00,-25,2025-06-16,30780,41280,0
2025,6,16,1,LAX,SEA,2025-06-16 09:45:00,09:55:00,10,12:42:00,12:42:00,0,2025-06-16,35100,45720,0
2025,6,16,1,LAX,SEA,2025-06-16 09:50:00,09:45:00,-5,12:35:00,12:40:00,5,2025-06-16,35400,45300,0
2025,6,16,1,LAX,SEA,2025-06-16 11:15:00,11:29:00,14,14:09:00,14:27:00,18,2025-06-16,40500,50940,0
2025,6,16,1,LAX,SEA,2025-06-16 11:55:00,11:54:00,-1,14:39:00,14:42:00,3,2025-06-16,42900,52740,0
2025,6,16,1,LAX,SEA,2025-06-16 11:55:00,12:34:00,39,14:45:00,15:10:00,25,2025-06-16,42900,53100,0
2025,6,16,1,LAX,SEA,2025-06-16 14:10:00,14:15:00,5,16:54:00,17:08:00,14,2025-06-16,51000,60840,0
2025,6,16,1,LAX,SEA,2025-06-16 14:15:00,14:14:00,-1,17:00:00,16:51:00,-9,2025-06-16,51300,61200,0
2025,6,16,1,LAX,SEA,2025-06-16 17:15:00,17:25:00,10,20:00:00,20:09:00,9,2025-06-16,62100,72000,0
2025,6,16,1,LAX,SEA,2025-06-16 17:43:00,17:39:00,-4,20:35:00,20:11:00,-24,2025-06-16,63780,74100,0
2025,6,16,1,LAX,SEA,2025-06-16 18:15:00,18:32:00,17,21:00:00,21:14:00,14,2025-06-16,65700,75600,0
2025,6,16,1,LAX,SEA,2025-06-16 19:07:00,19:16:00,9,21:58:00,22:12:00,14,2025-06-16,68820,79080,0
2025,6,16,1,LAX,SEA,2025-06-16 19:25:00,19:19:00,-6,22:10:00,22:12:00,2,2025-06-16,69900,79800,0
2025,6,16,1,LAX,SEA,2025-06-16 19:59:00,19:49:00,-10,22:57:00,22:43:00,-14,2025-06-16,71940,82620,0
2025,6,16,1,LAX,SEA,2025-06-16 20:10:00,20:28:00,18,22:59:00,23:12:00,13,2025-06-16,72600,82740,0
2025,6,16,1,LAX,SEA,2025-06-16 21:15:00,21:21:00,6,23:59:00,00:15:00,16,2025-06-16,76500,86340,0
2025,6,16,1,LAX,SEA,2025-06-16 21:29:00,21:20:00,-9,00:25:00,00:13:00,-12,2025-06-16,77340,1500,0
2025,6,16,1,LAX,SFO,2025-06-16 06:00:00,06:05:00,5,07:38:00,07:31:00,-7,2025-06-16,21600,27480,0
2025,6,16,1,LAX,SFO,2025-06-16 06:30:00,06:38:00,8,07:52:00,07:53:00,1,2025-06-16,23400,28320,0
2025,6,16,1,LAX,SFO,2025-06-16 06:30:00,06:46:00,16,07:50:00,07:54:00,4,2025-06-16,23400,28200,0
2025,6,16,1,LAX,SFO,2025-06-16 07:00:00,06:52:00,-8,08:29:00,08:12:00,-17,2025-06-16,25200,30540,0
2025,6,16,1,LAX,SFO,2025-06-16 07:00:00,07:28:00,28,08:36:00,08:56:00,20,2025-06-16,25200,30960,0
2025,6,16,1,LAX,SFO,2025-06-16 08:05:00,08:17:00,12,09:45:00,10:08:00,23,2025-06-16,29100,35100,0
2025,6,16,1,LAX,SFO,2025-06-16 08:35:00,08:47:00,12,09:58:00,10:13:00,15,2025-06-16,30900,35880,0
2025,6,16,1,LAX,SFO,2025-06-16 09:10:00,09:02:00,-8,10:45:00,10:21:00,-24,2025-06-16,33000,38700,0
2025,6,16,1,LAX,SFO,2025-06-16 10:00:00,10:05:00,5,11:20:00,11:13:00,-7,2025-06-16,36000,40800,0
2025,6,16,1,LAX,SFO,2025-06-16 10:15:00,10:17:00,2,11:40:00,12:37:00,57,2025-06-16,36900,42000,0
2025,6,16,1,LAX,SFO,2025-06-16 10:26:00,10:18:00,-8,11:59:00,12:43:00,44,2025-06-16,37560,43140,0
2025,6,16,1,LAX,SFO,2025-06-16 11:29:00,11:23:00,-6,12:56:00,12:51:00,-5,2025-06-16,41340,46560,0
2025,6,16,1,LAX,SFO,2025-06-16 12:20:00,12:19:00,-1,13:43:00,13:31:00,-12,2025-06-16,44400,49380,0
2025,6,16,1,LAX,SFO,2025-06-16 13:30:00,13:24:00,-6,14:52:00,14:36:00,-16,2025-06-16,48600,53520,0
2025,6,16,1,LAX,SFO,2025-06-16 13:39:00,13:39:00,0,15:07:00,14:49:00,-18,2025-06-16,49140,54420,0
2025,6,16,1,LAX,SFO,2025-06-16 14:22:00,14:41:00,19,15:48:00,16:06:00,18,2025-06-16,51720,56880,0
2025,6,16,1,LAX,SFO,2025-06-16 15:44:00,16:19:00,35,17:11:00,17:53:00,42,2025-06-16,56640,61860,0
2025,6,16,1,LAX,SFO,2025-06-16 16:10:00,16:11:00,1,17:39:00,17:37:00,-2,2025-06-16,58200,63540,0
2025,6,16,1,LAX,SFO,2025-06-16 16:27:00,16:22:00,-5,17:45:00,17:30:00,-15,2025-06-16,59220,63900,0
2025,6,16,1,LAX,SFO,2025-06-16 16:30:00,16:29:00,-1,17:55:00,17:38:00,-17,2025-06-16,59400,64500,0
2025,6,16,1,LAX,SFO,2025-06-16 17:10:00,17:07:00,-3,18:40:00,18:20:00,-20,2025-06-16,61800,67200,0
2025,6,16,1,LAX,SFO,2025-06-16 17:40:00,17:32:00,-8,19:02:00,18:42:00,-20,2025-06-16,63600,68520,0
2025,6,16,1,LAX,SFO,2025-06-16 18:08:00,18:57:00,49,19:43:00,20:21:00,38,2025-06-16,65280,70980,0
2025,6,16,1,LAX,SFO,2025-06-16 18:20:00,18:15:00,-5,19:43:00,19:30:00,-13,2025-06-16,66000,70980,0
2025,6,16,1,LAX,SFO,2025-06-16 18:40:00,19:08:00,28,20:09:00,20:27:00,18,2025-06-16,67200,72540,0
2025,6,16,1,LAX,SFO,2025-06-16 18:59:00,18:55:00,-4,20:28:00,20:15:00,-13,2025-06-16,68340,73680,0
2025,6,16,1,LAX,SFO,2025-06-16 19:25:00,19:34:00,9,20:57:00,21:22:00,25,2025-06-16,69900,75420,0
2025,6,16,1,LAX,SFO,2025-06-16 19:35:00,19:40:00,5,20:58:00,21:20:00,22,2025-06-16,70500,75480,0
2025,6,16,1,LAX,SFO,2025-06-16 19:55:00,20:21:00,26,21:25:00,21:57:00,32,2025-06-16,71700,77100,0
2025,6,16,1,LAX,SFO,2025-06-16 21:30:00,21:28:00,-2,23:02:00,23:07:00,5,2025-06-16,77400,82920,0
2025,6,16,1,LAX,SFO,2025-06-16 21:49:00,22:11:00,22,23:12:00,23:28:00,16,2025-06-16,78540,83520,0
2025,6,16,1,LAX,SFO,2025-06-16 22:25:00,22:25:00,0,23:52:00,00:10:00,18,2025-06-16,80700,85920,0
2025,6,16,1,LAX,SGF,2025-06-16 06:00:00,05:57:00,-3,11:17:00,11:09:00,-8,2025-06-16,21600,40620,0
2025,6,16,1,LAX,SGU,2025-06-16 13:15:00,13:06:00,-9,15:47:00,15:55:00,8,2025-06-16,47700,56820,0
2025,6,16,1,LAX,SJC,2025-06-16 06:05:00,06:02:00,-3,07:25:00,07:10:00,-15,2025-06-16,21900,26700,0
2025,6,16,1,LAX,SJC,2025-06-16 07:05:00,06:54:00,-11,08:20:00,08:09:00,-11,2025-06-16,25500,30000,0
2025,6,16,1,LAX,SJC,2025-06-16 09:00:00,09:03:00,3,10:20:00,10:06:00,-14,2025-06-16,32400,37200,0
2025,6,16,1,LAX,SJC,2025-06-16 09:15:00,09:06:00,-9,10:30:00,10:12:00,-18,2025-06-16,33300,37800,0
2025,6,16,1,LAX,SJC,2025-06-16 10:25:00,10:30:00,5,11:40:00,11:36:00,-4,2025-06-16,37500,42000,0
2025,6,16,1,LAX,SJC,2025-06-16 11:35:00,11:33:00,-2,12:52:00,12:46:00,-6,2025-06-16,41700,46320,0
2025,6,16,1,LAX,SJC,2025-06-16 13:25:00,13:19:00,-6,14:40:00,14:27:00,-13,2025-06-16,48300,52800,0
2025,6,16,1,LAX,SJC,2025-06-16 14:05:00,14:25:00,20,15:20:00,15:31:00,11,2025-06-16,50700,55200,0
2025,6,16,1,LAX,SJC,2025-06-16 15:45:00,16:02:00,17,17:00:00,17:07:00,7,2025-06-16,56700,61200,0
2025,6,16,1,LAX,SJC,2025-06-16 16:35:00,16:40:00,5,17:50:00,17:42:00,-8,2025-06-16,59700,64200,0
2025,6,16,1,LAX,SJC,2025-06-16 18:00:00,17:50:00,-10,19:15:00,19:04:00,-11,2025-06-16,64800,69300,0
2025,6,16,1,LAX,SJC,2025-06-16 21:28:00,21:24:00,-4,22:44:00,22:28:00,-16,2025-06-16,77280,81840,0
2025,6,16,1,LAX,SLC,2025-06-16 06:00:00,05:57:00,-3,08:53:00,08:43:00,-10,2025-06-16,21600,31980,0
2025,6,16,1,LAX,SLC,2025-06-16 07:00:00,07:26:00,26,09:55:00,10:15:00,20,2025-06-16,25200,35700,0
2025,6,16,1,LAX,SLC,2025-06-16 08:25:00,08:29:00,4,11:26:00,11:10:00,-16,2025-06-16,30300,41160,0
2025,6,16,1,LAX,SLC,2025-06-16 09:48:00,09:49:00,1,12:43:00,12:20:00,-23,2025-06-16,35280,45780,0
2025,6,16,1,LAX,SLC,2025-06-16 10:05:00,10:30:00,25,12:55:00,13:01:00,6,2025-06-16,36300,46500,0
2025,6,16,1,LAX,SLC,2025-06-16 11:11:00,11:09:00,-2,14:03:00,13:42:00,-21,2025-06-16,40260,50580,0
2025,6,16,1,LAX,SLC,2025-06-16 13:09:00,13:12:00,3,16:08:00,16:02:00,-6,2025-06-16,47340,58080,0
2025,6,16,1,LAX,SLC,2025-06-16 13:11:00,13:10:00,-1,16:04:00,15:51:00,-13,2025-06-16,47460,57840,0
2025,6,16,1,LAX,SLC,2025-06-16 17:10:00,17:13:00,3,20:00:00,19:48:00,-12,2025-06-16,61800,72000,0
2025,6,16,1,LAX,SLC,2025-06-16 18:45:00,18:42:00,-3,21:39:00,21:16:00,-23,2025-06-16,67500,77940,0
2025,6,16,1,LAX,SLC,2025-06-16 19:19:00,19:14:00,-5,22:06:00,21:49:00,-17,2025-06-16,69540,79560,0
2025,6,16,1,LAX,SMF,2025-06-16 06:00:00,06:01:00,1,07:25:00,07:19:00,-6,2025-06-16,21600,26700,0
2025,6,16,1,LAX,SMF,2025-06-16 07:55:00,07:44:00,-11,09:24:00,09:13:00,-11,2025-06-16,28500,33840,0
2025,6,16,1,LAX,SMF,2025-06-16 08:10:00,08:10:00,0,09:40:00,09:50:00,10,2025-06-16,29400,34800,0
2025,6,16,1,LAX,SMF,2025-06-16 09:46:00,09:42:00,-4,11:23:00,11:02:00,-21,2025-06-16,35160,40980,0
2025,6,16,1,LAX,SMF,2025-06-16 10:25:00,10:22:00,-3,11:59:00,11:50:00,-9,2025-06-16,37500,43140,0
2025,6,16,1,LAX,SMF,2025-06-16 11:40:00,11:56:00,16,13:05:00,13:07:00,2,2025-06-16,42000,47100,0
2025,6,16,1,LAX,SMF,2025-06-16 16:20:00,16:44:00,24,17:45:00,18:01:00,16,2025-06-16,58800,63900,0
2025,6,16,1,LAX,SMF,2025-06-16 16:30:00,16:23:00,-7,18:01:00,17:57:00,-4,2025-06-16,59400,64860,0
2025,6,16,1,LAX,SMF,2025-06-16 17:05:00,17:08:00,3,18:37:00,18:42:00,5,2025-06-16,61500,67020,0
2025,6,16,1,LAX,SMF,2025-06-16 18:15:00,18:11:00,-4,19:45:00,19:33:00,-12,2025-06-16,65700,71100,0
2025,6,16,1,LAX,SMF,2025-06-16 19:22:00,19:16:00,-6,21:01:00,20:52:00,-9,2025-06-16,69720,75660,0
2025,6,16,1,LAX,SMF,2025-06-16 20:30:00,20:36:00,6,21:55:00,22:03:00,8,2025-06-16,73800,78900,0
2025,6,16,1,LAX,SMF,2025-06-16 20:56:00,20:45:00,-11,22:28:00,22:19:00,-9,2025-06-16,75360,80880,0
2025,6,16,1,LAX,SMF,2025-06-16 21:55:00,22:47:00,52,23:20:00,00:08:00,48,2025-06-16,78900,84000,0
2025,6,16,1,LAX,STL,2025-06-16 05:10:00,05:11:00,1,10:50:00,10:37:00,-13,2025-06-16,18600,39000,0
2025,6,16,1,LAX,STL,2025-06-16 17:33:00,17:27:00,-6,22:59:00,22:56:00,-3,2025-06-16,63180,82740,0
2025,6,16,1,LAX,STS,2025-06-16 09:25:00,09:25:00,0,11:06:00,11:05:00,-1,2025-06-16,33900,39960,0
2025,6,16,1,LAX,STS,2025-06-16 22:06:00,22:10:00,4,23:44:00,23:31:00,-13,2025-06-16,79560,85440,0
2025,6,16,1,LAX,TPA,2025-06-16 10:12:00,11:09:00,57,18:00:00,18:44:00,44,2025-06-16,36720,64800,0
2025,6,16,1,LAX,TPA,2025-06-16 22:10:00,22:57:00,47,05:44:00,06:20:00,36,2025-06-16,79800,20640,0
2025,6,16,1,LAX,TPA,2025-06-16 23:59:00,00:02:00,3,07:56:00,07:37:00,-19,2025-06-16,86340,28560,0
2025,6,16,1,LAX,TUL,2025-06-16 07:45:00,07:45:00,0,12:43:00,12:27:00,-16,2025-06-16,27900,45780,0
2025,6,16,1,LAX,TUL,2025-06-16 09:30:00,09:25:00,-5,14:40:00,14:13:00,-27,2025-06-16,34200,52800,0
2025,6,16,1,LAX,TUS,2025-06-16 08:22:00,08:11:00,-11,10:03:00,09:38:00,-25,2025-06-16,30120,36180,0
2025,6,16,1,LAX,TUS,2025-06-16 09:35:00,09:31:00,-4,11:10:00,11:07:00,-3,2025-06-16,34500,40200,0
2025,6,16,1,LAX,TUS,2025-06-16 12:40:00,13:03:00,23,14:10:00,14:22:00,12,2025-06-16,45600,51000,0
2025,6,16,1,LAX,TUS,2025-06-16 18:18:00,18:15:00,-3,19:49:00,19:41:00,-8,2025-06-16,65880,71340,0
2025,6,16,1,LAX,TUS,2025-06-16 19:00:00,18:54:00,-6,20:33:00,20:20:00,-13,2025-06-16,68400,73980,0
2025,6,16,1,LAX,XNA,2025-06-16 09:14:00,09:24:00,10,14:38:00,14:54:00,16,2025-06-16,33240,52680,0
2025,6,17,2,LAX,ABQ,2025-06-17 08:00:00,08:01:00,1,11:08:00,10:48:00,-20,2025-06-17,28800,40080,1
2025,6,17,2,LAX,ABQ,2025-06-17 08:55:00,08:50:00,-5,11:58:00,11:56:00,-2,2025-06-17,32100,43080,1
2025,6,17,2,LAX,ABQ,2025-06-17 14:59:00,14:56:00,-3,18:02:00,17:58:00,-4,2025-06-17,53940,64920,1
2025,6,17,2,LAX,ABQ,2025-06-17 16:20:00,16:29:00,9,19:15:00,19:07:00,-8,2025-06-17,58800,69300,1
2025,6,17,2,LAX,ABQ,2025-06-17 19:58:00,19:48:00,-10,22:58:00,22:40:00,-18,2025-06-17,71880,82680,1
2025,6,17,2,LAX,ACV,2025-06-17 13:15:00,13:08:00,-7,15:13:00,15:13:00,0,2025-06-17,47700,54780,1
2025,6,17,2,LAX,ANC,2025-06-17 19:45:00,19:42:00,-3,00:08:00,23:45:00,-23,2025-06-17,71100,480,1
2025,6,17,2,LAX,ASE,2025-06-17 10:40:00,10:48:00,8,13:56:00,13:47:00,-9,2025-06-17,38400,50160,1
2025,6,17,2,LAX,ATL,2025-06-17 07:35:00,07:33:00,-2,14:48:00,14:35:00,-13,2025-06-17,27300,53280,1
2025,6,17,2,LAX,ATL,2025-06-17 08:45:00,08:45:00,0,16:12:00,15:54:00,-18,2025-06-17,31500,58320,1
2025,6,17,2,LAX,ATL,2025-06-17 09:53:00,09:54:00,1,17:19:00,17:20:00,1,2025-06-17,35580,62340,1
2025,6,17,2,LAX,ATL,2025-06-17 11:15:00,11:13:00,-2,18:34:00,19:04:00,30,2025-06-17,40500,66840,1
2025,6,17,2,LAX,ATL,2025-06-17 12:15:00,12:14:00,-1,19:30:00,19:23:00,-7,2025-06-17,44100,70200,1
2025,6,17,2,LAX,ATL,2025-06-17 12:49:00,12:47:00,-2,20:15:00,20:05:00,-10,2025-06-17,46140,72900,1
2025,6,17,2,LAX,ATL,2025-06-17 13:15:00,13:10:00,-5,20:46:00,20:45:00,-1,2025-06-17,47700,74760,1
2025,6,17,2,LAX,ATL,2025-06-17 14:30:00,15:13:00,43,21:50:00,22:35:00,45,2025-06-17,52200,78600,1
2025,6,17,2,LAX,ATL,2025-06-17 21:45:00,21:57:00,12,05:00:00,05:04:00,4,2025-06-17,78300,18000,1
2025,6,17,2,LAX,ATL,2025-06-17 22:45:00,23:23:00,38,06:00:00,06:39:00,39,2025-06-17,81900,21600,1
2025,6,17,2,LAX,ATL,2025-06-17 23:45:00,23:44:00,-1,07:12:00,07:05:00,-7,2025-06-17,85500,25920,1
2025,6,17,2,LAX,AUS,2025-06-17 06:15:00,06:04:00,-11,11:17:00,10:49:00,-28,2025-06-17,22500,40620,1
2025,6,17,2,LAX,AUS,2025-06-17 06:35:00,06:30:00,-5,11:35:00,11:19:00,-16,2025-06-17,23700,41700,1
2025,6,17,2,LAX,AUS,2025-06-17 07:45:00,07:41:00,-4,12:46:00,12:37:00,-9,2025-06-17,27900,45960,1
2025,6,17,2,LAX,AUS,2025-06-17 09:25:00,09:22:00,-3,14:51:00,14:24:00,-27,2025-06-17,33900,53460,1
2025,6,17,2,LAX,AUS,2025-06-17 10:35:00,10:31:00,-4,15:45:00,15:54:00,9,2025-06-17,38100,56700,1
2025,6,17,2,LAX,AUS,2025-06-17 12:05:00,12:07:00,2,17:10:00,16:49:00,-21,2025-06-17,43500,61800,1
2025,6,17,2,LAX,AUS,2025-06-17 16:14:00,16:06:00,-8,21:14:00,20:50:00,-24,2025-06-17,58440,76440,1
2025,6,17,2,LAX,AUS,2025-06-17 18:35:00,18:27:00,-8,23:38:00,23:12:00,-26,2025-06-17,66900,85080,1
2025,6,17,2,LAX,AUS,2025-06-17 18:40:00,18:37:00,-3,23:58:00,23:29:00,-29,2025-06-17,67200,86280,1
2025,6,17,2,LAX,AUS,2025-06-17 18:50:00,19:22:00,32,23:50:00,00:13:00,23,2025-06-17,67800,85800,1
2025,6,17,2,LAX,AUS,2025-06-17 19:35:00,19:33:00,-2,00:40:00,00:41:00,1,2025-06-17,70500,2400,1
2025,6,17,2,LAX,BNA,2025-06-17 07:00:00,06:54:00,-6,12:57:00,12:45:00,-12,2025-06-17,25200,46620,1
2025,6,17,2,LAX,BNA,2025-06-17 07:40:00,07:39:00,-1,13:45:00,13:31:00,-14,2025-06-17,27600,49500,1
2025,6,17,2,LAX,BNA,2025-06-17 10:36:00,10:28:00,-8,16:45:00,16:22:00,-23,2025-06-17,38160,60300,1
2025,6,17,2,LAX,BNA,2025-06-17 12:39:00,12:33:00,-6,18:44:00,18:33:00,-11,2025-06-17,45540,67440,1
2025,6,17,2,LAX,BNA,2025-06-17 18:39:00,19:10:00,31,00:37:00,00:59:00,22,2025-06-17,67140,2220,1
2025,6,17,2,LAX,BNA,2025-06-17 22:50:00,22:56:00,6,05:00:00,04:53:00,-7,2025-06-17,82200,18000,1
2025,6,17,2,LAX,BOI,2025-06-17 11:57:00,11:48:00,-9,15:03:00,14:48:00,-15,2025-06-17,43020,54180,1
2025,6,17,2,LAX,BOI,2025-06-17 12:45:00,12:45:00,0,15:59:00,16:00:00,1,2025-06-17,45900,57540,1
2025,6,17,2,LAX,BOI,2025-06-17 19:50:00,19:43:00,-7,22:54:00,22:39:00,-15,2025-06-17,71400,82440,1
2025,6,17,2,LAX,BOI,2025-06-17 19:59:00,20:05:00,6,23:01:00,22:58:00,-3,2025-06-17,71940,82860,1
2025,6,17,2,LAX,BOS,2025-06-17 06:00:00,05:57:00,-3,14:40:00,14:53:00,13,2025-06-17,21600,52800,1
2025,6,17,2,LAX,BOS,2025-06-17 07:00:00,07:09:00,9,15:37:00,15:32:00,-5,2025-06-17,25200,56220,1
2025,6,17,2,LAX,BOS,2025-06-17 08:30:00,08:22:00,-8,17:19:00,16:47:00,-32,2025-06-17,30600,62340,1
2025,6,17,2,LAX,BOS,2025-06-17 08:35:00,09:18:00,43,17:18:00,17:49:00,31,2025-06-17,30900,62280,1
2025,6,17,2,LAX,BOS,2025-06-17 08:40:00,08:30:00,-10,17:16:00,17:15:00,-1,2025-06-17,31200,62160,1
2025,6,17,2,LAX,BOS,2025-06-17 11:30:00,11:37:00,7,20:03:00,19:55:00,-8,2025-06-17,41400,72180,1
2025,6,17,2,LAX,BOS,2025-06-17 13:10:00,13:38:00,28,21:51:00,22:32:00,41,2025-06-17,47400,78660,1
2025,6,17,2,LAX,BOS,2025-06-17 15:25:00,15:23:00,-2,23:55:00,00:04:00,9,2025-06-17,55500,86100,1
2025,6,17,2,LAX,BOS,2025-06-17 20:24:00,20:17:00,-7,05:00:00,04:49:00,-11,2025-06-17,73440,18000,1
2025,6,17,2,LAX,BOS,2025-06-17 22:13:00,22:17:00,4,06:44:00,06:39:00,-5,2025-06-17,79980,24240,1
2025,6,17,2,LAX,BOS,2025-06-17 22:35:00,22:33:00,-2,07:13:00,07:11:00,-2,2025-06-17,81300,25980,1
2025,6,17,2,LAX,BOS,2025-06-17 23:05:00,23:24:00,19,07:41:00,07:45:00,4,2025-06-17,83100,27660,1
2025,6,17,2,LAX,BUF,2025-06-17 22:09:00,22:18:00,9,06:00:00,06:17:00,17,2025-06-17,79740,21600,1
2025,6,17,2,LAX,BWI,2025-06-17 06:00:00,05:57:00,-3,14:05:00,13:56:00,-9,2025-06-17,21600,50700,1
2025,6,17,2,LAX,BWI,2025-06-17 08:45:00,08:39:00,-6,16:54:00,17:01:00,7,2025-06-17,31500,60840,1
2025,6,17,2,LAX,BWI,2025-06-17 10:05:00,10:05:00,0,18:10:00,17:49:00,-21,2025-06-17,36300,65400,1
2025,6,17,2,LAX,BWI,2025-06-17 11:34:00,11:33:00,-1,19:29:00,19:40:00,11,2025-06-17,41640,70140,1
2025,6,17,2,LAX,BWI,2025-06-17 20:55:00,20:57:00,2,05:00:00,05:00:00,0,2025-06-17,75300,18000,1
2025,6,17,2,LAX,BWI,2025-06-17 23:59:00,23:54:00,-5,08:07:00,08:19:00,12,2025-06-17,86340,29220,1
2025,6,17,2,LAX,BZN,2025-06-17 11:21:00,11:13:00,-8,14:50:00,14:46:00,-4,2025-06-17,40860,53400,1
2025,6,17,2,LAX,BZN,2025-06-17 18:00:00,17:57:00,-3,21:39:00,21:24:00,-15,2025-06-17,64800,77940,1
2025,6,17,2,LAX,CLE,2025-06-17 11:38:00,11:31:00,-7,19:11:00,19:00:00,-11,2025-06-17,41880,69060,1
2025,6,17,2,LAX,CLE,2025-06-17 21:20:00,21:10:00,-10,04:53:00,04:38:00,-15,2025-06-17,76800,17580,1
2025,6,17,2,LAX,CLT,2025-06-17 06:05:00,06:00:00,-5,13:54:00,13:48:00,-6,2025-06-17,21900,50040,1
2025,6,17,2,LAX,CLT,2025-06-17 07:59:00,08:54:00,55,15:45:00,16:59:00,74,2025-06-17,28740,56700,1
2025,6,17,2,LAX,CLT,2025-06-17 09:11:00,09:41:00,30,17:00:00,17:28:00,28,2025-06-17,33060,61200,1
2025,6,17,2,LAX,CLT,2025-06-17 21:48:00,21:44:00,-4,05:29:00,05:25:00,-4,2025-06-17,78480,19740,1
2025,6,17,2,LAX,CLT,2025-06-17 22:49:00,22:52:00,3,06:35:00,06:39:00,4,2025-06-17,82140,23700,1
2025,6,17,2,LAX,CLT,2025-06-17 23:49:00,23:45:00,-4,07:35:00,07:42:00,7,2025-06-17,85740,27300,1
2025,6,17,2,LAX,CVG,2025-06-17 22:29:00,22:33:00,4,05:38:00,05:49:00,11,2025-06-17,80940,20280,1
2025,6,17,2,LAX,DAL,2025-06-17 05:20:00,05:20:00,0,10:25:00,10:10:00,-15,2025-06-17,19200,37500,1
2025,6,17,2,LAX,DAL,2025-06-17 07:50:00,08:20:00,30,12:55:00,13:03:00,8,2025-06-17,28200,46500,1
2025,6,17,2,LAX,DAL,2025-06-17 09:50:00,10:01:00,11,15:00:00,14:51:00,-9,2025-06-17,35400,54000,1
2025,6,17,2,LAX,DAL,2025-06-17 16:05:00,17:00:00,55,21:10:00,21:51:00,41,2025-06-17,57900,76200,1
2025,6,17,2,LAX,DAL,2025-06-17 18:20:00,18:26:00,6,23:30:00,23:13:00,-17,2025-06-17,66000,84600,1
2025,6,17,2,LAX,DCA,2025-06-17 07:59:00,08:24:00,25,16:00:00,16:12:00,12,2025-06-17,28740,57600,1
2025,6,17,2,LAX,DCA,2025-06-17 08:19:00,08:13:00,-6,16:22:00,16:33:00,11,2025-06-17,29940,58920,1
2025,6,17,2,LAX,DCA,2025-06-17 12:28:00,12:50:00,22,20:29:00,20:39:00,10,2025-06-17,44880,73740,1
2025,6,17,2,LAX,DEN,2025-06-17 05:05:00,04:59:00,-6,08:24:00,08:10:00,-14,2025-06-17,18300,30240,1
2025,6,17,2,LAX,DEN,2025-06-17 05:25:00,06:03:00,38,08:50:00,09:12:00,22,2025-06-17,19500,31800,1
2025,6,17,2,LAX,DEN,2025-06-17 06:15:00,06:38:00,23,09:48:00,10:01:00,13,2025-06-17,22500,35280,1
2025,6,17,2,LAX,DEN,2025-06-17 07:06:00,06:56:00,-10,10:31:00,10:47:00,16,2025-06-17,25560,37860,1
2025,6,17,2,LAX,DEN,2025-06-17 07:46:00,07:46:00,0,11:10:00,11:00:00,-10,2025-06-17,27960,40200,1
2025,6,17,2,LAX,DEN,2025-06-17 07:50:00,08:42:00,52,11:10:00,12:04:00,54,2025-06-17,28200,40200,1
2025,6,17,2,LAX,DEN,2025-06-17 08:04:00,08:47:00,43,11:33:00,11:55:00,22,2025-06-17,29040,41580,1
2025,6,17,2,LAX,DEN,2025-06-17 09:00:00,08:57:00,-3,12:27:00,13:26:00,59,2025-06-17,32400,44820,1
2025,6,17,2,LAX,DEN,2025-06-17 09:30:00,10:20:00,50,12:55:00,13:42:00,47,2025-06-17,34200,46500,1
2025,6,17,2,LAX,DEN,2025-06-17 10:52:00,11:40:00,48,14:19:00,15:49:00,90,2025-06-17,39120,51540,1
2025,6,17,2,LAX,DEN,2025-06-17 14:35:00,14:47:00,12,18:05:00,18:09:00,4,2025-06-17,52500,65100,1
2025,6,17,2,LAX,DEN,2025-06-17 18:50:00,19:15:00,25,22:15:00,22:25:00,10,2025-06-17,67800,80100,1
2025,6,17,2,LAX,DEN,2025-06-17 19:18:00,19:07:00,-11,22:47:00,22:24:00,-23,2025-06-17,69480,82020,1
2025,6,17,2,LAX,DEN,2025-06-17 19:45:00,19:36:00,-9,23:09:00,23:00:00,-9,2025-06-17,71100,83340,1
2025,6,17,2,LAX,DEN,2025-06-17 20:25:00,20:17:00,-8,23:48:00,23:51:00,3,2025-06-17,73500,85680,1
2025,6,17,2,LAX,DFW,2025-06-17 00:40:00,00:33:00,-7,05:45:00,05:12:00,-33,2025-06-17,2400,20700,1
2025,6,17,2,LAX,DFW,2025-06-17 00:47:00,00:52:00,5,05:50:00,05:49:00,-1,2025-06-17,2820,21000,1
2025,6,17,2,LAX,DFW,2025-06-17 01:30:00,01:21:00,-9,06:33:00,06:27:00,-6,2025-06-17,5400,23580,1
2025,6,17,2,LAX,DFW,2025-06-17 06:00:00,05:56:00,-4,11:03:00,10:50:00,-13,2025-06-17,21600,39780,1
2025,6,17,2,LAX,DFW,2025-06-17 06:00:00,06:02:00,2,11:20:00,11:10:00,-10,2025-06-17,21600,40800,1
2025,6,17,2,LAX,DFW,2025-06-17 07:00:00,06:55:00,-5,12:09:00,11:46:00,-23,2025-06-17,25200,43740,1
2025,6,17,2,LAX,DFW,2025-06-17 08:26:00,08:19:00,-7,13:39:00,13:26:00,-13,2025-06-17,30360,49140,1
2025,6,17,2,LAX,DFW,2025-06-17 08:35:00,08:46:00,11,13:43:00,13:40:00,-3,2025-06-17,30900,49380,1
2025,6,17,2,LAX,DFW,2025-06-17 09:30:00,09:41:00,11,14:43:00,14:29:00,-14,2025-06-17,34200,52980,1
2025,6,17,2,LAX,DFW,2025-06-17 10:37:00,11:18:00,41,15:45:00,16:09:00,24,2025-06-17,38220,56700,1
2025,6,17,2,LAX,DFW,2025-06-17 14:33:00,14:29:00,-4,19:43:00,19:45:00,2,2025-06-17,52380,70980,1
2025,6,17,2,LAX,DFW,2025-06-17 15:48:00,15:53:00,5,20:59:00,20:59:00,0,2025-06-17,56880,75540,1
2025,6,17,2,LAX,DFW,2025-06-17 18:35:00,18:31:00,-4,23:47:00,23:37:00,-10,2025-06-17,66900,85620,1
2025,6,17,2,LAX,DFW,2025-06-17 18:55:00,18:55:00,0,23:56:00,23:51:00,-5,2025-06-17,68100,86160,1
2025,6,17,2,LAX,DFW,2025-06-17 19:03:00,19:42:00,39,00:26:00,00:44:00,18,2025-06-17,68580,1560,1
2025,6,17,2,LAX,DFW,2025-06-17 23:59:00,23:53:00,-6,05:06:00,04:50:00,-16,2025-06-17,86340,18360,1
2025,6,17,2,LAX,DTW,2025-06-17 00:20:00,00:11:00,-9,07:52:00,07:35:00,-17,2025-06-17,1200,28320,1
2025,6,17,2,LAX,DTW,2025-06-17 05:30:00,06:06:00,36,12:57:00,13:33:00,36,2025-06-17,19800,46620,1
2025,6,17,2,LAX,DTW,2025-06-17 07:35:00,07:42:00,7,14:56:00,14:52:00,-4,2025-06-17,27300,53760,1
2025,6,17,2,LAX,DTW,2025-06-17 09:25:00,09:21:00,-4,16:52:00,16:39:00,-13,2025-06-17,33900,60720,1
2025,6,17,2,LAX,DTW,2025-06-17 11:14:00,11:24:00,10,18:37:00,18:45:00,8,2025-06-17,40440,67020,1
2025,6,17,2,LAX,DTW,2025-06-17 12:09:00,12:08:00,-1,19:31:00,19:28:00,-3,2025-06-17,43740,70260,1
2025,6,17,2,LAX,DTW,2025-06-17 15:36:00,15:34:00,-2,23:04:00,23:13:00,9,2025-06-17,56160,83040,1
2025,6,17,2,LAX,DTW,2025-06-17 21:30:00,21:28:00,-2,04:52:00,05:05:00,13,2025-06-17,77400,17520,1
2025,6,17,2,LAX,DTW,2025-06-17 22:15:00,22:19:00,4,05:35:00,05:36:00,1,2025-06-17,80100,20100,1
2025,6,17,2,LAX,ELP,2025-06-17 09:40:00,10:23:00,43,12:40:00,13:00:00,20,2025-06-17,34800,45600,1
2025,6,17,2,LAX,ELP,2025-06-17 14:30:00,14:25:00,-5,17:31:00,17:31:00,0,2025-06-17,52200,63060,1
2025,6,17,2,LAX,ELP,2025-06-17 19:47:00,20:36:00,49,22:47:00,23:24:00,37,2025-06-17,71220,82020,1
2025,6,17,2,LAX,EUG,2025-06-17 21:44:00,21:42:00,-2,23:58:00,00:09:00,11,2025-06-17,78240,86280,1
2025,6,17,2,LAX,EWR,2025-06-17 06:00:00,05:54:00,-6,14:34:00,14:58:00,24,2025-06-17,21600,52440,1
2025,6,17,2,LAX,EWR,2025-06-17 07:00:00,06:53:00,-7,15:34:00,15:15:00,-19,2025-06-17,25200,56040,1
2025,6,17,2,LAX,EWR,2025-06-17 07:00:00,07:40:00,40,15:34:00,15:49:00,15,2025-06-17,25200,56040,1
2025,6,17,2,LAX,EWR,2025-06-17 08:10:00,08:07:00,-3,16:40:00,16:18:00,-22,2025-06-17,29400,60000,1
2025,6,17,2,LAX,EWR,2025-06-17 08:20:00,08:14:00,-6,16:45:00,16:35:00,-10,2025-06-17,30000,60300,1
2025,6,17,2,LAX,EWR,2025-06-17 10:15:00,10:09:00,-6,18:54:00,18:36:00,-18,2025-06-17,36900,68040,1
2025,6,17,2,LAX,EWR,2025-06-17 10:50:00,11:25:00,35,19:20:00,19:50:00,30,2025-06-17,39000,69600,1
2025,6,17,2,LAX,EWR,2025-06-17 11:15:00,11:09:00,-6,19:54:00,19:29:00,-25,2025-06-17,40500,71640,1
2025,6,17,2,LAX,EWR,2025-06-17 12:15:00,12:26:00,11,20:54:00,20:50:00,-4,2025-06-17,44100,75240,1
2025,6,17,2,LAX,EWR,2025-06-17 13:30:00,13:58:00,28,21:52:00,21:46:00,-6,2025-06-17,48600,78720,1
2025,6,17,2,LAX,EWR,2025-06-17 14:34:00,14:28:00,-6,22:55:00,22:45:00,-10,2025-06-17,52440,82500,1
2025,6,17,2,LAX,EWR,2025-06-17 16:30:00,16:24:00,-6,00:57:00,00:28:00,-29,2025-06-17,59400,3420,1
2025,6,17,2,LAX,EWR,2025-06-17 20:55:00,20:49:00,-6,05:08:00,04:53:00,-15,2025-06-17,75300,18480,1
2025,6,17,2,LAX,EWR,2025-06-17 21:26:00,21:21:00,-5,05:59:00,05:28:00,-31,2025-06-17,77160,21540,1
2025,6,17,2,LAX,EWR,2025-06-17 21:35:00,21:33:00,-2,05:55:00,06:13:00,18,2025-06-17,77700,21300,1
2025,6,17,2,LAX,EWR,2025-06-17 23:59:00,00:41:00,42,08:12:00,09:07:00,55,2025-06-17,86340,29520,1
2025,6,17,2,LAX,FAT,2025-06-17 10:30:00,10:22:00,-8,11:48:00,11:42:00,-6,2025-06-17,37800,42480,1
2025,6,17,2,LAX,FAT,2025-06-17 19:10:00,19:09:00,-1,20:24:00,20:07:00,-17,2025-06-17,69000,73440,1
2025,6,17,2,LAX,FAT,2025-06-17 22:38:00,22:38:00,0,23:52:00,00:04:00,12,2025-06-17,81480,85920,1
2025,6,17,2,LAX,FCA,2025-06-17 09:22:00,09:16:00,-6,13:21:00,13:17:00,-4,2025-06-17,33720,48060,1
2025,6,17,2,LAX,FLL,2025-06-17 08:00:00,08:07:00,7,16:14:00,15:57:00,-17,2025-06-17,28800,58440,1
2025,6,17,2,LAX,FLL,2025-06-17 11:12:00,11:07:00,-5,19:26:00,18:55:00,-31,2025-06-17,40320,69960,1
2025,6,17,2,LAX,FLL,2025-06-17 13:45:00,14:01:00,16,21:58:00,21:48:00,-10,2025-06-17,49500,79080,1
2025,6,17,2,LAX,FLL,2025-06-17 21:55:00,21:51:00,-4,06:03:00,05:51:00,-12,2025-06-17,78900,21780,1
2025,6,17,2,LAX,FLL,2025-06-17 23:09:00,23:05:00,-4,07:05:00,06:57:00,-8,2025-06-17,83340,25500,1
2025,6,17,2,LAX,GEG,2025-06-17 11:14:00,11:04:00,-10,13:52:00,13:28:00,-24,2025-06-17,40440,49920,1
2025,6,17,2,LAX,GEG,2025-06-17 15:16:00,15:20:00,4,17:47:00,17:48:00,1,2025-06-17,54960,64020,1
2025,6,17,2,LAX,GEG,2025-06-17 18:59:00,18:51:00,-8,21:33:00,21:32:00,-1,2025-06-17,68340,77580,1
2025,6,17,2,LAX,HNL,2025-06-17 07:05:00,07:02:00,-3,10:10:00,09:45:00,-25,2025-06-17,25500,36600,1
2025,6,17,2,LAX,HNL,2025-06-17 08:25:00,08:25:00,0,11:07:00,11:02:00,-5,2025-06-17,30300,40020,1
2025,6,17,2,LAX,HNL,2025-06-17 08:30:00,08:30:00,0,11:05:00,11:37:00,32,2025-06-17,30600,39900,1
2025,6,17,2,LAX,HNL,2025-06-17 08:35:00,08:28:00,-7,11:17:00,11:23:00,6,2025-06-17,30900,40620,1
2025,6,17,2,LAX,HNL,2025-06-17 08:49:00,08:45:00,-4,11:37:00,11:16:00,-21,2025-06-17,31740,41820,1
2025,6,17,2,LAX,HNL,2025-06-17 11:15:00,11:39:00,24,14:04:00,14:00:00,-4,2025-06-17,40500,50640,1
2025,6,17,2,LAX,HNL,2025-06-17 13:15:00,13:27:00,12,16:01:00,16:00:00,-1,2025-06-17,47700,57660,1
2025,6,17,2,LAX,HNL,2025-06-17 13:35:00,13:32:00,-3,16:18:00,16:05:00,-13,2025-06-17,48900,58680,1
2025,6,17,2,LAX,HNL,2025-06-17 17:10:00,17:14:00,4,19:44:00,19:33:00,-11,2025-06-17,61800,71040,1
2025,6,17,2,LAX,HNL,2025-06-17 17:45:00,17:42:00,-3,20:30:00,20:19:00,-11,2025-06-17,63900,73800,1
2025,6,17,2,LAX,HNL,2025-06-17 18:10:00,18:27:00,17,20:52:00,20:53:00,1,2025-06-17,65400,75120,1
2025,6,17,2,LAX,HNL,2025-06-17 18:20:00,18:44:00,24,20:57:00,21:17:00,20,2025-06-17,66000,75420,1
2025,6,17,2,LAX,HNL,2025-06-17 18:25:00,18:50:00,25,21:15:00,21:24:00,9,2025-06-17,66300,76500,1
2025,6,17,2,LAX,HNL,2025-06-17 18:45:00,18:53:00,8,21:28:00,21:27:00,-1,2025-06-17,67500,77280,1
2025,6,17,2,LAX,HNL,2025-06-17 19:13:00,20:09:00,56,21:55:00,22:37:00,42,2025-06-17,69180,78900,1
2025,6,17,2,LAX,HOU,2025-06-17 05:05:00,05:04:00,-1,10:30:00,10:10:00,-20,2025-06-17,18300,37800,1
2025,6,17,2,LAX,HOU,2025-06-17 12:35:00,13:02:00,27,17:55:00,18:03:00,8,2025-06-17,45300,64500,1
2025,6,17,2,LAX,HOU,2025-06-17 15:30:00,15:28:00,-2,20:55:00,20:36:00,-19,2025-06-17,55800,75300,1
2025,6,17,2,LAX,HOU,2025-06-17 23:50:00,00:07:00,17,05:15:00,05:15:00,0,2025-06-17,85800,18900,1
2025,6,17,2,LAX,IAD,2025-06-17 06:20:00,06:17:00,-3,14:19:00,14:10:00,-9,2025-06-17,22800,51540,1
2025,6,17,2,LAX,IAD,2025-06-17 08:15:00,08:08:00,-7,16:26:00,16:03:00,-23,2025-06-17,29700,59160,1
2025,6,17,2,LAX,IAD,2025-06-17 08:20:00,08:14:00,-6,16:25:00,16:29:00,4,2025-06-17,30000,59100,1
2025,6,17,2,LAX,IAD,2025-06-17 13:15:00,13:27:00,12,21:20:00,21:25:00,5,2025-06-17,47700,76800,1
2025,6,17,2,LAX,IAD,2025-06-17 16:45:00,16:35:00,-10,00:44:00,00:28:00,-16,2025-06-17,60300,2640,1
2025,6,17,2,LAX,IAD,2025-06-17 21:35:00,22:29:00,54,05:37:00,06:28:00,51,2025-06-17,77700,20220,1
2025,6,17,2,LAX,IAD,2025-06-17 22:50:00,22:47:00,-3,06:39:00,06:56:00,17,2025-06-17,82200,23940,1
2025,6,17,2,LAX,IAH,2025-06-17 00:56:00,00:57:00,1,06:18:00,05:53:00,-25,2025-06-17,3360,22680,1
2025,6,17,2,LAX,IAH,2025-06-17 05:15:00,05:09:00,-6,10:42:00,10:18:00,-24,2025-06-17,18900,38520,1
2025,6,17,2,LAX,IAH,2025-06-17 07:15:00,07:10:00,-5,12:44:00,12:13:00,-31,2025-06-17,26100,45840,1
2025,6,17,2,LAX,IAH,2025-06-17 08:40:00,08:41:00,1,14:09:00,14:09:00,0,2025-06-17,31200,50940,1
2025,6,17,2,LAX,IAH,2025-06-17 08:45:00,08:42:00,-3,14:07:00,13:44:00,-23,2025-06-17,31500,50820,1
2025,6,17,2,LAX,IAH,2025-06-17 10:15:00,10:19:00,4,15:40:00,15:32:00,-8,2025-06-17,36900,56400,1
2025,6,17,2,LAX,IAH,2025-06-17 11:28:00,12:17:00,49,16:48:00,17:20:00,32,2025-06-17,41280,60480,1
2025,6,17,2,LAX,IAH,2025-06-17 12:07:00,12:50:00,43,17:24:00,17:52:00,28,2025-06-17,43620,62640,1
2025,6,17,2,LAX,IAH,2025-06-17 13:58:00,13:49:00,-9,19:25:00,19:03:00,-22,2025-06-17,50280,69900,1
2025,6,17,2,LAX,IAH,2025-06-17 14:23:00,14:45:00,22,20:01:00,20:07:00,6,2025-06-17,51780,72060,1
2025,6,17,2,LAX,IAH,2025-06-17 18:09:00,18:04:00,-5,23:28:00,23:16:00,-12,2025-06-17,65340,84480,1
2025,6,17,2,LAX,IAH,2025-06-17 18:10:00,18:06:00,-4,23:33:00,23:16:00,-17,2025-06-17,65400,84780,1
2025,6,17,2,LAX,IAH,2025-06-17 23:40:00,23:42:00,2,05:00:00,04:43:00,-17,2025-06-17,85200,18000,1
2025,6,17,2,LAX,IND,2025-06-17 10:36:00,10:52:00,16,17:47:00,17:57:00,10,2025-06-17,38160,64020,1
2025,6,17,2,LAX,IND,2025-06-17 23:14:00,23:32:00,18,06:14:00,06:32:00,18,2025-06-17,83640,22440,1
2025,6,17,2,LAX,JAC,2025-06-17 09:00:00,08:53:00,-7,12:18:00,12:25:00,7,2025-06-17,32400,44280,1
2025,6,17,2,LAX,JAC,2025-06-17 10:30:00,10:22:00,-8,13:48:00,13:38:00,-10,2025-06-17,37800,49680,1
2025,6,17,2,LAX,JFK,2025-06-17 06:00:00,05:58:00,-2,14:30:00,14:21:00,-9,2025-06-17,21600,52200,1
2025,6,17,2,LAX,JFK,2025-06-17 06:00:00,05:58:00,-2,14:34:00,14:30:00,-4,2025-06-17,21600,52440,1
2025,6,17,2,LAX,JFK,2025-06-17 07:00:00,06:50:00,-10,15:35:00,15:05:00,-30,2025-06-17,25200,56100,1
2025,6,17,2,LAX,JFK,2025-06-17 07:00:00,06:59:00,-1,15:35:00,15:37:00,2,2025-06-17,25200,56100,1
2025,6,17,2,LAX,JFK,2025-06-17 07:20:00,07:10:00,-10,15:55:00,15:44:00,-11,2025-06-17,26400,57300,1
2025,6,17,2,LAX,JFK,2025-06-17 09:05:00,09:16:00,11,17:57:00,18:21:00,24,2025-06-17,32700,64620,1
2025,6,17,2,LAX,JFK,2025-06-17 09:30:00,10:06:00,36,18:09:00,18:47:00,38,2025-06-17,34200,65340,1
2025,6,17,2,LAX,JFK,2025-06-17 10:10:00,11:09:00,59,19:10:00,19:34:00,24,2025-06-17,36600,69000,1
2025,6,17,2,LAX,JFK,2025-06-17 10:30:00,11:25:00,55,19:11:00,20:02:00,51,2025-06-17,37800,69060,1
2025,6,17,2,LAX,JFK,2025-06-17 11:10:00,12:03:00,53,19:50:00,20:31:00,41,2025-06-17,40200,71400,1
2025,6,17,2,LAX,JFK,2025-06-17 12:21:00,12:49:00,28,21:00:00,21:47:00,47,2025-06-17,44460,75600,1
2025,6,17,2,LAX,JFK,2025-06-17 13:10:00,13:51:00,41,21:52:00,23:23:00,91,2025-06-17,47400,78720,1
2025,6,17,2,LAX,JFK,2025-06-17 14:20:00,14:31:00,11,22:52:00,23:23:00,31,2025-06-17,51600,82320,1
2025,6,17,2,LAX,JFK,2025-06-17 15:15:00,15:13:00,-2,23:55:00,23:55:00,0,2025-06-17,54900,86100,1
2025,6,17,2,LAX,JFK,2025-06-17 15:20:00,15:15:00,-5,23:54:00,00:09:00,15,2025-06-17,55200,86040,1
2025,6,17,2,LAX,JFK,2025-06-17 15:20:00,15:28:00,8,23:57:00,00:22:00,25,2025-06-17,55200,86220,1
2025,6,17,2,LAX,JFK,2025-06-17 20:36:00,20:40:00,4,05:00:00,05:12:00,12,2025-06-17,74160,18000,1
2025,6,17,2,LAX,JFK,2025-06-17 21:21:00,21:21:00,0,05:55:00,05:50:00,-5,2025-06-17,76860,21300,1
2025,6,17,2,LAX,JFK,2025-06-17 21:40:00,21:51:00,11,06:07:00,05:54:00,-13,2025-06-17,78000,22020,1
2025,6,17,2,LAX,JFK,2025-06-17 22:31:00,22:31:00,0,07:00:00,06:50:00,-10,2025-06-17,81060,25200,1
2025,6,17,2,LAX,JFK,2025-06-17 22:52:00,22:42:00,-10,07:32:00,07:20:00,-12,2025-06-17,82320,27120,1
2025,6,17,2,LAX,JFK,2025-06-17 23:55:00,23:47:00,-8,08:30:00,08:27:00,-3,2025-06-17,86100,30600,1
2025,6,17,2,LAX,JFK,2025-06-17 23:58:00,23:56:00,-2,08:30:00,08:16:00,-14,2025-06-17,86280,30600,1
2025,6,17,2,LAX,KOA,2025-06-17 08:30:00,08:24:00,-6,11:10:00,11:21:00,11,2025-06-17,30600,40200,1
2025,6,17,2,LAX,KOA,2025-06-17 09:10:00,08:58:00,-12,11:50:00,11:44:00,-6,2025-06-17,33000,42600,1
2025,6,17,2,LAX,KOA,2025-06-17 11:19:00,11:21:00,2,13:55:00,13:40:00,-15,2025-06-17,40740,50100,1
2025,6,17,2,LAX,KOA,2025-06-17 16:29:00,16:18:00,-11,18:59:00,18:47:00,-12,2025-06-17,59340,68340,1
2025,6,17,2,LAX,KOA,2025-06-17 17:25:00,17:20:00,-5,20:03:00,19:51:00,-12,2025-06-17,62700,72180,1
2025,6,17,2,LAX,LAS,2025-06-17 05:30:00,05:24:00,-6,06:42:00,06:25:00,-17,2025-06-17,19800,24120,1
2025,6,17,2,LAX,LAS,2025-06-17 07:30:00,07:26:00,-4,08:40:00,08:28:00,-12,2025-06-17,27000,31200,1
2025,6,17,2,LAX,LAS,2025-06-17 07:55:00,07:50:00,-5,09:10:00,08:54:00,-16,2025-06-17,28500,33000,1
2025,6,17,2,LAX,LAS,2025-06-17 08:26:00,08:22:00,-4,09:51:00,10:07:00,16,2025-06-17,30360,35460,1
2025,6,17,2,LAX,LAS,2025-06-17 09:30:00,09:31:00,1,10:45:00,10:30:00,-15,2025-06-17,34200,38700,1
2025,6,17,2,LAX,LAS,2025-06-17 10:19:00,10:28:00,9,11:31:00,11:39:00,8,2025-06-17,37140,41460,1
2025,6,17,2,LAX,LAS,2025-06-17 11:40:00,11:37:00,-3,12:54:00,12:44:00,-10,2025-06-17,42000,46440,1
2025,6,17,2,LAX,LAS,2025-06-17 12:35:00,12:57:00,22,13:50:00,13:54:00,4,2025-06-17,45300,49800,1
2025,6,17,2,LAX,LAS,2025-06-17 14:45:00,14:38:00,-7,16:07:00,15:53:00,-14,2025-06-17,53100,58020,1
2025,6,17,2,LAX,LAS,2025-06-17 15:05:00,15:02:00,-3,16:15:00,16:05:00,-10,2025-06-17,54300,58500,1
2025,6,17,2,LAX,LAS,2025-06-17 15:48:00,16:10:00,22,17:13:00,17:15:00,2,2025-06-17,56880,61980,1
2025,6,17,2,LAX,LAS,2025-06-17 16:05:00,16:34:00,29,17:20:00,17:29:00,9,2025-06-17,57900,62400,1
2025,6,17,2,LAX,LAS,2025-06-17 17:55:00,17:53:00,-2,19:18:00,19:07:00,-11,2025-06-17,64500,69480,1
2025,6,17,2,LAX,LAS,2025-06-17 18:05:00,18:33:00,28,19:20:00,19:36:00,16,2025-06-17,65100,69600,1
2025,6,17,2,LAX,LAS,2025-06-17 18:50:00,18:54:00,4,20:00:00,20:07:00,7,2025-06-17,67800,72000,1
2025,6,17,2,LAX,LAS,2025-06-17 18:52:00,18:49:00,-3,20:08:00,19:52:00,-16,2025-06-17,67920,72480,1
2025,6,17,2,LAX,LAS,2025-06-17 19:30:00,19:19:00,-11,20:52:00,20:38:00,-14,2025-06-17,70200,75120,1
2025,6,17,2,LAX,LAS,2025-06-17 19:48:00,20:25:00,37,21:00:00,21:34:00,34,2025-06-17,71280,75600,1
2025,6,17,2,LAX,LAS,2025-06-17 22:15:00,22:07:00,-8,23:27:00,23:12:00,-15,2025-06-17,80100,84420,1
2025,6,17,2,LAX,LAS,2025-06-17 22:18:00,22:13:00,-5,23:35:00,23:19:00,-16,2025-06-17,80280,84900,1
2025,6,17,2,LAX,LAS,2025-06-17 23:05:00,22:56:00,-9,00:27:00,00:09:00,-18,2025-06-17,83100,1620,1
2025,6,17,2,LAX,LIH,2025-06-17 08:42:00,08:44:00,2,11:38:00,11:36:00,-2,2025-06-17,31320,41880,1
2025,6,17,2,LAX,LIH,2025-06-17 09:03:00,09:06:00,3,12:04:00,11:44:00,-20,2025-06-17,32580,43440,1
2025,6,17,2,LAX,LIH,2025-06-17 09:30:00,09:43:00,13,12:25:00,12:19:00,-6,2025-06-17,34200,44700,1
2025,6,17,2,LAX,MCI,2025-06-17 06:25:00,06:20:00,-5,11:35:00,11:33:00,-2,2025-06-17,23100,41700,1
2025,6,17,2,LAX,MCI,2025-06-17 09:30:00,09:18:00,-12,14:44:00,14:39:00,-5,2025-06-17,34200,53040,1
2025,6,17,2,LAX,MCI,2025-06-17 15:20:00,15:16:00,-4,20:29:00,20:19:00,-10,2025-06-17,55200,73740,1
2025,6,17,2,LAX,MCI,2025-06-17 18:15:00,18:03:00,-12,23:27:00,23:10:00,-17,2025-06-17,65700,84420,1
2025,6,17,2,LAX,MCO,2025-06-17 07:00:00,06:58:00,-2,14:58:00,14:51:00,-7,2025-06-17,25200,53880,1
2025,6,17,2,LAX,MCO,2025-06-17 10:02:00,09:58:00,-4,18:04:00,18:32:00,28,2025-06-17,36120,65040,1
2025,6,17,2,LAX,MCO,2025-06-17 10:35:00,11:17:00,42,18:38:00,19:46:00,68,2025-06-17,38100,67080,1
2025,6,17,2,LAX,MCO,2025-06-17 11:20:00,11:16:00,-4,19:14:00,19:33:00,19,2025-06-17,40800,69240,1
2025,6,17,2,LAX,MCO,2025-06-17 13:57:00,14:44:00,47,22:10:00,22:39:00,29,2025-06-17,50220,79800,1
2025,6,17,2,LAX,MCO,2025-06-17 16:05:00,16:32:00,27,23:59:00,00:18:00,19,2025-06-17,57900,86340,1
2025,6,17,2,LAX,MCO,2025-06-17 21:35:00,21:27:00,-8,05:36:00,05:13:00,-23,2025-06-17,77700,20160,1
2025,6,17,2,LAX,MCO,2025-06-17 22:49:00,22:48:00,-1,06:47:00,06:39:00,-8,2025-06-17,82140,24420,1
2025,6,17,2,LAX,MDW,2025-06-17 05:15:00,05:16:00,1,11:20:00,10:58:00,-22,2025-06-17,18900,40800,1
2025,6,17,2,LAX,MDW,2025-06-17 08:00:00,08:25:00,25,14:00:00,14:16:00,16,2025-06-17,28800,50400,1
2025,6,17,2,LAX,MDW,2025-06-17 12:00:00,12:55:00,55,18:05:00,18:40:00,35,2025-06-17,43200,65100,1
2025,6,17,2,LAX,MDW,2025-06-17 15:50:00,15:46:00,-4,21:50:00,21:54:00,4,2025-06-17,57000,78600,1
2025,6,17,2,LAX,MFE,2025-06-17 08:30:00,08:15:00,-15,13:39:00,13:14:00,-25,2025-06-17,30600,49140,1
2025,6,17,2,LAX,MIA,2025-06-17 06:00:00,05:57:00,-3,14:13:00,13:43:00,-30,2025-06-17,21600,51180,1
2025,6,17,2,LAX,MIA,2025-06-17 07:45:00,07:40:00,-5,15:54:00,15:20:00,-34,2025-06-17,27900,57240,1
2025,6,17,2,LAX,MIA,2025-06-17 09:00:00,09:18:00,18,17:19:00,17:08:00,-11,2025-06-17,32400,62340,1
2025,6,17,2,LAX,MIA,2025-06-17 10:05:00,10:27:00,22,18:16:00,18:08:00,-8,2025-06-17,36300,65760,1
2025,6,17,2,LAX,MIA,2025-06-17 12:10:00,12:55:00,45,20:20:00,20:42:00,22,2025-06-17,43800,73200,1
2025,6,17,2,LAX,MIA,2025-06-17 15:00:00,14:59:00,-1,23:10:00,22:49:00,-21,2025-06-17,54000,83400,1
2025,6,17,2,LAX,MIA,2025-06-17 21:40:00,21:44:00,4,05:50:00,05:40:00,-10,2025-06-17,78000,21000,1
2025,6,17,2,LAX,MIA,2025-06-17 22:49:00,23:21:00,32,07:01:00,07:16:00,15,2025-06-17,82140,25260,1
2025,6,17,2,LAX,MIA,2025-06-17 23:43:00,23:42:00,-1,07:50:00,07:27:00,-23,2025-06-17,85380,28200,1
2025,6,17,2,LAX,MRY,2025-06-17 08:20:00,08:12:00,-8,09:42:00,09:34:00,-8,2025-06-17,30000,34920,1
2025,6,17,2,LAX,MRY,2025-06-17 18:23:00,18:25:00,2,19:37:00,19:39:00,2,2025-06-17,66180,70620,1
2025,6,17,2,LAX,MSO,2025-06-17 11:31:00,11:30:00,-1,15:10:00,15:07:00,-3,2025-06-17,41460,54600,1
2025,6,17,2,LAX,MSP,2025-06-17 00:50:00,01:07:00,17,06:25:00,06:34:00,9,2025-06-17,3000,23100,1
2025,6,17,2,LAX,MSP,2025-06-17 06:17:00,06:29:00,12,11:48:00,12:08:00,20,2025-06-17,22620,42480,1
2025,6,17,2,LAX,MSP,2025-06-17 08:00:00,08:01:00,1,13:34:00,13:39:00,5,2025-06-17,28800,48840,1
2025,6,17,2,LAX,MSP,2025-06-17 11:30:00,11:29:00,-1,17:02:00,17:07:00,5,2025-06-17,41400,61320,1
2025,6,17,2,LAX,MSP,2025-06-17 13:25:00,13:21:00,-4,18:55:00,18:41:00,-14,2025-06-17,48300,68100,1
2025,6,17,2,LAX,MSP,2025-06-17 15:20:00,15:23:00,3,20:49:00,20:50:00,1,2025-06-17,55200,74940,1
2025,6,17,2,LAX,MSP,2025-06-17 18:50:00,19:26:00,36,00:20:00,00:55:00,35,2025-06-17,67800,1200,1
2025,6,17,2,LAX,MSY,2025-06-17 07:00:00,06:56:00,-4,12:40:00,12:39:00,-1,2025-06-17,25200,45600,1
2025,6,17,2,LAX,MSY,2025-06-17 10:00:00,10:08:00,8,15:50:00,15:38:00,-12,2025-06-17,36000,57000,1
2025,6,17,2,LAX,MSY,2025-06-17 12:10:00,12:06:00,-4,17:53:00,17:43:00,-10,2025-06-17,43800,64380,1
2025,6,17,2,LAX,MSY,2025-06-17 17:47:00,17:47:00,0,23:27:00,23:23:00,-4,2025-06-17,64020,84420,1
2025,6,17,2,LAX,MSY,2025-06-17 18:18:00,18:08:00,-10,23:58:00,23:41:00,-17,2025-06-17,65880,86280,1
2025,6,17,2,LAX,OAK,2025-06-17 07:25:00,07:15:00,-10,08:50:00,08:34:00,-16,2025-06-17,26700,31800,1
2025,6,17,2,LAX,OAK,2025-06-17 10:50:00,10:53:00,3,12:15:00,12:00:00,-15,2025-06-17,39000,44100,1
2025,6,17,2,LAX,OAK,2025-06-17 15:00:00,15:30:00,30,16:20:00,16:44:00,24,2025-06-17,54000,58800,1
2025,6,17,2,LAX,OAK,2025-06-17 17:50:00,17:55:00,5,19:10:00,19:03:00,-7,2025-06-17,64200,69000,1
2025,6,17,2,LAX,OAK,2025-06-17 19:35:00,19:39:00,4,21:00:00,20:49:00,-11,2025-06-17,70500,75600,1
2025,6,17,2,LAX,OGG,2025-06-17 07:00:00,06:56:00,-4,09:35:00,09:31:00,-4,2025-06-17,25200,34500,1
2025,6,17,2,LAX,OGG,2025-06-17 08:00:00,07:59:00,-1,10:31:00,10:35:00,4,2025-06-17,28800,37860,1
2025,6,17,2,LAX,OGG,2025-06-17 08:15:00,08:38:00,23,10:55:00,11:20:00,25,2025-06-17,29700,39300,1
2025,6,17,2,LAX,OGG,2025-06-17 09:02:00,09:08:00,6,11:47:00,11:27:00,-20,2025-06-17,32520,42420,1
2025,6,17,2,LAX,OGG,2025-06-17 16:55:00,17:18:00,23,19:34:00,19:48:00,14,2025-06-17,60900,70440,1
2025,6,17,2,LAX,OGG,2025-06-17 16:56:00,16:54:00,-2,19:28:00,19:07:00,-21,2025-06-17,60960,70080,1
2025,6,17,2,LAX,OGG,2025-06-17 17:54:00,18:04:00,10,20:30:00,20:33:00,3,2025-06-17,64440,73800,1
2025,6,17,2,LAX,OKC,2025-06-17 09:00:00,08:52:00,-8,14:00:00,13:47:00,-13,2025-06-17,32400,50400,1
2025,6,17,2,LAX,OKC,2025-06-17 17:32:00,17:24:00,-8,22:30:00,22:13:00,-17,2025-06-17,63120,81000,1
2025,6,17,2,LAX,OMA,2025-06-17 12:36:00,12:30:00,-6,17:52:00,17:58:00,6,2025-06-17,45360,64320,1
2025,6,17,2,LAX,ORD,2025-06-17 00:30:00,00:30:00,0,06:42:00,06:29:00,-13,2025-06-17,1800,24120,1
2025,6,17,2,LAX,ORD,2025-06-17 00:32:00,01:31:00,59,06:38:00,07:35:00,57,2025-06-17,1920,23880,1
2025,6,17,2,LAX,ORD,2025-06-17 00:44:00,00:45:00,1,06:51:00,07:03:00,12,2025-06-17,2640,24660,1
2025,6,17,2,LAX,ORD,2025-06-17 06:05:00,05:58:00,-7,12:21:00,12:25:00,4,2025-06-17,21900,44460,1
2025,6,17,2,LAX,ORD,2025-06-17 06:20:00,06:13:00,-7,12:42:00,12:35:00,-7,2025-06-17,22800,45720,1
2025,6,17,2,LAX,ORD,2025-06-17 06:30:00,06:21:00,-9,12:38:00,12:41:00,3,2025-06-17,23400,45480,1
2025,6,17,2,LAX,ORD,2025-06-17 08:00:00,07:53:00,-7,14:15:00,14:03:00,-12,2025-06-17,28800,51300,1
2025,6,17,2,LAX,ORD,2025-06-17 08:15:00,08:06:00,-9,14:39:00,14:32:00,-7,2025-06-17,29700,52740,1
2025,6,17,2,LAX,ORD,2025-06-17 09:36:00,09:57:00,21,15:44:00,16:07:00,23,2025-06-17,34560,56640,1
2025,6,17,2,LAX,ORD,2025-06-17 10:40:00,11:00:00,20,16:56:00,17:13:00,17,2025-06-17,38400,60960,1
2025,6,17,2,LAX,ORD,2025-06-17 11:05:00,11:51:00,46,17:17:00,18:05:00,48,2025-06-17,39900,62220,1
2025,6,17,2,LAX,ORD,2025-06-17 11:45:00,11:44:00,-1,17:53:00,18:28:00,35,2025-06-17,42300,64380,1
2025,6,17,2,LAX,ORD,2025-06-17 12:37:00,12:34:00,-3,18:55:00,18:52:00,-3,2025-06-17,45420,68100,1
2025,6,17,2,LAX,ORD,2025-06-17 13:00:00,12:59:00,-1,19:29:00,19:44:00,15,2025-06-17,46800,70140,1
2025,6,17,2,LAX,ORD,2025-06-17 14:01:00,13:58:00,-3,20:25:00,20:28:00,3,2025-06-17,50460,73500,1
2025,6,17,2,LAX,ORD,2025-06-17 15:02:00,15:10:00,8,21:08:00,21:42:00,34,2025-06-17,54120,76080,1
2025,6,17,2,LAX,ORD,2025-06-17 16:40:00,17:37:00,57,23:04:00,00:11:00,67,2025-06-17,60000,83040,1
2025,6,17,2,LAX,ORD,2025-06-17 17:38:00,17:35:00,-3,23:59:00,23:54:00,-5,2025-06-17,63480,86340,1
2025,6,17,2,LAX,ORD,2025-06-17 22:40:00,22:38:00,-2,04:51:00,04:33:00,-18,2025-06-17,81600,17460,1
2025,6,17,2,LAX,ORD,2025-06-17 23:37:00,23:33:00,-4,05:45:00,05:20:00,-25,2025-06-17,85020,20700,1
2025,6,17,2,LAX,PDX,2025-06-17 07:00:00,06:49:00,-11,09:21:00,09:06:00,-15,2025-06-17,25200,33660,1
2025,6,17,2,LAX,PDX,2025-06-17 07:00:00,06:52:00,-8,09:23:00,09:09:00,-14,2025-06-17,25200,33780,1
2025,6,17,2,LAX,PDX,2025-06-17 08:45:00,08:39:00,-6,11:10:00,11:12:00,2,2025-06-17,31500,40200,1
2025,6,17,2,LAX,PDX,2025-06-17 09:05:00,09:01:00,-4,11:31:00,11:25:00,-6,2025-06-17,32700,41460,1
2025,6,17,2,LAX,PDX,2025-06-17 11:02:00,10:54:00,-8,13:25:00,13:16:00,-9,2025-06-17,39720,48300,1
2025,6,17,2,LAX,PDX,2025-06-17 13:40:00,13:28:00,-12,16:00:00,15:36:00,-24,2025-06-17,49200,57600,1
2025,6,17,2,LAX,PDX,2025-06-17 16:05:00,15:54:00,-11,18:26:00,18:10:00,-16,2025-06-17,57900,66360,1
2025,6,17,2,LAX,PDX,2025-06-17 18:07:00,18:22:00,15,20:30:00,20:35:00,5,2025-06-17,65220,73800,1
2025,6,17,2,LAX,PDX,2025-06-17 20:25:00,20:15:00,-10,22:45:00,22:28:00,-17,2025-06-17,73500,81900,1
2025,6,17,2,LAX,PHL,2025-06-17 01:08:00,01:03:00,-5,09:16:00,08:59:00,-17,2025-06-17,4080,33360,1
2025,6,17,2,LAX,PHL,2025-06-17 06:45:00,06:40:00,-5,14:54:00,14:54:00,0,2025-06-17,24300,53640,1
2025,6,17,2,LAX,PHL,2025-06-17 07:45:00,07:49:00,4,15:56:00,15:57:00,1,2025-06-17,27900,57360,1
2025,6,17,2,LAX,PHL,2025-06-17 09:00:00,08:59:00,-1,17:18:00,17:10:00,-8,2025-06-17,32400,62280,1
2025,6,17,2,LAX,PHL,2025-06-17 16:30:00,16:27:00,-3,00:43:00,00:40:00,-3,2025-06-17,59400,2580,1
2025,6,17,2,LAX,PHL,2025-06-17 22:53:00,22:52:00,-1,07:05:00,07:12:00,7,2025-06-17,82380,25500,1
2025,6,17,2,LAX,PHL,2025-06-17 22:56:00,22:51:00,-5,07:00:00,06:55:00,-5,2025-06-17,82560,25200,1
2025,6,17,2,LAX,PHX,2025-06-17 06:10:00,06:08:00,-2,07:39:00,07:48:00,9,2025-06-17,22200,27540,1
2025,6,17,2,LAX,PHX,2025-06-17 07:00:00,06:55:00,-5,08:40:00,08:10:00,-30,2025-06-17,25200,31200,1
2025,6,17,2,LAX,PHX,2025-06-17 07:05:00,06:55:00,-10,08:30:00,08:27:00,-3,2025-06-17,25500,30600,1
2025,6,17,2,LAX,PHX,2025-06-17 08:15:00,08:11:00,-4,09:51:00,09:38:00,-13,2025-06-17,29700,35460,1
2025,6,17,2,LAX,PHX,2025-06-17 08:40:00,08:39:00,-1,10:15:00,09:44:00,-31,2025-06-17,31200,36900,1
2025,6,17,2,LAX,PHX,2025-06-17 10:15:00,10:13:00,-2,11:45:00,11:31:00,-14,2025-06-17,36900,42300,1
2025,6,17,2,LAX,PHX,2025-06-17 10:50:00,10:45:00,-5,12:25:00,12:02:00,-23,2025-06-17,39000,44700,1
2025,6,17,2,LAX,PHX,2025-06-17 13:25:00,13:17:00,-8,15:03:00,14:47:00,-16,2025-06-17,48300,54180,1
2025,6,17,2,LAX,PHX,2025-06-17 13:25:00,14:22:00,57,14:50:00,15:53:00,63,2025-06-17,48300,53400,1
2025,6,17,2,LAX,PHX,2025-06-17 14:00:00,14:12:00,12,15:28:00,15:34:00,6,2025-06-17,50400,55680,1
2025,6,17,2,LAX,PHX,2025-06-17 16:32:00,16:27:00,-5,17:59:00,17:45:00,-14,2025-06-17,59520,64740,1
2025,6,17,2,LAX,PHX,2025-06-17 16:50:00,17:01:00,11,18:25:00,18:15:00,-10,2025-06-17,60600,66300,1
2025,6,17,2,LAX,PHX,2025-06-17 17:30:00,17:21:00,-9,18:55:00,18:43:00,-12,2025-06-17,63000,68100,1
2025,6,17,2,LAX,PHX,2025-06-17 18:25:00,18:35:00,10,19:55:00,19:48:00,-7,2025-06-17,66300,71700,1
2025,6,17,2,LAX,PHX,2025-06-17 19:10:00,19:00:00,-10,20:39:00,20:16:00,-23,2025-06-17,69000,74340,1
2025,6,17,2,LAX,PHX,2025-06-17 19:35:00,20:33:00,58,21:03:00,21:53:00,50,2025-06-17,70500,75780,1
2025,6,17,2,LAX,PHX,2025-06-17 21:34:00,22:26:00,52,23:05:00,23:42:00,37,2025-06-17,77640,83100,1
2025,6,17,2,LAX,PHX,2025-06-17 22:35:00,22:31:00,-4,00:13:00,23:59:00,-14,2025-06-17,81300,780,1
2025,6,17,2,LAX,PSC,2025-06-17 21:25:00,21:18:00,-7,23:59:00,23:51:00,-8,2025-06-17,77100,86340,1
2025,6,17,2,LAX,RDD,2025-06-17 12:50:00,12:44:00,-6,14:39:00,14:38:00,-1,2025-06-17,46200,52740,1
2025,6,17,2,LAX,RDM,2025-06-17 12:45:00,12:46:00,1,15:03:00,14:55:00,-8,2025-06-17,45900,54180,1
2025,6,17,2,LAX,RDU,2025-06-17 08:57:00,08:49:00,-8,16:54:00,17:09:00,15,2025-06-17,32220,60840,1
2025,6,17,2,LAX,RDU,2025-06-17 12:40:00,12:33:00,-7,20:29:00,20:20:00,-9,2025-06-17,45600,73740,1
2025,6,17,2,LAX,RNO,2025-06-17 09:59:00,09:55:00,-4,11:31:00,11:27:00,-4,2025-06-17,35940,41460,1
2025,6,17,2,LAX,RNO,2025-06-17 10:19:00,10:19:00,0,12:00:00,11:46:00,-14,2025-06-17,37140,43200,1
2025,6,17,2,LAX,RNO,2025-06-17 15:02:00,15:22:00,20,16:30:00,16:48:00,18,2025-06-17,54120,59400,1
2025,6,17,2,LAX,RNO,2025-06-17 17:10:00,17:00:00,-10,18:44:00,18:24:00,-20,2025-06-17,61800,67440,1
2025,6,17,2,LAX,RNO,2025-06-17 17:30:00,17:32:00,2,18:55:00,18:49:00,-6,2025-06-17,63000,68100,1
2025,6,17,2,LAX,RNO,2025-06-17 20:50:00,20:43:00,-7,22:17:00,22:08:00,-9,2025-06-17,75000,80220,1
2025,6,17,2,LAX,RNO,2025-06-17 22:16:00,22:15:00,-1,23:53:00,23:36:00,-17,2025-06-17,80160,85980,1
2025,6,17,2,LAX,SAN,2025-06-17 08:20:00,08:09:00,-11,09:19:00,09:04:00,-15,2025-06-17,30000,33540,1
2025,6,17,2,LAX,SAN,2025-06-17 09:20:00,09:18:00,-2,10:24:00,10:27:00,3,2025-06-17,33600,37440,1
2025,6,17,2,LAX,SAN,2025-06-17 14:28:00,15:06:00,38,15:22:00,16:00:00,38,2025-06-17,52080,55320,1
2025,6,17,2,LAX,SAN,2025-06-17 18:00:00,18:35:00,35,18:54:00,19:27:00,33,2025-06-17,64800,68040,1
2025,6,17,2,LAX,SAN,2025-06-17 18:46:00,18:48:00,2,19:47:00,19:34:00,-13,2025-06-17,67560,71220,1
2025,6,17,2,LAX,SAN,2025-06-17 21:59:00,21:47:00,-12,22:53:00,22:56:00,3,2025-06-17,79140,82380,1
2025,6,17,2,LAX,SAN,2025-06-17 22:45:00,22:36:00,-9,23:46:00,23:22:00,-24,2025-06-17,81900,85560,1
2025,6,17,2,LAX,SAT,2025-06-17 09:12:00,09:04:00,-8,14:19:00,13:50:00,-29,2025-06-17,33120,51540,1
2025,6,17,2,LAX,SAT,2025-06-17 09:30:00,09:27:00,-3,14:23:00,14:08:00,-15,2025-06-17,34200,51780,1
2025,6,17,2,LAX,SAT,2025-06-17 10:08:00,10:04:00,-4,15:02:00,14:37:00,-25,2025-06-17,36480,54120,1
2025,6,17,2,LAX,SAT,2025-06-17 12:00:00,11:57:00,-3,17:00:00,16:31:00,-29,2025-06-17,43200,61200,1
2025,6,17,2,LAX,SAT,2025-06-17 18:58:00,18:57:00,-1,23:49:00,23:36:00,-13,2025-06-17,68280,85740,1
2025,6,17,2,LAX,SBA,2025-06-17 15:20:00,15:10:00,-10,16:12:00,15:53:00,-19,2025-06-17,55200,58320,1
2025,6,17,2,LAX,SBA,2025-06-17 23:00:00,22:51:00,-9,23:58:00,23:53:00,-5,2025-06-17,82800,86280,1
2025,6,17,2,LAX,SBP,2025-06-17 15:00:00,14:56:00,-4,16:01:00,15:53:00,-8,2025-06-17,54000,57660,1
2025,6,17,2,LAX,SBP,2025-06-17 22:32:00,22:25:00,-7,23:36:00,23:17:00,-19,2025-06-17,81120,84960,1
2025,6,17,2,LAX,SDF,2025-06-17 11:34:00,11:42:00,8,18:35:00,18:40:00,5,2025-06-17,41640,66900,1
2025,6,17,2,LAX,SEA,2025-06-17 07:00:00,06:56:00,-4,09:47:00,09:51:00,4,2025-06-17,25200,35220,1
2025,6,17,2,LAX,SEA,2025-06-17 07:00:00,07:07:00,7,09:54:00,09:48:00,-6,2025-06-17,25200,35640,1
2025,6,17,2,LAX,SEA,2025-06-17 08:00:00,08:04:00,4,10:49:00,11:03:00,14,2025-06-17,28800,38940,1
2025,6,17,2,LAX,SEA,2025-06-17 09:45:00,09:42:00,-3,12:42:00,12:23:00,-19,2025-06-17,35100,45720,1
2025,6,17,2,LAX,SEA,2025-06-17 09:50:00,09:42:00,-8,12:35:00,12:39:00,4,2025-06-17,35400,45300,1
2025,6,17,2,LAX,SEA,2025-06-17 11:10:00,11:03:00,-7,14:01:00,14:09:00,8,2025-06-17,40200,50460,1
2025,6,17,2,LAX,SEA,2025-06-17 11:55:00,11:50:00,-5,14:45:00,14:35:00,-10,2025-06-17,42900,53100,1
2025,6,17,2,LAX,SEA,2025-06-17 14:10:00,14:11:00,1,16:54:00,16:58:00,4,2025-06-17,51000,60840,1
2025,6,17,2,LAX,SEA,2025-06-17 14:15:00,14:07:00,-8,17:00:00,16:42:00,-18,2025-06-17,51300,61200,1
2025,6,17,2,LAX,SEA,2025-06-17 15:10:00,15:06:00,-4,17:54:00,17:59:00,5,2025-06-17,54600,64440,1
2025,6,17,2,LAX,SEA,2025-06-17 17:15:00,17:07:00,-8,20:00:00,19:47:00,-13,2025-06-17,62100,72000,1
2025,6,17,2,LAX,SEA,2025-06-17 17:43:00,17:38:00,-5,20:35:00,20:11:00,-24,2025-06-17,63780,74100,1
2025,6,17,2,LAX,SEA,2025-06-17 18:15:00,18:25:00,10,21:00:00,21:07:00,7,2025-06-17,65700,75600,1
2025,6,17,2,LAX,SEA,2025-06-17 19:07:00,19:05:00,-2,21:58:00,21:45:00,-13,2025-06-17,68820,79080,1
2025,6,17,2,LAX,SEA,2025-06-17 19:59:00,19:53:00,-6,22:57:00,22:28:00,-29,2025-06-17,71940,82620,1
2025,6,17,2,LAX,SFO,2025-06-17 06:00:00,05:55:00,-5,07:38:00,07:17:00,-21,2025-06-17,21600,27480,1
2025,6,17,2,LAX,SFO,2025-06-17 06:05:00,06:15:00,10,07:30:00,07:33:00,3,2025-06-17,21900,27000,1
2025,6,17,2,LAX,SFO,2025-06-17 06:30:00,06:20:00,-10,07:52:00,07:38:00,-14,2025-06-17,23400,28320,1
2025,6,17,2,LAX,SFO,2025-06-17 07:00:00,06:51:00,-9,08:36:00,08:11:00,-25,2025-06-17,25200,30960,1
2025,6,17,2,LAX,SFO,2025-06-17 07:00:00,06:57:00,-3,08:29:00,08:25:00,-4,2025-06-17,25200,30540,1
2025,6,17,2,LAX,SFO,2025-06-17 08:05:00,08:02:00,-3,09:45:00,09:24:00,-21,2025-06-17,29100,35100,1
2025,6,17,2,LAX,SFO,2025-06-17 08:35:00,08:27:00,-8,09:58:00,09:38:00,-20,2025-06-17,30900,35880,1
2025,6,17,2,LAX,SFO,2025-06-17 09:10:00,09:06:00,-4,10:45:00,10:30:00,-15,2025-06-17,33000,38700,1
2025,6,17,2,LAX,SFO,2025-06-17 10:15:00,10:07:00,-8,11:40:00,12:02:00,22,2025-06-17,36900,42000,1
2025,6,17,2,LAX,SFO,2025-06-17 10:26:00,10:23:00,-3,11:59:00,11:38:00,-21,2025-06-17,37560,43140,1
2025,6,17,2,LAX,SFO,2025-06-17 11:29:00,11:35:00,6,12:56:00,12:54:00,-2,2025-06-17,41340,46560,1
2025,6,17,2,LAX,SFO,2025-06-17 12:20:00,12:33:00,13,13:43:00,13:47:00,4,2025-06-17,44400,49380,1
2025,6,17,2,LAX,SFO,2025-06-17 13:10:00,13:10:00,0,14:35:00,14:28:00,-7,2025-06-17,47400,52500,1
2025,6,17,2,LAX,SFO,2025-06-17 13:30:00,13:39:00,9,14:52:00,14:47:00,-5,2025-06-17,48600,53520,1
2025,6,17,2,LAX,SFO,2025-06-17 13:39:00,13:35:00,-4,15:07:00,14:50:00,-17,2025-06-17,49140,54420,1
2025,6,17,2,LAX,SFO,2025-06-17 16:10:00,16:01:00,-9,17:39:00,17:09:00,-30,2025-06-17,58200,63540,1
2025,6,17,2,LAX,SFO,2025-06-17 16:27:00,16:19:00,-8,17:45:00,17:28:00,-17,2025-06-17,59220,63900,1
2025,6,17,2,LAX,SFO,2025-06-17 17:10:00,17:15:00,5,18:40:00,18:44:00,4,2025-06-17,61800,67200,1
2025,6,17,2,LAX,SFO,2025-06-17 18:08:00,18:20:00,12,19:43:00,19:38:00,-5,2025-06-17,65280,70980,1
2025,6,17,2,LAX,SFO,2025-06-17 18:20:00,18:29:00,9,19:43:00,19:38:00,-5,2025-06-17,66000,70980,1
2025,6,17,2,LAX,SFO,2025-06-17 18:40:00,18:36:00,-4,20:09:00,19:47:00,-22,2025-06-17,67200,72540,1
2025,6,17,2,LAX,SFO,2025-06-17 18:59:00,18:56:00,-3,20:28:00,20:20:00,-8,2025-06-17,68340,73680,1
2025,6,17,2,LAX,SFO,2025-06-17 19:25:00,19:31:00,6,20:57:00,20:55:00,-2,2025-06-17,69900,75420,1
2025,6,17,2,LAX,SFO,2025-06-17 19:35:00,19:23:00,-12,20:58:00,20:39:00,-19,2025-06-17,70500,75480,1
2025,6,17,2,LAX,SFO,2025-06-17 21:49:00,21:37:00,-12,23:12:00,22:51:00,-21,2025-06-17,78540,83520,1
2025,6,17,2,LAX,SFO,2025-06-17 22:25:00,22:20:00,-5,23:52:00,23:54:00,2,2025-06-17,80700,85920,1
2025,6,17,2,LAX,SFO,2025-06-17 22:35:00,22:25:00,-10,23:57:00,23:45:00,-12,2025-06-17,81300,86220,1
2025,6,17,2,LAX,SGU,2025-06-17 13:15:00,13:07:00,-8,15:47:00,15:26:00,-21,2025-06-17,47700,56820,1
2025,6,17,2,LAX,SJC,2025-06-17 06:40:00,06:38:00,-2,07:55:00,07:41:00,-14,2025-06-17,24000,28500,1
2025,6,17,2,LAX,SJC,2025-06-17 07:05:00,06:59:00,-6,08:20:00,08:08:00,-12,2025-06-17,25500,30000,1
2025,6,17,2,LAX,SJC,2025-06-17 09:15:00,09:30:00,15,10:30:00,10:44:00,14,2025-06-17,33300,37800,1
2025,6,17,2,LAX,SJC,2025-06-17 10:00:00,09:58:00,-2,11:15:00,11:06:00,-9,2025-06-17,36000,40500,1
2025,6,17,2,LAX,SJC,2025-06-17 11:35:00,11:32:00,-3,12:52:00,12:38:00,-14,2025-06-17,41700,46320,1
2025,6,17,2,LAX,SJC,2025-06-17 13:25:00,13:16:00,-9,14:40:00,14:31:00,-9,2025-06-17,48300,52800,1
2025,6,17,2,LAX,SJC,2025-06-17 14:20:00,14:16:00,-4,15:35:00,15:34:00,-1,2025-06-17,51600,56100,1
2025,6,17,2,LAX,SJC,2025-06-17 15:45:00,16:32:00,47,17:00:00,17:40:00,40,2025-06-17,56700,61200,1
2025,6,17,2,LAX,SJC,2025-06-17 17:30:00,17:38:00,8,18:45:00,18:40:00,-5,2025-06-17,63000,67500,1
2025,6,17,2,LAX,SJC,2025-06-17 18:00:00,17:51:00,-9,19:15:00,19:01:00,-14,2025-06-17,64800,69300,1
2025,6,17,2,LAX,SJC,2025-06-17 21:28:00,21:39:00,11,22:44:00,22:45:00,1,2025-06-17,77280,81840,1
2025,6,17,2,LAX,SLC,2025-06-17 06:00:00,05:55:00,-5,08:53:00,08:42:00,-11,2025-06-17,21600,31980,1
2025,6,17,2,LAX,SLC,2025-06-17 07:00:00,06:56:00,-4,09:55:00,09:41:00,-14,2025-06-17,25200,35700,1
2025,6,17,2,LAX,SLC,2025-06-17 08:05:00,08:04:00,-1,11:00:00,10:41:00,-19,2025-06-17,29100,39600,1
2025,6,17,2,LAX,SLC,2025-06-17 09:48:00,09:45:00,-3,12:43:00,12:27:00,-16,2025-06-17,35280,45780,1
2025,6,17,2,LAX,SLC,2025-06-17 11:11:00,11:08:00,-3,14:03:00,13:51:00,-12,2025-06-17,40260,50580,1
2025,6,17,2,LAX,SLC,2025-06-17 13:11:00,13:11:00,0,16:04:00,15:59:00,-5,2025-06-17,47460,57840,1
2025,6,17,2,LAX,SLC,2025-06-17 17:10:00,17:03:00,-7,20:00:00,19:58:00,-2,2025-06-17,61800,72000,1
2025,6,17,2,LAX,SLC,2025-06-17 18:45:00,18:39:00,-6,21:39:00,21:24:00,-15,2025-06-17,67500,77940,1
2025,6,17,2,LAX,SLC,2025-06-17 19:19:00,19:17:00,-2,22:06:00,21:53:00,-13,2025-06-17,69540,79560,1
2025,6,17,2,LAX,SMF,2025-06-17 06:15:00,06:11:00,-4,07:40:00,07:32:00,-8,2025-06-17,22500,27600,1
2025,6,17,2,LAX,SMF,2025-06-17 07:55:00,07:47:00,-8,09:24:00,09:15:00,-9,2025-06-17,28500,33840,1
2025,6,17,2,LAX,SMF,2025-06-17 08:15:00,08:10:00,-5,09:52:00,10:21:00,29,2025-06-17,29700,35520,1
2025,6,17,2,LAX,SMF,2025-06-17 09:20:00,09:23:00,3,10:45:00,10:42:00,-3,2025-06-17,33600,38700,1
2025,6,17,2,LAX,SMF,2025-06-17 09:46:00,09:40:00,-6,11:23:00,11:02:00,-21,2025-06-17,35160,40980,1
2025,6,17,2,LAX,SMF,2025-06-17 10:25:00,10:22:00,-3,11:59:00,11:39:00,-20,2025-06-17,37500,43140,1
2025,6,17,2,LAX,SMF,2025-06-17 12:25:00,12:16:00,-9,13:54:00,13:34:00,-20,2025-06-17,44700,50040,1
2025,6,17,2,LAX,SMF,2025-06-17 14:05:00,14:25:00,20,15:30:00,15:44:00,14,2025-06-17,50700,55800,1
2025,6,17,2,LAX,SMF,2025-06-17 16:30:00,16:45:00,15,18:01:00,18:03:00,2,2025-06-17,59400,64860,1
2025,6,17,2,LAX,SMF,2025-06-17 16:54:00,17:43:00,49,18:23:00,18:56:00,33,2025-06-17,60840,66180,1
2025,6,17,2,LAX,SMF,2025-06-17 17:05:00,16:58:00,-7,18:37:00,18:19:00,-18,2025-06-17,61500,67020,1
2025,6,17,2,LAX,SMF,2025-06-17 17:25:00,17:22:00,-3,18:50:00,18:37:00,-13,2025-06-17,62700,67800,1
2025,6,17,2,LAX,SMF,2025-06-17 20:25:00,20:53:00,28,21:50:00,22:10:00,20,2025-06-17,73500,78600,1
2025,6,17,2,LAX,SMF,2025-06-17 20:56:00,21:56:00,60,22:28:00,23:26:00,58,2025-06-17,75360,80880,1
2025,6,17,2,LAX,STL,2025-06-17 05:00:00,05:00:00,0,10:40:00,10:31:00,-9,2025-06-17,18000,38400,1
2025,6,17,2,LAX,STL,2025-06-17 17:33:00,17:51:00,18,22:59:00,23:46:00,47,2025-06-17,63180,82740,1
2025,6,17,2,LAX,STL,2025-06-17 18:45:00,18:48:00,3,00:25:00,00:16:00,-9,2025-06-17,67500,1500,1
2025,6,17,2,LAX,STS,2025-06-17 09:25:00,09:19:00,-6,11:06:00,10:57:00,-9,2025-06-17,33900,39960,1
2025,6,17,2,LAX,STS,2025-06-17 22:06:00,21:57:00,-9,23:44:00,23:31:00,-13,2025-06-17,79560,85440,1
2025,6,17,2,LAX,TPA,2025-06-17 10:12:00,10:35:00,23,18:00:00,18:27:00,27,2025-06-17,36720,64800,1
2025,6,17,2,LAX,TPA,2025-06-17 22:10:00,22:09:00,-1,05:44:00,05:35:00,-9,2025-06-17,79800,20640,1
2025,6,17,2,LAX,TPA,2025-06-17 23:59:00,23:49:00,-10,07:56:00,07:25:00,-31,2025-06-17,86340,28560,1
2025,6,17,2,LAX,TUL,2025-06-17 09:30:00,09:45:00,15,14:40:00,14:43:00,3,2025-06-17,34200,52800,1
2025,6,17,2,LAX,TUS,2025-06-17 08:22:00,08:12:00,-10,10:03:00,09:30:00,-33,2025-06-17,30120,36180,1
2025,6,17,2,LAX,TUS,2025-06-17 09:35:00,09:26:00,-9,11:10:00,10:48:00,-22,2025-06-17,34500,40200,1
2025,6,17,2,LAX,TUS,2025-06-17 12:50:00,12:45:00,-5,14:25:00,14:01:00,-24,2025-06-17,46200,51900,1
2025,6,17,2,LAX,TUS,2025-06-17 14:10:00,14:37:00,27,15:44:00,16:01:00,17,2025-06-17,51000,56640,1
2025,6,17,2,LAX,TUS,2025-06-17 14:58:00,14:52:00,-6,16:27:00,16:12:00,-15,2025-06-17,53880,59220,1
2025,6,17,2,LAX,TUS,2025-06-17 18:18:00,18:13:00,-5,19:49:00,19:36:00,-13,2025-06-17,65880,71340,1
2025,6,17,2,LAX,TUS,2025-06-17 19:00:00,18:59:00,-1,20:33:00,20:24:00,-9,2025-06-17,68400,73980,1
2025,6,17,2,LAX,XNA,2025-06-17 09:14:00,09:11:00,-3,14:38:00,14:48:00,10,2025-06-17,33240,52680,1
2025,6,18,3,LAX,ABQ,2025-06-18 08:00:00,08:32:00,32,11:08:00,11:32:00,24,2025-06-18,28800,40080,2
2025,6,18,3,LAX,ABQ,2025-06-18 08:55:00,08:47:00,-8,11:58:00,11:48:00,-10,2025-06-18,32100,43080,2
2025,6,18,3,LAX,ABQ,2025-06-18 14:59:00,14:57:00,-2,18:02:00,17:49:00,-13,2025-06-18,53940,64920,2
2025,6,18,3,LAX,ABQ,2025-06-18 16:20:00,16:25:00,5,19:15:00,19:12:00,-3,2025-06-18,58800,69300,2
2025,6,18,3,LAX,ABQ,2025-06-18 18:49:00,18:42:00,-7,21:52:00,21:50:00,-2,2025-06-18,67740,78720,2
2025,6,18,3,LAX,ABQ,2025-06-18 19:58:00,19:52:00,-6,22:58:00,22:45:00,-13,2025-06-18,71880,82680,2
2025,6,18,3,LAX,ACV,2025-06-18 13:15:00,13:08:00,-7,15:13:00,14:59:00,-14,2025-06-18,47700,54780,2
2025,6,18,3,LAX,ASE,2025-06-18 10:40:00,10:35:00,-5,13:56:00,13:44:00,-12,2025-06-18,38400,50160,2
2025,6,18,3,LAX,ASE,2025-06-18 12:54:00,13:31:00,37,16:05:00,16:49:00,44,2025-06-18,46440,57900,2
2025,6,18,3,LAX,ASE,2025-06-18 14:45:00,14:49:00,4,17:51:00,18:10:00,19,2025-06-18,53100,64260,2
2025,6,18,3,LAX,ATL,2025-06-18 06:20:00,06:14:00,-6,13:42:00,13:31:00,-11,2025-06-18,22800,49320,2
2025,6,18,3,LAX,ATL,2025-06-18 07:35:00,07:35:00,0,14:48:00,15:29:00,41,2025-06-18,27300,53280,2
2025,6,18,3,LAX,ATL,2025-06-18 08:45:00,08:50:00,5,16:12:00,16:42:00,30,2025-06-18,31500,58320,2
2025,6,18,3,LAX,ATL,2025-06-18 09:51:00,09:43:00,-8,17:15:00,17:24:00,9,2025-06-18,35460,62100,2
2025,6,18,3,LAX,ATL,2025-06-18 09:53:00,09:48:00,-5,17:19:00,17:14:00,-5,2025-06-18,35580,62340,2
2025,6,18,3,LAX,ATL,2025-06-18 11:15:00,11:11:00,-4,18:34:00,18:52:00,18,2025-06-18,40500,66840,2
2025,6,18,3,LAX,ATL,2025-06-18 12:15:00,12:11:00,-4,19:30:00,19:32:00,2,2025-06-18,44100,70200,2
2025,6,18,3,LAX,ATL,2025-06-18 12:49:00,12:40:00,-9,20:15:00,20:29:00,14,2025-06-18,46140,72900,2
2025,6,18,3,LAX,ATL,2025-06-18 13:15:00,13:12:00,-3,20:46:00,20:34:00,-12,2025-06-18,47700,74760,2
2025,6,18,3,LAX,ATL,2025-06-18 14:30:00,14:26:00,-4,21:50:00,21:41:00,-9,2025-06-18,52200,78600,2
2025,6,18,3,LAX,ATL,2025-06-18 17:35:00,17:34:00,-1,00:54:00,00:47:00,-7,2025-06-18,63300,3240,2
2025,6,18,3,LAX,ATL,2025-06-18 21:45:00,21:41:00,-4,05:00:00,04:51:00,-9,2025-06-18,78300,18000,2
2025,6,18,3,LAX,ATL,2025-06-18 23:45:00,23:41:00,-4,07:12:00,07:04:00,-8,2025-06-18,85500,25920,2
2025,6,18,3,LAX,AUS,2025-06-18 06:15:00,06:06:00,-9,11:17:00,11:08:00,-9,2025-06-18,22500,40620,2
2025,6,18,3,LAX,AUS,2025-06-18 06:35:00,06:33:00,-2,11:35:00,11:23:00,-12,2025-06-18,23700,41700,2
2025,6,18,3,LAX,AUS,2025-06-18 07:45:00,07:44:00,-1,12:46:00,12:30:00,-16,2025-06-18,27900,45960,2
2025,6,18,3,LAX,AUS,2025-06-18 09:25:00,09:22:00,-3,14:51:00,14:25:00,-26,2025-06-18,33900,53460,2
2025,6,18,3,LAX,AUS,2025-06-18 10:35:00,10:29:00,-6,15:45:00,16:02:00,17,2025-06-18,38100,56700,2
2025,6,18,3,LAX,AUS,2025-06-18 12:05:00,12:10:00,5,17:10:00,17:03:00,-7,2025-06-18,43500,61800,2
2025,6,18,3,LAX,AUS,2025-06-18 16:14:00,16:10:00,-4,21:14:00,20:59:00,-15,2025-06-18,58440,76440,2
2025,6,18,3,LAX,AUS,2025-06-18 16:20:00,16:13:00,-7,21:21:00,21:10:00,-11,2025-06-18,58800,76860,2
2025,6,18,3,LAX,AUS,2025-06-18 18:35:00,18:46:00,11,23:38:00,23:39:00,1,2025-06-18,66900,85080,2
2025,6,18,3,LAX,AUS,2025-06-18 18:40:00,18:37:00,-3,23:58:00,23:33:00,-25,2025-06-18,67200,86280,2
2025,6,18,3,LAX,AUS,2025-06-18 18:50:00,18:44:00,-6,23:50:00,23:35:00,-15,2025-06-18,67800,85800,2
2025,6,18,3,LAX,AUS,2025-06-18 19:35:00,19:37:00,2,00:40:00,00:26:00,-14,2025-06-18,70500,2400,2
2025,6,18,3,LAX,BNA,2025-06-18 07:00:00,06:56:00,-4,12:57:00,12:46:00,-11,2025-06-18,25200,46620,2
2025,6,18,3,LAX,BNA,2025-06-18 07:40:00,07:39:00,-1,13:45:00,13:35:00,-10,2025-06-18,27600,49500,2
2025,6,18,3,LAX,BNA,2025-06-18 09:29:00,09:25:00,-4,15:32:00,15:27:00,-5,2025-06-18,34140,55920,2
2025,6,18,3,LAX,BNA,2025-06-18 10:36:00,10:35:00,-1,16:45:00,16:31:00,-14,2025-06-18,38160,60300,2
2025,6,18,3,LAX,BNA,2025-06-18 12:39:00,12:29:00,-10,18:44:00,18:24:00,-20,2025-06-18,45540,67440,2
2025,6,18,3,LAX,BNA,2025-06-18 18:39:00,18:42:00,3,00:37:00,00:34:00,-3,2025-06-18,67140,2220,2
2025,6,18,3,LAX,BNA,2025-06-18 22:50:00,22:46:00,-4,05:00:00,05:01:00,1,2025-06-18,82200,18000,2
2025,6,18,3,LAX,BOI,2025-06-18 11:57:00,11:56:00,-1,15:03:00,14:48:00,-15,2025-06-18,43020,54180,2
2025,6,18,3,LAX,BOI,2025-06-18 12:45:00,12:43:00,-2,15:59:00,15:46:00,-13,2025-06-18,45900,57540,2
2025,6,18,3,LAX,BOI,2025-06-18 19:50:00,19:50:00,0,22:54:00,22:38:00,-16,2025-06-18,71400,82440,2
2025,6,18,3,LAX,BOI,2025-06-18 19:59:00,19:49:00,-10,23:01:00,22:42:00,-19,2025-06-18,71940,82860,2
2025,6,18,3,LAX,BOS,2025-06-18 06:00:00,05:54:00,-6,14:40:00,14:16:00,-24,2025-06-18,21600,52800,2
2025,6,18,3,LAX,BOS,2025-06-18 06:40:00,06:49:00,9,15:15:00,15:13:00,-2,2025-06-18,24000,54900,2
2025,6,18,3,LAX,BOS,2025-06-18 08:30:00,08:25:00,-5,17:19:00,17:29:00,10,2025-06-18,30600,62340,2
2025,6,18,3,LAX,BOS,2025-06-18 08:35:00,08:46:00,11,17:18:00,17:09:00,-9,2025-06-18,30900,62280,2
2025,6,18,3,LAX,BOS,2025-06-18 08:40:00,08:35:00,-5,17:16:00,17:04:00,-12,2025-06-18,31200,62160,2
2025,6,18,3,LAX,BOS,2025-06-18 10:45:00,10:57:00,12,19:24:00,19:18:00,-6,2025-06-18,38700,69840,2
2025,6,18,3,LAX,BOS,2025-06-18 11:45:00,12:28:00,43,20:25:00,21:19:00,54,2025-06-18,42300,73500,2
2025,6,18,3,LAX,BOS,2025-06-18 13:10:00,13:03:00,-7,21:51:00,21:36:00,-15,2025-06-18,47400,78660,2
2025,6,18,3,LAX,BOS,2025-06-18 15:25:00,15:19:00,-6,23:55:00,23:41:00,-14,2025-06-18,55500,86100,2
2025,6,18,3,LAX,BOS,2025-06-18 20:24:00,20:24:00,0,05:00:00,04:39:00,-21,2025-06-18,73440,18000,2
2025,6,18,3,LAX,BOS,2025-06-18 21:02:00,21:53:00,51,05:32:00,06:12:00,40,2025-06-18,75720,19920,2
2025,6,18,3,LAX,BOS,2025-06-18 22:13:00,22:36:00,23,06:44:00,06:55:00,11,2025-06-18,79980,24240,2
2025,6,18,3,LAX,BOS,2025-06-18 22:35:00,22:33:00,-2,07:13:00,07:02:00,-11,2025-06-18,81300,25980,2
2025,6,18,3,LAX,BOS,2025-06-18 23:05:00,23:06:00,1,07:41:00,07:36:00,-5,2025-06-18,83100,27660,2
2025,6,18,3,LAX,BUF,2025-06-18 22:09:00,22:15:00,6,06:00:00,05:59:00,-1,2025-06-18,79740,21600,2
2025,6,18,3,LAX,BWI,2025-06-18 06:00:00,06:13:00,13,14:05:00,14:29:00,24,2025-06-18,21600,50700,2
2025,6,18,3,LAX,BWI,2025-06-18 08:45:00,08:41:00,-4,16:54:00,16:52:00,-2,2025-06-18,31500,60840,2
2025,6,18,3,LAX,BWI,2025-06-18 10:05:00,10:19:00,14,18:10:00,18:30:00,20,2025-06-18,36300,65400,2
2025,6,18,3,LAX,BWI,2025-06-18 11:34:00,11:31:00,-3,19:29:00,19:25:00,-4,2025-06-18,41640,70140,2
2025,6,18,3,LAX,BWI,2025-06-18 20:55:00,21:05:00,10,05:00:00,04:54:00,-6,2025-06-18,75300,18000,2
2025,6,18,3,LAX,BWI,2025-06-18 23:59:00,00:06:00,7,08:07:00,08:06:00,-1,2025-06-18,86340,29220,2
2025,6,18,3,LAX,BZN,2025-06-18 11:21:00,11:13:00,-8,14:50:00,14:42:00,-8,2025-06-18,40860,53400,2
2025,6,18,3,LAX,BZN,2025-06-18 18:00:00,17:55:00,-5,21:39:00,21:31:00,-8,2025-06-18,64800,77940,2
2025,6,18,3,LAX,CID,2025-06-18 15:15:00,15:25:00,10,20:50:00,20:53:00,3,2025-06-18,54900,75000,2
2025,6,18,3,LAX,CLE,2025-06-18 11:38:00,11:36:00,-2,19:11:00,19:13:00,2,2025-06-18,41880,69060,2
2025,6,18,3,LAX,CLE,2025-06-18 21:20:00,21:16:00,-4,04:53:00,04:46:00,-7,2025-06-18,76800,17580,2
2025,6,18,3,LAX,CLT,2025-06-18 06:05:00,05:58:00,-7,13:54:00,13:54:00,0,2025-06-18,21900,50040,2
2025,6,18,3,LAX,CLT,2025-06-18 07:59:00,07:56:00,-3,15:45:00,15:45:00,0,2025-06-18,28740,56700,2
2025,6,18,3,LAX,CLT,2025-06-18 09:11:00,09:12:00,1,17:00:00,17:20:00,20,2025-06-18,33060,61200,2
2025,6,18,3,LAX,CLT,2025-06-18 11:54:00,12:38:00,44,19:45:00,20:20:00,35,2025-06-18,42840,71100,2
2025,6,18,3,LAX,CLT,2025-06-18 14:02:00,13:58:00,-4,21:55:00,21:40:00,-15,2025-06-18,50520,78900,2
2025,6,18,3,LAX,CLT,2025-06-18 21:48:00,22:48:00,60,05:29:00,06:36:00,67,2025-06-18,78480,19740,2
2025,6,18,3,LAX,CLT,2025-06-18 22:49:00,22:44:00,-5,06:35:00,06:30:00,-5,2025-06-18,82140,23700,2
2025,6,18,3,LAX,CLT,2025-06-18 23:06:00,23:25:00,19,06:45:00,07:07:00,22,2025-06-18,83160,24300,2
2025,6,18,3,LAX,CLT,2025-06-18 23:49:00,23:49:00,0,07:35:00,07:31:00,-4,2025-06-18,85740,27300,2
2025,6,18,3,LAX,CMH,2025-06-18 09:25:00,09:54:00,29,17:01:00,17:12:00,11,2025-06-18,33900,61260,2
2025,6,18,3,LAX,CVG,2025-06-18 22:29:00,22:24:00,-5,05:38:00,06:02:00,24,2025-06-18,80940,20280,2
2025,6,18,3,LAX,DAL,2025-06-18 05:20:00,05:24:00,4,10:25:00,10:24:00,-1,2025-06-18,19200,37500,2
2025,6,18,3,LAX,DAL,2025-06-18 07:50:00,08:26:00,36,12:55:00,13:23:00,28,2025-06-18,28200,46500,2
2025,6,18,3,LAX,DAL,2025-06-18 09:50:00,09:53:00,3,15:00:00,14:49:00,-11,2025-06-18,35400,54000,2
2025,6,18,3,LAX,DAL,2025-06-18 16:05:00,16:06:00,1,21:10:00,21:01:00,-9,2025-06-18,57900,76200,2
2025,6,18,3,LAX,DAL,2025-06-18 18:20:00,18:38:00,18,23:30:00,23:37:00,7,2025-06-18,66000,84600,2
2025,6,18,3,LAX,DCA,2025-06-18 08:19:00,08:25:00,6,16:22:00,17:35:00,73,2025-06-18,29940,58920,2
2025,6,18,3,LAX,DEN,2025-06-18 05:05:00,05:06:00,1,08:24:00,08:18:00,-6,2025-06-18,18300,30240,2
2025,6,18,3,LAX,DEN,2025-06-18 05:25:00,05:25:00,0,08:50:00,08:44:00,-6,2025-06-18,19500,31800,2
2025,6,18,3,LAX,DEN,2025-06-18 06:15:00,06:27:00,12,09:48:00,10:01:00,13,2025-06-18,22500,35280,2
2025,6,18,3,LAX,DEN,2025-06-18 07:06:00,06:58:00,-8,10:31:00,10:22:00,-9,2025-06-18,25560,37860,2
2025,6,18,3,LAX,DEN,2025-06-18 07:46:00,07:40:00,-6,11:10:00,11:09:00,-1,2025-06-18,27960,40200,2
2025,6,18,3,LAX,DEN,2025-06-18 07:50:00,07:52:00,2,11:10:00,11:13:00,3,2025-06-18,28200,40200,2
2025,6,18,3,LAX,DEN,2025-06-18 08:04:00,07:57:00,-7,11:33:00,11:10:00,-23,2025-06-18,29040,41580,2
2025,6,18,3,LAX,DEN,2025-06-18 09:00:00,08:57:00,-3,12:27:00,12:24:00,-3,2025-06-18,32400,44820,2
2025,6,18,3,LAX,DEN,2025-06-18 09:30:00,09:42:00,12,12:55:00,12:54:00,-1,2025-06-18,34200,46500,2
2025,6,18,3,LAX,DEN,2025-06-18 10:52:00,10:45:00,-7,14:19:00,13:58:00,-21,2025-06-18,39120,51540,2
2025,6,18,3,LAX,DEN,2025-06-18 12:55:00,13:00:00,5,16:23:00,17:15:00,52,2025-06-18,46500,58980,2
2025,6,18,3,LAX,DEN,2025-06-18 13:00:00,13:17:00,17,16:25:00,16:40:00,15,2025-06-18,46800,59100,2
2025,6,18,3,LAX,DEN,2025-06-18 13:38:00,14:14:00,36,17:01:00,17:25:00,24,2025-06-18,49080,61260,2
2025,6,18,3,LAX,DEN,2025-06-18 14:35:00,14:33:00,-2,18:05:00,17:57:00,-8,2025-06-18,52500,65100,2
2025,6,18,3,LAX,DEN,2025-06-18 14:59:00,14:58:00,-1,18:19:00,18:11:00,-8,2025-06-18,53940,65940,2
2025,6,18,3,LAX,DEN,2025-06-18 15:15:00,15:14:00,-1,18:40:00,18:25:00,-15,2025-06-18,54900,67200,2
2025,6,18,3,LAX,DEN,2025-06-18 16:11:00,16:17:00,6,19:40:00,19:33:00,-7,2025-06-18,58260,70800,2
2025,6,18,3,LAX,DEN,2025-06-18 18:30:00,18:30:00,0,22:00:00,21:44:00,-16,2025-06-18,66600,79200,2
2025,6,18,3,LAX,DEN,2025-06-18 18:50:00,19:43:00,53,22:15:00,22:51:00,36,2025-06-18,67800,80100,2
2025,6,18,3,LAX,DEN,2025-06-18 19:18:00,19:19:00,1,22:47:00,22:35:00,-12,2025-06-18,69480,82020,2
2025,6,18,3,LAX,DEN,2025-06-18 19:45:00,19:40:00,-5,23:09:00,23:23:00,14,2025-06-18,71100,83340,2
2025,6,18,3,LAX,DEN,2025-06-18 20:25:00,20:29:00,4,23:48:00,23:50:00,2,2025-06-18,73500,85680,2
2025,6,18,3,LAX,DFW,2025-06-18 00:47:00,00:39:00,-8,05:50:00,05:48:00,-2,2025-06-18,2820,21000,2
2025,6,18,3,LAX,DFW,2025-06-18 01:30:00,01:25:00,-5,06:33:00,06:20:00,-13,2025-06-18,5400,23580,2
2025,6,18,3,LAX,DFW,2025-06-18 06:00:00,05:50:00,-10,11:03:00,10:54:00,-9,2025-06-18,21600,39780,2
2025,6,18,3,LAX,DFW,2025-06-18 06:00:00,06:22:00,22,11:20:00,11:22:00,2,2025-06-18,21600,40800,2
2025,6,18,3,LAX,DFW,2025-06-18 07:00:00,06:57:00,-3,12:09:00,12:00:00,-9,2025-06-18,25200,43740,2
2025,6,18,3,LAX,DFW,2025-06-18 08:26:00,08:23:00,-3,13:39:00,13:34:00,-5,2025-06-18,30360,49140,2
2025,6,18,3,LAX,DFW,2025-06-18 08:35:00,08:41:00,6,13:43:00,13:51:00,8,2025-06-18,30900,49380,2
2025,6,18,3,LAX,DFW,2025-06-18 09:30:00,09:31:00,1,14:43:00,14:35:00,-8,2025-06-18,34200,52980,2
2025,6,18,3,LAX,DFW,2025-06-18 10:37:00,10:46:00,9,15:45:00,15:53:00,8,2025-06-18,38220,56700,2
2025,6,18,3,LAX,DFW,2025-06-18 12:30:00,12:24:00,-6,17:37:00,17:33:00,-4,2025-06-18,45000,63420,2
2025,6,18,3,LAX,DFW,2025-06-18 13:48:00,13:45:00,-3,18:59:00,18:40:00,-19,2025-06-18,49680,68340,2
2025,6,18,3,LAX,DFW,2025-06-18 14:33:00,14:52:00,19,19:43:00,20:06:00,23,2025-06-18,52380,70980,2
2025,6,18,3,LAX,DFW,2025-06-18 15:48:00,15:40:00,-8,20:59:00,20:42:00,-17,2025-06-18,56880,75540,2
2025,6,18,3,LAX,DFW,2025-06-18 16:36:00,16:30:00,-6,21:47:00,21:36:00,-11,2025-06-18,59760,78420,2
2025,6,18,3,LAX,DFW,2025-06-18 18:35:00,18:40:00,5,23:47:00,23:38:00,-9,2025-06-18,66900,85620,2
2025,6,18,3,LAX,DFW,2025-06-18 18:55:00,18:47:00,-8,23:56:00,23:52:00,-4,2025-06-18,68100,86160,2
2025,6,18,3,LAX,DFW,2025-06-18 19:03:00,19:17:00,14,00:26:00,00:18:00,-8,2025-06-18,68580,1560,2
2025,6,18,3,LAX,DFW,2025-06-18 23:59:00,00:13:00,14,05:06:00,05:25:00,19,2025-06-18,86340,18360,2
2025,6,18,3,LAX,DTW,2025-06-18 05:30:00,05:28:00,-2,12:57:00,13:37:00,40,2025-06-18,19800,46620,2
2025,6,18,3,LAX,DTW,2025-06-18 07:35:00,07:35:00,0,14:56:00,14:45:00,-11,2025-06-18,27300,53760,2
2025,6,18,3,LAX,DTW,2025-06-18 09:25:00,10:15:00,50,16:52:00,17:33:00,41,2025-06-18,33900,60720,2
2025,6,18,3,LAX,DTW,2025-06-18 11:14:00,11:12:00,-2,18:37:00,18:42:00,5,2025-06-18,40440,67020,2
2025,6,18,3,LAX,DTW,2025-06-18 12:09:00,12:00:00,-9,19:31:00,19:19:00,-12,2025-06-18,43740,70260,2
2025,6,18,3,LAX,DTW,2025-06-18 15:36:00,15:55:00,19,23:04:00,23:22:00,18,2025-06-18,56160,83040,2
2025,6,18,3,LAX,DTW,2025-06-18 21:30:00,21:37:00,7,04:52:00,04:55:00,3,2025-06-18,77400,17520,2
2025,6,18,3,LAX,DTW,2025-06-18 22:15:00,22:35:00,20,05:35:00,05:47:00,12,2025-06-18,80100,20100,2
2025,6,18,3,LAX,ELP,2025-06-18 09:40:00,10:08:00,28,12:40:00,12:56:00,16,2025-06-18,34800,45600,2
2025,6,18,3,LAX,ELP,2025-06-18 14:30:00,14:24:00,-6,17:31:00,17:28:00,-3,2025-06-18,52200,63060,2
2025,6,18,3,LAX,ELP,2025-06-18 19:47:00,19:41:00,-6,22:47:00,22:42:00,-5,2025-06-18,71220,82020,2
2025,6,18,3,LAX,EUG,2025-06-18 21:44:00,21:35:00,-9,23:58:00,23:43:00,-15,2025-06-18,78240,86280,2
2025,6,18,3,LAX,EWR,2025-06-18 06:00:00,05:51:00,-9,14:34:00,15:06:00,32,2025-06-18,21600,52440,2
2025,6,18,3,LAX,EWR,2025-06-18 07:00:00,06:53:00,-7,15:34:00,15:23:00,-11,2025-06-18,25200,56040,2
2025,6,18,3,LAX,EWR,2025-06-18 07:00:00,06:53:00,-7,15:34:00,15:28:00,-6,2025-06-18,25200,56040,2
2025,6,18,3,LAX,EWR,2025-06-18 08:10:00,08:00:00,-10,16:40:00,16:19:00,-21,2025-06-18,29400,60000,2
2025,6,18,3,LAX,EWR,2025-06-18 08:20:00,08:24:00,4,16:45:00,17:10:00,25,2025-06-18,30000,60300,2
2025,6,18,3,LAX,EWR,2025-06-18 10:15:00,10:12:00,-3,18:54:00,18:50:00,-4,2025-06-18,36900,68040,2
2025,6,18,3,LAX,EWR,2025-06-18 10:50:00,10:50:00,0,19:20:00,20:13:00,53,2025-06-18,39000,69600,2
2025,6,18,3,LAX,EWR,2025-06-18 11:15:00,11:20:00,5,19:54:00,20:59:00,65,2025-06-18,40500,71640,2
2025,6,18,3,LAX,EWR,2025-06-18 12:15:00,13:08:00,53,20:54:00,22:15:00,81,2025-06-18,44100,75240,2
2025,6,18,3,LAX,EWR,2025-06-18 14:34:00,15:08:00,34,22:55:00,23:55:00,60,2025-06-18,52440,82500,2
2025,6,18,3,LAX,EWR,2025-06-18 16:30:00,16:28:00,-2,00:57:00,00:45:00,-12,2025-06-18,59400,3420,2
2025,6,18,3,LAX,EWR,2025-06-18 20:55:00,20:53:00,-2,05:08:00,04:56:00,-12,2025-06-18,75300,18480,2
2025,6,18,3,LAX,EWR,2025-06-18 21:26:00,21:40:00,14,05:59:00,05:46:00,-13,2025-06-18,77160,21540,2
2025,6,18,3,LAX,EWR,2025-06-18 21:35:00,21:36:00,1,05:55:00,06:02:00,7,2025-06-18,77700,21300,2
2025,6,18,3,LAX,EWR,2025-06-18 23:59:00,00:15:00,16,08:12:00,08:17:00,5,2025-06-18,86340,29520,2
2025,6,18,3,LAX,FAT,2025-06-18 10:30:00,10:34:00,4,11:48:00,11:39:00,-9,2025-06-18,37800,42480,2
2025,6,18,3,LAX,FAT,2025-06-18 19:10:00,19:07:00,-3,20:24:00,20:11:00,-13,2025-06-18,69000,73440,2
2025,6,18,3,LAX,FAT,2025-06-18 22:38:00,22:58:00,20,23:52:00,00:10:00,18,2025-06-18,81480,85920,2
2025,6,18,3,LAX,FCA,2025-06-18 09:22:00,09:18:00,-4,13:21:00,13:22:00,1,2025-06-18,33720,48060,2
2025,6,18,3,LAX,FLL,2025-06-18 08:00:00,07:59:00,-1,16:14:00,16:10:00,-4,2025-06-18,28800,58440,2
2025,6,18,3,LAX,FLL,2025-06-18 11:12:00,11:09:00,-3,19:26:00,19:01:00,-25,2025-06-18,40320,69960,2
2025,6,18,3,LAX,FLL,2025-06-18 21:55:00,22:04:00,9,06:03:00,06:02:00,-1,2025-06-18,78900,21780,2
2025,6,18,3,LAX,GEG,2025-06-18 11:14:00,11:07:00,-7,13:52:00,13:45:00,-7,2025-06-18,40440,49920,2
2025,6,18,3,LAX,GEG,2025-06-18 15:16:00,15:18:00,2,17:47:00,17:43:00,-4,2025-06-18,54960,64020,2
2025,6,18,3,LAX,GEG,2025-06-18 18:59:00,18:48:00,-11,21:33:00,21:08:00,-25,2025-06-18,68340,77580,2
2025,6,18,3,LAX,GRR,2025-06-18 09:31:00,09:27:00,-4,16:37:00,16:21:00,-16,2025-06-18,34260,59820,2
2025,6,18,3,LAX,HNL,2025-06-18 07:05:00,07:05:00,0,10:10:00,09:50:00,-20,2025-06-18,25500,36600,2
2025,6,18,3,LAX,HNL,2025-06-18 08:25:00,08:35:00,10,11:07:00,11:15:00,8,2025-06-18,30300,40020,2
2025,6,18,3,LAX,HNL,2025-06-18 08:30:00,08:32:00,2,11:05:00,11:37:00,32,2025-06-18,30600,39900,2
2025,6,18,3,LAX,HNL,2025-06-18 08:35:00,08:30:00,-5,11:17:00,11:19:00,2,2025-06-18,30900,40620,2
2025,6,18,3,LAX,HNL,2025-06-18 08:49:00,08:40:00,-9,11:37:00,11:27:00,-10,2025-06-18,31740,41820,2
2025,6,18,3,LAX,HNL,2025-06-18 10:10:00,10:11:00,1,12:40:00,13:04:00,24,2025-06-18,36600,45600,2
2025,6,18,3,LAX,HNL,2025-06-18 11:15:00,11:17:00,2,14:04:00,14:04:00,0,2025-06-18,40500,50640,2
2025,6,18,3,LAX,HNL,2025-06-18 13:15:00,13:23:00,8,16:01:00,15:52:00,-9,2025-06-18,47700,57660,2
2025,6,18,3,LAX,HNL,2025-06-18 13:35:00,13:29:00,-6,16:18:00,16:20:00,2,2025-06-18,48900,58680,2
2025,6,18,3,LAX,HNL,2025-06-18 14:44:00,14:46:00,2,17:28:00,17:15:00,-13,2025-06-18,53040,62880,2
2025,6,18,3,LAX,HNL,2025-06-18 17:10:00,17:08:00,-2,19:44:00,19:32:00,-12,2025-06-18,61800,71040,2
2025,6,18,3,LAX,HNL,2025-06-18 17:45:00,18:34:00,49,20:30:00,21:07:00,37,2025-06-18,63900,73800,2
2025,6,18,3,LAX,HNL,2025-06-18 18:10:00,18:09:00,-1,20:52:00,20:46:00,-6,2025-06-18,65400,75120,2
2025,6,18,3,LAX,HNL,2025-06-18 18:20:00,18:17:00,-3,20:57:00,20:47:00,-10,2025-06-18,66000,75420,2
2025,6,18,3,LAX,HNL,2025-06-18 18:25:00,18:49:00,24,21:15:00,21:27:00,12,2025-06-18,66300,76500,2
2025,6,18,3,LAX,HNL,2025-06-18 18:45:00,18:42:00,-3,21:28:00,21:13:00,-15,2025-06-18,67500,77280,2
2025,6,18,3,LAX,HNL,2025-06-18 19:13:00,19:55:00,42,21:55:00,22:41:00,46,2025-06-18,69180,78900,2
2025,6,18,3,LAX,HOU,2025-06-18 05:05:00,05:06:00,1,10:30:00,10:09:00,-21,2025-06-18,18300,37800,2
2025,6,18,3,LAX,HOU,2025-06-18 12:35:00,12:46:00,11,17:55:00,17:58:00,3,2025-06-18,45300,64500,2
2025,6,18,3,LAX,HOU,2025-06-18 15:30:00,15:25:00,-5,20:55:00,20:36:00,-19,2025-06-18,55800,75300,2
2025,6,18,3,LAX,HOU,2025-06-18 23:50:00,23:54:00,4,05:15:00,05:12:00,-3,2025-06-18,85800,18900,2
2025,6,18,3,LAX,IAD,2025-06-18 06:20:00,06:11:00,-9,14:23:00,14:42:00,19,2025-06-18,22800,51780,2
2025,6,18,3,LAX,IAD,2025-06-18 08:15:00,08:10:00,-5,16:21:00,16:07:00,-14,2025-06-18,29700,58860,2
2025,6,18,3,LAX,IAD,2025-06-18 08:20:00,08:26:00,6,16:25:00,16:39:00,14,2025-06-18,30000,59100,2
2025,6,18,3,LAX,IAD,2025-06-18 10:15:00,10:15:00,0,18:20:00,18:14:00,-6,2025-06-18,36900,66000,2
2025,6,18,3,LAX,IAD,2025-06-18 13:15:00,13:30:00,15,21:20:00,21:21:00,1,2025-06-18,47700,76800,2
2025,6,18,3,LAX,IAD,2025-06-18 16:45:00,17:00:00,15,00:44:00,00:45:00,1,2025-06-18,60300,2640,2
2025,6,18,3,LAX,IAD,2025-06-18 21:35:00,22:00:00,25,05:37:00,05:33:00,-4,2025-06-18,77700,20220,2
2025,6,18,3,LAX,IAD,2025-06-18 22:50:00,22:56:00,6,06:39:00,06:32:00,-7,2025-06-18,82200,23940,2
2025,6,18,3,LAX,IAH,2025-06-18 00:56:00,00:51:00,-5,06:18:00,05:51:00,-27,2025-06-18,3360,22680,2
2025,6,18,3,LAX,IAH,2025-06-18 05:15:00,05:11:00,-4,10:42:00,10:23:00,-19,2025-06-18,18900,38520,2
2025,6,18,3,LAX,IAH,2025-06-18 07:15:00,07:08:00,-7,12:44:00,12:31:00,-13,2025-06-18,26100,45840,2
2025,6,18,3,LAX,IAH,2025-06-18 08:40:00,08:37:00,-3,14:09:00,13:48:00,-21,2025-06-18,31200,50940,2
2025,6,18,3,LAX,IAH,2025-06-18 08:45:00,08:38:00,-7,14:07:00,13:53:00,-14,2025-06-18,31500,50820,2
2025,6,18,3,LAX,IAH,2025-06-18 10:15:00,10:13:00,-2,15:40:00,15:27:00,-13,2025-06-18,36900,56400,2
2025,6,18,3,LAX,IAH,2025-06-18 11:28:00,11:26:00,-2,16:48:00,16:39:00,-9,2025-06-18,41280,60480,2
2025,6,18,3,LAX,IAH,2025-06-18 12:07:00,12:06:00,-1,17:24:00,17:11:00,-13,2025-06-18,43620,62640,2
2025,6,18,3,LAX,IAH,2025-06-18 13:10:00,13:06:00,-4,18:40:00,18:21:00,-19,2025-06-18,47400,67200,2
2025,6,18,3,LAX,IAH,2025-06-18 13:58:00,13:57:00,-1,19:25:00,19:12:00,-13,2025-06-18,50280,69900,2
2025,6,18,3,LAX,IAH,2025-06-18 14:23:00,15:10:00,47,20:01:00,20:37:00,36,2025-06-18,51780,72060,2
2025,6,18,3,LAX,IAH,2025-06-18 18:09:00,18:01:00,-8,23:28:00,23:20:00,-8,2025-06-18,65340,84480,2
2025,6,18,3,LAX,IAH,2025-06-18 18:10:00,18:03:00,-7,23:33:00,23:22:00,-11,2025-06-18,65400,84780,2
2025,6,18,3,LAX,IAH,2025-06-18 19:20:00,19:08:00,-12,00:43:00,00:25:00,-18,2025-06-18,69600,2580,2
2025,6,18,3,LAX,IAH,2025-06-18 23:40:00,23:34:00,-6,05:00:00,04:44:00,-16,2025-06-18,85200,18000,2
2025,6,18,3,LAX,IND,2025-06-18 10:36:00,10:32:00,-4,17:47:00,17:47:00,0,2025-06-18,38160,64020,2
2025,6,18,3,LAX,IND,2025-06-18 23:14:00,23:11:00,-3,06:14:00,06:06:00,-8,2025-06-18,83640,22440,2
2025,6,18,3,LAX,JAC,2025-06-18 09:00:00,08:51:00,-9,12:18:00,12:24:00,6,2025-06-18,32400,44280,2
2025,6,18,3,LAX,JAC,2025-06-18 10:30:00,10:24:00,-6,13:48:00,13:51:00,3,2025-06-18,37800,49680,2
2025,6,18,3,LAX,JFK,2025-06-18 06:00:00,06:06:00,6,14:34:00,14:35:00,1,2025-06-18,21600,52440,2
2025,6,18,3,LAX,JFK,2025-06-18 06:00:00,06:30:00,30,14:30:00,14:52:00,22,2025-06-18,21600,52200,2
2025,6,18,3,LAX,JFK,2025-06-18 07:00:00,07:00:00,0,15:35:00,15:30:00,-5,2025-06-18,25200,56100,2
2025,6,18,3,LAX,JFK,2025-06-18 07:00:00,07:07:00,7,15:35:00,15:27:00,-8,2025-06-18,25200,56100,2
2025,6,18,3,LAX,JFK,2025-06-18 07:20:00,07:11:00,-9,15:55:00,15:46:00,-9,2025-06-18,26400,57300,2
2025,6,18,3,LAX,JFK,2025-06-18 08:19:00,08:21:00,2,16:58:00,17:10:00,12,2025-06-18,29940,61080,2
2025,6,18,3,LAX,JFK,2025-06-18 09:05:00,09:11:00,6,17:57:00,18:51:00,54,2025-06-18,32700,64620,2
2025,6,18,3,LAX,JFK,2025-06-18 09:30:00,09:45:00,15,18:09:00,18:56:00,47,2025-06-18,34200,65340,2
2025,6,18,3,LAX,JFK,2025-06-18 10:30:00,11:17:00,47,19:11:00,20:25:00,74,2025-06-18,37800,69060,2
2025,6,18,3,LAX,JFK,2025-06-18 11:10:00,11:44:00,34,19:50:00,20:42:00,52,2025-06-18,40200,71400,2
2025,6,18,3,LAX,JFK,2025-06-18 13:00:00,13:25:00,25,21:45:00,22:19:00,34,2025-06-18,46800,78300,2
2025,6,18,3,LAX,JFK,2025-06-18 14:20:00,15:15:00,55,22:52:00,00:15:00,83,2025-06-18,51600,82320,2
2025,6,18,3,LAX,JFK,2025-06-18 15:15:00,15:32:00,17,23:55:00,00:35:00,40,2025-06-18,54900,86100,2
2025,6,18,3,LAX,JFK,2025-06-18 15:20:00,15:11:00,-9,23:54:00,00:12:00,18,2025-06-18,55200,86040,2
2025,6,18,3,LAX,JFK,2025-06-18 15:20:00,15:35:00,15,23:57:00,00:36:00,39,2025-06-18,55200,86220,2
2025,6,18,3,LAX,JFK,2025-06-18 20:36:00,21:00:00,24,05:00:00,05:15:00,15,2025-06-18,74160,18000,2
2025,6,18,3,LAX,JFK,2025-06-18 20:53:00,21:05:00,12,05:30:00,05:28:00,-2,2025-06-18,75180,19800,2
2025,6,18,3,LAX,JFK,2025-06-18 21:21:00,21:19:00,-2,05:55:00,05:58:00,3,2025-06-18,76860,21300,2
2025,6,18,3,LAX,JFK,2025-06-18 21:40:00,22:11:00,31,06:07:00,06:18:00,11,2025-06-18,78000,22020,2
2025,6,18,3,LAX,JFK,2025-06-18 22:52:00,23:10:00,18,07:32:00,07:59:00,27,2025-06-18,82320,27120,2
2025,6,18,3,LAX,JFK,2025-06-18 23:55:00,23:49:00,-6,08:30:00,08:07:00,-23,2025-06-18,86100,30600,2
2025,6,18,3,LAX,JFK,2025-06-18 23:58:00,00:04:00,6,08:30:00,08:27:00,-3,2025-06-18,86280,30600,2
2025,6,18,3,LAX,KOA,2025-06-18 08:30:00,08:23:00,-7,11:10:00,11:25:00,15,2025-06-18,30600,40200,2
2025,6,18,3,LAX,KOA,2025-06-18 09:10:00,09:14:00,4,11:50:00,11:51:00,1,2025-06-18,33000,42600,2
2025,6,18,3,LAX,KOA,2025-06-18 11:19:00,11:10:00,-9,13:55:00,13:36:00,-19,2025-06-18,40740,50100,2
2025,6,18,3,LAX,KOA,2025-06-18 16:29:00,16:31:00,2,18:59:00,18:55:00,-4,2025-06-18,59340,68340,2
2025,6,18,3,LAX,KOA,2025-06-18 17:25:00,17:30:00,5,20:03:00,19:55:00,-8,2025-06-18,62700,72180,2
2025,6,18,3,LAX,LAS,2025-06-18 05:30:00,05:26:00,-4,06:42:00,06:28:00,-14,2025-06-18,19800,24120,2
2025,6,18,3,LAX,LAS,2025-06-18 07:30:00,07:25:00,-5,08:40:00,08:26:00,-14,2025-06-18,27000,31200,2
2025,6,18,3,LAX,LAS,2025-06-18 07:55:00,07:54:00,-1,09:10:00,09:05:00,-5,2025-06-18,28500,33000,2
2025,6,18,3,LAX,LAS,2025-06-18 08:26:00,08:22:00,-4,09:51:00,09:51:00,0,2025-06-18,30360,35460,2
2025,6,18,3,LAX,LAS,2025-06-18 09:30:00,09:31:00,1,10:45:00,10:41:00,-4,2025-06-18,34200,38700,2
2025,6,18,3,LAX,LAS,2025-06-18 10:19:00,10:15:00,-4,11:31:00,11:23:00,-8,2025-06-18,37140,41460,2
2025,6,18,3,LAX,LAS,2025-06-18 11:40:00,11:38:00,-2,12:54:00,12:56:00,2,2025-06-18,42000,46440,2
2025,6,18,3,LAX,LAS,2025-06-18 12:35:00,12:45:00,10,13:50:00,13:50:00,0,2025-06-18,45300,49800,2
2025,6,18,3,LAX,LAS,2025-06-18 14:45:00,14:39:00,-6,16:07:00,16:01:00,-6,2025-06-18,53100,58020,2
2025,6,18,3,LAX,LAS,2025-06-18 15:05:00,15:02:00,-3,16:15:00,16:11:00,-4,2025-06-18,54300,58500,2
2025,6,18,3,LAX,LAS,2025-06-18 15:48:00,16:06:00,18,17:13:00,17:12:00,-1,2025-06-18,56880,61980,2
2025,6,18,3,LAX,LAS,2025-06-18 17:55:00,17:53:00,-2,19:18:00,19:00:00,-18,2025-06-18,64500,69480,2
2025,6,18,3,LAX,LAS,2025-06-18 18:05:00,18:03:00,-2,19:20:00,19:04:00,-16,2025-06-18,65100,69600,2
2025,6,18,3,LAX,LAS,2025-06-18 18:52:00,18:42:00,-10,20:08:00,19:58:00,-10,2025-06-18,67920,72480,2
2025,6,18,3,LAX,LAS,2025-06-18 19:30:00,19:23:00,-7,20:52:00,20:28:00,-24,2025-06-18,70200,75120,2
2025,6,18,3,LAX,LAS,2025-06-18 19:48:00,20:27:00,39,21:00:00,21:30:00,30,2025-06-18,71280,75600,2
2025,6,18,3,LAX,LAS,2025-06-18 20:35:00,20:36:00,1,21:55:00,21:36:00,-19,2025-06-18,74100,78900,2
2025,6,18,3,LAX,LAS,2025-06-18 20:59:00,21:26:00,27,22:15:00,22:35:00,20,2025-06-18,75540,80100,2
2025,6,18,3,LAX,LAS,2025-06-18 22:15:00,22:12:00,-3,23:27:00,23:23:00,-4,2025-06-18,80100,84420,2
2025,6,18,3,LAX,LAS,2025-06-18 22:18:00,22:15:00,-3,23:35:00,23:25:00,-10,2025-06-18,80280,84900,2
2025,6,18,3,LAX,LAS,2025-06-18 23:05:00,22:59:00,-6,00:27:00,00:09:00,-18,2025-06-18,83100,1620,2
2025,6,18,3,LAX,LIH,2025-06-18 08:42:00,08:39:00,-3,11:38:00,11:31:00,-7,2025-06-18,31320,41880,2
2025,6,18,3,LAX,LIH,2025-06-18 09:03:00,09:01:00,-2,12:04:00,11:53:00,-11,2025-06-18,32580,43440,2
2025,6,18,3,LAX,LIH,2025-06-18 09:30:00,09:36:00,6,12:25:00,12:14:00,-11,2025-06-18,34200,44700,2
2025,6,18,3,LAX,LIT,2025-06-18 06:30:00,06:27:00,-3,11:54:00,11:43:00,-11,2025-06-18,23400,42840,2
2025,6,18,3,LAX,MCI,2025-06-18 06:25:00,06:24:00,-1,11:35:00,11:35:00,0,2025-06-18,23100,41700,2
2025,6,18,3,LAX,MCI,2025-06-18 09:30:00,09:22:00,-8,14:44:00,14:34:00,-10,2025-06-18,34200,53040,2
2025,6,18,3,LAX,MCI,2025-06-18 15:20:00,15:17:00,-3,20:29:00,20:26:00,-3,2025-06-18,55200,73740,2
2025,6,18,3,LAX,MCI,2025-06-18 18:15:00,18:16:00,1,23:27:00,23:34:00,7,2025-06-18,65700,84420,2
2025,6,18,3,LAX,MCO,2025-06-18 07:00:00,06:57:00,-3,14:58:00,14:56:00,-2,2025-06-18,25200,53880,2
2025,6,18,3,LAX,MCO,2025-06-18 10:02:00,09:55:00,-7,18:04:00,17:57:00,-7,2025-06-18,36120,65040,2
2025,6,18,3,LAX,MCO,2025-06-18 10:35:00,10:32:00,-3,18:38:00,18:23:00,-15,2025-06-18,38100,67080,2
2025,6,18,3,LAX,MCO,2025-06-18 11:20:00,11:16:00,-4,19:14:00,19:06:00,-8,2025-06-18,40800,69240,2
2025,6,18,3,LAX,MCO,2025-06-18 13:57:00,14:27:00,30,22:10:00,22:18:00,8,2025-06-18,50220,79800,2
2025,6,18,3,LAX,MCO,2025-06-18 21:35:00,22:30:00,55,05:36:00,06:12:00,36,2025-06-18,77700,20160,2
2025,6,18,3,LAX,MCO,2025-06-18 22:49:00,23:18:00,29,06:47:00,07:04:00,17,2025-06-18,82140,24420,2
2025,6,18,3,LAX,MDW,2025-06-18 05:15:00,05:31:00,16,11:20:00,11:29:00,9,2025-06-18,18900,40800,2
2025,6,18,3,LAX,MDW,2025-06-18 08:00:00,08:00:00,0,14:00:00,14:05:00,5,2025-06-18,28800,50400,2
2025,6,18,3,LAX,MDW,2025-06-18 12:00:00,12:32:00,32,18:05:00,18:28:00,23,2025-06-18,43200,65100,2
2025,6,18,3,LAX,MDW,2025-06-18 22:55:00,23:42:00,47,05:00:00,05:37:00,37,2025-06-18,82500,18000,2
2025,6,18,3,LAX,MEM,2025-06-18 18:20:00,18:18:00,-2,23:58:00,23:57:00,-1,2025-06-18,66000,86280,2
2025,6,18,3,LAX,MIA,2025-06-18 06:00:00,05:53:00,-7,14:13:00,13:43:00,-30,2025-06-18,21600,51180,2
2025,6,18,3,LAX,MIA,2025-06-18 07:45:00,07:38:00,-7,15:54:00,15:26:00,-28,2025-06-18,27900,57240,2
2025,6,18,3,LAX,MIA,2025-06-18 09:00:00,09:03:00,3,17:19:00,17:04:00,-15,2025-06-18,32400,62340,2
2025,6,18,3,LAX,MIA,2025-06-18 10:05:00,10:03:00,-2,18:16:00,17:55:00,-21,2025-06-18,36300,65760,2
2025,6,18,3,LAX,MIA,2025-06-18 12:10:00,12:11:00,1,20:20:00,20:20:00,0,2025-06-18,43800,73200,2
2025,6,18,3,LAX,MIA,2025-06-18 15:00:00,15:10:00,10,23:10:00,23:00:00,-10,2025-06-18,54000,83400,2
2025,6,18,3,LAX,MIA,2025-06-18 22:49:00,22:46:00,-3,07:01:00,06:44:00,-17,2025-06-18,82140,25260,2
2025,6,18,3,LAX,MIA,2025-06-18 23:43:00,00:16:00,33,07:50:00,08:13:00,23,2025-06-18,85380,28200,2
2025,6,18,3,LAX,MRY,2025-06-18 08:20:00,08:16:00,-4,09:42:00,09:34:00,-8,2025-06-18,30000,34920,2
2025,6,18,3,LAX,MRY,2025-06-18 18:23:00,18:40:00,17,19:37:00,19:49:00,12,2025-06-18,66180,70620,2
2025,6,18,3,LAX,MSO,2025-06-18 11:31:00,11:24:00,-7,15:10:00,14:51:00,-19,2025-06-18,41460,54600,2
2025,6,18,3,LAX,MSP,2025-06-18 06:17:00,06:09:00,-8,11:48:00,11:48:00,0,2025-06-18,22620,42480,2
2025,6,18,3,LAX,MSP,2025-06-18 08:00:00,08:01:00,1,13:34:00,13:33:00,-1,2025-06-18,28800,48840,2
2025,6,18,3,LAX,MSP,2025-06-18 11:30:00,11:34:00,4,17:02:00,17:06:00,4,2025-06-18,41400,61320,2
2025,6,18,3,LAX,MSP,2025-06-18 13:25:00,13:24:00,-1,18:55:00,18:49:00,-6,2025-06-18,48300,68100,2
2025,6,18,3,LAX,MSP,2025-06-18 15:20:00,15:18:00,-2,20:49:00,20:52:00,3,2025-06-18,55200,74940,2
2025,6,18,3,LAX,MSP,2025-06-18 18:50:00,18:43:00,-7,00:20:00,00:18:00,-2,2025-06-18,67800,1200,2
2025,6,18,3,LAX,MSP,2025-06-18 23:30:00,23:19:00,-11,05:04:00,04:44:00,-20,2025-06-18,84600,18240,2
2025,6,18,3,LAX,MSY,2025-06-18 07:00:00,06:53:00,-7,12:40:00,12:57:00,17,2025-06-18,25200,45600,2
2025,6,18,3,LAX,MSY,2025-06-18 12:10:00,12:08:00,-2,17:53:00,17:42:00,-11,2025-06-18,43800,64380,2
2025,6,18,3,LAX,MSY,2025-06-18 17:47:00,17:38:00,-9,23:27:00,23:14:00,-13,2025-06-18,64020,84420,2
2025,6,18,3,LAX,MSY,2025-06-18 18:18:00,18:23:00,5,23:58:00,23:57:00,-1,2025-06-18,65880,86280,2
2025,6,18,3,LAX,OAK,2025-06-18 07:25:00,07:19:00,-6,08:50:00,08:31:00,-19,2025-06-18,26700,31800,2
2025,6,18,3,LAX,OAK,2025-06-18 10:50:00,10:45:00,-5,12:15:00,11:56:00,-19,2025-06-18,39000,44100,2
2025,6,18,3,LAX,OAK,2025-06-18 15:00:00,15:23:00,23,16:20:00,16:30:00,10,2025-06-18,54000,58800,2
2025,6,18,3,LAX,OAK,2025-06-18 17:50:00,18:01:00,11,19:10:00,19:13:00,3,2025-06-18,64200,69000,2
2025,6,18,3,LAX,OGG,2025-06-18 07:00:00,06:59:00,-1,09:35:00,09:29:00,-6,2025-06-18,25200,34500,2
2025,6,18,3,LAX,OGG,2025-06-18 08:00:00,07:55:00,-5,10:31:00,10:19:00,-12,2025-06-18,28800,37860,2
2025,6,18,3,LAX,OGG,2025-06-18 08:15:00,08:07:00,-8,10:55:00,10:37:00,-18,2025-06-18,29700,39300,2
2025,6,18,3,LAX,OGG,2025-06-18 09:02:00,09:00:00,-2,11:47:00,11:29:00,-18,2025-06-18,32520,42420,2
2025,6,18,3,LAX,OGG,2025-06-18 16:56:00,16:49:00,-7,19:28:00,19:07:00,-21,2025-06-18,60960,70080,2
2025,6,18,3,LAX,OGG,2025-06-18 17:54:00,17:52:00,-2,20:30:00,20:16:00,-14,2025-06-18,64440,73800,2
2025,6,18,3,LAX,OKC,2025-06-18 09:00:00,09:02:00,2,14:00:00,13:51:00,-9,2025-06-18,32400,50400,2
2025,6,18,3,LAX,OKC,2025-06-18 17:32:00,17:55:00,23,22:30:00,22:53:00,23,2025-06-18,63120,81000,2
2025,6,18,3,LAX,OMA,2025-06-18 07:30:00,07:28:00,-2,12:42:00,12:31:00,-11,2025-06-18,27000,45720,2
2025,6,18,3,LAX,OMA,2025-06-18 12:36:00,13:02:00,26,17:52:00,18:21:00,29,2025-06-18,45360,64320,2
2025,6,18,3,LAX,ORD,2025-06-18 00:32:00,00:28:00,-4,06:38:00,06:17:00,-21,2025-06-18,1920,23880,2
2025,6,18,3,LAX,ORD,2025-06-18 00:44:00,00:44:00,0,06:51:00,06:33:00,-18,2025-06-18,2640,24660,2
2025,6,18,3,LAX,ORD,2025-06-18 05:45:00,05:38:00,-7,11:57:00,11:49:00,-8,2025-06-18,20700,43020,2
2025,6,18,3,LAX,ORD,2025-06-18 06:05:00,06:00:00,-5,12:21:00,12:00:00,-21,2025-06-18,21900,44460,2
2025,6,18,3,LAX,ORD,2025-06-18 06:20:00,06:17:00,-3,12:42:00,12:23:00,-19,2025-06-18,22800,45720,2
2025,6,18,3,LAX,ORD,2025-06-18 06:30:00,06:25:00,-5,12:38:00,12:20:00,-18,2025-06-18,23400,45480,2
2025,6,18,3,LAX,ORD,2025-06-18 08:00:00,07:54:00,-6,14:15:00,14:17:00,2,2025-06-18,28800,51300,2
2025,6,18,3,LAX,ORD,2025-06-18 08:15:00,08:10:00,-5,14:39:00,14:31:00,-8,2025-06-18,29700,52740,2
2025,6,18,3,LAX,ORD,2025-06-18 09:36:00,09:53:00,17,15:44:00,16:07:00,23,2025-06-18,34560,56640,2
2025,6,18,3,LAX,ORD,2025-06-18 10:40:00,10:49:00,9,16:56:00,17:18:00,22,2025-06-18,38400,60960,2
2025,6,18,3,LAX,ORD,2025-06-18 11:05:00,11:46:00,41,17:17:00,18:16:00,59,2025-06-18,39900,62220,2
2025,6,18,3,LAX,ORD,2025-06-18 11:45:00,12:33:00,48,17:53:00,19:02:00,69,2025-06-18,42300,64380,2
2025,6,18,3,LAX,ORD,2025-06-18 12:37:00,12:36:00,-1,18:55:00,19:21:00,26,2025-06-18,45420,68100,2
2025,6,18,3,LAX,ORD,2025-06-18 13:00:00,12:55:00,-5,19:29:00,19:27:00,-2,2025-06-18,46800,70140,2
2025,6,18,3,LAX,ORD,2025-06-18 14:01:00,14:00:00,-1,20:25:00,20:31:00,6,2025-06-18,50460,73500,2
2025,6,18,3,LAX,ORD,2025-06-18 16:40:00,16:40:00,0,23:04:00,23:12:00,8,2025-06-18,60000,83040,2
2025,6,18,3,LAX,ORD,2025-06-18 17:29:00,17:26:00,-3,23:35:00,23:35:00,0,2025-06-18,62940,84900,2
2025,6,18,3,LAX,ORD,2025-06-18 17:38:00,17:39:00,1,23:59:00,23:54:00,-5,2025-06-18,63480,86340,2
2025,6,18,3,LAX,ORD,2025-06-18 22:40:00,22:44:00,4,04:51:00,05:16:00,25,2025-06-18,81600,17460,2
2025,6,18,3,LAX,ORD,2025-06-18 23:00:00,22:53:00,-7,05:13:00,05:00:00,-13,2025-06-18,82800,18780,2
2025,6,18,3,LAX,ORD,2025-06-18 23:37:00,23:44:00,7,05:45:00,05:43:00,-2,2025-06-18,85020,20700,2
2025,6,18,3,LAX,PDX,2025-06-18 07:00:00,06:57:00,-3,09:23:00,09:15:00,-8,2025-06-18,25200,33780,2
2025,6,18,3,LAX,PDX,2025-06-18 07:00:00,07:01:00,1,09:21:00,09:23:00,2,2025-06-18,25200,33660,2
2025,6,18,3,LAX,PDX,2025-06-18 08:45:00,08:53:00,8,11:10:00,11:07:00,-3,2025-06-18,31500,40200,2
2025,6,18,3,LAX,PDX,2025-06-18 09:05:00,09:00:00,-5,11:31:00,11:34:00,3,2025-06-18,32700,41460,2
2025,6,18,3,LAX,PDX,2025-06-18 11:02:00,10:56:00,-6,13:25:00,13:16:00,-9,2025-06-18,39720,48300,2
2025,6,18,3,LAX,PDX,2025-06-18 12:01:00,13:00:00,59,14:25:00,15:24:00,59,2025-06-18,43260,51900,2
2025,6,18,3,LAX,PDX,2025-06-18 13:40:00,13:48:00,8,16:00:00,15:59:00,-1,2025-06-18,49200,57600,2
2025,6,18,3,LAX,PDX,2025-06-18 14:05:00,14:06:00,1,16:25:00,16:27:00,2,2025-06-18,50700,59100,2
2025,6,18,3,LAX,PDX,2025-06-18 16:05:00,16:06:00,1,18:26:00,18:21:00,-5,2025-06-18,57900,66360,2
2025,6,18,3,LAX,PDX,2025-06-18 16:40:00,16:31:00,-9,18:59:00,18:34:00,-25,2025-06-18,60000,68340,2
2025,6,18,3,LAX,PDX,2025-06-18 18:07:00,18:08:00,1,20:30:00,20:20:00,-10,2025-06-18,65220,73800,2
2025,6,18,3,LAX,PDX,2025-06-18 20:25:00,20:17:00,-8,22:45:00,22:42:00,-3,2025-06-18,73500,81900,2
2025,6,18,3,LAX,PHL,2025-06-18 01:08:00,01:07:00,-1,09:16:00,09:17:00,1,2025-06-18,4080,33360,2
2025,6,18,3,LAX,PHL,2025-06-18 06:45:00,06:44:00,-1,14:54:00,15:07:00,13,2025-06-18,24300,53640,2
2025,6,18,3,LAX,PHL,2025-06-18 07:45:00,07:45:00,0,15:56:00,16:30:00,34,2025-06-18,27900,57360,2
2025,6,18,3,LAX,PHL,2025-06-18 09:00:00,09:03:00,3,17:18:00,17:43:00,25,2025-06-18,32400,62280,2
2025,6,18,3,LAX,PHL,2025-06-18 14:42:00,14:38:00,-4,22:54:00,23:22:00,28,2025-06-18,52920,82440,2
2025,6,18,3,LAX,PHL,2025-06-18 22:35:00,23:34:00,59,06:58:00,07:52:00,54,2025-06-18,81300,25080,2
2025,6,18,3,LAX,PHL,2025-06-18 22:53:00,23:01:00,8,07:05:00,06:53:00,-12,2025-06-18,82380,25500,2
2025,6,18,3,LAX,PHX,2025-06-18 07:00:00,07:00:00,0,08:40:00,08:24:00,-16,2025-06-18,25200,31200,2
2025,6,18,3,LAX,PHX,2025-06-18 07:05:00,07:19:00,14,08:30:00,08:35:00,5,2025-06-18,25500,30600,2
2025,6,18,3,LAX,PHX,2025-06-18 08:15:00,08:09:00,-6,09:51:00,09:33:00,-18,2025-06-18,29700,35460,2
2025,6,18,3,LAX,PHX,2025-06-18 08:40:00,08:35:00,-5,10:15:00,09:47:00,-28,2025-06-18,31200,36900,2
2025,6,18,3,LAX,PHX,2025-06-18 10:00:00,09:59:00,-1,11:30:00,11:25:00,-5,2025-06-18,36000,41400,2
2025,6,18,3,LAX,PHX,2025-06-18 10:15:00,10:09:00,-6,11:45:00,11:28:00,-17,2025-06-18,36900,42300,2
2025,6,18,3,LAX,PHX,2025-06-18 10:50:00,10:44:00,-6,12:25:00,11:55:00,-30,2025-06-18,39000,44700,2
2025,6,18,3,LAX,PHX,2025-06-18 13:25:00,13:21:00,-4,15:03:00,14:44:00,-19,2025-06-18,48300,54180,2
2025,6,18,3,LAX,PHX,2025-06-18 13:25:00,13:35:00,10,14:50:00,15:07:00,17,2025-06-18,48300,53400,2
2025,6,18,3,LAX,PHX,2025-06-18 14:00:00,13:58:00,-2,15:28:00,15:21:00,-7,2025-06-18,50400,55680,2
2025,6,18,3,LAX,PHX,2025-06-18 16:32:00,16:31:00,-1,17:59:00,17:52:00,-7,2025-06-18,59520,64740,2
2025,6,18,3,LAX,PHX,2025-06-18 16:50:00,16:57:00,7,18:25:00,18:12:00,-13,2025-06-18,60600,66300,2
2025,6,18,3,LAX,PHX,2025-06-18 17:30:00,17:23:00,-7,18:55:00,18:52:00,-3,2025-06-18,63000,68100,2
2025,6,18,3,LAX,PHX,2025-06-18 18:25:00,18:23:00,-2,19:55:00,19:38:00,-17,2025-06-18,66300,71700,2
2025,6,18,3,LAX,PHX,2025-06-18 19:10:00,19:05:00,-5,20:39:00,20:34:00,-5,2025-06-18,69000,74340,2
2025,6,18,3,LAX,PHX,2025-06-18 19:35:00,19:51:00,16,21:03:00,21:09:00,6,2025-06-18,70500,75780,2
2025,6,18,3,LAX,PHX,2025-06-18 22:35:00,22:29:00,-6,00:13:00,23:58:00,-15,2025-06-18,81300,780,2
2025,6,18,3,LAX,PIT,2025-06-18 09:15:00,09:15:00,0,17:00:00,16:55:00,-5,2025-06-18,33300,61200,2
2025,6,18,3,LAX,PRC,2025-06-18 19:45:00,19:56:00,11,21:11:00,21:08:00,-3,2025-06-18,71100,76260,2
2025,6,18,3,LAX,PSC,2025-06-18 21:25:00,21:19:00,-6,23:59:00,23:50:00,-9,2025-06-18,77100,86340,2
2025,6,18,3,LAX,RDD,2025-06-18 12:50:00,12:46:00,-4,14:39:00,14:32:00,-7,2025-06-18,46200,52740,2
2025,6,18,3,LAX,RDM,2025-06-18 12:45:00,12:45:00,0,15:03:00,14:59:00,-4,2025-06-18,45900,54180,2
2025,6,18,3,LAX,RDU,2025-06-18 08:57:00,08:54:00,-3,16:54:00,16:59:00,5,2025-06-18,32220,60840,2
2025,6,18,3,LAX,RDU,2025-06-18 12:40:00,12:35:00,-5,20:29:00,20:27:00,-2,2025-06-18,45600,73740,2
2025,6,18,3,LAX,RNO,2025-06-18 09:59:00,09:52:00,-7,11:31:00,11:12:00,-19,2025-06-18,35940,41460,2
2025,6,18,3,LAX,RNO,2025-06-18 10:19:00,10:13:00,-6,12:00:00,11:51:00,-9,2025-06-18,37140,43200,2
2025,6,18,3,LAX,RNO,2025-06-18 15:02:00,14:56:00,-6,16:30:00,16:10:00,-20,2025-06-18,54120,59400,2
2025,6,18,3,LAX,RNO,2025-06-18 17:10:00,17:08:00,-2,18:44:00,18:36:00,-8,2025-06-18,61800,67440,2
2025,6,18,3,LAX,RNO,2025-06-18 17:30:00,17:37:00,7,18:55:00,18:51:00,-4,2025-06-18,63000,68100,2
2025,6,18,3,LAX,RNO,2025-06-18 20:15:00,20:12:00,-3,21:49:00,21:30:00,-19,2025-06-18,72900,78540,2
2025,6,18,3,LAX,RNO,2025-06-18 20:50:00,21:14:00,24,22:17:00,22:30:00,13,2025-06-18,75000,80220,2
2025,6,18,3,LAX,RNO,2025-06-18 22:16:00,22:08:00,-8,23:53:00,23:46:00,-7,2025-06-18,80160,85980,2
2025,6,18,3,LAX,SAN,2025-06-18 08:20:00,08:13:00,-7,09:19:00,09:15:00,-4,2025-06-18,30000,33540,2
2025,6,18,3,LAX,SAN,2025-06-18 09:20:00,09:13:00,-7,10:24:00,10:19:00,-5,2025-06-18,33600,37440,2
2025,6,18,3,LAX,SAN,2025-06-18 14:28:00,14:31:00,3,15:22:00,15:26:00,4,2025-06-18,52080,55320,2
2025,6,18,3,LAX,SAN,2025-06-18 18:00:00,17:56:00,-4,18:54:00,18:50:00,-4,2025-06-18,64800,68040,2
2025,6,18,3,LAX,SAN,2025-06-18 18:46:00,18:46:00,0,19:47:00,19:49:00,2,2025-06-18,67560,71220,2
2025,6,18,3,LAX,SAN,2025-06-18 21:59:00,21:52:00,-7,22:53:00,22:39:00,-14,2025-06-18,79140,82380,2
2025,6,18,3,LAX,SAN,2025-06-18 22:45:00,22:37:00,-8,23:46:00,23:35:00,-11,2025-06-18,81900,85560,2
2025,6,18,3,LAX,SAT,2025-06-18 09:12:00,09:09:00,-3,14:19:00,14:06:00,-13,2025-06-18,33120,51540,2
2025,6,18,3,LAX,SAT,2025-06-18 09:30:00,09:23:00,-7,14:23:00,14:14:00,-9,2025-06-18,34200,51780,2
2025,6,18,3,LAX,SAT,2025-06-18 10:08:00,09:58:00,-10,15:02:00,14:40:00,-22,2025-06-18,36480,54120,2
2025,6,18,3,LAX,SAT,2025-06-18 12:00:00,11:59:00,-1,17:00:00,16:55:00,-5,2025-06-18,43200,61200,2
2025,6,18,3,LAX,SAT,2025-06-18 17:00:00,16:54:00,-6,21:58:00,21:57:00,-1,2025-06-18,61200,79080,2
2025,6,18,3,LAX,SBA,2025-06-18 15:20:00,15:14:00,-6,16:12:00,16:00:00,-12,2025-06-18,55200,58320,2
2025,6,18,3,LAX,SBA,2025-06-18 23:00:00,22:42:00,-18,23:58:00,23:31:00,-27,2025-06-18,82800,86280,2
2025,6,18,3,LAX,SBP,2025-06-18 15:00:00,14:55:00,-5,16:01:00,15:49:00,-12,2025-06-18,54000,57660,2
2025,6,18,3,LAX,SBP,2025-06-18 22:32:00,22:32:00,0,23:36:00,23:19:00,-17,2025-06-18,81120,84960,2
2025,6,18,3,LAX,SEA,2025-06-18 07:00:00,06:58:00,-2,09:47:00,09:46:00,-1,2025-06-18,25200,35220,2
2025,6,18,3,LAX,SEA,2025-06-18 07:00:00,06:59:00,-1,09:54:00,09:31:00,-23,2025-06-18,25200,35640,2
2025,6,18,3,LAX,SEA,2025-06-18 08:00:00,08:43:00,43,10:49:00,11:45:00,56,2025-06-18,28800,38940,2
2025,6,18,3,LAX,SEA,2025-06-18 09:45:00,09:41:00,-4,12:42:00,12:46:00,4,2025-06-18,35100,45720,2
2025,6,18,3,LAX,SEA,2025-06-18 11:10:00,11:07:00,-3,14:01:00,14:38:00,37,2025-06-18,40200,50460,2
2025,6,18,3,LAX,SEA,2025-06-18 11:15:00,11:10:00,-5,14:09:00,13:49:00,-20,2025-06-18,40500,50940,2
2025,6,18,3,LAX,SEA,2025-06-18 11:55:00,11:55:00,0,14:45:00,14:23:00,-22,2025-06-18,42900,53100,2
2025,6,18,3,LAX,SEA,2025-06-18 11:55:00,11:56:00,1,14:39:00,14:43:00,4,2025-06-18,42900,52740,2
2025,6,18,3,LAX,SEA,2025-06-18 14:15:00,14:41:00,26,17:00:00,17:14:00,14,2025-06-18,51300,61200,2
2025,6,18,3,LAX,SEA,2025-06-18 17:15:00,17:09:00,-6,20:00:00,19:50:00,-10,2025-06-18,62100,72000,2
2025,6,18,3,LAX,SEA,2025-06-18 18:15:00,18:21:00,6,21:00:00,21:03:00,3,2025-06-18,65700,75600,2
2025,6,18,3,LAX,SEA,2025-06-18 18:39:00,19:14:00,35,21:34:00,22:15:00,41,2025-06-18,67140,77640,2
2025,6,18,3,LAX,SEA,2025-06-18 19:07:00,19:06:00,-1,21:58:00,21:44:00,-14,2025-06-18,68820,79080,2
2025,6,18,3,LAX,SEA,2025-06-18 19:25:00,19:21:00,-4,22:10:00,22:16:00,6,2025-06-18,69900,79800,2
2025,6,18,3,LAX,SEA,2025-06-18 19:59:00,19:56:00,-3,22:57:00,22:39:00,-18,2025-06-18,71940,82620,2
2025,6,18,3,LAX,SEA,2025-06-18 21:15:00,21:12:00,-3,23:59:00,23:55:00,-4,2025-06-18,76500,86340,2
2025,6,18,3,LAX,SFO,2025-06-18 06:00:00,05:52:00,-8,07:38:00,07:08:00,-30,2025-06-18,21600,27480,2
2025,6,18,3,LAX,SFO,2025-06-18 06:05:00,06:03:00,-2,07:30:00,07:08:00,-22,2025-06-18,21900,27000,2
2025,6,18,3,LAX,SFO,2025-06-18 06:30:00,06:21:00,-9,07:52:00,07:31:00,-21,2025-06-18,23400,28320,2
2025,6,18,3,LAX,SFO,2025-06-18 07:00:00,06:54:00,-6,08:36:00,08:28:00,-8,2025-06-18,25200,30960,2
2025,6,18,3,LAX,SFO,2025-06-18 08:05:00,07:59:00,-6,09:45:00,09:52:00,7,2025-06-18,29100,35100,2
2025,6,18,3,LAX,SFO,2025-06-18 08:35:00,08:29:00,-6,09:58:00,09:51:00,-7,2025-06-18,30900,35880,2
2025,6,18,3,LAX,SFO,2025-06-18 09:10:00,09:03:00,-7,10:45:00,10:40:00,-5,2025-06-18,33000,38700,2
2025,6,18,3,LAX,SFO,2025-06-18 10:15:00,10:10:00,-5,11:40:00,11:22:00,-18,2025-06-18,36900,42000,2
2025,6,18,3,LAX,SFO,2025-06-18 10:26:00,10:22:00,-4,11:59:00,11:31:00,-28,2025-06-18,37560,43140,2
2025,6,18,3,LAX,SFO,2025-06-18 11:29:00,11:28:00,-1,12:56:00,12:48:00,-8,2025-06-18,41340,46560,2
2025,6,18,3,LAX,SFO,2025-06-18 12:20:00,12:13:00,-7,13:43:00,13:35:00,-8,2025-06-18,44400,49380,2
2025,6,18,3,LAX,SFO,2025-06-18 13:10:00,13:49:00,39,14:35:00,15:19:00,44,2025-06-18,47400,52500,2
2025,6,18,3,LAX,SFO,2025-06-18 13:30:00,13:23:00,-7,14:52:00,14:40:00,-12,2025-06-18,48600,53520,2
2025,6,18,3,LAX,SFO,2025-06-18 13:39:00,13:32:00,-7,15:07:00,14:44:00,-23,2025-06-18,49140,54420,2
2025,6,18,3,LAX,SFO,2025-06-18 14:22:00,14:32:00,10,15:48:00,15:50:00,2,2025-06-18,51720,56880,2
2025,6,18,3,LAX,SFO,2025-06-18 16:10:00,16:05:00,-5,17:39:00,17:13:00,-26,2025-06-18,58200,63540,2
2025,6,18,3,LAX,SFO,2025-06-18 16:27:00,16:32:00,5,17:45:00,17:42:00,-3,2025-06-18,59220,63900,2
2025,6,18,3,LAX,SFO,2025-06-18 17:10:00,17:01:00,-9,18:40:00,18:36:00,-4,2025-06-18,61800,67200,2
2025,6,18,3,LAX,SFO,2025-06-18 18:08:00,18:01:00,-7,19:43:00,19:21:00,-22,2025-06-18,65280,70980,2
2025,6,18,3,LAX,SFO,2025-06-18 18:20:00,18:11:00,-9,19:43:00,19:32:00,-11,2025-06-18,66000,70980,2
2025,6,18,3,LAX,SFO,2025-06-18 18:40:00,18:39:00,-1,20:09:00,19:51:00,-18,2025-06-18,67200,72540,2
2025,6,18,3,LAX,SFO,2025-06-18 18:59:00,18:50:00,-9,20:28:00,20:25:00,-3,2025-06-18,68340,73680,2
2025,6,18,3,LAX,SFO,2025-06-18 19:35:00,19:28:00,-7,20:58:00,20:53:00,-5,2025-06-18,70500,75480,2
2025,6,18,3,LAX,SFO,2025-06-18 20:40:00,21:33:00,53,22:05:00,22:44:00,39,2025-06-18,74400,79500,2
2025,6,18,3,LAX,SFO,2025-06-18 21:30:00,21:26:00,-4,23:02:00,22:42:00,-20,2025-06-18,77400,82920,2
2025,6,18,3,LAX,SFO,2025-06-18 21:49:00,21:42:00,-7,23:12:00,22:54:00,-18,2025-06-18,78540,83520,2
2025,6,18,3,LAX,SFO,2025-06-18 22:25:00,22:18:00,-7,23:52:00,23:31:00,-21,2025-06-18,80700,85920,2
2025,6,18,3,LAX,SGU,2025-06-18 13:15:00,13:06:00,-9,15:47:00,15:48:00,1,2025-06-18,47700,56820,2
2025,6,18,3,LAX,SJC,2025-06-18 06:40:00,06:37:00,-3,07:55:00,07:38:00,-17,2025-06-18,24000,28500,2
2025,6,18,3,LAX,SJC,2025-06-18 07:05:00,07:01:00,-4,08:20:00,08:24:00,4,2025-06-18,25500,30000,2
2025,6,18,3,LAX,SJC,2025-06-18 09:15:00,09:12:00,-3,10:30:00,10:17:00,-13,2025-06-18,33300,37800,2
2025,6,18,3,LAX,SJC,2025-06-18 10:00:00,10:11:00,11,11:15:00,11:17:00,2,2025-06-18,36000,40500,2
2025,6,18,3,LAX,SJC,2025-06-18 11:35:00,11:27:00,-8,12:52:00,13:02:00,10,2025-06-18,41700,46320,2
2025,6,18,3,LAX,SJC,2025-06-18 13:25:00,13:18:00,-7,14:40:00,14:34:00,-6,2025-06-18,48300,52800,2
2025,6,18,3,LAX,SJC,2025-06-18 14:20:00,14:16:00,-4,15:35:00,15:16:00,-19,2025-06-18,51600,56100,2
2025,6,18,3,LAX,SJC,2025-06-18 15:45:00,15:41:00,-4,17:00:00,16:45:00,-15,2025-06-18,56700,61200,2
2025,6,18,3,LAX,SJC,2025-06-18 17:30:00,17:25:00,-5,18:45:00,18:31:00,-14,2025-06-18,63000,67500,2
2025,6,18,3,LAX,SJC,2025-06-18 18:00:00,18:21:00,21,19:15:00,19:31:00,16,2025-06-18,64800,69300,2
2025,6,18,3,LAX,SJC,2025-06-18 19:50:00,19:46:00,-4,21:10:00,20:45:00,-25,2025-06-18,71400,76200,2
2025,6,18,3,LAX,SJC,2025-06-18 21:28:00,21:18:00,-10,22:44:00,22:28:00,-16,2025-06-18,77280,81840,2
2025,6,18,3,LAX,SLC,2025-06-18 06:00:00,05:56:00,-4,08:53:00,08:38:00,-15,2025-06-18,21600,31980,2
2025,6,18,3,LAX,SLC,2025-06-18 07:00:00,06:53:00,-7,09:55:00,09:46:00,-9,2025-06-18,25200,35700,2
2025,6,18,3,LAX,SLC,2025-06-18 09:48:00,09:48:00,0,12:43:00,12:32:00,-11,2025-06-18,35280,45780,2
2025,6,18,3,LAX,SLC,2025-06-18 11:11:00,11:08:00,-3,14:03:00,13:48:00,-15,2025-06-18,40260,50580,2
2025,6,18,3,LAX,SLC,2025-06-18 17:10:00,17:16:00,6,20:00:00,20:02:00,2,2025-06-18,61800,72000,2
2025,6,18,3,LAX,SLC,2025-06-18 18:45:00,18:45:00,0,21:39:00,21:44:00,5,2025-06-18,67500,77940,2
2025,6,18,3,LAX,SLC,2025-06-18 19:19:00,19:27:00,8,22:06:00,22:09:00,3,2025-06-18,69540,79560,2
2025,6,18,3,LAX,SMF,2025-06-18 06:15:00,06:12:00,-3,07:40:00,07:24:00,-16,2025-06-18,22500,27600,2
2025,6,18,3,LAX,SMF,2025-06-18 07:55:00,07:48:00,-7,09:24:00,09:12:00,-12,2025-06-18,28500,33840,2
2025,6,18,3,LAX,SMF,2025-06-18 08:15:00,08:09:00,-6,09:52:00,09:49:00,-3,2025-06-18,29700,35520,2
2025,6,18,3,LAX,SMF,2025-06-18 09:20:00,09:16:00,-4,10:45:00,10:39:00,-6,2025-06-18,33600,38700,2
2025,6,18,3,LAX,SMF,2025-06-18 09:46:00,10:19:00,33,11:23:00,11:54:00,31,2025-06-18,35160,40980,2
2025,6,18,3,LAX,SMF,2025-06-18 10:25:00,10:15:00,-10,11:59:00,11:36:00,-23,2025-06-18,37500,43140,2
2025,6,18,3,LAX,SMF,2025-06-18 12:25:00,12:15:00,-10,13:54:00,13:50:00,-4,2025-06-18,44700,50040,2
2025,6,18,3,LAX,SMF,2025-06-18 14:05:00,14:03:00,-2,15:30:00,15:30:00,0,2025-06-18,50700,55800,2
2025,6,18,3,LAX,SMF,2025-06-18 16:30:00,16:27:00,-3,18:01:00,17:54:00,-7,2025-06-18,59400,64860,2
2025,6,18,3,LAX,SMF,2025-06-18 16:54:00,16:51:00,-3,18:23:00,18:08:00,-15,2025-06-18,60840,66180,2
2025,6,18,3,LAX,SMF,2025-06-18 17:05:00,16:57:00,-8,18:37:00,18:26:00,-11,2025-06-18,61500,67020,2
2025,6,18,3,LAX,SMF,2025-06-18 17:25:00,17:30:00,5,18:50:00,18:58:00,8,2025-06-18,62700,67800,2
2025,6,18,3,LAX,SMF,2025-06-18 18:15:00,18:12:00,-3,19:45:00,19:36:00,-9,2025-06-18,65700,71100,2
2025,6,18,3,LAX,SMF,2025-06-18 19:22:00,19:16:00,-6,21:01:00,20:47:00,-14,2025-06-18,69720,75660,2
2025,6,18,3,LAX,SMF,2025-06-18 20:25:00,20:27:00,2,21:50:00,21:39:00,-11,2025-06-18,73500,78600,2
2025,6,18,3,LAX,SMF,2025-06-18 20:56:00,20:49:00,-7,22:28:00,22:14:00,-14,2025-06-18,75360,80880,2
2025,6,18,3,LAX,SMF,2025-06-18 21:55:00,21:47:00,-8,23:20:00,23:28:00,8,2025-06-18,78900,84000,2
2025,6,18,3,LAX,STL,2025-06-18 05:00:00,04:59:00,-1,10:40:00,10:33:00,-7,2025-06-18,18000,38400,2
2025,6,18,3,LAX,STL,2025-06-18 17:33:00,17:22:00,-11,22:59:00,22:55:00,-4,2025-06-18,63180,82740,2
2025,6,18,3,LAX,STL,2025-06-18 18:45:00,18:42:00,-3,00:25:00,00:13:00,-12,2025-06-18,67500,1500,2
2025,6,18,3,LAX,STS,2025-06-18 09:25:00,09:23:00,-2,11:06:00,11:15:00,9,2025-06-18,33900,39960,2
2025,6,18,3,LAX,STS,2025-06-18 22:06:00,21:57:00,-9,23:44:00,23:29:00,-15,2025-06-18,79560,85440,2
2025,6,18,3,LAX,SUN,2025-06-18 08:30:00,08:28:00,-2,11:43:00,11:56:00,13,2025-06-18,30600,42180,2
2025,6,18,3,LAX,TPA,2025-06-18 10:12:00,10:07:00,-5,18:00:00,17:53:00,-7,2025-06-18,36720,64800,2
2025,6,18,3,LAX,TPA,2025-06-18 22:10:00,22:05:00,-5,05:44:00,05:38:00,-6,2025-06-18,79800,20640,2
2025,6,18,3,LAX,TPA,2025-06-18 23:59:00,00:01:00,2,07:56:00,07:39:00,-17,2025-06-18,86340,28560,2
2025,6,18,3,LAX,TUL,2025-06-18 09:30:00,10:28:00,58,14:40:00,15:30:00,50,2025-06-18,34200,52800,2
2025,6,18,3,LAX,TUS,2025-06-18 08:22:00,08:35:00,13,10:03:00,10:11:00,8,2025-06-18,30120,36180,2
2025,6,18,3,LAX,TUS,2025-06-18 09:35:00,09:26:00,-9,11:10:00,10:53:00,-17,2025-06-18,34500,40200,2
2025,6,18,3,LAX,TUS,2025-06-18 12:50:00,12:48:00,-2,14:25:00,14:12:00,-13,2025-06-18,46200,51900,2
2025,6,18,3,LAX,TUS,2025-06-18 14:10:00,14:05:00,-5,15:44:00,15:53:00,9,2025-06-18,51000,56640,2
2025,6,18,3,LAX,TUS,2025-06-18 14:58:00,14:48:00,-10,16:27:00,16:19:00,-8,2025-06-18,53880,59220,2
2025,6,18,3,LAX,TUS,2025-06-18 18:18:00,18:17:00,-1,19:49:00,19:50:00,1,2025-06-18,65880,71340,2
2025,6,18,3,LAX,TUS,2025-06-18 19:00:00,18:55:00,-5,20:33:00,20:26:00,-7,2025-06-18,68400,73980,2
2025,6,18,3,LAX,XNA,2025-06-18 09:14:00,09:13:00,-1,14:38:00,14:32:00,-6,2025-06-18,33240,52680,2
2025,6,18,3,LAX,XNA,2025-06-18 15:45:00,15:41:00,-4,20:55:00,20:52:00,-3,2025-06-18,56700,75300,2
2025,6,19,4,LAX,ABQ,2025-06-19 08:00:00,08:49:00,49,11:08:00,11:45:00,37,2025-06-19,28800,40080,3
2025,6,19,4,LAX,ABQ,2025-06-19 08:55:00,08:48:00,-7,11:58:00,11:51:00,-7,2025-06-19,32100,43080,3
2025,6,19,4,LAX,ABQ,2025-06-19 11:20:00,11:33:00,13,14:15:00,14:26:00,11,2025-06-19,40800,51300,3
2025,6,19,4,LAX,ABQ,2025-06-19 14:59:00,14:59:00,0,18:02:00,17:56:00,-6,2025-06-19,53940,64920,3
2025,6,19,4,LAX,ABQ,2025-06-19 18:49:00,19:14:00,25,21:52:00,22:16:00,24,2025-06-19,67740,78720,3
2025,6,19,4,LAX,ABQ,2025-06-19 19:58:00,19:48:00,-10,22:58:00,22:38:00,-20,2025-06-19,71880,82680,3
2025,6,19,4,LAX,ACV,2025-06-19 13:15:00,13:08:00,-7,15:13:00,15:08:00,-5,2025-06-19,47700,54780,3
2025,6,19,4,LAX,ASE,2025-06-19 10:40:00,10:36:00,-4,13:56:00,13:59:00,3,2025-06-19,38400,50160,3
2025,6,19,4,LAX,ASE,2025-06-19 12:54:00,12:48:00,-6,16:05:00,15:55:00,-10,2025-06-19,46440,57900,3
2025,6,19,4,LAX,ATL,2025-06-19 00:55:00,00:58:00,3,08:21:00,08:23:00,2,2025-06-19,3300,30060,3
2025,6,19,4,LAX,ATL,2025-06-19 06:20:00,06:15:00,-5,13:42:00,13:46:00,4,2025-06-19,22800,49320,3
2025,6,19,4,LAX,ATL,2025-06-19 07:35:00,07:31:00,-4,14:48:00,14:59:00,11,2025-06-19,27300,53280,3
2025,6,19,4,LAX,ATL,2025-06-19 08:45:00,08:43:00,-2,16:07:00,16:11:00,4,2025-06-19,31500,58020,3
2025,6,19,4,LAX,ATL,2025-06-19 09:53:00,09:48:00,-5,17:19:00,17:07:00,-12,2025-06-19,35580,62340,3
2025,6,19,4,LAX,ATL,2025-06-19 12:15:00,12:15:00,0,19:30:00,19:24:00,-6,2025-06-19,44100,70200,3
2025,6,19,4,LAX,ATL,2025-06-19 12:49:00,12:46:00,-3,20:15:00,20:03:00,-12,2025-06-19,46140,72900,3
2025,6,19,4,LAX,ATL,2025-06-19 13:06:00,13:57:00,51,20:49:00,22:01:00,72,2025-06-19,47160,74940,3
2025,6,19,4,LAX,ATL,2025-06-19 13:15:00,13:12:00,-3,20:46:00,20:27:00,-19,2025-06-19,47700,74760,3
2025,6,19,4,LAX,ATL,2025-06-19 14:30:00,14:32:00,2,21:50:00,21:48:00,-2,2025-06-19,52200,78600,3
2025,6,19,4,LAX,ATL,2025-06-19 17:35:00,18:03:00,28,00:54:00,01:32:00,38,2025-06-19,63300,3240,3
2025,6,19,4,LAX,ATL,2025-06-19 21:45:00,22:03:00,18,05:00:00,05:15:00,15,2025-06-19,78300,18000,3
2025,6,19,4,LAX,ATL,2025-06-19 22:45:00,22:50:00,5,06:00:00,06:07:00,7,2025-06-19,81900,21600,3
2025,6,19,4,LAX,ATL,2025-06-19 23:45:00,00:10:00,25,07:12:00,07:38:00,26,2025-06-19,85500,25920,3
2025,6,19,4,LAX,ATL,2025-06-19 23:45:00,23:44:00,-1,07:06:00,07:10:00,4,2025-06-19,85500,25560,3
2025,6,19,4,LAX,AUS,2025-06-19 05:00:00,04:56:00,-4,10:00:00,09:53:00,-7,2025-06-19,18000,36000,3
2025,6,19,4,LAX,AUS,2025-06-19 06:15:00,06:05:00,-10,11:17:00,11:20:00,3,2025-06-19,22500,40620,3
2025,6,19,4,LAX,AUS,2025-06-19 07:45:00,07:36:00,-9,12:46:00,12:31:00,-15,2025-06-19,27900,45960,3
2025,6,19,4,LAX,AUS,2025-06-19 08:35:00,08:34:00,-1,13:24:00,13:26:00,2,2025-06-19,30900,48240,3
2025,6,19,4,LAX,AUS,2025-06-19 09:25:00,09:44:00,19,14:51:00,14:48:00,-3,2025-06-19,33900,53460,3
2025,6,19,4,LAX,AUS,2025-06-19 10:35:00,10:31:00,-4,15:45:00,15:23:00,-22,2025-06-19,38100,56700,3
2025,6,19,4,LAX,AUS,2025-06-19 16:20:00,16:10:00,-10,21:21:00,21:18:00,-3,2025-06-19,58800,76860,3
2025,6,19,4,LAX,AUS,2025-06-19 18:35:00,19:34:00,59,23:38:00,00:35:00,57,2025-06-19,66900,85080,3
2025,6,19,4,LAX,AUS,2025-06-19 18:40:00,18:37:00,-3,23:58:00,23:42:00,-16,2025-06-19,67200,86280,3
2025,6,19,4,LAX,AUS,2025-06-19 18:50:00,18:41:00,-9,23:50:00,23:45:00,-5,2025-06-19,67800,85800,3
2025,6,19,4,LAX,AUS,2025-06-19 18:55:00,18:52:00,-3,23:55:00,23:48:00,-7,2025-06-19,68100,86100,3
2025,6,19,4,LAX,BLI,2025-06-19 18:50:00,18:55:00,5,21:32:00,21:15:00,-17,2025-06-19,67800,77520,3
2025,6,19,4,LAX,BNA,2025-06-19 07:00:00,06:55:00,-5,12:57:00,12:54:00,-3,2025-06-19,25200,46620,3
2025,6,19,4,LAX,BNA,2025-06-19 07:10:00,07:13:00,3,13:25:00,13:14:00,-11,2025-06-19,25800,48300,3
2025,6,19,4,LAX,BNA,2025-06-19 10:36:00,10:28:00,-8,16:45:00,16:28:00,-17,2025-06-19,38160,60300,3
2025,6,19,4,LAX,BNA,2025-06-19 12:39:00,13:28:00,49,18:44:00,19:44:00,60,2025-06-19,45540,67440,3
2025,6,19,4,LAX,BNA,2025-06-19 18:39:00,18:38:00,-1,00:37:00,00:37:00,0,2025-06-19,67140,2220,3
2025,6,19,4,LAX,BNA,2025-06-19 22:50:00,22:48:00,-2,05:00:00,04:28:00,-32,2025-06-19,82200,18000,3
2025,6,19,4,LAX,BOI,2025-06-19 11:57:00,11:52:00,-5,15:03:00,14:33:00,-30,2025-06-19,43020,54180,3
2025,6,19,4,LAX,BOI,2025-06-19 12:45:00,12:44:00,-1,15:59:00,15:33:00,-26,2025-06-19,45900,57540,3
2025,6,19,4,LAX,BOI,2025-06-19 19:50:00,19:52:00,2,22:54:00,22:41:00,-13,2025-06-19,71400,82440,3
2025,6,19,4,LAX,BOI,2025-06-19 19:59:00,19:57:00,-2,23:01:00,22:46:00,-15,2025-06-19,71940,82860,3
2025,6,19,4,LAX,BOS,2025-06-19 06:00:00,05:56:00,-4,14:40:00,14:39:00,-1,2025-06-19,21600,52800,3
2025,6,19,4,LAX,BOS,2025-06-19 06:40:00,06:36:00,-4,15:15:00,14:58:00,-17,2025-06-19,24000,54900,3
2025,6,19,4,LAX,BOS,2025-06-19 08:30:00,08:22:00,-8,17:19:00,16:56:00,-23,2025-06-19,30600,62340,3
2025,6,19,4,LAX,BOS,2025-06-19 08:35:00,08:33:00,-2,17:18:00,16:58:00,-20,2025-06-19,30900,62280,3
2025,6,19,4,LAX,BOS,2025-06-19 08:40:00,08:34:00,-6,17:16:00,16:50:00,-26,2025-06-19,31200,62160,3
2025,6,19,4,LAX,BOS,2025-06-19 10:45:00,10:45:00,0,19:24:00,18:59:00,-25,2025-06-19,38700,69840,3
2025,6,19,4,LAX,BOS,2025-06-19 11:45:00,11:35:00,-10,20:25:00,20:30:00,5,2025-06-19,42300,73500,3
2025,6,19,4,LAX,BOS,2025-06-19 13:10:00,13:04:00,-6,21:51:00,21:39:00,-12,2025-06-19,47400,78660,3
2025,6,19,4,LAX,BOS,2025-06-19 15:25:00,15:23:00,-2,23:55:00,23:45:00,-10,2025-06-19,55500,86100,3
2025,6,19,4,LAX,BOS,2025-06-19 20:24:00,20:16:00,-8,05:00:00,04:34:00,-26,2025-06-19,73440,18000,3
2025,6,19,4,LAX,BOS,2025-06-19 21:02:00,20:51:00,-11,05:32:00,05:16:00,-16,2025-06-19,75720,19920,3
2025,6,19,4,LAX,BOS,2025-06-19 22:13:00,22:13:00,0,06:44:00,06:26:00,-18,2025-06-19,79980,24240,3
2025,6,19,4,LAX,BOS,2025-06-19 22:35:00,22:29:00,-6,07:13:00,06:42:00,-31,2025-06-19,81300,25980,3
2025,6,19,4,LAX,BOS,2025-06-19 23:05:00,23:25:00,20,07:41:00,07:45:00,4,2025-06-19,83100,27660,3
2025,6,19,4,LAX,BUF,2025-06-19 22:09:00,22:27:00,18,06:00:00,06:10:00,10,2025-06-19,79740,21600,3
2025,6,19,4,LAX,BWI,2025-06-19 05:30:00,05:41:00,11,13:35:00,13:38:00,3,2025-06-19,19800,48900,3
2025,6,19,4,LAX,BWI,2025-06-19 08:45:00,08:42:00,-3,16:54:00,18:16:00,82,2025-06-19,31500,60840,3
2025,6,19,4,LAX,BWI,2025-06-19 10:05:00,10:05:00,0,18:10:00,18:09:00,-1,2025-06-19,36300,65400,3
2025,6,19,4,LAX,BWI,2025-06-19 11:34:00,11:30:00,-4,19:29:00,19:29:00,0,2025-06-19,41640,70140,3
2025,6,19,4,LAX,BWI,2025-06-19 20:55:00,20:57:00,2,05:00:00,04:43:00,-17,2025-06-19,75300,18000,3
2025,6,19,4,LAX,BWI,2025-06-19 23:59:00,00:09:00,10,08:07:00,08:16:00,9,2025-06-19,86340,29220,3
2025,6,19,4,LAX,BZN,2025-06-19 11:21:00,11:25:00,4,14:50:00,14:45:00,-5,2025-06-19,40860,53400,3
2025,6,19,4,LAX,BZN,2025-06-19 18:00:00,18:01:00,1,21:39:00,21:28:00,-11,2025-06-19,64800,77940,3
2025,6,19,4,LAX,CLE,2025-06-19 11:38:00,11:31:00,-7,19:11:00,18:46:00,-25,2025-06-19,41880,69060,3
2025,6,19,4,LAX,CLE,2025-06-19 21:20:00,21:16:00,-4,04:53:00,05:02:00,9,2025-06-19,76800,17580,3
2025,6,19,4,LAX,CLT,2025-06-19 06:05:00,06:06:00,1,13:54:00,13:56:00,2,2025-06-19,21900,50040,3
2025,6,19,4,LAX,CLT,2025-06-19 07:59:00,07:56:00,-3,15:45:00,15:33:00,-12,2025-06-19,28740,56700,3
2025,6,19,4,LAX,CLT,2025-06-19 09:11:00,09:11:00,0,17:00:00,16:42:00,-18,2025-06-19,33060,61200,3
2025,6,19,4,LAX,CLT,2025-06-19 11:54:00,11:57:00,3,19:45:00,19:28:00,-17,2025-06-19,42840,71100,3
2025,6,19,4,LAX,CLT,2025-06-19 14:02:00,14:46:00,44,21:55:00,22:17:00,22,2025-06-19,50520,78900,3
2025,6,19,4,LAX,CLT,2025-06-19 21:48:00,22:06:00,18,05:29:00,06:04:00,35,2025-06-19,78480,19740,3
2025,6,19,4,LAX,CLT,2025-06-19 22:49:00,23:29:00,40,06:35:00,07:03:00,28,2025-06-19,82140,23700,3
2025,6,19,4,LAX,CLT,2025-06-19 23:49:00,23:45:00,-4,07:35:00,07:20:00,-15,2025-06-19,85740,27300,3
2025,6,19,4,LAX,CMH,2025-06-19 09:25:00,09:26:00,1,17:01:00,16:43:00,-18,2025-06-19,33900,61260,3
2025,6,19,4,LAX,CVG,2025-06-19 13:50:00,14:04:00,14,21:04:00,21:12:00,8,2025-06-19,49800,75840,3
2025,6,19,4,LAX,CVG,2025-06-19 22:29:00,22:28:00,-1,05:38:00,05:33:00,-5,2025-06-19,80940,20280,3
2025,6,19,4,LAX,DAL,2025-06-19 05:05:00,05:02:00,-3,10:10:00,10:12:00,2,2025-06-19,18300,36600,3
2025,6,19,4,LAX,DAL,2025-06-19 06:45:00,06:44:00,-1,11:50:00,11:44:00,-6,2025-06-19,24300,42600,3
2025,6,19,4,LAX,DAL,2025-06-19 11:20:00,11:26:00,6,16:30:00,16:35:00,5,2025-06-19,40800,59400,3
2025,6,19,4,LAX,DAL,2025-06-19 16:30:00,16:42:00,12,21:45:00,21:52:00,7,2025-06-19,59400,78300,3
2025,6,19,4,LAX,DAL,2025-06-19 18:10:00,18:03:00,-7,23:20:00,23:06:00,-14,2025-06-19,65400,84000,3
2025,6,19,4,LAX,DCA,2025-06-19 12:28:00,12:27:00,-1,20:29:00,20:15:00,-14,2025-06-19,44880,73740,3
2025,6,19,4,LAX,DCA,2025-06-19 13:31:00,13:22:00,-9,21:42:00,22:02:00,20,2025-06-19,48660,78120,3
2025,6,19,4,LAX,DEN,2025-06-19 05:05:00,05:04:00,-1,08:24:00,08:15:00,-9,2025-06-19,18300,30240,3
2025,6,19,4,LAX,DEN,2025-06-19 05:45:00,05:48:00,3,09:10:00,09:14:00,4,2025-06-19,20700,33000,3
2025,6,19,4,LAX,DEN,2025-06-19 07:06:00,07:02:00,-4,10:31:00,10:57:00,26,2025-06-19,25560,37860,3
2025,6,19,4,LAX,DEN,2025-06-19 07:46:00,07:38:00,-8,11:10:00,10:55:00,-15,2025-06-19,27960,40200,3
2025,6,19,4,LAX,DEN,2025-06-19 08:04:00,07:58:00,-6,11:33:00,11:20:00,-13,2025-06-19,29040,41580,3
2025,6,19,4,LAX,DEN,2025-06-19 08:05:00,08:14:00,9,11:30:00,11:23:00,-7,2025-06-19,29100,41400,3
2025,6,19,4,LAX,DEN,2025-06-19 09:00:00,09:07:00,7,12:27:00,12:21:00,-6,2025-06-19,32400,44820,3
2025,6,19,4,LAX,DEN,2025-06-19 10:30:00,10:35:00,5,13:55:00,13:44:00,-11,2025-06-19,37800,50100,3
2025,6,19,4,LAX,DEN,2025-06-19 10:52:00,10:53:00,1,14:19:00,14:00:00,-19,2025-06-19,39120,51540,3
2025,6,19,4,LAX,DEN,2025-06-19 10:55:00,10:46:00,-9,14:30:00,14:02:00,-28,2025-06-19,39300,52200,3
2025,6,19,4,LAX,DEN,2025-06-19 12:55:00,12:58:00,3,16:23:00,16:11:00,-12,2025-06-19,46500,58980,3
2025,6,19,4,LAX,DEN,2025-06-19 13:40:00,13:41:00,1,17:10:00,16:54:00,-16,2025-06-19,49200,61800,3
2025,6,19,4,LAX,DEN,2025-06-19 14:35:00,14:31:00,-4,18:05:00,18:09:00,4,2025-06-19,52500,65100,3
2025,6,19,4,LAX,DEN,2025-06-19 14:59:00,14:53:00,-6,18:19:00,17:57:00,-22,2025-06-19,53940,65940,3
2025,6,19,4,LAX,DEN,2025-06-19 16:05:00,16:05:00,0,19:30:00,19:07:00,-23,2025-06-19,57900,70200,3
2025,6,19,4,LAX,DEN,2025-06-19 16:11:00,16:11:00,0,19:40:00,19:46:00,6,2025-06-19,58260,70800,3
2025,6,19,4,LAX,DEN,2025-06-19 18:30:00,18:28:00,-2,22:00:00,21:36:00,-24,2025-06-19,66600,79200,3
2025,6,19,4,LAX,DEN,2025-06-19 19:18:00,19:11:00,-7,22:47:00,22:31:00,-16,2025-06-19,69480,82020,3
2025,6,19,4,LAX,DEN,2025-06-19 20:20:00,20:17:00,-3,23:50:00,23:21:00,-29,2025-06-19,73200,85800,3
2025,6,19,4,LAX,DEN,2025-06-19 20:25:00,20:16:00,-9,23:48:00,23:35:00,-13,2025-06-19,73500,85680,3
2025,6,19,4,LAX,DFW,2025-06-19 00:47:00,00:53:00,6,05:50:00,05:57:00,7,2025-06-19,2820,21000,3
2025,6,19,4,LAX,DFW,2025-06-19 01:30:00,01:25:00,-5,06:33:00,06:27:00,-6,2025-06-19,5400,23580,3
2025,6,19,4,LAX,DFW,2025-06-19 06:00:00,05:56:00,-4,11:20:00,11:21:00,1,2025-06-19,21600,40800,3
2025,6,19,4,LAX,DFW,2025-06-19 06:00:00,05:57:00,-3,11:03:00,11:08:00,5,2025-06-19,21600,39780,3
2025,6,19,4,LAX,DFW,2025-06-19 08:26:00,08:21:00,-5,13:39:00,13:27:00,-12,2025-06-19,30360,49140,3
2025,6,19,4,LAX,DFW,2025-06-19 08:35:00,08:32:00,-3,13:43:00,13:44:00,1,2025-06-19,30900,49380,3
2025,6,19,4,LAX,DFW,2025-06-19 09:30:00,09:29:00,-1,14:43:00,14:49:00,6,2025-06-19,34200,52980,3
2025,6,19,4,LAX,DFW,2025-06-19 10:37:00,10:38:00,1,15:45:00,15:57:00,12,2025-06-19,38220,56700,3
2025,6,19,4,LAX,DFW,2025-06-19 13:48:00,13:51:00,3,18:59:00,19:01:00,2,2025-06-19,49680,68340,3
2025,6,19,4,LAX,DFW,2025-06-19 14:33:00,14:32:00,-1,19:43:00,19:34:00,-9,2025-06-19,52380,70980,3
2025,6,19,4,LAX,DFW,2025-06-19 15:48:00,16:10:00,22,20:59:00,21:07:00,8,2025-06-19,56880,75540,3
2025,6,19,4,LAX,DFW,2025-06-19 16:36:00,16:39:00,3,21:47:00,21:49:00,2,2025-06-19,59760,78420,3
2025,6,19,4,LAX,DFW,2025-06-19 18:35:00,18:54:00,19,23:47:00,23:54:00,7,2025-06-19,66900,85620,3
2025,6,19,4,LAX,DFW,2025-06-19 18:55:00,18:47:00,-8,23:56:00,23:42:00,-14,2025-06-19,68100,86160,3
2025,6,19,4,LAX,DFW,2025-06-19 19:03:00,19:18:00,15,00:26:00,00:44:00,18,2025-06-19,68580,1560,3
2025,6,19,4,LAX,DFW,2025-06-19 23:59:00,00:44:00,45,05:09:00,06:20:00,71,2025-06-19,86340,18540,3
2025,6,19,4,LAX,DTW,2025-06-19 05:30:00,05:26:00,-4,12:57:00,12:51:00,-6,2025-06-19,19800,46620,3
2025,6,19,4,LAX,DTW,2025-06-19 07:35:00,07:27:00,-8,14:56:00,14:41:00,-15,2025-06-19,27300,53760,3
2025,6,19,4,LAX,DTW,2025-06-19 09:25:00,09:20:00,-5,16:52:00,16:30:00,-22,2025-06-19,33900,60720,3
2025,6,19,4,LAX,DTW,2025-06-19 11:14:00,11:18:00,4,18:37:00,18:36:00,-1,2025-06-19,40440,67020,3
2025,6,19,4,LAX,DTW,2025-06-19 12:09:00,12:07:00,-2,19:31:00,19:11:00,-20,2025-06-19,43740,70260,3
2025,6,19,4,LAX,DTW,2025-06-19 15:36:00,15:32:00,-4,23:04:00,22:55:00,-9,2025-06-19,56160,83040,3
2025,6,19,4,LAX,DTW,2025-06-19 21:30:00,21:57:00,27,04:52:00,05:23:00,31,2025-06-19,77400,17520,3
2025,6,19,4,LAX,DTW,2025-06-19 22:15:00,22:23:00,8,05:35:00,05:44:00,9,2025-06-19,80100,20100,3
2025,6,19,4,LAX,ELP,2025-06-19 12:45:00,12:58:00,13,15:45:00,15:51:00,6,2025-06-19,45900,56700,3
2025,6,19,4,LAX,ELP,2025-06-19 14:30:00,14:24:00,-6,17:31:00,17:23:00,-8,2025-06-19,52200,63060,3
2025,6,19,4,LAX,ELP,2025-06-19 19:47:00,19:44:00,-3,22:47:00,22:47:00,0,2025-06-19,71220,82020,3
2025,6,19,4,LAX,EUG,2025-06-19 21:44:00,21:38:00,-6,23:58:00,23:52:00,-6,2025-06-19,78240,86280,3
2025,6,19,4,LAX,EWR,2025-06-19 06:00:00,06:00:00,0,14:34:00,14:10:00,-24,2025-06-19,21600,52440,3
2025,6,19,4,LAX,EWR,2025-06-19 07:00:00,06:52:00,-8,15:34:00,15:27:00,-7,2025-06-19,25200,56040,3
2025,6,19,4,LAX,EWR,2025-06-19 07:00:00,06:57:00,-3,15:34:00,15:54:00,20,2025-06-19,25200,56040,3
2025,6,19,4,LAX,EWR,2025-06-19 08:20:00,08:15:00,-5,16:45:00,16:15:00,-30,2025-06-19,30000,60300,3
2025,6,19,4,LAX,EWR,2025-06-19 10:15:00,10:14:00,-1,18:54:00,19:44:00,50,2025-06-19,36900,68040,3
2025,6,19,4,LAX,EWR,2025-06-19 11:15:00,11:07:00,-8,19:54:00,21:03:00,69,2025-06-19,40500,71640,3
2025,6,19,4,LAX,EWR,2025-06-19 13:30:00,13:28:00,-2,21:52:00,22:10:00,18,2025-06-19,48600,78720,3
2025,6,19,4,LAX,EWR,2025-06-19 14:34:00,15:13:00,39,22:55:00,23:46:00,51,2025-06-19,52440,82500,3
2025,6,19,4,LAX,EWR,2025-06-19 16:30:00,16:30:00,0,00:57:00,00:36:00,-21,2025-06-19,59400,3420,3
2025,6,19,4,LAX,EWR,2025-06-19 21:26:00,21:30:00,4,05:59:00,05:39:00,-20,2025-06-19,77160,21540,3
2025,6,19,4,LAX,EWR,2025-06-19 21:35:00,21:30:00,-5,05:55:00,05:59:00,4,2025-06-19,77700,21300,3
2025,6,19,4,LAX,EWR,2025-06-19 23:59:00,00:11:00,12,08:12:00,08:22:00,10,2025-06-19,86340,29520,3
2025,6,19,4,LAX,FAT,2025-06-19 10:30:00,10:27:00,-3,11:48:00,11:26:00,-22,2025-06-19,37800,42480,3
2025,6,19,4,LAX,FAT,2025-06-19 19:10:00,19:04:00,-6,20:24:00,20:02:00,-22,2025-06-19,69000,73440,3
2025,6,19,4,LAX,FAT,2025-06-19 22:38:00,22:29:00,-9,23:52:00,00:01:00,9,2025-06-19,81480,85920,3
2025,6,19,4,LAX,FCA,2025-06-19 09:22:00,09:16:00,-6,13:21:00,12:46:00,-35,2025-06-19,33720,48060,3
2025,6,19,4,LAX,FLL,2025-06-19 08:00:00,08:00:00,0,16:14:00,16:06:00,-8,2025-06-19,28800,58440,3
2025,6,19,4,LAX,FLL,2025-06-19 11:12:00,11:06:00,-6,19:26:00,19:04:00,-22,2025-06-19,40320,69960,3
2025,6,19,4,LAX,FLL,2025-06-19 13:45:00,13:42:00,-3,21:58:00,21:57:00,-1,2025-06-19,49500,79080,3
2025,6,19,4,LAX,FLL,2025-06-19 16:42:00,16:36:00,-6,00:48:00,00:25:00,-23,2025-06-19,60120,2880,3
2025,6,19,4,LAX,FLL,2025-06-19 21:55:00,21:55:00,0,06:03:00,06:03:00,0,2025-06-19,78900,21780,3
2025,6,19,4,LAX,FLL,2025-06-19 23:09:00,23:04:00,-5,07:05:00,06:55:00,-10,2025-06-19,83340,25500,3
2025,6,19,4,LAX,GEG,2025-06-19 11:14:00,11:10:00,-4,13:52:00,13:21:00,-31,2025-06-19,40440,49920,3
2025,6,19,4,LAX,GEG,2025-06-19 15:16:00,15:04:00,-12,17:47:00,17:18:00,-29,2025-06-19,54960,64020,3
2025,6,19,4,LAX,GEG,2025-06-19 18:59:00,18:49:00,-10,21:33:00,21:00:00,-33,2025-06-19,68340,77580,3
2025,6,19,4,LAX,HNL,2025-06-19 07:05:00,06:59:00,-6,10:10:00,09:38:00,-32,2025-06-19,25500,36600,3
2025,6,19,4,LAX,HNL,2025-06-19 08:25:00,08:40:00,15,11:07:00,11:11:00,4,2025-06-19,30300,40020,3
2025,6,19,4,LAX,HNL,2025-06-19 08:30:00,08:48:00,18,11:05:00,11:14:00,9,2025-06-19,30600,39900,3
2025,6,19,4,LAX,HNL,2025-06-19 08:35:00,08:29:00,-6,11:17:00,11:13:00,-4,2025-06-19,30900,40620,3
2025,6,19,4,LAX,HNL,2025-06-19 08:49:00,08:46:00,-3,11:37:00,11:29:00,-8,2025-06-19,31740,41820,3
2025,6,19,4,LAX,HNL,2025-06-19 10:10:00,10:10:00,0,12:40:00,12:40:00,0,2025-06-19,36600,45600,3
2025,6,19,4,LAX,HNL,2025-06-19 11:15:00,11:13:00,-2,14:04:00,13:46:00,-18,2025-06-19,40500,50640,3
2025,6,19,4,LAX,HNL,2025-06-19 13:15:00,13:09:00,-6,16:01:00,15:51:00,-10,2025-06-19,47700,57660,3
2025,6,19,4,LAX,HNL,2025-06-19 13:35:00,13:55:00,20,16:18:00,16:30:00,12,2025-06-19,48900,58680,3
2025,6,19,4,LAX,HNL,2025-06-19 14:44:00,14:42:00,-2,17:28:00,17:19:00,-9,2025-06-19,53040,62880,3
2025,6,19,4,LAX,HNL,2025-06-19 17:10:00,17:03:00,-7,19:44:00,19:30:00,-14,2025-06-19,61800,71040,3
2025,6,19,4,LAX,HNL,2025-06-19 17:45:00,17:46:00,1,20:30:00,20:23:00,-7,2025-06-19,63900,73800,3
2025,6,19,4,LAX,HNL,2025-06-19 18:20:00,18:24:00,4,20:57:00,21:01:00,4,2025-06-19,66000,75420,3
2025,6,19,4,LAX,HNL,2025-06-19 18:25:00,18:39:00,14,21:15:00,21:12:00,-3,2025-06-19,66300,76500,3
2025,6,19,4,LAX,HNL,2025-06-19 18:45:00,19:02:00,17,21:28:00,21:40:00,12,2025-06-19,67500,77280,3
2025,6,19,4,LAX,HNL,2025-06-19 19:13:00,19:28:00,15,21:55:00,21:55:00,0,2025-06-19,69180,78900,3
2025,6,19,4,LAX,HNL,2025-06-19 20:40:00,20:55:00,15,23:29:00,23:43:00,14,2025-06-19,74400,84540,3
2025,6,19,4,LAX,HOU,2025-06-19 05:05:00,05:07:00,2,10:30:00,10:24:00,-6,2025-06-19,18300,37800,3
2025,6,19,4,LAX,HOU,2025-06-19 13:35:00,13:54:00,19,19:00:00,19:10:00,10,2025-06-19,48900,68400,3
2025,6,19,4,LAX,HOU,2025-06-19 17:45:00,18:09:00,24,23:05:00,23:31:00,26,2025-06-19,63900,83100,3
2025,6,19,4,LAX,HOU,2025-06-19 23:50:00,23:50:00,0,05:15:00,05:00:00,-15,2025-06-19,85800,18900,3
2025,6,19,4,LAX,IAD,2025-06-19 06:20:00,06:19:00,-1,14:23:00,14:11:00,-12,2025-06-19,22800,51780,3
2025,6,19,4,LAX,IAD,2025-06-19 08:20:00,08:19:00,-1,16:25:00,16:59:00,34,2025-06-19,30000,59100,3
2025,6,19,4,LAX,IAD,2025-06-19 10:15:00,10:08:00,-7,18:20:00,19:03:00,43,2025-06-19,36900,66000,3
2025,6,19,4,LAX,IAD,2025-06-19 13:15:00,13:21:00,6,21:20:00,21:07:00,-13,2025-06-19,47700,76800,3
2025,6,19,4,LAX,IAD,2025-06-19 16:45:00,16:35:00,-10,00:44:00,00:24:00,-20,2025-06-19,60300,2640,3
2025,6,19,4,LAX,IAD,2025-06-19 21:35:00,21:54:00,19,05:37:00,05:33:00,-4,2025-06-19,77700,20220,3
2025,6,19,4,LAX,IAD,2025-06-19 22:50:00,22:54:00,4,06:39:00,06:31:00,-8,2025-06-19,82200,23940,3
2025,6,19,4,LAX,IAH,2025-06-19 00:56:00,00:52:00,-4,06:18:00,06:03:00,-15,2025-06-19,3360,22680,3
2025,6,19,4,LAX,IAH,2025-06-19 05:15:00,05:12:00,-3,10:42:00,10:37:00,-5,2025-06-19,18900,38520,3
2025,6,19,4,LAX,IAH,2025-06-19 07:15:00,07:09:00,-6,12:40:00,12:34:00,-6,2025-06-19,26100,45600,3
2025,6,19,4,LAX,IAH,2025-06-19 08:40:00,08:38:00,-2,14:09:00,13:57:00,-12,2025-06-19,31200,50940,3
2025,6,19,4,LAX,IAH,2025-06-19 08:45:00,08:41:00,-4,14:07:00,14:06:00,-1,2025-06-19,31500,50820,3
2025,6,19,4,LAX,IAH,2025-06-19 10:15:00,10:11:00,-4,15:40:00,15:42:00,2,2025-06-19,36900,56400,3
2025,6,19,4,LAX,IAH,2025-06-19 11:28:00,11:30:00,2,16:48:00,16:51:00,3,2025-06-19,41280,60480,3
2025,6,19,4,LAX,IAH,2025-06-19 12:07:00,12:05:00,-2,17:24:00,17:55:00,31,2025-06-19,43620,62640,3
2025,6,19,4,LAX,IAH,2025-06-19 13:10:00,13:07:00,-3,18:40:00,18:52:00,12,2025-06-19,47400,67200,3
2025,6,19,4,LAX,IAH,2025-06-19 13:58:00,13:55:00,-3,19:25:00,19:24:00,-1,2025-06-19,50280,69900,3
2025,6,19,4,LAX,IAH,2025-06-19 14:23:00,14:35:00,12,20:01:00,19:55:00,-6,2025-06-19,51780,72060,3
2025,6,19,4,LAX,IAH,2025-06-19 18:09:00,18:06:00,-3,23:28:00,23:12:00,-16,2025-06-19,65340,84480,3
2025,6,19,4,LAX,IAH,2025-06-19 18:10:00,18:07:00,-3,23:33:00,23:12:00,-21,2025-06-19,65400,84780,3
2025,6,19,4,LAX,IAH,2025-06-19 19:20:00,19:12:00,-8,00:43:00,00:29:00,-14,2025-06-19,69600,2580,3
2025,6,19,4,LAX,IAH,2025-06-19 23:45:00,00:35:00,50,05:05:00,06:34:00,89,2025-06-19,85500,18300,3
2025,6,19,4,LAX,ICT,2025-06-19 06:20:00,06:14:00,-6,11:14:00,11:12:00,-2,2025-06-19,22800,40440,3
2025,6,19,4,LAX,IND,2025-06-19 10:36:00,10:34:00,-2,17:47:00,17:34:00,-13,2025-06-19,38160,64020,3
2025,6,19,4,LAX,IND,2025-06-19 14:12:00,14:20:00,8,21:14:00,21:24:00,10,2025-06-19,51120,76440,3
2025,6,19,4,LAX,JAC,2025-06-19 09:00:00,08:52:00,-8,12:18:00,12:04:00,-14,2025-06-19,32400,44280,3
2025,6,19,4,LAX,JAC,2025-06-19 10:30:00,10:28:00,-2,13:48:00,13:23:00,-25,2025-06-19,37800,49680,3
2025,6,19,4,LAX,JFK,2025-06-19 06:00:00,05:54:00,-6,14:34:00,14:40:00,6,2025-06-19,21600,52440,3
2025,6,19,4,LAX,JFK,2025-06-19 06:00:00,05:56:00,-4,14:30:00,14:33:00,3,2025-06-19,21600,52200,3
2025,6,19,4,LAX,JFK,2025-06-19 07:00:00,06:56:00,-4,15:35:00,15:35:00,0,2025-06-19,25200,56100,3
2025,6,19,4,LAX,JFK,2025-06-19 07:00:00,06:59:00,-1,15:35:00,15:19:00,-16,2025-06-19,25200,56100,3
2025,6,19,4,LAX,JFK,2025-06-19 07:10:00,07:02:00,-8,15:45:00,15:27:00,-18,2025-06-19,25800,56700,3
2025,6,19,4,LAX,JFK,2025-06-19 08:19:00,08:15:00,-4,16:58:00,17:26:00,28,2025-06-19,29940,61080,3
2025,6,19,4,LAX,JFK,2025-06-19 09:05:00,09:05:00,0,17:57:00,17:52:00,-5,2025-06-19,32700,64620,3
2025,6,19,4,LAX,JFK,2025-06-19 10:10:00,11:09:00,59,19:10:00,20:38:00,88,2025-06-19,36600,69000,3
2025,6,19,4,LAX,JFK,2025-06-19 12:21:00,12:26:00,5,21:00:00,22:11:00,71,2025-06-19,44460,75600,3
2025,6,19,4,LAX,JFK,2025-06-19 13:10:00,14:09:00,59,21:52:00,23:09:00,77,2025-06-19,47400,78720,3
2025,6,19,4,LAX,JFK,2025-06-19 14:20:00,14:41:00,21,22:52:00,00:38:00,106,2025-06-19,51600,82320,3
2025,6,19,4,LAX,JFK,2025-06-19 15:15:00,16:06:00,51,23:55:00,00:55:00,60,2025-06-19,54900,86100,3
2025,6,19,4,LAX,JFK,2025-06-19 15:20:00,15:17:00,-3,23:57:00,00:12:00,15,2025-06-19,55200,86220,3
2025,6,19,4,LAX,JFK,2025-06-19 16:20:00,16:15:00,-5,00:55:00,00:54:00,-1,2025-06-19,58800,3300,3
2025,6,19,4,LAX,JFK,2025-06-19 21:21:00,22:18:00,57,05:55:00,06:39:00,44,2025-06-19,76860,21300,3
2025,6,19,4,LAX,JFK,2025-06-19 22:50:00,23:07:00,17,07:23:00,07:18:00,-5,2025-06-19,82200,26580,3
2025,6,19,4,LAX,JFK,2025-06-19 22:52:00,23:01:00,9,07:32:00,07:12:00,-20,2025-06-19,82320,27120,3
2025,6,19,4,LAX,JFK,2025-06-19 23:55:00,00:17:00,22,08:30:00,09:05:00,35,2025-06-19,86100,30600,3
2025,6,19,4,LAX,KOA,2025-06-19 08:30:00,08:26:00,-4,11:10:00,11:30:00,20,2025-06-19,30600,40200,3
2025,6,19,4,LAX,KOA,2025-06-19 09:10:00,09:28:00,18,11:50:00,11:53:00,3,2025-06-19,33000,42600,3
2025,6,19,4,LAX,KOA,2025-06-19 11:19:00,11:12:00,-7,13:55:00,13:41:00,-14,2025-06-19,40740,50100,3
2025,6,19,4,LAX,KOA,2025-06-19 16:29:00,16:28:00,-1,18:59:00,18:59:00,0,2025-06-19,59340,68340,3
2025,6,19,4,LAX,KOA,2025-06-19 17:25:00,17:17:00,-8,20:03:00,19:49:00,-14,2025-06-19,62700,72180,3
2025,6,19,4,LAX,LAS,2025-06-19 05:20:00,05:26:00,6,06:35:00,06:38:00,3,2025-06-19,19200,23700,3
2025,6,19,4,LAX,LAS,2025-06-19 05:30:00,05:26:00,-4,06:42:00,06:29:00,-13,2025-06-19,19800,24120,3
2025,6,19,4,LAX,LAS,2025-06-19 07:25:00,07:35:00,10,08:45:00,08:43:00,-2,2025-06-19,26700,31500,3
2025,6,19,4,LAX,LAS,2025-06-19 07:30:00,07:33:00,3,08:40:00,08:38:00,-2,2025-06-19,27000,31200,3
2025,6,19,4,LAX,LAS,2025-06-19 08:26:00,08:21:00,-5,09:51:00,09:40:00,-11,2025-06-19,30360,35460,3
2025,6,19,4,LAX,LAS,2025-06-19 08:45:00,08:45:00,0,10:05:00,09:53:00,-12,2025-06-19,31500,36300,3
2025,6,19,4,LAX,LAS,2025-06-19 10:19:00,10:14:00,-5,11:31:00,11:15:00,-16,2025-06-19,37140,41460,3
2025,6,19,4,LAX,LAS,2025-06-19 11:25:00,11:27:00,2,12:45:00,12:30:00,-15,2025-06-19,41100,45900,3
2025,6,19,4,LAX,LAS,2025-06-19 11:40:00,12:14:00,34,12:54:00,13:18:00,24,2025-06-19,42000,46440,3
2025,6,19,4,LAX,LAS,2025-06-19 14:45:00,14:50:00,5,16:07:00,16:03:00,-4,2025-06-19,53100,58020,3
2025,6,19,4,LAX,LAS,2025-06-19 15:35:00,15:45:00,10,16:55:00,16:50:00,-5,2025-06-19,56100,60900,3
2025,6,19,4,LAX,LAS,2025-06-19 15:48:00,16:25:00,37,17:13:00,17:42:00,29,2025-06-19,56880,61980,3
2025,6,19,4,LAX,LAS,2025-06-19 17:40:00,17:42:00,2,18:55:00,18:39:00,-16,2025-06-19,63600,68100,3
2025,6,19,4,LAX,LAS,2025-06-19 17:55:00,17:52:00,-3,19:18:00,19:00:00,-18,2025-06-19,64500,69480,3
2025,6,19,4,LAX,LAS,2025-06-19 18:50:00,18:46:00,-4,20:00:00,20:05:00,5,2025-06-19,67800,72000,3
2025,6,19,4,LAX,LAS,2025-06-19 18:52:00,18:51:00,-1,20:08:00,19:53:00,-15,2025-06-19,67920,72480,3
2025,6,19,4,LAX,LAS,2025-06-19 19:30:00,19:21:00,-9,20:52:00,20:32:00,-20,2025-06-19,70200,75120,3
2025,6,19,4,LAX,LAS,2025-06-19 19:40:00,19:38:00,-2,21:00:00,20:43:00,-17,2025-06-19,70800,75600,3
2025,6,19,4,LAX,LAS,2025-06-19 19:45:00,20:03:00,18,21:08:00,21:21:00,13,2025-06-19,71100,76080,3
2025,6,19,4,LAX,LAS,2025-06-19 19:48:00,19:57:00,9,21:00:00,21:04:00,4,2025-06-19,71280,75600,3
2025,6,19,4,LAX,LAS,2025-06-19 19:59:00,19:52:00,-7,21:10:00,21:08:00,-2,2025-06-19,71940,76200,3
2025,6,19,4,LAX,LAS,2025-06-19 21:55:00,22:36:00,41,23:15:00,23:40:00,25,2025-06-19,78900,83700,3
2025,6,19,4,LAX,LAS,2025-06-19 22:18:00,22:43:00,25,23:35:00,23:49:00,14,2025-06-19,80280,84900,3
2025,6,19,4,LAX,LAS,2025-06-19 23:05:00,23:04:00,-1,00:27:00,00:23:00,-4,2025-06-19,83100,1620,3
2025,6,19,4,LAX,LIH,2025-06-19 08:42:00,08:35:00,-7,11:38:00,11:22:00,-16,2025-06-19,31320,41880,3
2025,6,19,4,LAX,LIH,2025-06-19 09:03:00,09:21:00,18,12:04:00,12:01:00,-3,2025-06-19,32580,43440,3
2025,6,19,4,LAX,LIH,2025-06-19 09:30:00,09:48:00,18,12:25:00,12:20:00,-5,2025-06-19,34200,44700,3
2025,6,19,4,LAX,MCI,2025-06-19 08:00:00,07:58:00,-2,13:15:00,12:57:00,-18,2025-06-19,28800,47700,3
2025,6,19,4,LAX,MCI,2025-06-19 09:30:00,09:26:00,-4,14:44:00,14:35:00,-9,2025-06-19,34200,53040,3
2025,6,19,4,LAX,MCI,2025-06-19 15:20:00,15:19:00,-1,20:29:00,20:26:00,-3,2025-06-19,55200,73740,3
2025,6,19,4,LAX,MCI,2025-06-19 18:15:00,18:05:00,-10,23:27:00,23:14:00,-13,2025-06-19,65700,84420,3
2025,6,19,4,LAX,MCO,2025-06-19 07:00:00,06:51:00,-9,14:58:00,14:55:00,-3,2025-06-19,25200,53880,3
2025,6,19,4,LAX,MCO,2025-06-19 10:02:00,09:57:00,-5,18:04:00,17:50:00,-14,2025-06-19,36120,65040,3
2025,6,19,4,LAX,MCO,2025-06-19 10:35:00,10:26:00,-9,18:38:00,18:25:00,-13,2025-06-19,38100,67080,3
2025,6,19,4,LAX,MCO,2025-06-19 11:20:00,12:09:00,49,19:14:00,20:11:00,57,2025-06-19,40800,69240,3
2025,6,19,4,LAX,MCO,2025-06-19 13:57:00,14:07:00,10,22:10:00,22:09:00,-1,2025-06-19,50220,79800,3
2025,6,19,4,LAX,MCO,2025-06-19 21:35:00,21:26:00,-9,05:36:00,05:08:00,-28,2025-06-19,77700,20160,3
2025,6,19,4,LAX,MCO,2025-06-19 21:45:00,21:38:00,-7,05:32:00,05:21:00,-11,2025-06-19,78300,19920,3
2025,6,19,4,LAX,MCO,2025-06-19 22:49:00,22:44:00,-5,06:47:00,06:36:00,-11,2025-06-19,82140,24420,3
2025,6,19,4,LAX,MDW,2025-06-19 08:40:00,08:51:00,11,14:45:00,14:37:00,-8,2025-06-19,31200,53100,3
2025,6,19,4,LAX,MDW,2025-06-19 13:15:00,13:17:00,2,19:20:00,19:11:00,-9,2025-06-19,47700,69600,3
2025,6,19,4,LAX,MDW,2025-06-19 16:10:00,16:16:00,6,22:10:00,22:06:00,-4,2025-06-19,58200,79800,3
2025,6,19,4,LAX,MDW,2025-06-19 22:55:00,22:56:00,1,05:00:00,04:40:00,-20,2025-06-19,82500,18000,3
2025,6,19,4,LAX,MEM,2025-06-19 18:20:00,18:40:00,20,23:58:00,00:19:00,21,2025-06-19,66000,86280,3
2025,6,19,4,LAX,MFE,2025-06-19 06:00:00,05:56:00,-4,11:09:00,10:56:00,-13,2025-06-19,21600,40140,3
2025,6,19,4,LAX,MIA,2025-06-19 06:00:00,05:56:00,-4,14:13:00,13:56:00,-17,2025-06-19,21600,51180,3
2025,6,19,4,LAX,MIA,2025-06-19 07:45:00,08:24:00,39,15:54:00,16:34:00,40,2025-06-19,27900,57240,3
2025,6,19,4,LAX,MIA,2025-06-19 09:00:00,08:59:00,-1,17:19:00,17:09:00,-10,2025-06-19,32400,62340,3
2025,6,19,4,LAX,MIA,2025-06-19 15:00:00,14:56:00,-4,23:10:00,22:55:00,-15,2025-06-19,54000,83400,3
2025,6,19,4,LAX,MIA,2025-06-19 21:40:00,22:08:00,28,05:50:00,06:08:00,18,2025-06-19,78000,21000,3
2025,6,19,4,LAX,MIA,2025-06-19 22:49:00,22:45:00,-4,07:01:00,06:59:00,-2,2025-06-19,82140,25260,3
2025,6,19,4,LAX,MIA,2025-06-19 23:43:00,00:14:00,31,07:50:00,08:40:00,50,2025-06-19,85380,28200,3
2025,6,19,4,LAX,MKE,2025-06-19 08:17:00,08:06:00,-11,14:10:00,14:05:00,-5,2025-06-19,29820,51000,3
2025,6,19,4,LAX,MRY,2025-06-19 08:20:00,08:19:00,-1,09:42:00,09:35:00,-7,2025-06-19,30000,34920,3
2025,6,19,4,LAX,MRY,2025-06-19 18:23:00,18:17:00,-6,19:37:00,19:22:00,-15,2025-06-19,66180,70620,3
2025,6,19,4,LAX,MSO,2025-06-19 11:31:00,11:29:00,-2,15:10:00,14:49:00,-21,2025-06-19,41460,54600,3
2025,6,19,4,LAX,MSP,2025-06-19 06:17:00,06:10:00,-7,11:48:00,11:41:00,-7,2025-06-19,22620,42480,3
2025,6,19,4,LAX,MSP,2025-06-19 08:00:00,07:58:00,-2,13:34:00,13:26:00,-8,2025-06-19,28800,48840,3
2025,6,19,4,LAX,MSP,2025-06-19 11:30:00,11:28:00,-2,17:02:00,16:47:00,-15,2025-06-19,41400,61320,3
2025,6,19,4,LAX,MSP,2025-06-19 13:25:00,13:25:00,0,18:55:00,18:58:00,3,2025-06-19,48300,68100,3
2025,6,19,4,LAX,MSP,2025-06-19 15:20:00,15:20:00,0,20:49:00,20:40:00,-9,2025-06-19,55200,74940,3
2025,6,19,4,LAX,MSP,2025-06-19 18:50:00,18:41:00,-9,00:20:00,23:59:00,-21,2025-06-19,67800,1200,3
2025,6,19,4,LAX,MSP,2025-06-19 23:30:00,23:31:00,1,05:04:00,04:41:00,-23,2025-06-19,84600,18240,3
2025,6,19,4,LAX,MSY,2025-06-19 07:00:00,06:59:00,-1,12:40:00,12:50:00,10,2025-06-19,25200,45600,3
2025,6,19,4,LAX,MSY,2025-06-19 12:10:00,12:03:00,-7,17:53:00,17:41:00,-12,2025-06-19,43800,64380,3
2025,6,19,4,LAX,MSY,2025-06-19 12:25:00,12:42:00,17,18:10:00,18:24:00,14,2025-06-19,44700,65400,3
2025,6,19,4,LAX,MSY,2025-06-19 17:47:00,17:36:00,-11,23:27:00,23:20:00,-7,2025-06-19,64020,84420,3
2025,6,19,4,LAX,MSY,2025-06-19 18:18:00,18:37:00,19,23:58:00,00:15:00,17,2025-06-19,65880,86280,3
2025,6,19,4,LAX,OAK,2025-06-19 06:10:00,06:02:00,-8,07:35:00,07:26:00,-9,2025-06-19,22200,27300,3
2025,6,19,4,LAX,OAK,2025-06-19 08:05:00,08:00:00,-5,09:30:00,09:05:00,-25,2025-06-19,29100,34200,3
2025,6,19,4,LAX,OAK,2025-06-19 09:25:00,09:19:00,-6,10:50:00,10:40:00,-10,2025-06-19,33900,39000,3
2025,6,19,4,LAX,OAK,2025-06-19 11:50:00,11:45:00,-5,13:15:00,12:55:00,-20,2025-06-19,42600,47700,3
2025,6,19,4,LAX,OAK,2025-06-19 15:05:00,15:29:00,24,16:25:00,16:34:00,9,2025-06-19,54300,59100,3
2025,6,19,4,LAX,OAK,2025-06-19 18:45:00,19:14:00,29,20:10:00,20:25:00,15,2025-06-19,67500,72600,3
2025,6,19,4,LAX,OGG,2025-06-19 07:00:00,06:57:00,-3,09:35:00,09:29:00,-6,2025-06-19,25200,34500,3
2025,6,19,4,LAX,OGG,2025-06-19 08:00:00,07:57:00,-3,10:31:00,10:19:00,-12,2025-06-19,28800,37860,3
2025,6,19,4,LAX,OGG,2025-06-19 08:15:00,08:19:00,4,10:55:00,11:18:00,23,2025-06-19,29700,39300,3
2025,6,19,4,LAX,OGG,2025-06-19 09:02:00,09:04:00,2,11:47:00,11:55:00,8,2025-06-19,32520,42420,3
2025,6,19,4,LAX,OGG,2025-06-19 16:55:00,16:54:00,-1,19:34:00,19:23:00,-11,2025-06-19,60900,70440,3
2025,6,19,4,LAX,OGG,2025-06-19 16:56:00,16:51:00,-5,19:28:00,19:17:00,-11,2025-06-19,60960,70080,3
2025,6,19,4,LAX,OGG,2025-06-19 17:54:00,17:48:00,-6,20:30:00,20:13:00,-17,2025-06-19,64440,73800,3
2025,6,19,4,LAX,OKC,2025-06-19 09:00:00,08:56:00,-4,14:00:00,13:51:00,-9,2025-06-19,32400,50400,3
2025,6,19,4,LAX,OKC,2025-06-19 17:32:00,18:24:00,52,22:30:00,23:23:00,53,2025-06-19,63120,81000,3
2025,6,19,4,LAX,OMA,2025-06-19 12:36:00,12:29:00,-7,17:52:00,17:30:00,-22,2025-06-19,45360,64320,3
2025,6,19,4,LAX,ORD,2025-06-19 00:30:00,00:24:00,-6,06:42:00,06:23:00,-19,2025-06-19,1800,24120,3
2025,6,19,4,LAX,ORD,2025-06-19 00:32:00,01:09:00,37,06:38:00,07:14:00,36,2025-06-19,1920,23880,3
2025,6,19,4,LAX,ORD,2025-06-19 00:44:00,00:35:00,-9,06:51:00,06:37:00,-14,2025-06-19,2640,24660,3
2025,6,19,4,LAX,ORD,2025-06-19 05:35:00,05:29:00,-6,11:44:00,11:38:00,-6,2025-06-19,20100,42240,3
2025,6,19,4,LAX,ORD,2025-06-19 06:05:00,06:02:00,-3,12:21:00,12:03:00,-18,2025-06-19,21900,44460,3
2025,6,19,4,LAX,ORD,2025-06-19 06:30:00,06:25:00,-5,12:38:00,12:28:00,-10,2025-06-19,23400,45480,3
2025,6,19,4,LAX,ORD,2025-06-19 08:00:00,07:54:00,-6,14:15:00,13:49:00,-26,2025-06-19,28800,51300,3
2025,6,19,4,LAX,ORD,2025-06-19 08:15:00,08:11:00,-4,14:39:00,14:07:00,-32,2025-06-19,29700,52740,3
2025,6,19,4,LAX,ORD,2025-06-19 09:36:00,09:38:00,2,15:44:00,15:30:00,-14,2025-06-19,34560,56640,3
2025,6,19,4,LAX,ORD,2025-06-19 10:40:00,10:39:00,-1,16:56:00,16:39:00,-17,2025-06-19,38400,60960,3
2025,6,19,4,LAX,ORD,2025-06-19 11:05:00,11:21:00,16,17:17:00,17:32:00,15,2025-06-19,39900,62220,3
2025,6,19,4,LAX,ORD,2025-06-19 11:45:00,12:40:00,55,17:53:00,19:03:00,70,2025-06-19,42300,64380,3
2025,6,19,4,LAX,ORD,2025-06-19 12:37:00,12:28:00,-9,18:55:00,18:38:00,-17,2025-06-19,45420,68100,3
2025,6,19,4,LAX,ORD,2025-06-19 13:00:00,13:02:00,2,19:29:00,19:09:00,-20,2025-06-19,46800,70140,3
2025,6,19,4,LAX,ORD,2025-06-19 14:01:00,13:58:00,-3,20:25:00,20:22:00,-3,2025-06-19,50460,73500,3
2025,6,19,4,LAX,ORD,2025-06-19 16:40:00,16:38:00,-2,23:04:00,22:30:00,-34,2025-06-19,60000,83040,3
2025,6,19,4,LAX,ORD,2025-06-19 16:46:00,17:26:00,40,23:05:00,23:41:00,36,2025-06-19,60360,83100,3
2025,6,19,4,LAX,ORD,2025-06-19 17:29:00,17:45:00,16,23:35:00,23:41:00,6,2025-06-19,62940,84900,3
2025,6,19,4,LAX,ORD,2025-06-19 17:38:00,17:30:00,-8,23:59:00,23:22:00,-37,2025-06-19,63480,86340,3
2025,6,19,4,LAX,ORD,2025-06-19 22:40:00,23:10:00,30,04:51:00,05:06:00,15,2025-06-19,81600,17460,3
2025,6,19,4,LAX,ORD,2025-06-19 23:00:00,23:29:00,29,05:13:00,05:31:00,18,2025-06-19,82800,18780,3
2025,6,19,4,LAX,ORD,2025-06-19 23:37:00,23:36:00,-1,05:49:00,05:32:00,-17,2025-06-19,85020,20940,3
2025,6,19,4,LAX,PDX,2025-06-19 07:00:00,06:54:00,-6,09:21:00,09:00:00,-21,2025-06-19,25200,33660,3
2025,6,19,4,LAX,PDX,2025-06-19 07:00:00,06:59:00,-1,09:23:00,09:15:00,-8,2025-06-19,25200,33780,3
2025,6,19,4,LAX,PDX,2025-06-19 08:45:00,09:38:00,53,11:10:00,11:43:00,33,2025-06-19,31500,40200,3
2025,6,19,4,LAX,PDX,2025-06-19 09:05:00,08:58:00,-7,11:31:00,11:13:00,-18,2025-06-19,32700,41460,3
2025,6,19,4,LAX,PDX,2025-06-19 09:43:00,09:52:00,9,12:14:00,12:05:00,-9,2025-06-19,34980,44040,3
2025,6,19,4,LAX,PDX,2025-06-19 11:02:00,10:57:00,-5,13:25:00,13:07:00,-18,2025-06-19,39720,48300,3
2025,6,19,4,LAX,PDX,2025-06-19 12:01:00,11:50:00,-11,14:25:00,14:04:00,-21,2025-06-19,43260,51900,3
2025,6,19,4,LAX,PDX,2025-06-19 13:40:00,13:34:00,-6,16:00:00,15:41:00,-19,2025-06-19,49200,57600,3
2025,6,19,4,LAX,PDX,2025-06-19 14:05:00,13:59:00,-6,16:26:00,16:14:00,-12,2025-06-19,50700,59160,3
2025,6,19,4,LAX,PDX,2025-06-19 16:40:00,16:32:00,-8,18:59:00,18:36:00,-23,2025-06-19,60000,68340,3
2025,6,19,4,LAX,PDX,2025-06-19 18:07:00,18:02:00,-5,20:30:00,20:18:00,-12,2025-06-19,65220,73800,3
2025,6,19,4,LAX,PDX,2025-06-19 21:51:00,22:12:00,21,00:14:00,00:31:00,17,2025-06-19,78660,840,3
2025,6,19,4,LAX,PHL,2025-06-19 01:08:00,01:04:00,-4,09:16:00,09:04:00,-12,2025-06-19,4080,33360,3
2025,6,19,4,LAX,PHL,2025-06-19 06:45:00,06:36:00,-9,14:54:00,15:03:00,9,2025-06-19,24300,53640,3
2025,6,19,4,LAX,PHL,2025-06-19 07:45:00,07:37:00,-8,15:56:00,15:36:00,-20,2025-06-19,27900,57360,3
2025,6,19,4,LAX,PHL,2025-06-19 09:00:00,09:03:00,3,17:18:00,17:20:00,2,2025-06-19,32400,62280,3
2025,6,19,4,LAX,PHL,2025-06-19 11:40:00,11:36:00,-4,19:56:00,20:29:00,33,2025-06-19,42000,71760,3
2025,6,19,4,LAX,PHL,2025-06-19 22:56:00,22:51:00,-5,07:00:00,07:00:00,0,2025-06-19,82560,25200,3
2025,6,19,4,LAX,PHX,2025-06-19 05:25:00,05:22:00,-3,06:55:00,06:45:00,-10,2025-06-19,19500,24900,3
2025,6,19,4,LAX,PHX,2025-06-19 06:10:00,06:02:00,-8,07:39:00,07:31:00,-8,2025-06-19,22200,27540,3
2025,6,19,4,LAX,PHX,2025-06-19 07:05:00,07:00:00,-5,08:30:00,08:22:00,-8,2025-06-19,25500,30600,3
2025,6,19,4,LAX,PHX,2025-06-19 07:50:00,07:50:00,0,09:15:00,09:05:00,-10,2025-06-19,28200,33300,3
2025,6,19,4,LAX,PHX,2025-06-19 08:15:00,08:11:00,-4,09:51:00,09:39:00,-12,2025-06-19,29700,35460,3
2025,6,19,4,LAX,PHX,2025-06-19 10:00:00,09:55:00,-5,11:30:00,11:08:00,-22,2025-06-19,36000,41400,3
2025,6,19,4,LAX,PHX,2025-06-19 10:15:00,10:14:00,-1,11:45:00,11:35:00,-10,2025-06-19,36900,42300,3
2025,6,19,4,LAX,PHX,2025-06-19 11:05:00,11:04:00,-1,12:35:00,12:09:00,-26,2025-06-19,39900,45300,3
2025,6,19,4,LAX,PHX,2025-06-19 13:25:00,13:18:00,-7,15:03:00,14:45:00,-18,2025-06-19,48300,54180,3
2025,6,19,4,LAX,PHX,2025-06-19 13:25:00,13:32:00,7,14:50:00,15:00:00,10,2025-06-19,48300,53400,3
2025,6,19,4,LAX,PHX,2025-06-19 14:00:00,13:56:00,-4,15:28:00,15:18:00,-10,2025-06-19,50400,55680,3
2025,6,19,4,LAX,PHX,2025-06-19 14:23:00,14:57:00,34,16:02:00,16:21:00,19,2025-06-19,51780,57720,3
2025,6,19,4,LAX,PHX,2025-06-19 14:40:00,15:16:00,36,16:10:00,16:32:00,22,2025-06-19,52800,58200,3
2025,6,19,4,LAX,PHX,2025-06-19 16:32:00,16:24:00,-8,17:59:00,17:42:00,-17,2025-06-19,59520,64740,3
2025,6,19,4,LAX,PHX,2025-06-19 17:30:00,17:23:00,-7,18:55:00,18:46:00,-9,2025-06-19,63000,68100,3
2025,6,19,4,LAX,PHX,2025-06-19 19:10:00,19:22:00,12,20:39:00,21:30:00,51,2025-06-19,69000,74340,3
2025,6,19,4,LAX,PHX,2025-06-19 21:34:00,21:27:00,-7,23:05:00,22:51:00,-14,2025-06-19,77640,83100,3
2025,6,19,4,LAX,PHX,2025-06-19 21:35:00,21:24:00,-11,23:15:00,22:34:00,-41,2025-06-19,77700,83700,3
2025,6,19,4,LAX,PHX,2025-06-19 22:35:00,22:30:00,-5,00:13:00,23:48:00,-25,2025-06-19,81300,780,3
2025,6,19,4,LAX,PIT,2025-06-19 09:15:00,09:07:00,-8,17:00:00,16:57:00,-3,2025-06-19,33300,61200,3
2025,6,19,4,LAX,PRC,2025-06-19 19:45:00,19:40:00,-5,21:11:00,20:54:00,-17,2025-06-19,71100,76260,3
2025,6,19,4,LAX,PSC,2025-06-19 21:25:00,22:13:00,48,23:59:00,00:44:00,45,2025-06-19,77100,86340,3
2025,6,19,4,LAX,RDD,2025-06-19 12:50:00,12:43:00,-7,14:39:00,14:21:00,-18,2025-06-19,46200,52740,3
2025,6,19,4,LAX,RDM,2025-06-19 12:45:00,12:41:00,-4,15:03:00,14:46:00,-17,2025-06-19,45900,54180,3
2025,6,19,4,LAX,RDU,2025-06-19 08:57:00,08:54:00,-3,16:54:00,16:55:00,1,2025-06-19,32220,60840,3
2025,6,19,4,LAX,RDU,2025-06-19 10:37:00,10:38:00,1,18:31:00,18:44:00,13,2025-06-19,38220,66660,3
2025,6,19,4,LAX,RDU,2025-06-19 22:20:00,22:18:00,-2,06:18:00,06:04:00,-14,2025-06-19,80400,22680,3
2025,6,19,4,LAX,RDU,2025-06-19 22:43:00,22:42:00,-1,06:30:00,06:20:00,-10,2025-06-19,81780,23400,3
2025,6,19,4,LAX,RNO,2025-06-19 09:59:00,09:59:00,0,11:31:00,11:19:00,-12,2025-06-19,35940,41460,3
2025,6,19,4,LAX,RNO,2025-06-19 10:19:00,10:14:00,-5,12:00:00,11:45:00,-15,2025-06-19,37140,43200,3
2025,6,19,4,LAX,RNO,2025-06-19 14:25:00,14:42:00,17,15:50:00,15:51:00,1,2025-06-19,51900,57000,3
2025,6,19,4,LAX,RNO,2025-06-19 15:02:00,14:52:00,-10,16:30:00,16:09:00,-21,2025-06-19,54120,59400,3
2025,6,19,4,LAX,RNO,2025-06-19 17:10:00,17:07:00,-3,18:44:00,18:42:00,-2,2025-06-19,61800,67440,3
2025,6,19,4,LAX,RNO,2025-06-19 20:15:00,20:12:00,-3,21:49:00,21:34:00,-15,2025-06-19,72900,78540,3
2025,6,19,4,LAX,RNO,2025-06-19 20:50:00,20:44:00,-6,22:17:00,22:06:00,-11,2025-06-19,75000,80220,3
2025,6,19,4,LAX,RNO,2025-06-19 22:16:00,23:13:00,57,23:53:00,00:46:00,53,2025-06-19,80160,85980,3
2025,6,19,4,LAX,SAN,2025-06-19 08:20:00,08:12:00,-8,09:19:00,09:03:00,-16,2025-06-19,30000,33540,3
2025,6,19,4,LAX,SAN,2025-06-19 09:20:00,09:21:00,1,10:24:00,10:14:00,-10,2025-06-19,33600,37440,3
2025,6,19,4,LAX,SAN,2025-06-19 14:28:00,14:24:00,-4,15:22:00,15:13:00,-9,2025-06-19,52080,55320,3
2025,6,19,4,LAX,SAN,2025-06-19 18:00:00,18:03:00,3,18:54:00,18:59:00,5,2025-06-19,64800,68040,3
2025,6,19,4,LAX,SAN,2025-06-19 18:46:00,19:00:00,14,19:47:00,19:44:00,-3,2025-06-19,67560,71220,3
2025,6,19,4,LAX,SAN,2025-06-19 21:59:00,21:53:00,-6,22:53:00,22:57:00,4,2025-06-19,79140,82380,3
2025,6,19,4,LAX,SAN,2025-06-19 22:45:00,22:40:00,-5,23:46:00,23:34:00,-12,2025-06-19,81900,85560,3
2025,6,19,4,LAX,SAT,2025-06-19 07:10:00,07:05:00,-5,12:02:00,11:55:00,-7,2025-06-19,25800,43320,3
2025,6,19,4,LAX,SAT,2025-06-19 09:12:00,09:06:00,-6,14:19:00,14:17:00,-2,2025-06-19,33120,51540,3
2025,6,19,4,LAX,SAT,2025-06-19 09:30:00,09:24:00,-6,14:23:00,14:09:00,-14,2025-06-19,34200,51780,3
2025,6,19,4,LAX,SAT,2025-06-19 14:10:00,14:39:00,29,19:10:00,19:17:00,7,2025-06-19,51000,69000,3
2025,6,19,4,LAX,SAT,2025-06-19 15:19:00,15:26:00,7,20:13:00,20:11:00,-2,2025-06-19,55140,72780,3
2025,6,19,4,LAX,SAT,2025-06-19 17:00:00,16:53:00,-7,21:58:00,21:48:00,-10,2025-06-19,61200,79080,3
2025,6,19,4,LAX,SAT,2025-06-19 18:58:00,18:59:00,1,23:49:00,23:51:00,2,2025-06-19,68280,85740,3
2025,6,19,4,LAX,SBA,2025-06-19 15:20:00,15:18:00,-2,16:12:00,16:00:00,-12,2025-06-19,55200,58320,3
2025,6,19,4,LAX,SBA,2025-06-19 23:00:00,22:37:00,-23,23:58:00,23:30:00,-28,2025-06-19,82800,86280,3
2025,6,19,4,LAX,SBP,2025-06-19 15:00:00,14:57:00,-3,16:01:00,15:45:00,-16,2025-06-19,54000,57660,3
2025,6,19,4,LAX,SBP,2025-06-19 22:32:00,22:29:00,-3,23:36:00,23:27:00,-9,2025-06-19,81120,84960,3
2025,6,19,4,LAX,SDF,2025-06-19 11:34:00,11:30:00,-4,18:35:00,18:44:00,9,2025-06-19,41640,66900,3
2025,6,19,4,LAX,SEA,2025-06-19 06:00:00,05:57:00,-3,08:50:00,08:37:00,-13,2025-06-19,21600,31800,3
2025,6,19,4,LAX,SEA,2025-06-19 07:00:00,06:54:00,-6,09:54:00,09:31:00,-23,2025-06-19,25200,35640,3
2025,6,19,4,LAX,SEA,2025-06-19 07:00:00,06:55:00,-5,09:47:00,09:31:00,-16,2025-06-19,25200,35220,3
2025,6,19,4,LAX,SEA,2025-06-19 08:00:00,08:11:00,11,10:49:00,10:58:00,9,2025-06-19,28800,38940,3
2025,6,19,4,LAX,SEA,2025-06-19 09:45:00,10:02:00,17,12:42:00,12:28:00,-14,2025-06-19,35100,45720,3
2025,6,19,4,LAX,SEA,2025-06-19 09:50:00,10:10:00,20,12:35:00,12:48:00,13,2025-06-19,35400,45300,3
2025,6,19,4,LAX,SEA,2025-06-19 11:10:00,11:11:00,1,14:01:00,13:40:00,-21,2025-06-19,40200,50460,3
2025,6,19,4,LAX,SEA,2025-06-19 11:15:00,11:24:00,9,14:09:00,13:54:00,-15,2025-06-19,40500,50940,3
2025,6,19,4,LAX,SEA,2025-06-19 11:55:00,11:51:00,-4,14:39:00,14:13:00,-26,2025-06-19,42900,52740,3
2025,6,19,4,LAX,SEA,2025-06-19 14:10:00,14:18:00,8,16:54:00,16:50:00,-4,2025-06-19,51000,60840,3
2025,6,19,4,LAX,SEA,2025-06-19 14:15:00,14:19:00,4,17:00:00,16:48:00,-12,2025-06-19,51300,61200,3
2025,6,19,4,LAX,SEA,2025-06-19 15:10:00,15:12:00,2,17:54:00,17:40:00,-14,2025-06-19,54600,64440,3
2025,6,19,4,LAX,SEA,2025-06-19 17:15:00,17:19:00,4,20:00:00,19:49:00,-11,2025-06-19,62100,72000,3
2025,6,19,4,LAX,SEA,2025-06-19 17:43:00,17:34:00,-9,20:35:00,20:02:00,-33,2025-06-19,63780,74100,3
2025,6,19,4,LAX,SEA,2025-06-19 18:15:00,18:34:00,19,21:00:00,21:21:00,21,2025-06-19,65700,75600,3
2025,6,19,4,LAX,SEA,2025-06-19 18:39:00,19:30:00,51,21:34:00,22:15:00,41,2025-06-19,67140,77640,3
2025,6,19,4,LAX,SEA,2025-06-19 19:07:00,19:04:00,-3,21:58:00,21:40:00,-18,2025-06-19,68820,79080,3
2025,6,19,4,LAX,SEA,2025-06-19 19:25:00,19:57:00,32,22:10:00,23:25:00,75,2025-06-19,69900,79800,3
2025,6,19,4,LAX,SEA,2025-06-19 19:59:00,20:28:00,29,22:57:00,22:57:00,0,2025-06-19,71940,82620,3
2025,6,19,4,LAX,SEA,2025-06-19 21:15:00,21:07:00,-8,23:59:00,23:57:00,-2,2025-06-19,76500,86340,3
2025,6,19,4,LAX,SEA,2025-06-19 21:29:00,21:33:00,4,00:25:00,00:02:00,-23,2025-06-19,77340,1500,3
2025,6,19,4,LAX,SFO,2025-06-19 06:00:00,05:55:00,-5,07:38:00,07:11:00,-27,2025-06-19,21600,27480,3
2025,6,19,4,LAX,SFO,2025-06-19 06:30:00,06:24:00,-6,07:52:00,07:31:00,-21,2025-06-19,23400,28320,3
2025,6,19,4,LAX,SFO,2025-06-19 06:30:00,06:26:00,-4,07:50:00,07:33:00,-17,2025-06-19,23400,28200,3
2025,6,19,4,LAX,SFO,2025-06-19 07:00:00,07:00:00,0,08:29:00,08:31:00,2,2025-06-19,25200,30540,3
2025,6,19,4,LAX,SFO,2025-06-19 07:00:00,07:17:00,17,08:36:00,08:36:00,0,2025-06-19,25200,30960,3
2025,6,19,4,LAX,SFO,2025-06-19 08:05:00,07:58:00,-7,09:45:00,09:11:00,-34,2025-06-19,29100,35100,3
2025,6,19,4,LAX,SFO,2025-06-19 08:35:00,08:28:00,-7,09:58:00,09:50:00,-8,2025-06-19,30900,35880,3
2025,6,19,4,LAX,SFO,2025-06-19 09:10:00,09:08:00,-2,10:45:00,10:26:00,-19,2025-06-19,33000,38700,3
2025,6,19,4,LAX,SFO,2025-06-19 10:00:00,09:57:00,-3,11:20:00,11:07:00,-13,2025-06-19,36000,40800,3
2025,6,19,4,LAX,SFO,2025-06-19 10:15:00,10:10:00,-5,11:40:00,11:26:00,-14,2025-06-19,36900,42000,3
2025,6,19,4,LAX,SFO,2025-06-19 10:26:00,10:20:00,-6,11:59:00,11:32:00,-27,2025-06-19,37560,43140,3
2025,6,19,4,LAX,SFO,2025-06-19 11:29:00,11:27:00,-2,12:56:00,12:44:00,-12,2025-06-19,41340,46560,3
2025,6,19,4,LAX,SFO,2025-06-19 12:20:00,12:24:00,4,13:43:00,13:40:00,-3,2025-06-19,44400,49380,3
2025,6,19,4,LAX,SFO,2025-06-19 13:30:00,13:25:00,-5,14:52:00,15:04:00,12,2025-06-19,48600,53520,3
2025,6,19,4,LAX,SFO,2025-06-19 13:39:00,13:37:00,-2,15:07:00,15:41:00,34,2025-06-19,49140,54420,3
2025,6,19,4,LAX,SFO,2025-06-19 14:22:00,14:12:00,-10,15:48:00,15:50:00,2,2025-06-19,51720,56880,3
2025,6,19,4,LAX,SFO,2025-06-19 15:44:00,16:05:00,21,17:11:00,18:24:00,73,2025-06-19,56640,61860,3
2025,6,19,4,LAX,SFO,2025-06-19 16:10:00,16:03:00,-7,17:39:00,17:42:00,3,2025-06-19,58200,63540,3
2025,6,19,4,LAX,SFO,2025-06-19 16:27:00,16:47:00,20,17:45:00,18:07:00,22,2025-06-19,59220,63900,3
2025,6,19,4,LAX,SFO,2025-06-19 16:30:00,16:26:00,-4,17:55:00,17:45:00,-10,2025-06-19,59400,64500,3
2025,6,19,4,LAX,SFO,2025-06-19 17:10:00,17:02:00,-8,18:40:00,18:29:00,-11,2025-06-19,61800,67200,3
2025,6,19,4,LAX,SFO,2025-06-19 17:40:00,17:52:00,12,19:02:00,19:11:00,9,2025-06-19,63600,68520,3
2025,6,19,4,LAX,SFO,2025-06-19 18:20:00,18:11:00,-9,19:43:00,19:34:00,-9,2025-06-19,66000,70980,3
2025,6,19,4,LAX,SFO,2025-06-19 18:40:00,18:37:00,-3,20:09:00,20:24:00,15,2025-06-19,67200,72540,3
2025,6,19,4,LAX,SFO,2025-06-19 18:59:00,19:30:00,31,20:28:00,20:52:00,24,2025-06-19,68340,73680,3
2025,6,19,4,LAX,SFO,2025-06-19 19:25:00,19:47:00,22,20:57:00,21:16:00,19,2025-06-19,69900,75420,3
2025,6,19,4,LAX,SFO,2025-06-19 19:35:00,19:39:00,4,20:58:00,21:09:00,11,2025-06-19,70500,75480,3
2025,6,19,4,LAX,SFO,2025-06-19 19:55:00,20:35:00,40,21:25:00,21:44:00,19,2025-06-19,71700,77100,3
2025,6,19,4,LAX,SFO,2025-06-19 21:30:00,22:16:00,46,23:02:00,23:36:00,34,2025-06-19,77400,82920,3
2025,6,19,4,LAX,SFO,2025-06-19 21:49:00,22:13:00,24,23:12:00,23:28:00,16,2025-06-19,78540,83520,3
2025,6,19,4,LAX,SFO,2025-06-19 22:25:00,22:19:00,-6,23:52:00,23:54:00,2,2025-06-19,80700,85920,3
2025,6,19,4,LAX,SGU,2025-06-19 13:15:00,13:06:00,-9,15:47:00,15:41:00,-6,2025-06-19,47700,56820,3
2025,6,19,4,LAX,SJC,2025-06-19 06:05:00,06:00:00,-5,07:25:00,07:19:00,-6,2025-06-19,21900,26700,3
2025,6,19,4,LAX,SJC,2025-06-19 07:05:00,06:59:00,-6,08:20:00,08:14:00,-6,2025-06-19,25500,30000,3
2025,6,19,4,LAX,SJC,2025-06-19 09:00:00,08:54:00,-6,10:20:00,10:02:00,-18,2025-06-19,32400,37200,3
2025,6,19,4,LAX,SJC,2025-06-19 09:15:00,09:09:00,-6,10:30:00,10:15:00,-15,2025-06-19,33300,37800,3
2025,6,19,4,LAX,SJC,2025-06-19 10:25:00,10:31:00,6,11:40:00,11:33:00,-7,2025-06-19,37500,42000,3
2025,6,19,4,LAX,SJC,2025-06-19 11:35:00,11:34:00,-1,12:52:00,12:43:00,-9,2025-06-19,41700,46320,3
2025,6,19,4,LAX,SJC,2025-06-19 13:25:00,13:17:00,-8,14:40:00,14:29:00,-11,2025-06-19,48300,52800,3
2025,6,19,4,LAX,SJC,2025-06-19 14:05:00,14:20:00,15,15:20:00,15:26:00,6,2025-06-19,50700,55200,3
2025,6,19,4,LAX,SJC,2025-06-19 15:45:00,15:38:00,-7,17:00:00,16:41:00,-19,2025-06-19,56700,61200,3
2025,6,19,4,LAX,SJC,2025-06-19 16:35:00,16:50:00,15,17:50:00,17:51:00,1,2025-06-19,59700,64200,3
2025,6,19,4,LAX,SJC,2025-06-19 18:00:00,18:10:00,10,19:15:00,19:22:00,7,2025-06-19,64800,69300,3
2025,6,19,4,LAX,SJC,2025-06-19 21:20:00,21:31:00,11,22:45:00,22:32:00,-13,2025-06-19,76800,81900,3
2025,6,19,4,LAX,SJC,2025-06-19 21:28:00,21:25:00,-3,22:44:00,22:41:00,-3,2025-06-19,77280,81840,3
2025,6,19,4,LAX,SLC,2025-06-19 06:00:00,05:56:00,-4,08:53:00,08:53:00,0,2025-06-19,21600,31980,3
2025,6,19,4,LAX,SLC,2025-06-19 07:00:00,07:26:00,26,09:55:00,10:08:00,13,2025-06-19,25200,35700,3
2025,6,19,4,LAX,SLC,2025-06-19 08:25:00,08:21:00,-4,11:26:00,11:28:00,2,2025-06-19,30300,41160,3
2025,6,19,4,LAX,SLC,2025-06-19 08:33:00,08:24:00,-9,11:32:00,11:16:00,-16,2025-06-19,30780,41520,3
2025,6,19,4,LAX,SLC,2025-06-19 10:05:00,10:19:00,14,12:55:00,13:00:00,5,2025-06-19,36300,46500,3
2025,6,19,4,LAX,SLC,2025-06-19 11:11:00,11:05:00,-6,14:03:00,13:47:00,-16,2025-06-19,40260,50580,3
2025,6,19,4,LAX,SLC,2025-06-19 13:11:00,13:10:00,-1,16:04:00,15:52:00,-12,2025-06-19,47460,57840,3
2025,6,19,4,LAX,SLC,2025-06-19 17:10:00,17:11:00,1,20:00:00,20:05:00,5,2025-06-19,61800,72000,3
2025,6,19,4,LAX,SLC,2025-06-19 18:45:00,18:37:00,-8,21:39:00,21:14:00,-25,2025-06-19,67500,77940,3
2025,6,19,4,LAX,SLC,2025-06-19 19:19:00,19:18:00,-1,22:06:00,21:53:00,-13,2025-06-19,69540,79560,3
2025,6,19,4,LAX,SMF,2025-06-19 06:00:00,05:52:00,-8,07:25:00,07:08:00,-17,2025-06-19,21600,26700,3
2025,6,19,4,LAX,SMF,2025-06-19 07:55:00,07:53:00,-2,09:24:00,09:15:00,-9,2025-06-19,28500,33840,3
2025,6,19,4,LAX,SMF,2025-06-19 08:10:00,08:04:00,-6,09:40:00,09:25:00,-15,2025-06-19,29400,34800,3
2025,6,19,4,LAX,SMF,2025-06-19 08:15:00,08:10:00,-5,09:52:00,09:47:00,-5,2025-06-19,29700,35520,3
2025,6,19,4,LAX,SMF,2025-06-19 09:46:00,09:34:00,-12,11:23:00,10:57:00,-26,2025-06-19,35160,40980,3
2025,6,19,4,LAX,SMF,2025-06-19 10:25:00,10:17:00,-8,11:59:00,11:50:00,-9,2025-06-19,37500,43140,3
2025,6,19,4,LAX,SMF,2025-06-19 11:40:00,12:32:00,52,13:05:00,13:51:00,46,2025-06-19,42000,47100,3
2025,6,19,4,LAX,SMF,2025-06-19 12:25:00,12:15:00,-10,13:54:00,13:39:00,-15,2025-06-19,44700,50040,3
2025,6,19,4,LAX,SMF,2025-06-19 13:09:00,13:05:00,-4,14:44:00,14:24:00,-20,2025-06-19,47340,53040,3
2025,6,19,4,LAX,SMF,2025-06-19 16:20:00,16:49:00,29,17:45:00,18:04:00,19,2025-06-19,58800,63900,3
2025,6,19,4,LAX,SMF,2025-06-19 16:30:00,16:25:00,-5,18:01:00,17:49:00,-12,2025-06-19,59400,64860,3
2025,6,19,4,LAX,SMF,2025-06-19 16:54:00,16:50:00,-4,18:23:00,18:16:00,-7,2025-06-19,60840,66180,3
2025,6,19,4,LAX,SMF,2025-06-19 17:05:00,17:03:00,-2,18:37:00,18:34:00,-3,2025-06-19,61500,67020,3
2025,6,19,4,LAX,SMF,2025-06-19 18:15:00,18:09:00,-6,19:45:00,19:30:00,-15,2025-06-19,65700,71100,3
2025,6,19,4,LAX,SMF,2025-06-19 19:22:00,19:13:00,-9,21:01:00,20:48:00,-13,2025-06-19,69720,75660,3
2025,6,19,4,LAX,SMF,2025-06-19 20:30:00,20:42:00,12,21:55:00,21:57:00,2,2025-06-19,73800,78900,3
2025,6,19,4,LAX,SMF,2025-06-19 20:56:00,20:48:00,-8,22:28:00,22:14:00,-14,2025-06-19,75360,80880,3
2025,6,19,4,LAX,SMF,2025-06-19 21:55:00,21:44:00,-11,23:20:00,23:03:00,-17,2025-06-19,78900,84000,3
2025,6,19,4,LAX,STL,2025-06-19 05:10:00,05:22:00,12,10:50:00,11:02:00,12,2025-06-19,18600,39000,3
2025,6,19,4,LAX,STL,2025-06-19 17:33:00,17:28:00,-5,22:59:00,23:08:00,9,2025-06-19,63180,82740,3
2025,6,19,4,LAX,STL,2025-06-19 19:05:00,19:51:00,46,00:40:00,01:18:00,38,2025-06-19,68700,2400,3
2025,6,19,4,LAX,STS,2025-06-19 09:25:00,09:52:00,27,11:06:00,11:34:00,28,2025-06-19,33900,39960,3
2025,6,19,4,LAX,STS,2025-06-19 22:06:00,22:06:00,0,23:44:00,00:03:00,19,2025-06-19,79560,85440,3
2025,6,19,4,LAX,TPA,2025-06-19 10:12:00,10:11:00,-1,18:00:00,18:19:00,19,2025-06-19,36720,64800,3
2025,6,19,4,LAX,TPA,2025-06-19 22:10:00,22:32:00,22,05:44:00,06:14:00,30,2025-06-19,79800,20640,3
2025,6,19,4,LAX,TPA,2025-06-19 23:59:00,00:08:00,9,07:56:00,08:06:00,10,2025-06-19,86340,28560,3
2025,6,19,4,LAX,TUL,2025-06-19 09:30:00,09:23:00,-7,14:40:00,14:22:00,-18,2025-06-19,34200,52800,3
2025,6,19,4,LAX,TUS,2025-06-19 08:22:00,08:12:00,-10,10:03:00,09:43:00,-20,2025-06-19,30120,36180,3
2025,6,19,4,LAX,TUS,2025-06-19 09:35:00,09:32:00,-3,11:10:00,10:57:00,-13,2025-06-19,34500,40200,3
2025,6,19,4,LAX,TUS,2025-06-19 12:40:00,12:40:00,0,14:10:00,14:03:00,-7,2025-06-19,45600,51000,3
2025,6,19,4,LAX,TUS,2025-06-19 14:10:00,14:06:00,-4,15:44:00,15:32:00,-12,2025-06-19,51000,56640,3
2025,6,19,4,LAX,TUS,2025-06-19 14:58:00,14:48:00,-10,16:27:00,16:21:00,-6,2025-06-19,53880,59220,3
2025,6,19,4,LAX,TUS,2025-06-19 18:18:00,18:16:00,-2,19:49:00,19:39:00,-10,2025-06-19,65880,71340,3
2025,6,19,4,LAX,XNA,2025-06-19 09:14:00,09:10:00,-4,14:38:00,14:40:00,2,2025-06-19,33240,52680,3
2025,6,20,5,LAX,ABQ,2025-06-20 08:00:00,07:52:00,-8,11:08:00,10:50:00,-18,2025-06-20,28800,40080,4
2025,6,20,5,LAX,ABQ,2025-06-20 08:55:00,08:47:00,-8,11:58:00,11:53:00,-5,2025-06-20,32100,43080,4
2025,6,20,5,LAX,ABQ,2025-06-20 11:20:00,11:17:00,-3,14:15:00,14:02:00,-13,2025-06-20,40800,51300,4
2025,6,20,5,LAX,ABQ,2025-06-20 19:58:00,19:51:00,-7,22:58:00,22:43:00,-15,2025-06-20,71880,82680,4
2025,6,20,5,LAX,ACV,2025-06-20 13:15:00,13:08:00,-7,15:13:00,15:13:00,0,2025-06-20,47700,54780,4
2025,6,20,5,LAX,ANC,2025-06-20 19:45:00,19:45:00,0,00:08:00,00:08:00,0,2025-06-20,71100,480,4
2025,6,20,5,LAX,ASE,2025-06-20 14:45:00,14:49:00,4,17:51:00,17:55:00,4,2025-06-20,53100,64260,4
2025,6,20,5,LAX,ATL,2025-06-20 00:55:00,01:20:00,25,08:21:00,08:57:00,36,2025-06-20,3300,30060,4
2025,6,20,5,LAX,ATL,2025-06-20 06:20:00,06:16:00,-4,13:42:00,13:28:00,-14,2025-06-20,22800,49320,4
2025,6,20,5,LAX,ATL,2025-06-20 07:35:00,07:30:00,-5,14:48:00,14:34:00,-14,2025-06-20,27300,53280,4
2025,6,20,5,LAX,ATL,2025-06-20 08:45:00,08:40:00,-5,16:07:00,16:04:00,-3,2025-06-20,31500,58020,4
2025,6,20,5,LAX,ATL,2025-06-20 09:51:00,09:47:00,-4,17:15:00,17:11:00,-4,2025-06-20,35460,62100,4
2025,6,20,5,LAX,ATL,2025-06-20 09:53:00,09:52:00,-1,17:19:00,17:03:00,-16,2025-06-20,35580,62340,4
2025,6,20,5,LAX,ATL,2025-06-20 11:15:00,11:12:00,-3,18:34:00,18:31:00,-3,2025-06-20,40500,66840,4
2025,6,20,5,LAX,ATL,2025-06-20 12:15:00,12:15:00,0,19:30:00,19:24:00,-6,2025-06-20,44100,70200,4
2025,6,20,5,LAX,ATL,2025-06-20 12:49:00,12:46:00,-3,20:15:00,20:59:00,44,2025-06-20,46140,72900,4
2025,6,20,5,LAX,ATL,2025-06-20 13:15:00,13:06:00,-9,20:46:00,20:27:00,-19,2025-06-20,47700,74760,4
2025,6,20,5,LAX,ATL,2025-06-20 14:30:00,14:30:00,0,21:50:00,22:03:00,13,2025-06-20,52200,78600,4
2025,6,20,5,LAX,ATL,2025-06-20 17:35:00,17:27:00,-8,00:54:00,00:36:00,-18,2025-06-20,63300,3240,4
2025,6,20,5,LAX,ATL,2025-06-20 21:45:00,22:16:00,31,05:00:00,05:25:00,25,2025-06-20,78300,18000,4
2025,6,20,5,LAX,ATL,2025-06-20 22:45:00,22:40:00,-5,06:00:00,05:52:00,-8,2025-06-20,81900,21600,4
2025,6,20,5,LAX,ATL,2025-06-20 23:45:00,00:03:00,18,07:06:00,07:26:00,20,2025-06-20,85500,25560,4
2025,6,20,5,LAX,ATL,2025-06-20 23:45:00,23:44:00,-1,07:12:00,07:00:00,-12,2025-06-20,85500,25920,4
2025,6,20,5,LAX,AUS,2025-06-20 05:00:00,04:55:00,-5,10:00:00,10:02:00,2,2025-06-20,18000,36000,4
2025,6,20,5,LAX,AUS,2025-06-20 06:15:00,06:09:00,-6,11:17:00,11:04:00,-13,2025-06-20,22500,40620,4
2025,6,20,5,LAX,AUS,2025-06-20 07:45:00,07:39:00,-6,12:46:00,12:29:00,-17,2025-06-20,27900,45960,4
2025,6,20,5,LAX,AUS,2025-06-20 09:25:00,09:19:00,-6,14:51:00,14:41:00,-10,2025-06-20,33900,53460,4
2025,6,20,5,LAX,AUS,2025-06-20 10:35:00,10:28:00,-7,15:45:00,15:17:00,-28,2025-06-20,38100,56700,4
2025,6,20,5,LAX,AUS,2025-06-20 11:15:00,11:12:00,-3,16:20:00,16:13:00,-7,2025-06-20,40500,58800,4
2025,6,20,5,LAX,AUS,2025-06-20 16:14:00,16:13:00,-1,21:14:00,21:09:00,-5,2025-06-20,58440,76440,4
2025,6,20,5,LAX,AUS,2025-06-20 18:35:00,18:32:00,-3,23:38:00,23:17:00,-21,2025-06-20,66900,85080,4
2025,6,20,5,LAX,AUS,2025-06-20 18:40:00,18:32:00,-8,23:58:00,23:27:00,-31,2025-06-20,67200,86280,4
2025,6,20,5,LAX,AUS,2025-06-20 18:50:00,19:34:00,44,23:50:00,00:24:00,34,2025-06-20,67800,85800,4
2025,6,20,5,LAX,AUS,2025-06-20 18:55:00,18:53:00,-2,23:55:00,23:39:00,-16,2025-06-20,68100,86100,4
2025,6,20,5,LAX,BNA,2025-06-20 07:00:00,06:54:00,-6,12:57:00,12:47:00,-10,2025-06-20,25200,46620,4
2025,6,20,5,LAX,BNA,2025-06-20 07:10:00,07:11:00,1,13:25:00,13:06:00,-19,2025-06-20,25800,48300,4
2025,6,20,5,LAX,BNA,2025-06-20 09:29:00,09:24:00,-5,15:32:00,15:31:00,-1,2025-06-20,34140,55920,4
2025,6,20,5,LAX,BNA,2025-06-20 10:36:00,10:26:00,-10,16:45:00,16:26:00,-19,2025-06-20,38160,60300,4
2025,6,20,5,LAX,BNA,2025-06-20 12:39:00,12:44:00,5,18:44:00,18:36:00,-8,2025-06-20,45540,67440,4
2025,6,20,5,LAX,BNA,2025-06-20 22:50:00,22:55:00,5,05:00:00,04:51:00,-9,2025-06-20,82200,18000,4
2025,6,20,5,LAX,BOI,2025-06-20 11:57:00,12:44:00,47,15:03:00,15:51:00,48,2025-06-20,43020,54180,4
2025,6,20,5,LAX,BOI,2025-06-20 12:45:00,12:38:00,-7,15:59:00,15:38:00,-21,2025-06-20,45900,57540,4
2025,6,20,5,LAX,BOI,2025-06-20 19:50:00,19:44:00,-6,22:54:00,22:42:00,-12,2025-06-20,71400,82440,4
2025,6,20,5,LAX,BOI,2025-06-20 19:59:00,19:47:00,-12,23:01:00,22:35:00,-26,2025-06-20,71940,82860,4
2025,6,20,5,LAX,BOS,2025-06-20 06:00:00,05:53:00,-7,14:40:00,14:25:00,-15,2025-06-20,21600,52800,4
2025,6,20,5,LAX,BOS,2025-06-20 06:40:00,06:41:00,1,15:15:00,15:03:00,-12,2025-06-20,24000,54900,4
2025,6,20,5,LAX,BOS,2025-06-20 08:30:00,08:20:00,-10,17:19:00,17:05:00,-14,2025-06-20,30600,62340,4
2025,6,20,5,LAX,BOS,2025-06-20 08:35:00,08:29:00,-6,17:16:00,16:53:00,-23,2025-06-20,30900,62160,4
2025,6,20,5,LAX,BOS,2025-06-20 08:40:00,08:39:00,-1,17:16:00,17:10:00,-6,2025-06-20,31200,62160,4
2025,6,20,5,LAX,BOS,2025-06-20 10:45:00,10:44:00,-1,19:24:00,19:12:00,-12,2025-06-20,38700,69840,4
2025,6,20,5,LAX,BOS,2025-06-20 11:45:00,11:38:00,-7,20:25:00,20:05:00,-20,2025-06-20,42300,73500,4
2025,6,20,5,LAX,BOS,2025-06-20 13:10:00,13:27:00,17,21:51:00,21:39:00,-12,2025-06-20,47400,78660,4
2025,6,20,5,LAX,BOS,2025-06-20 15:25:00,16:00:00,35,23:55:00,00:05:00,10,2025-06-20,55500,86100,4
2025,6,20,5,LAX,BOS,2025-06-20 20:24:00,20:20:00,-4,05:00:00,04:37:00,-23,2025-06-20,73440,18000,4
2025,6,20,5,LAX,BOS,2025-06-20 21:02:00,20:56:00,-6,05:32:00,05:06:00,-26,2025-06-20,75720,19920,4
2025,6,20,5,LAX,BOS,2025-06-20 22:13:00,22:05:00,-8,06:44:00,06:29:00,-15,2025-06-20,79980,24240,4
2025,6,20,5,LAX,BOS,2025-06-20 22:57:00,23:11:00,14,07:35:00,07:52:00,17,2025-06-20,82620,27300,4
2025,6,20,5,LAX,BOS,2025-06-20 23:05:00,23:01:00,-4,07:41:00,07:29:00,-12,2025-06-20,83100,27660,4
2025,6,20,5,LAX,BWI,2025-06-20 05:30:00,05:33:00,3,13:35:00,13:26:00,-9,2025-06-20,19800,48900,4
2025,6,20,5,LAX,BWI,2025-06-20 10:05:00,10:03:00,-2,18:10:00,17:54:00,-16,2025-06-20,36300,65400,4
2025,6,20,5,LAX,BWI,2025-06-20 11:34:00,12:12:00,38,19:29:00,20:03:00,34,2025-06-20,41640,70140,4
2025,6,20,5,LAX,BWI,2025-06-20 20:55:00,20:55:00,0,05:00:00,04:32:00,-28,2025-06-20,75300,18000,4
2025,6,20,5,LAX,BWI,2025-06-20 23:59:00,23:55:00,-4,08:07:00,07:50:00,-17,2025-06-20,86340,29220,4
2025,6,20,5,LAX,BZN,2025-06-20 11:21:00,11:15:00,-6,14:50:00,14:32:00,-18,2025-06-20,40860,53400,4
2025,6,20,5,LAX,BZN,2025-06-20 18:00:00,17:52:00,-8,21:39:00,21:22:00,-17,2025-06-20,64800,77940,4
2025,6,20,5,LAX,CLE,2025-06-20 11:42:00,11:34:00,-8,19:15:00,19:21:00,6,2025-06-20,42120,69300,4
2025,6,20,5,LAX,CLE,2025-06-20 21:20:00,21:14:00,-6,04:53:00,04:23:00,-30,2025-06-20,76800,17580,4
2025,6,20,5,LAX,CLT,2025-06-20 06:05:00,06:01:00,-4,13:54:00,13:33:00,-21,2025-06-20,21900,50040,4
2025,6,20,5,LAX,CLT,2025-06-20 07:59:00,07:53:00,-6,15:45:00,15:40:00,-5,2025-06-20,28740,56700,4
2025,6,20,5,LAX,CLT,2025-06-20 09:11:00,09:42:00,31,17:00:00,17:24:00,24,2025-06-20,33060,61200,4
2025,6,20,5,LAX,CLT,2025-06-20 11:54:00,11:57:00,3,19:45:00,19:28:00,-17,2025-06-20,42840,71100,4
2025,6,20,5,LAX,CLT,2025-06-20 14:02:00,13:59:00,-3,21:55:00,21:44:00,-11,2025-06-20,50520,78900,4
2025,6,20,5,LAX,CLT,2025-06-20 21:48:00,21:53:00,5,05:29:00,05:33:00,4,2025-06-20,78480,19740,4
2025,6,20,5,LAX,CLT,2025-06-20 22:49:00,22:46:00,-3,06:35:00,06:24:00,-11,2025-06-20,82140,23700,4
2025,6,20,5,LAX,CLT,2025-06-20 23:06:00,22:59:00,-7,06:45:00,06:38:00,-7,2025-06-20,83160,24300,4
2025,6,20,5,LAX,CLT,2025-06-20 23:49:00,23:42:00,-7,07:35:00,07:20:00,-15,2025-06-20,85740,27300,4
2025,6,20,5,LAX,CVG,2025-06-20 22:29:00,23:27:00,58,05:38:00,06:38:00,60,2025-06-20,80940,20280,4
2025,6,20,5,LAX,DAL,2025-06-20 05:05:00,05:14:00,9,10:10:00,10:24:00,14,2025-06-20,18300,36600,4
2025,6,20,5,LAX,DAL,2025-06-20 06:45:00,06:52:00,7,11:50:00,11:51:00,1,2025-06-20,24300,42600,4
2025,6,20,5,LAX,DAL,2025-06-20 11:20:00,11:41:00,21,16:30:00,16:41:00,11,2025-06-20,40800,59400,4
2025,6,20,5,LAX,DAL,2025-06-20 16:30:00,16:34:00,4,21:45:00,21:31:00,-14,2025-06-20,59400,78300,4
2025,6,20,5,LAX,DAL,2025-06-20 18:10:00,18:05:00,-5,23:20:00,23:08:00,-12,2025-06-20,65400,84000,4
2025,6,20,5,LAX,DCA,2025-06-20 07:59:00,07:51:00,-8,16:00:00,15:32:00,-28,2025-06-20,28740,57600,4
2025,6,20,5,LAX,DCA,2025-06-20 08:19:00,08:15:00,-4,16:22:00,16:06:00,-16,2025-06-20,29940,58920,4
2025,6,20,5,LAX,DCA,2025-06-20 12:28:00,12:24:00,-4,20:29:00,20:08:00,-21,2025-06-20,44880,73740,4
2025,6,20,5,LAX,DCA,2025-06-20 13:31:00,13:27:00,-4,21:42:00,21:45:00,3,2025-06-20,48660,78120,4
2025,6,20,5,LAX,DEN,2025-06-20 05:05:00,04:57:00,-8,08:24:00,08:11:00,-13,2025-06-20,18300,30240,4
2025,6,20,5,LAX,DEN,2025-06-20 05:45:00,05:45:00,0,09:10:00,08:52:00,-18,2025-06-20,20700,33000,4
2025,6,20,5,LAX,DEN,2025-06-20 06:15:00,06:12:00,-3,09:48:00,09:50:00,2,2025-06-20,22500,35280,4
2025,6,20,5,LAX,DEN,2025-06-20 07:06:00,07:01:00,-5,10:31:00,10:16:00,-15,2025-06-20,25560,37860,4
2025,6,20,5,LAX,DEN,2025-06-20 07:46:00,07:38:00,-8,11:10:00,10:53:00,-17,2025-06-20,27960,40200,4
2025,6,20,5,LAX,DEN,2025-06-20 08:04:00,07:58:00,-6,11:33:00,11:13:00,-20,2025-06-20,29040,41580,4
2025,6,20,5,LAX,DEN,2025-06-20 08:05:00,08:06:00,1,11:30:00,11:13:00,-17,2025-06-20,29100,41400,4
2025,6,20,5,LAX,DEN,2025-06-20 09:00:00,08:54:00,-6,12:27:00,12:04:00,-23,2025-06-20,32400,44820,4
2025,6,20,5,LAX,DEN,2025-06-20 10:30:00,10:28:00,-2,13:55:00,13:33:00,-22,2025-06-20,37800,50100,4
2025,6,20,5,LAX,DEN,2025-06-20 10:52:00,10:51:00,-1,14:19:00,14:03:00,-16,2025-06-20,39120,51540,4
2025,6,20,5,LAX,DEN,2025-06-20 12:55:00,13:14:00,19,16:23:00,16:23:00,0,2025-06-20,46500,58980,4
2025,6,20,5,LAX,DEN,2025-06-20 13:38:00,13:29:00,-9,17:01:00,16:58:00,-3,2025-06-20,49080,61260,4
2025,6,20,5,LAX,DEN,2025-06-20 13:40:00,13:40:00,0,17:10:00,16:46:00,-24,2025-06-20,49200,61800,4
2025,6,20,5,LAX,DEN,2025-06-20 14:35:00,14:41:00,6,18:05:00,17:50:00,-15,2025-06-20,52500,65100,4
2025,6,20,5,LAX,DEN,2025-06-20 14:59:00,14:51:00,-8,18:19:00,18:04:00,-15,2025-06-20,53940,65940,4
2025,6,20,5,LAX,DEN,2025-06-20 16:05:00,16:05:00,0,19:30:00,19:19:00,-11,2025-06-20,57900,70200,4
2025,6,20,5,LAX,DEN,2025-06-20 16:11:00,16:49:00,38,19:40:00,19:56:00,16,2025-06-20,58260,70800,4
2025,6,20,5,LAX,DEN,2025-06-20 18:30:00,18:27:00,-3,22:00:00,21:48:00,-12,2025-06-20,66600,79200,4
2025,6,20,5,LAX,DEN,2025-06-20 19:18:00,19:21:00,3,22:47:00,22:30:00,-17,2025-06-20,69480,82020,4
2025,6,20,5,LAX,DEN,2025-06-20 20:20:00,20:19:00,-1,23:50:00,23:20:00,-30,2025-06-20,73200,85800,4
2025,6,20,5,LAX,DEN,2025-06-20 20:25:00,20:18:00,-7,23:48:00,23:33:00,-15,2025-06-20,73500,85680,4
2025,6,20,5,LAX,DFW,2025-06-20 00:40:00,00:45:00,5,05:45:00,06:18:00,33,2025-06-20,2400,20700,4
2025,6,20,5,LAX,DFW,2025-06-20 00:47:00,00:42:00,-5,05:50:00,06:21:00,31,2025-06-20,2820,21000,4
2025,6,20,5,LAX,DFW,2025-06-20 01:30:00,01:29:00,-1,06:33:00,06:33:00,0,2025-06-20,5400,23580,4
2025,6,20,5,LAX,DFW,2025-06-20 06:00:00,05:52:00,-8,11:03:00,11:02:00,-1,2025-06-20,21600,39780,4
2025,6,20,5,LAX,DFW,2025-06-20 06:00:00,06:00:00,0,11:14:00,11:22:00,8,2025-06-20,21600,40440,4
2025,6,20,5,LAX,DFW,2025-06-20 07:00:00,06:56:00,-4,12:24:00,12:03:00,-21,2025-06-20,25200,44640,4
2025,6,20,5,LAX,DFW,2025-06-20 08:26:00,08:25:00,-1,13:39:00,13:43:00,4,2025-06-20,30360,49140,4
2025,6,20,5,LAX,DFW,2025-06-20 08:35:00,08:30:00,-5,13:43:00,13:39:00,-4,2025-06-20,30900,49380,4
2025,6,20,5,LAX,DFW,2025-06-20 09:30:00,09:22:00,-8,14:43:00,14:36:00,-7,2025-06-20,34200,52980,4
2025,6,20,5,LAX,DFW,2025-06-20 10:37:00,10:34:00,-3,15:45:00,15:50:00,5,2025-06-20,38220,56700,4
2025,6,20,5,LAX,DFW,2025-06-20 12:30:00,12:28:00,-2,17:37:00,17:36:00,-1,2025-06-20,45000,63420,4
2025,6,20,5,LAX,DFW,2025-06-20 13:48:00,14:00:00,12,18:59:00,19:03:00,4,2025-06-20,49680,68340,4
2025,6,20,5,LAX,DFW,2025-06-20 14:33:00,14:28:00,-5,19:43:00,19:45:00,2,2025-06-20,52380,70980,4
2025,6,20,5,LAX,DFW,2025-06-20 15:48:00,15:40:00,-8,20:59:00,20:39:00,-20,2025-06-20,56880,75540,4
2025,6,20,5,LAX,DFW,2025-06-20 16:36:00,16:33:00,-3,21:47:00,21:41:00,-6,2025-06-20,59760,78420,4
2025,6,20,5,LAX,DFW,2025-06-20 18:35:00,18:44:00,9,23:47:00,23:42:00,-5,2025-06-20,66900,85620,4
2025,6,20,5,LAX,DFW,2025-06-20 23:59:00,00:20:00,21,05:09:00,05:21:00,12,2025-06-20,86340,18540,4
2025,6,20,5,LAX,DTW,2025-06-20 00:20:00,00:11:00,-9,07:52:00,08:09:00,17,2025-06-20,1200,28320,4
2025,6,20,5,LAX,DTW,2025-06-20 05:30:00,05:24:00,-6,12:57:00,12:59:00,2,2025-06-20,19800,46620,4
2025,6,20,5,LAX,DTW,2025-06-20 07:35:00,07:29:00,-6,14:56:00,14:42:00,-14,2025-06-20,27300,53760,4
2025,6,20,5,LAX,DTW,2025-06-20 09:25:00,09:24:00,-1,16:52:00,16:30:00,-22,2025-06-20,33900,60720,4
2025,6,20,5,LAX,DTW,2025-06-20 11:14:00,11:09:00,-5,18:37:00,18:13:00,-24,2025-06-20,40440,67020,4
2025,6,20,5,LAX,DTW,2025-06-20 12:09:00,12:12:00,3,19:31:00,19:17:00,-14,2025-06-20,43740,70260,4
2025,6,20,5,LAX,DTW,2025-06-20 21:30:00,21:24:00,-6,04:52:00,04:31:00,-21,2025-06-20,77400,17520,4
2025,6,20,5,LAX,DTW,2025-06-20 22:15:00,22:07:00,-8,05:35:00,05:21:00,-14,2025-06-20,80100,20100,4
2025,6,20,5,LAX,ELP,2025-06-20 12:45:00,12:40:00,-5,15:45:00,15:24:00,-21,2025-06-20,45900,56700,4
2025,6,20,5,LAX,EUG,2025-06-20 21:44:00,21:38:00,-6,23:58:00,00:12:00,14,2025-06-20,78240,86280,4
2025,6,20,5,LAX,EWR,2025-06-20 06:00:00,06:07:00,7,14:34:00,14:29:00,-5,2025-06-20,21600,52440,4
2025,6,20,5,LAX,EWR,2025-06-20 07:00:00,06:54:00,-6,15:34:00,15:23:00,-11,2025-06-20,25200,56040,4
2025,6,20,5,LAX,EWR,2025-06-20 07:00:00,07:17:00,17,15:34:00,15:44:00,10,2025-06-20,25200,56040,4
2025,6,20,5,LAX,EWR,2025-06-20 08:10:00,08:09:00,-1,16:40:00,16:43:00,3,2025-06-20,29400,60000,4
2025,6,20,5,LAX,EWR,2025-06-20 08:20:00,08:15:00,-5,16:45:00,16:42:00,-3,2025-06-20,30000,60300,4
2025,6,20,5,LAX,EWR,2025-06-20 10:50:00,10:47:00,-3,19:20:00,19:24:00,4,2025-06-20,39000,69600,4
2025,6,20,5,LAX,EWR,2025-06-20 11:15:00,11:28:00,13,19:54:00,19:32:00,-22,2025-06-20,40500,71640,4
2025,6,20,5,LAX,EWR,2025-06-20 12:15:00,12:16:00,1,20:54:00,20:59:00,5,2025-06-20,44100,75240,4
2025,6,20,5,LAX,EWR,2025-06-20 13:30:00,13:28:00,-2,21:52:00,21:24:00,-28,2025-06-20,48600,78720,4
2025,6,20,5,LAX,EWR,2025-06-20 16:30:00,16:35:00,5,00:57:00,00:52:00,-5,2025-06-20,59400,3420,4
2025,6,20,5,LAX,EWR,2025-06-20 20:55:00,20:51:00,-4,05:08:00,04:41:00,-27,2025-06-20,75300,18480,4
2025,6,20,5,LAX,EWR,2025-06-20 21:26:00,21:16:00,-10,05:59:00,05:26:00,-33,2025-06-20,77160,21540,4
2025,6,20,5,LAX,EWR,2025-06-20 21:35:00,21:25:00,-10,05:55:00,05:37:00,-18,2025-06-20,77700,21300,4
2025,6,20,5,LAX,EWR,2025-06-20 23:59:00,23:50:00,-9,08:12:00,07:43:00,-29,2025-06-20,86340,29520,4
2025,6,20,5,LAX,FAT,2025-06-20 10:30:00,10:23:00,-7,11:48:00,11:45:00,-3,2025-06-20,37800,42480,4
2025,6,20,5,LAX,FAT,2025-06-20 19:10:00,19:11:00,1,20:24:00,20:11:00,-13,2025-06-20,69000,73440,4
2025,6,20,5,LAX,FAT,2025-06-20 22:38:00,22:31:00,-7,23:52:00,23:36:00,-16,2025-06-20,81480,85920,4
2025,6,20,5,LAX,FCA,2025-06-20 09:22:00,09:17:00,-5,13:21:00,12:54:00,-27,2025-06-20,33720,48060,4
2025,6,20,5,LAX,FLL,2025-06-20 08:00:00,07:57:00,-3,16:14:00,16:00:00,-14,2025-06-20,28800,58440,4
2025,6,20,5,LAX,FLL,2025-06-20 11:12:00,11:04:00,-8,19:26:00,18:57:00,-29,2025-06-20,40320,69960,4
2025,6,20,5,LAX,FLL,2025-06-20 13:45:00,13:39:00,-6,21:58:00,21:46:00,-12,2025-06-20,49500,79080,4
2025,6,20,5,LAX,FLL,2025-06-20 21:55:00,21:55:00,0,06:03:00,05:59:00,-4,2025-06-20,78900,21780,4
2025,6,20,5,LAX,FLL,2025-06-20 23:09:00,23:04:00,-5,07:05:00,07:10:00,5,2025-06-20,83340,25500,4
2025,6,20,5,LAX,FSD,2025-06-20 16:05:00,16:03:00,-2,21:19:00,21:35:00,16,2025-06-20,57900,76740,4
2025,6,20,5,LAX,GEG,2025-06-20 11:14:00,11:04:00,-10,13:52:00,13:52:00,0,2025-06-20,40440,49920,4
2025,6,20,5,LAX,GEG,2025-06-20 14:32:00,15:24:00,52,17:07:00,17:44:00,37,2025-06-20,52320,61620,4
2025,6,20,5,LAX,GEG,2025-06-20 15:16:00,15:08:00,-8,17:47:00,17:32:00,-15,2025-06-20,54960,64020,4
2025,6,20,5,LAX,GEG,2025-06-20 18:59:00,18:48:00,-11,21:33:00,21:08:00,-25,2025-06-20,68340,77580,4
2025,6,20,5,LAX,HNL,2025-06-20 07:05:00,07:01:00,-4,10:10:00,09:39:00,-31,2025-06-20,25500,36600,4
2025,6,20,5,LAX,HNL,2025-06-20 08:25:00,08:21:00,-4,11:07:00,10:47:00,-20,2025-06-20,30300,40020,4
2025,6,20,5,LAX,HNL,2025-06-20 08:30:00,08:28:00,-2,11:05:00,11:16:00,11,2025-06-20,30600,39900,4
2025,6,20,5,LAX,HNL,2025-06-20 08:49:00,08:45:00,-4,11:37:00,11:22:00,-15,2025-06-20,31740,41820,4
2025,6,20,5,LAX,HNL,2025-06-20 10:10:00,10:09:00,-1,12:40:00,12:54:00,14,2025-06-20,36600,45600,4
2025,6,20,5,LAX,HNL,2025-06-20 11:15:00,11:37:00,22,14:04:00,14:16:00,12,2025-06-20,40500,50640,4
2025,6,20,5,LAX,HNL,2025-06-20 13:15:00,13:10:00,-5,16:01:00,15:49:00,-12,2025-06-20,47700,57660,4
2025,6,20,5,LAX,HNL,2025-06-20 13:35:00,13:35:00,0,16:18:00,16:04:00,-14,2025-06-20,48900,58680,4
2025,6,20,5,LAX,HNL,2025-06-20 14:44:00,14:44:00,0,17:28:00,17:09:00,-19,2025-06-20,53040,62880,4
2025,6,20,5,LAX,HNL,2025-06-20 17:10:00,17:09:00,-1,19:44:00,19:48:00,4,2025-06-20,61800,71040,4
2025,6,20,5,LAX,HNL,2025-06-20 17:45:00,17:45:00,0,20:30:00,20:23:00,-7,2025-06-20,63900,73800,4
2025,6,20,5,LAX,HNL,2025-06-20 18:10:00,18:52:00,42,20:52:00,21:26:00,34,2025-06-20,65400,75120,4
2025,6,20,5,LAX,HNL,2025-06-20 18:20:00,18:42:00,22,20:57:00,21:20:00,23,2025-06-20,66000,75420,4
2025,6,20,5,LAX,HNL,2025-06-20 18:25:00,18:20:00,-5,21:15:00,21:06:00,-9,2025-06-20,66300,76500,4
2025,6,20,5,LAX,HNL,2025-06-20 18:45:00,18:49:00,4,21:28:00,21:15:00,-13,2025-06-20,67500,77280,4
2025,6,20,5,LAX,HNL,2025-06-20 19:13:00,19:40:00,27,21:55:00,22:08:00,13,2025-06-20,69180,78900,4
2025,6,20,5,LAX,HNL,2025-06-20 20:40:00,21:06:00,26,23:29:00,23:58:00,29,2025-06-20,74400,84540,4
2025,6,20,5,LAX,HOU,2025-06-20 05:05:00,05:27:00,22,10:30:00,10:48:00,18,2025-06-20,18300,37800,4
2025,6,20,5,LAX,HOU,2025-06-20 13:35:00,13:46:00,11,19:00:00,18:56:00,-4,2025-06-20,48900,68400,4
2025,6,20,5,LAX,HOU,2025-06-20 17:45:00,17:47:00,2,23:05:00,23:04:00,-1,2025-06-20,63900,83100,4
2025,6,20,5,LAX,HOU,2025-06-20 23:50:00,23:49:00,-1,05:15:00,05:04:00,-11,2025-06-20,85800,18900,4
2025,6,20,5,LAX,IAD,2025-06-20 06:20:00,06:15:00,-5,14:23:00,14:06:00,-17,2025-06-20,22800,51780,4
2025,6,20,5,LAX,IAD,2025-06-20 08:15:00,08:10:00,-5,16:21:00,16:24:00,3,2025-06-20,29700,58860,4
2025,6,20,5,LAX,IAD,2025-06-20 08:20:00,08:16:00,-4,16:25:00,16:26:00,1,2025-06-20,30000,59100,4
2025,6,20,5,LAX,IAD,2025-06-20 10:15:00,10:09:00,-6,18:20:00,18:02:00,-18,2025-06-20,36900,66000,4
2025,6,20,5,LAX,IAD,2025-06-20 13:15:00,13:05:00,-10,21:20:00,20:43:00,-37,2025-06-20,47700,76800,4
2025,6,20,5,LAX,IAD,2025-06-20 16:45:00,16:49:00,4,00:44:00,00:33:00,-11,2025-06-20,60300,2640,4
2025,6,20,5,LAX,IAD,2025-06-20 22:50:00,22:50:00,0,06:39:00,06:20:00,-19,2025-06-20,82200,23940,4
2025,6,20,5,LAX,IAH,2025-06-20 00:56:00,01:06:00,10,06:18:00,06:31:00,13,2025-06-20,3360,22680,4
2025,6,20,5,LAX,IAH,2025-06-20 05:15:00,05:12:00,-3,10:42:00,10:46:00,4,2025-06-20,18900,38520,4
2025,6,20,5,LAX,IAH,2025-06-20 07:15:00,07:12:00,-3,12:44:00,12:25:00,-19,2025-06-20,26100,45840,4
2025,6,20,5,LAX,IAH,2025-06-20 08:40:00,08:36:00,-4,14:09:00,13:52:00,-17,2025-06-20,31200,50940,4
2025,6,20,5,LAX,IAH,2025-06-20 08:45:00,08:37:00,-8,14:07:00,13:50:00,-17,2025-06-20,31500,50820,4
2025,6,20,5,LAX,IAH,2025-06-20 10:15:00,10:03:00,-12,15:40:00,15:24:00,-16,2025-06-20,36900,56400,4
2025,6,20,5,LAX,IAH,2025-06-20 11:28:00,11:20:00,-8,16:48:00,16:27:00,-21,2025-06-20,41280,60480,4
2025,6,20,5,LAX,IAH,2025-06-20 12:07:00,12:22:00,15,17:24:00,17:22:00,-2,2025-06-20,43620,62640,4
2025,6,20,5,LAX,IAH,2025-06-20 13:10:00,13:11:00,1,18:40:00,18:31:00,-9,2025-06-20,47400,67200,4
2025,6,20,5,LAX,IAH,2025-06-20 13:58:00,13:54:00,-4,19:25:00,19:15:00,-10,2025-06-20,50280,69900,4
2025,6,20,5,LAX,IAH,2025-06-20 14:23:00,15:16:00,53,20:01:00,20:34:00,33,2025-06-20,51780,72060,4
2025,6,20,5,LAX,IAH,2025-06-20 18:09:00,17:59:00,-10,23:28:00,00:01:00,33,2025-06-20,65340,84480,4
2025,6,20,5,LAX,IAH,2025-06-20 18:10:00,18:05:00,-5,23:33:00,23:30:00,-3,2025-06-20,65400,84780,4
2025,6,20,5,LAX,IAH,2025-06-20 19:20:00,19:15:00,-5,00:43:00,00:25:00,-18,2025-06-20,69600,2580,4
2025,6,20,5,LAX,IAH,2025-06-20 23:45:00,23:37:00,-8,05:05:00,04:43:00,-22,2025-06-20,85500,18300,4
2025,6,20,5,LAX,IND,2025-06-20 10:36:00,10:51:00,15,17:47:00,17:42:00,-5,2025-06-20,38160,64020,4
2025,6,20,5,LAX,IND,2025-06-20 11:34:00,11:26:00,-8,18:38:00,18:08:00,-30,2025-06-20,41640,67080,4
2025,6,20,5,LAX,IND,2025-06-20 23:14:00,23:02:00,-12,06:14:00,05:49:00,-25,2025-06-20,83640,22440,4
2025,6,20,5,LAX,JAC,2025-06-20 09:00:00,08:51:00,-9,12:18:00,11:54:00,-24,2025-06-20,32400,44280,4
2025,6,20,5,LAX,JAC,2025-06-20 10:30:00,10:24:00,-6,13:48:00,13:29:00,-19,2025-06-20,37800,49680,4
2025,6,20,5,LAX,JAC,2025-06-20 12:35:00,12:40:00,5,15:52:00,15:47:00,-5,2025-06-20,45300,57120,4
2025,6,20,5,LAX,JFK,2025-06-20 06:00:00,05:58:00,-2,14:34:00,14:18:00,-16,2025-06-20,21600,52440,4
2025,6,20,5,LAX,JFK,2025-06-20 06:00:00,05:59:00,-1,14:30:00,14:04:00,-26,2025-06-20,21600,52200,4
2025,6,20,5,LAX,JFK,2025-06-20 07:00:00,06:54:00,-6,15:35:00,15:11:00,-24,2025-06-20,25200,56100,4
2025,6,20,5,LAX,JFK,2025-06-20 07:00:00,06:55:00,-5,15:35:00,15:23:00,-12,2025-06-20,25200,56100,4
2025,6,20,5,LAX,JFK,2025-06-20 07:10:00,07:18:00,8,15:45:00,15:31:00,-14,2025-06-20,25800,56700,4
2025,6,20,5,LAX,JFK,2025-06-20 08:19:00,08:12:00,-7,16:58:00,16:22:00,-36,2025-06-20,29940,61080,4
2025,6,20,5,LAX,JFK,2025-06-20 09:05:00,09:00:00,-5,17:57:00,17:16:00,-41,2025-06-20,32700,64620,4
2025,6,20,5,LAX,JFK,2025-06-20 09:30:00,09:28:00,-2,18:09:00,17:48:00,-21,2025-06-20,34200,65340,4
2025,6,20,5,LAX,JFK,2025-06-20 10:10:00,10:38:00,28,19:10:00,19:06:00,-4,2025-06-20,36600,69000,4
2025,6,20,5,LAX,JFK,2025-06-20 10:21:00,10:10:00,-11,18:59:00,18:33:00,-26,2025-06-20,37260,68340,4
2025,6,20,5,LAX,JFK,2025-06-20 10:30:00,10:20:00,-10,19:11:00,18:51:00,-20,2025-06-20,37800,69060,4
2025,6,20,5,LAX,JFK,2025-06-20 11:10:00,11:00:00,-10,19:50:00,19:52:00,2,2025-06-20,40200,71400,4
2025,6,20,5,LAX,JFK,2025-06-20 11:30:00,11:26:00,-4,20:06:00,20:01:00,-5,2025-06-20,41400,72360,4
2025,6,20,5,LAX,JFK,2025-06-20 12:21:00,12:11:00,-10,21:00:00,20:23:00,-37,2025-06-20,44460,75600,4
2025,6,20,5,LAX,JFK,2025-06-20 12:30:00,12:30:00,0,21:07:00,20:42:00,-25,2025-06-20,45000,76020,4
2025,6,20,5,LAX,JFK,2025-06-20 13:00:00,12:58:00,-2,21:45:00,20:56:00,-49,2025-06-20,46800,78300,4
2025,6,20,5,LAX,JFK,2025-06-20 13:10:00,12:54:00,-16,21:52:00,21:17:00,-35,2025-06-20,47400,78720,4
2025,6,20,5,LAX,JFK,2025-06-20 14:20:00,14:20:00,0,22:52:00,22:38:00,-14,2025-06-20,51600,82320,4
2025,6,20,5,LAX,JFK,2025-06-20 15:15:00,15:10:00,-5,23:55:00,23:19:00,-36,2025-06-20,54900,86100,4
2025,6,20,5,LAX,JFK,2025-06-20 15:20:00,15:47:00,27,23:57:00,23:44:00,-13,2025-06-20,55200,86220,4
2025,6,20,5,LAX,JFK,2025-06-20 15:20:00,15:58:00,38,23:54:00,00:02:00,8,2025-06-20,55200,86040,4
2025,6,20,5,LAX,JFK,2025-06-20 16:20:00,16:17:00,-3,00:55:00,00:20:00,-35,2025-06-20,58800,3300,4
2025,6,20,5,LAX,JFK,2025-06-20 20:36:00,20:31:00,-5,05:03:00,04:40:00,-23,2025-06-20,74160,18180,4
2025,6,20,5,LAX,JFK,2025-06-20 21:25:00,21:20:00,-5,05:59:00,05:23:00,-36,2025-06-20,77100,21540,4
2025,6,20,5,LAX,JFK,2025-06-20 21:40:00,21:38:00,-2,06:07:00,05:42:00,-25,2025-06-20,78000,22020,4
2025,6,20,5,LAX,JFK,2025-06-20 22:31:00,22:26:00,-5,07:00:00,06:37:00,-23,2025-06-20,81060,25200,4
2025,6,20,5,LAX,JFK,2025-06-20 22:50:00,22:49:00,-1,07:23:00,06:47:00,-36,2025-06-20,82200,26580,4
2025,6,20,5,LAX,JFK,2025-06-20 22:52:00,22:52:00,0,07:32:00,07:01:00,-31,2025-06-20,82320,27120,4
2025,6,20,5,LAX,JFK,2025-06-20 23:55:00,23:46:00,-9,08:30:00,07:58:00,-32,2025-06-20,86100,30600,4
2025,6,20,5,LAX,JFK,2025-06-20 23:58:00,23:54:00,-4,08:30:00,08:12:00,-18,2025-06-20,86280,30600,4
2025,6,20,5,LAX,KOA,2025-06-20 08:30:00,08:22:00,-8,11:10:00,11:20:00,10,2025-06-20,30600,40200,4
2025,6,20,5,LAX,KOA,2025-06-20 09:10:00,09:05:00,-5,11:50:00,11:37:00,-13,2025-06-20,33000,42600,4
2025,6,20,5,LAX,KOA,2025-06-20 11:19:00,11:18:00,-1,13:55:00,13:45:00,-10,2025-06-20,40740,50100,4
2025,6,20,5,LAX,KOA,2025-06-20 16:29:00,16:46:00,17,18:59:00,19:09:00,10,2025-06-20,59340,68340,4
2025,6,20,5,LAX,KOA,2025-06-20 17:25:00,17:23:00,-2,20:03:00,20:34:00,31,2025-06-20,62700,72180,4
2025,6,20,5,LAX,LAS,2025-06-20 05:20:00,05:17:00,-3,06:35:00,06:31:00,-4,2025-06-20,19200,23700,4
2025,6,20,5,LAX,LAS,2025-06-20 05:30:00,05:23:00,-7,06:42:00,06:31:00,-11,2025-06-20,19800,24120,4
2025,6,20,5,LAX,LAS,2025-06-20 07:25:00,07:28:00,3,08:45:00,08:39:00,-6,2025-06-20,26700,31500,4
2025,6,20,5,LAX,LAS,2025-06-20 07:30:00,07:22:00,-8,08:40:00,08:36:00,-4,2025-06-20,27000,31200,4
2025,6,20,5,LAX,LAS,2025-06-20 08:26:00,08:19:00,-7,09:51:00,09:51:00,0,2025-06-20,30360,35460,4
2025,6,20,5,LAX,LAS,2025-06-20 08:45:00,08:44:00,-1,10:05:00,09:50:00,-15,2025-06-20,31500,36300,4
2025,6,20,5,LAX,LAS,2025-06-20 10:19:00,10:33:00,14,11:31:00,11:52:00,21,2025-06-20,37140,41460,4
2025,6,20,5,LAX,LAS,2025-06-20 11:25:00,11:31:00,6,12:45:00,12:37:00,-8,2025-06-20,41100,45900,4
2025,6,20,5,LAX,LAS,2025-06-20 11:40:00,11:36:00,-4,12:54:00,12:57:00,3,2025-06-20,42000,46440,4
2025,6,20,5,LAX,LAS,2025-06-20 14:45:00,15:19:00,34,16:07:00,16:31:00,24,2025-06-20,53100,58020,4
2025,6,20,5,LAX,LAS,2025-06-20 15:05:00,15:04:00,-1,16:15:00,16:11:00,-4,2025-06-20,54300,58500,4
2025,6,20,5,LAX,LAS,2025-06-20 15:35:00,16:08:00,33,16:55:00,17:23:00,28,2025-06-20,56100,60900,4
2025,6,20,5,LAX,LAS,2025-06-20 15:48:00,15:56:00,8,17:13:00,17:12:00,-1,2025-06-20,56880,61980,4
2025,6,20,5,LAX,LAS,2025-06-20 17:40:00,17:54:00,14,18:55:00,19:19:00,24,2025-06-20,63600,68100,4
2025,6,20,5,LAX,LAS,2025-06-20 17:55:00,17:54:00,-1,19:18:00,19:03:00,-15,2025-06-20,64500,69480,4
2025,6,20,5,LAX,LAS,2025-06-20 18:50:00,19:10:00,20,20:00:00,20:41:00,41,2025-06-20,67800,72000,4
2025,6,20,5,LAX,LAS,2025-06-20 18:52:00,19:10:00,18,20:08:00,20:10:00,2,2025-06-20,67920,72480,4
2025,6,20,5,LAX,LAS,2025-06-20 19:30:00,19:29:00,-1,20:52:00,21:01:00,9,2025-06-20,70200,75120,4
2025,6,20,5,LAX,LAS,2025-06-20 19:40:00,19:41:00,1,21:00:00,21:02:00,2,2025-06-20,70800,75600,4
2025,6,20,5,LAX,LAS,2025-06-20 19:45:00,19:57:00,12,21:08:00,21:32:00,24,2025-06-20,71100,76080,4
2025,6,20,5,LAX,LAS,2025-06-20 19:48:00,20:08:00,20,21:00:00,21:21:00,21,2025-06-20,71280,75600,4
2025,6,20,5,LAX,LAS,2025-06-20 19:59:00,19:56:00,-3,21:10:00,21:14:00,4,2025-06-20,71940,76200,4
2025,6,20,5,LAX,LAS,2025-06-20 22:05:00,22:01:00,-4,23:20:00,22:57:00,-23,2025-06-20,79500,84000,4
2025,6,20,5,LAX,LAS,2025-06-20 22:15:00,22:12:00,-3,23:27:00,23:24:00,-3,2025-06-20,80100,84420,4
2025,6,20,5,LAX,LAS,2025-06-20 22:18:00,22:29:00,11,23:35:00,23:35:00,0,2025-06-20,80280,84900,4
2025,6,20,5,LAX,LAS,2025-06-20 23:35:00,00:07:00,32,00:57:00,01:14:00,17,2025-06-20,84900,3420,4
2025,6,20,5,LAX,LIH,2025-06-20 09:03:00,08:57:00,-6,12:04:00,11:36:00,-28,2025-06-20,32580,43440,4
2025,6,20,5,LAX,LIH,2025-06-20 09:30:00,10:12:00,42,12:25:00,12:53:00,28,2025-06-20,34200,44700,4
2025,6,20,5,LAX,LIH,2025-06-20 14:25:00,14:22:00,-3,17:08:00,17:09:00,1,2025-06-20,51900,61680,4
2025,6,20,5,LAX,MCI,2025-06-20 08:00:00,08:05:00,5,13:15:00,13:05:00,-10,2025-06-20,28800,47700,4
2025,6,20,5,LAX,MCI,2025-06-20 09:30:00,09:20:00,-10,14:44:00,14:16:00,-28,2025-06-20,34200,53040,4
2025,6,20,5,LAX,MCI,2025-06-20 15:20:00,15:17:00,-3,20:29:00,20:20:00,-9,2025-06-20,55200,73740,4
2025,6,20,5,LAX,MCI,2025-06-20 18:15:00,18:07:00,-8,23:27:00,23:38:00,11,2025-06-20,65700,84420,4
2025,6,20,5,LAX,MCO,2025-06-20 07:00:00,07:24:00,24,14:58:00,15:44:00,46,2025-06-20,25200,53880,4
2025,6,20,5,LAX,MCO,2025-06-20 10:35:00,10:36:00,1,18:38:00,18:47:00,9,2025-06-20,38100,67080,4
2025,6,20,5,LAX,MCO,2025-06-20 11:20:00,11:14:00,-6,19:14:00,19:14:00,0,2025-06-20,40800,69240,4
2025,6,20,5,LAX,MCO,2025-06-20 13:57:00,14:41:00,44,22:10:00,22:48:00,38,2025-06-20,50220,79800,4
2025,6,20,5,LAX,MCO,2025-06-20 16:05:00,16:03:00,-2,23:59:00,00:04:00,5,2025-06-20,57900,86340,4
2025,6,20,5,LAX,MCO,2025-06-20 21:35:00,21:28:00,-7,05:36:00,05:11:00,-25,2025-06-20,77700,20160,4
2025,6,20,5,LAX,MCO,2025-06-20 21:45:00,21:38:00,-7,05:32:00,05:27:00,-5,2025-06-20,78300,19920,4
2025,6,20,5,LAX,MCO,2025-06-20 22:49:00,23:19:00,30,06:47:00,07:19:00,32,2025-06-20,82140,24420,4
2025,6,20,5,LAX,MDW,2025-06-20 06:20:00,06:22:00,2,12:25:00,12:17:00,-8,2025-06-20,22800,44700,4
2025,6,20,5,LAX,MDW,2025-06-20 08:40:00,08:50:00,10,14:45:00,14:37:00,-8,2025-06-20,31200,53100,4
2025,6,20,5,LAX,MDW,2025-06-20 13:15:00,13:20:00,5,19:20:00,19:17:00,-3,2025-06-20,47700,69600,4
2025,6,20,5,LAX,MDW,2025-06-20 16:10:00,16:50:00,40,22:10:00,22:30:00,20,2025-06-20,58200,79800,4
2025,6,20,5,LAX,MDW,2025-06-20 22:55:00,22:54:00,-1,05:00:00,04:45:00,-15,2025-06-20,82500,18000,4
2025,6,20,5,LAX,MEM,2025-06-20 18:20:00,18:30:00,10,23:58:00,00:12:00,14,2025-06-20,66000,86280,4
2025,6,20,5,LAX,MIA,2025-06-20 06:00:00,06:02:00,2,14:13:00,14:01:00,-12,2025-06-20,21600,51180,4
2025,6,20,5,LAX,MIA,2025-06-20 07:45:00,07:53:00,8,15:54:00,15:56:00,2,2025-06-20,27900,57240,4
2025,6,20,5,LAX,MIA,2025-06-20 09:00:00,09:29:00,29,17:19:00,17:21:00,2,2025-06-20,32400,62340,4
2025,6,20,5,LAX,MIA,2025-06-20 10:05:00,10:02:00,-3,18:16:00,18:08:00,-8,2025-06-20,36300,65760,4
2025,6,20,5,LAX,MIA,2025-06-20 12:10:00,12:08:00,-2,20:20:00,20:29:00,9,2025-06-20,43800,73200,4
2025,6,20,5,LAX,MIA,2025-06-20 15:00:00,15:59:00,59,23:10:00,23:58:00,48,2025-06-20,54000,83400,4
2025,6,20,5,LAX,MIA,2025-06-20 21:40:00,21:37:00,-3,05:50:00,05:35:00,-15,2025-06-20,78000,21000,4
2025,6,20,5,LAX,MIA,2025-06-20 22:49:00,22:45:00,-4,07:01:00,06:41:00,-20,2025-06-20,82140,25260,4
2025,6,20,5,LAX,MRY,2025-06-20 08:20:00,08:10:00,-10,09:42:00,09:15:00,-27,2025-06-20,30000,34920,4
2025,6,20,5,LAX,MRY,2025-06-20 18:23:00,18:16:00,-7,19:37:00,19:28:00,-9,2025-06-20,66180,70620,4
2025,6,20,5,LAX,MSO,2025-06-20 11:31:00,11:36:00,5,15:10:00,15:04:00,-6,2025-06-20,41460,54600,4
2025,6,20,5,LAX,MSP,2025-06-20 00:50:00,00:44:00,-6,06:25:00,06:27:00,2,2025-06-20,3000,23100,4
2025,6,20,5,LAX,MSP,2025-06-20 06:17:00,06:10:00,-7,11:48:00,11:23:00,-25,2025-06-20,22620,42480,4
2025,6,20,5,LAX,MSP,2025-06-20 08:00:00,07:56:00,-4,13:34:00,13:12:00,-22,2025-06-20,28800,48840,4
2025,6,20,5,LAX,MSP,2025-06-20 11:30:00,11:34:00,4,17:02:00,16:43:00,-19,2025-06-20,41400,61320,4
2025,6,20,5,LAX,MSP,2025-06-20 13:25:00,13:25:00,0,18:55:00,18:52:00,-3,2025-06-20,48300,68100,4
2025,6,20,5,LAX,MSP,2025-06-20 15:20:00,15:14:00,-6,20:49:00,20:28:00,-21,2025-06-20,55200,74940,4
2025,6,20,5,LAX,MSP,2025-06-20 18:50:00,19:23:00,33,00:20:00,00:29:00,9,2025-06-20,67800,1200,4
2025,6,20,5,LAX,MSP,2025-06-20 23:30:00,23:24:00,-6,05:04:00,04:40:00,-24,2025-06-20,84600,18240,4
2025,6,20,5,LAX,MSY,2025-06-20 07:00:00,06:54:00,-6,12:40:00,12:28:00,-12,2025-06-20,25200,45600,4
2025,6,20,5,LAX,MSY,2025-06-20 12:10:00,12:15:00,5,17:53:00,17:55:00,2,2025-06-20,43800,64380,4
2025,6,20,5,LAX,MSY,2025-06-20 12:25:00,13:05:00,40,18:10:00,18:39:00,29,2025-06-20,44700,65400,4
2025,6,20,5,LAX,MSY,2025-06-20 17:47:00,17:42:00,-5,23:27:00,23:35:00,8,2025-06-20,64020,84420,4
2025,6,20,5,LAX,MSY,2025-06-20 18:18:00,18:56:00,38,23:58:00,00:27:00,29,2025-06-20,65880,86280,4
2025,6,20,5,LAX,OAK,2025-06-20 06:10:00,06:08:00,-2,07:35:00,07:26:00,-9,2025-06-20,22200,27300,4
2025,6,20,5,LAX,OAK,2025-06-20 08:05:00,08:00:00,-5,09:30:00,09:09:00,-21,2025-06-20,29100,34200,4
2025,6,20,5,LAX,OAK,2025-06-20 09:25:00,09:21:00,-4,10:50:00,10:38:00,-12,2025-06-20,33900,39000,4
2025,6,20,5,LAX,OAK,2025-06-20 11:50:00,11:52:00,2,13:15:00,13:07:00,-8,2025-06-20,42600,47700,4
2025,6,20,5,LAX,OAK,2025-06-20 15:05:00,15:04:00,-1,16:25:00,16:19:00,-6,2025-06-20,54300,59100,4
2025,6,20,5,LAX,OAK,2025-06-20 20:30:00,20:35:00,5,21:55:00,21:56:00,1,2025-06-20,73800,78900,4
2025,6,20,5,LAX,OGG,2025-06-20 07:00:00,06:56:00,-4,09:35:00,09:34:00,-1,2025-06-20,25200,34500,4
2025,6,20,5,LAX,OGG,2025-06-20 08:00:00,07:58:00,-2,10:31:00,10:36:00,5,2025-06-20,28800,37860,4
2025,6,20,5,LAX,OGG,2025-06-20 08:15:00,08:20:00,5,10:55:00,10:58:00,3,2025-06-20,29700,39300,4
2025,6,20,5,LAX,OGG,2025-06-20 09:02:00,08:54:00,-8,11:47:00,11:20:00,-27,2025-06-20,32520,42420,4
2025,6,20,5,LAX,OGG,2025-06-20 16:55:00,16:49:00,-6,19:34:00,19:19:00,-15,2025-06-20,60900,70440,4
2025,6,20,5,LAX,OGG,2025-06-20 16:56:00,16:49:00,-7,19:28:00,19:08:00,-20,2025-06-20,60960,70080,4
2025,6,20,5,LAX,OGG,2025-06-20 17:54:00,17:41:00,-13,20:30:00,19:56:00,-34,2025-06-20,64440,73800,4
2025,6,20,5,LAX,OKC,2025-06-20 09:00:00,09:05:00,5,14:00:00,13:54:00,-6,2025-06-20,32400,50400,4
2025,6,20,5,LAX,OKC,2025-06-20 17:32:00,17:22:00,-10,22:30:00,22:25:00,-5,2025-06-20,63120,81000,4
2025,6,20,5,LAX,OMA,2025-06-20 12:36:00,12:33:00,-3,17:52:00,17:46:00,-6,2025-06-20,45360,64320,4
2025,6,20,5,LAX,ORD,2025-06-20 00:30:00,00:32:00,2,06:42:00,06:56:00,14,2025-06-20,1800,24120,4
2025,6,20,5,LAX,ORD,2025-06-20 00:32:00,00:36:00,4,06:38:00,07:13:00,35,2025-06-20,1920,23880,4
2025,6,20,5,LAX,ORD,2025-06-20 00:44:00,00:37:00,-7,06:51:00,06:59:00,8,2025-06-20,2640,24660,4
2025,6,20,5,LAX,ORD,2025-06-20 05:45:00,05:38:00,-7,11:57:00,11:34:00,-23,2025-06-20,20700,43020,4
2025,6,20,5,LAX,ORD,2025-06-20 06:05:00,06:29:00,24,12:21:00,12:25:00,4,2025-06-20,21900,44460,4
2025,6,20,5,LAX,ORD,2025-06-20 06:20:00,06:17:00,-3,12:42:00,12:05:00,-37,2025-06-20,22800,45720,4
2025,6,20,5,LAX,ORD,2025-06-20 06:30:00,06:41:00,11,12:38:00,12:32:00,-6,2025-06-20,23400,45480,4
2025,6,20,5,LAX,ORD,2025-06-20 08:00:00,07:54:00,-6,14:15:00,13:58:00,-17,2025-06-20,28800,51300,4
2025,6,20,5,LAX,ORD,2025-06-20 08:15:00,08:12:00,-3,14:39:00,14:21:00,-18,2025-06-20,29700,52740,4
2025,6,20,5,LAX,ORD,2025-06-20 09:36:00,09:31:00,-5,15:44:00,15:27:00,-17,2025-06-20,34560,56640,4
2025,6,20,5,LAX,ORD,2025-06-20 10:40:00,10:35:00,-5,16:56:00,16:31:00,-25,2025-06-20,38400,60960,4
2025,6,20,5,LAX,ORD,2025-06-20 11:05:00,11:00:00,-5,17:17:00,17:01:00,-16,2025-06-20,39900,62220,4
2025,6,20,5,LAX,ORD,2025-06-20 11:45:00,11:42:00,-3,17:53:00,17:56:00,3,2025-06-20,42300,64380,4
2025,6,20,5,LAX,ORD,2025-06-20 12:37:00,12:36:00,-1,18:55:00,18:38:00,-17,2025-06-20,45420,68100,4
2025,6,20,5,LAX,ORD,2025-06-20 13:00:00,12:57:00,-3,19:29:00,19:43:00,14,2025-06-20,46800,70140,4
2025,6,20,5,LAX,ORD,2025-06-20 14:01:00,14:38:00,37,20:25:00,20:41:00,16,2025-06-20,50460,73500,4
2025,6,20,5,LAX,ORD,2025-06-20 15:02:00,15:00:00,-2,21:08:00,21:11:00,3,2025-06-20,54120,76080,4
2025,6,20,5,LAX,ORD,2025-06-20 16:40:00,16:27:00,-13,23:04:00,22:47:00,-17,2025-06-20,60000,83040,4
2025,6,20,5,LAX,ORD,2025-06-20 16:46:00,17:18:00,32,23:05:00,23:19:00,14,2025-06-20,60360,83100,4
2025,6,20,5,LAX,ORD,2025-06-20 17:29:00,17:23:00,-6,23:35:00,23:15:00,-20,2025-06-20,62940,84900,4
2025,6,20,5,LAX,ORD,2025-06-20 17:38:00,17:32:00,-6,23:59:00,23:21:00,-38,2025-06-20,63480,86340,4
2025,6,20,5,LAX,ORD,2025-06-20 22:40:00,22:38:00,-2,04:51:00,04:33:00,-18,2025-06-20,81600,17460,4
2025,6,20,5,LAX,ORD,2025-06-20 23:00:00,22:59:00,-1,05:13:00,04:54:00,-19,2025-06-20,82800,18780,4
2025,6,20,5,LAX,ORD,2025-06-20 23:25:00,00:08:00,43,05:33:00,06:17:00,44,2025-06-20,84300,19980,4
2025,6,20,5,LAX,PDX,2025-06-20 07:00:00,06:52:00,-8,09:23:00,09:28:00,5,2025-06-20,25200,33780,4
2025,6,20,5,LAX,PDX,2025-06-20 07:00:00,06:57:00,-3,09:21:00,09:12:00,-9,2025-06-20,25200,33660,4
2025,6,20,5,LAX,PDX,2025-06-20 08:45:00,08:40:00,-5,11:10:00,10:57:00,-13,2025-06-20,31500,40200,4
2025,6,20,5,LAX,PDX,2025-06-20 09:05:00,08:59:00,-6,11:31:00,11:32:00,1,2025-06-20,32700,41460,4
2025,6,20,5,LAX,PDX,2025-06-20 09:43:00,10:13:00,30,12:14:00,12:36:00,22,2025-06-20,34980,44040,4
2025,6,20,5,LAX,PDX,2025-06-20 11:02:00,10:58:00,-4,13:25:00,13:26:00,1,2025-06-20,39720,48300,4
2025,6,20,5,LAX,PDX,2025-06-20 13:40:00,13:34:00,-6,16:00:00,16:07:00,7,2025-06-20,49200,57600,4
2025,6,20,5,LAX,PDX,2025-06-20 14:05:00,13:53:00,-12,16:26:00,16:30:00,4,2025-06-20,50700,59160,4
2025,6,20,5,LAX,PDX,2025-06-20 16:05:00,15:57:00,-8,18:26:00,18:23:00,-3,2025-06-20,57900,66360,4
2025,6,20,5,LAX,PDX,2025-06-20 16:40:00,16:38:00,-2,18:59:00,18:52:00,-7,2025-06-20,60000,68340,4
2025,6,20,5,LAX,PDX,2025-06-20 18:07:00,18:00:00,-7,20:30:00,20:27:00,-3,2025-06-20,65220,73800,4
2025,6,20,5,LAX,PDX,2025-06-20 20:06:00,19:57:00,-9,22:30:00,22:20:00,-10,2025-06-20,72360,81000,4
2025,6,20,5,LAX,PDX,2025-06-20 20:25:00,20:16:00,-9,22:45:00,22:24:00,-21,2025-06-20,73500,81900,4
2025,6,20,5,LAX,PDX,2025-06-20 21:36:00,22:00:00,24,23:59:00,00:24:00,25,2025-06-20,77760,86340,4
2025,6,20,5,LAX,PHL,2025-06-20 01:08:00,01:05:00,-3,09:16:00,09:19:00,3,2025-06-20,4080,33360,4
2025,6,20,5,LAX,PHL,2025-06-20 06:45:00,06:54:00,9,14:54:00,14:59:00,5,2025-06-20,24300,53640,4
2025,6,20,5,LAX,PHL,2025-06-20 07:45:00,07:40:00,-5,15:56:00,15:37:00,-19,2025-06-20,27900,57360,4
2025,6,20,5,LAX,PHL,2025-06-20 09:00:00,08:56:00,-4,17:18:00,16:56:00,-22,2025-06-20,32400,62280,4
2025,6,20,5,LAX,PHL,2025-06-20 11:40:00,11:35:00,-5,19:56:00,19:40:00,-16,2025-06-20,42000,71760,4
2025,6,20,5,LAX,PHL,2025-06-20 14:42:00,14:36:00,-6,22:54:00,22:30:00,-24,2025-06-20,52920,82440,4
2025,6,20,5,LAX,PHL,2025-06-20 16:30:00,16:32:00,2,00:43:00,00:34:00,-9,2025-06-20,59400,2580,4
2025,6,20,5,LAX,PHL,2025-06-20 22:53:00,22:47:00,-6,07:05:00,06:52:00,-13,2025-06-20,82380,25500,4
2025,6,20,5,LAX,PHX,2025-06-20 05:25:00,05:22:00,-3,06:55:00,06:41:00,-14,2025-06-20,19500,24900,4
2025,6,20,5,LAX,PHX,2025-06-20 06:10:00,06:05:00,-5,07:39:00,07:40:00,1,2025-06-20,22200,27540,4
2025,6,20,5,LAX,PHX,2025-06-20 07:05:00,07:00:00,-5,08:30:00,08:19:00,-11,2025-06-20,25500,30600,4
2025,6,20,5,LAX,PHX,2025-06-20 07:50:00,07:45:00,-5,09:15:00,08:55:00,-20,2025-06-20,28200,33300,4
2025,6,20,5,LAX,PHX,2025-06-20 08:15:00,08:13:00,-2,09:51:00,09:50:00,-1,2025-06-20,29700,35460,4
2025,6,20,5,LAX,PHX,2025-06-20 10:00:00,09:58:00,-2,11:30:00,11:14:00,-16,2025-06-20,36000,41400,4
2025,6,20,5,LAX,PHX,2025-06-20 10:15:00,10:10:00,-5,11:45:00,11:28:00,-17,2025-06-20,36900,42300,4
2025,6,20,5,LAX,PHX,2025-06-20 11:05:00,11:04:00,-1,12:35:00,12:13:00,-22,2025-06-20,39900,45300,4
2025,6,20,5,LAX,PHX,2025-06-20 13:25:00,13:20:00,-5,15:03:00,14:46:00,-17,2025-06-20,48300,54180,4
2025,6,20,5,LAX,PHX,2025-06-20 14:00:00,13:52:00,-8,15:28:00,15:23:00,-5,2025-06-20,50400,55680,4
2025,6,20,5,LAX,PHX,2025-06-20 14:23:00,14:50:00,27,16:02:00,16:13:00,11,2025-06-20,51780,57720,4
2025,6,20,5,LAX,PHX,2025-06-20 14:40:00,14:59:00,19,16:10:00,16:16:00,6,2025-06-20,52800,58200,4
2025,6,20,5,LAX,PHX,2025-06-20 16:32:00,16:35:00,3,17:59:00,17:56:00,-3,2025-06-20,59520,64740,4
2025,6,20,5,LAX,PHX,2025-06-20 17:30:00,18:07:00,37,18:55:00,19:47:00,52,2025-06-20,63000,68100,4
2025,6,20,5,LAX,PHX,2025-06-20 19:10:00,19:04:00,-6,20:39:00,20:29:00,-10,2025-06-20,69000,74340,4
2025,6,20,5,LAX,PHX,2025-06-20 19:35:00,20:15:00,40,21:03:00,21:44:00,41,2025-06-20,70500,75780,4
2025,6,20,5,LAX,PHX,2025-06-20 19:55:00,20:45:00,50,21:30:00,22:02:00,32,2025-06-20,71700,77400,4
2025,6,20,5,LAX,PHX,2025-06-20 21:34:00,21:53:00,19,23:05:00,23:10:00,5,2025-06-20,77640,83100,4
2025,6,20,5,LAX,PHX,2025-06-20 21:35:00,21:24:00,-11,23:15:00,22:38:00,-37,2025-06-20,77700,83700,4
2025,6,20,5,LAX,PHX,2025-06-20 22:35:00,22:29:00,-6,00:13:00,23:53:00,-20,2025-06-20,81300,780,4
2025,6,20,5,LAX,PIT,2025-06-20 09:15:00,09:13:00,-2,17:00:00,16:37:00,-23,2025-06-20,33300,61200,4
2025,6,20,5,LAX,PSC,2025-06-20 21:25:00,21:33:00,8,23:59:00,00:15:00,16,2025-06-20,77100,86340,4
2025,6,20,5,LAX,RDD,2025-06-20 12:50:00,12:46:00,-4,14:39:00,14:32:00,-7,2025-06-20,46200,52740,4
2025,6,20,5,LAX,RDM,2025-06-20 12:45:00,12:44:00,-1,15:03:00,14:52:00,-11,2025-06-20,45900,54180,4
2025,6,20,5,LAX,RDU,2025-06-20 08:57:00,09:10:00,13,16:54:00,16:52:00,-2,2025-06-20,32220,60840,4
2025,6,20,5,LAX,RDU,2025-06-20 10:37:00,10:28:00,-9,18:31:00,18:23:00,-8,2025-06-20,38220,66660,4
2025,6,20,5,LAX,RDU,2025-06-20 22:20:00,22:13:00,-7,06:18:00,06:07:00,-11,2025-06-20,80400,22680,4
2025,6,20,5,LAX,RDU,2025-06-20 22:43:00,22:42:00,-1,06:30:00,06:23:00,-7,2025-06-20,81780,23400,4
2025,6,20,5,LAX,RNO,2025-06-20 09:59:00,09:52:00,-7,11:31:00,11:10:00,-21,2025-06-20,35940,41460,4
2025,6,20,5,LAX,RNO,2025-06-20 10:19:00,10:11:00,-8,12:00:00,11:42:00,-18,2025-06-20,37140,43200,4
2025,6,20,5,LAX,RNO,2025-06-20 14:25:00,14:49:00,24,15:50:00,16:11:00,21,2025-06-20,51900,57000,4
2025,6,20,5,LAX,RNO,2025-06-20 17:10:00,17:07:00,-3,18:44:00,18:39:00,-5,2025-06-20,61800,67440,4
2025,6,20,5,LAX,RNO,2025-06-20 20:15:00,20:07:00,-8,21:49:00,21:49:00,0,2025-06-20,72900,78540,4
2025,6,20,5,LAX,RNO,2025-06-20 20:50:00,21:41:00,51,22:17:00,23:02:00,45,2025-06-20,75000,80220,4
2025,6,20,5,LAX,RNO,2025-06-20 22:16:00,22:13:00,-3,23:53:00,23:36:00,-17,2025-06-20,80160,85980,4
2025,6,20,5,LAX,SAN,2025-06-20 08:20:00,08:49:00,29,09:19:00,09:43:00,24,2025-06-20,30000,33540,4
2025,6,20,5,LAX,SAN,2025-06-20 09:20:00,09:12:00,-8,10:24:00,10:12:00,-12,2025-06-20,33600,37440,4
2025,6,20,5,LAX,SAN,2025-06-20 14:28:00,14:20:00,-8,15:22:00,15:10:00,-12,2025-06-20,52080,55320,4
2025,6,20,5,LAX,SAN,2025-06-20 18:00:00,18:16:00,16,18:54:00,19:35:00,41,2025-06-20,64800,68040,4
2025,6,20,5,LAX,SAN,2025-06-20 18:46:00,18:38:00,-8,19:47:00,19:42:00,-5,2025-06-20,67560,71220,4
2025,6,20,5,LAX,SAN,2025-06-20 21:59:00,22:12:00,13,22:53:00,23:09:00,16,2025-06-20,79140,82380,4
2025,6,20,5,LAX,SAN,2025-06-20 22:45:00,22:52:00,7,23:46:00,23:44:00,-2,2025-06-20,81900,85560,4
2025,6,20,5,LAX,SAT,2025-06-20 08:25:00,08:19:00,-6,13:21:00,13:28:00,7,2025-06-20,30300,48060,4
2025,6,20,5,LAX,SAT,2025-06-20 09:12:00,09:03:00,-9,14:19:00,14:14:00,-5,2025-06-20,33120,51540,4
2025,6,20,5,LAX,SAT,2025-06-20 09:30:00,09:24:00,-6,14:23:00,14:05:00,-18,2025-06-20,34200,51780,4
2025,6,20,5,LAX,SAT,2025-06-20 14:10:00,14:04:00,-6,19:10:00,18:53:00,-17,2025-06-20,51000,69000,4
2025,6,20,5,LAX,SAT,2025-06-20 17:00:00,16:52:00,-8,21:58:00,21:39:00,-19,2025-06-20,61200,79080,4
2025,6,20,5,LAX,SAT,2025-06-20 18:58:00,18:51:00,-7,23:49:00,23:33:00,-16,2025-06-20,68280,85740,4
2025,6,20,5,LAX,SBA,2025-06-20 15:20:00,15:19:00,-1,16:12:00,16:13:00,1,2025-06-20,55200,58320,4
2025,6,20,5,LAX,SBA,2025-06-20 23:00:00,22:56:00,-4,23:58:00,23:42:00,-16,2025-06-20,82800,86280,4
2025,6,20,5,LAX,SBP,2025-06-20 15:00:00,14:53:00,-7,16:01:00,15:52:00,-9,2025-06-20,54000,57660,4
2025,6,20,5,LAX,SBP,2025-06-20 22:32:00,22:22:00,-10,23:36:00,23:25:00,-11,2025-06-20,81120,84960,4
2025,6,20,5,LAX,SDF,2025-06-20 08:21:00,08:13:00,-8,15:22:00,15:19:00,-3,2025-06-20,30060,55320,4
2025,6,20,5,LAX,SEA,2025-06-20 06:00:00,05:56:00,-4,08:50:00,08:47:00,-3,2025-06-20,21600,31800,4
2025,6,20,5,LAX,SEA,2025-06-20 07:00:00,06:52:00,-8,09:47:00,09:49:00,2,2025-06-20,25200,35220,4
2025,6,20,5,LAX,SEA,2025-06-20 07:00:00,06:53:00,-7,09:54:00,09:36:00,-18,2025-06-20,25200,35640,4
2025,6,20,5,LAX,SEA,2025-06-20 08:00:00,07:58:00,-2,10:49:00,11:09:00,20,2025-06-20,28800,38940,4
2025,6,20,5,LAX,SEA,2025-06-20 08:33:00,08:27:00,-6,11:28:00,11:14:00,-14,2025-06-20,30780,41280,4
2025,6,20,5,LAX,SEA,2025-06-20 09:45:00,10:38:00,53,12:42:00,13:11:00,29,2025-06-20,35100,45720,4
2025,6,20,5,LAX,SEA,2025-06-20 11:10:00,11:04:00,-6,14:01:00,14:23:00,22,2025-06-20,40200,50460,4
2025,6,20,5,LAX,SEA,2025-06-20 11:15:00,11:13:00,-2,14:09:00,13:52:00,-17,2025-06-20,40500,50940,4
2025,6,20,5,LAX,SEA,2025-06-20 11:55:00,11:50:00,-5,14:45:00,14:33:00,-12,2025-06-20,42900,53100,4
2025,6,20,5,LAX,SEA,2025-06-20 11:55:00,12:07:00,12,14:39:00,14:48:00,9,2025-06-20,42900,52740,4
2025,6,20,5,LAX,SEA,2025-06-20 14:10:00,14:13:00,3,16:54:00,17:09:00,15,2025-06-20,51000,60840,4
2025,6,20,5,LAX,SEA,2025-06-20 17:15:00,17:09:00,-6,20:00:00,20:00:00,0,2025-06-20,62100,72000,4
2025,6,20,5,LAX,SEA,2025-06-20 17:43:00,17:37:00,-6,20:35:00,20:27:00,-8,2025-06-20,63780,74100,4
2025,6,20,5,LAX,SEA,2025-06-20 18:15:00,18:13:00,-2,21:00:00,21:04:00,4,2025-06-20,65700,75600,4
2025,6,20,5,LAX,SEA,2025-06-20 18:50:00,19:04:00,14,21:45:00,21:41:00,-4,2025-06-20,67800,78300,4
2025,6,20,5,LAX,SEA,2025-06-20 19:07:00,19:27:00,20,21:58:00,22:16:00,18,2025-06-20,68820,79080,4
2025,6,20,5,LAX,SEA,2025-06-20 19:25:00,19:19:00,-6,22:10:00,22:18:00,8,2025-06-20,69900,79800,4
2025,6,20,5,LAX,SEA,2025-06-20 19:59:00,20:24:00,25,22:57:00,23:06:00,9,2025-06-20,71940,82620,4
2025,6,20,5,LAX,SEA,2025-06-20 20:10:00,20:06:00,-4,22:59:00,23:08:00,9,2025-06-20,72600,82740,4
2025,6,20,5,LAX,SEA,2025-06-20 21:15:00,21:31:00,16,23:59:00,00:17:00,18,2025-06-20,76500,86340,4
2025,6,20,5,LAX,SEA,2025-06-20 21:29:00,21:30:00,1,00:25:00,00:01:00,-24,2025-06-20,77340,1500,4
2025,6,20,5,LAX,SFO,2025-06-20 06:00:00,05:56:00,-4,07:38:00,07:19:00,-19,2025-06-20,21600,27480,4
2025,6,20,5,LAX,SFO,2025-06-20 06:30:00,06:25:00,-5,07:50:00,07:39:00,-11,2025-06-20,23400,28200,4
2025,6,20,5,LAX,SFO,2025-06-20 06:30:00,06:27:00,-3,07:52:00,07:40:00,-12,2025-06-20,23400,28320,4
2025,6,20,5,LAX,SFO,2025-06-20 07:00:00,06:51:00,-9,08:36:00,08:25:00,-11,2025-06-20,25200,30960,4
2025,6,20,5,LAX,SFO,2025-06-20 07:00:00,06:57:00,-3,08:29:00,08:58:00,29,2025-06-20,25200,30540,4
2025,6,20,5,LAX,SFO,2025-06-20 08:05:00,07:59:00,-6,09:45:00,10:02:00,17,2025-06-20,29100,35100,4
2025,6,20,5,LAX,SFO,2025-06-20 08:35:00,08:26:00,-9,09:58:00,10:14:00,16,2025-06-20,30900,35880,4
2025,6,20,5,LAX,SFO,2025-06-20 09:10:00,09:01:00,-9,10:45:00,10:35:00,-10,2025-06-20,33000,38700,4
2025,6,20,5,LAX,SFO,2025-06-20 10:00:00,10:01:00,1,11:20:00,11:10:00,-10,2025-06-20,36000,40800,4
2025,6,20,5,LAX,SFO,2025-06-20 10:15:00,10:09:00,-6,11:40:00,11:50:00,10,2025-06-20,36900,42000,4
2025,6,20,5,LAX,SFO,2025-06-20 10:26:00,10:17:00,-9,11:59:00,11:52:00,-7,2025-06-20,37560,43140,4
2025,6,20,5,LAX,SFO,2025-06-20 11:29:00,11:44:00,15,12:56:00,13:11:00,15,2025-06-20,41340,46560,4
2025,6,20,5,LAX,SFO,2025-06-20 12:20:00,12:15:00,-5,13:43:00,13:31:00,-12,2025-06-20,44400,49380,4
2025,6,20,5,LAX,SFO,2025-06-20 13:30:00,13:52:00,22,14:52:00,15:18:00,26,2025-06-20,48600,53520,4
2025,6,20,5,LAX,SFO,2025-06-20 13:39:00,13:35:00,-4,15:07:00,15:48:00,41,2025-06-20,49140,54420,4
2025,6,20,5,LAX,SFO,2025-06-20 14:22:00,14:14:00,-8,15:48:00,16:02:00,14,2025-06-20,51720,56880,4
2025,6,20,5,LAX,SFO,2025-06-20 15:44:00,15:40:00,-4,17:11:00,17:05:00,-6,2025-06-20,56640,61860,4
2025,6,20,5,LAX,SFO,2025-06-20 16:10:00,16:12:00,2,17:39:00,17:25:00,-14,2025-06-20,58200,63540,4
2025,6,20,5,LAX,SFO,2025-06-20 16:27:00,16:23:00,-4,17:45:00,17:33:00,-12,2025-06-20,59220,63900,4
2025,6,20,5,LAX,SFO,2025-06-20 16:30:00,16:35:00,5,17:55:00,18:02:00,7,2025-06-20,59400,64500,4
2025,6,20,5,LAX,SFO,2025-06-20 17:10:00,17:09:00,-1,18:40:00,18:30:00,-10,2025-06-20,61800,67200,4
2025,6,20,5,LAX,SFO,2025-06-20 17:40:00,17:54:00,14,19:02:00,19:31:00,29,2025-06-20,63600,68520,4
2025,6,20,5,LAX,SFO,2025-06-20 18:20:00,18:17:00,-3,19:43:00,19:43:00,0,2025-06-20,66000,70980,4
2025,6,20,5,LAX,SFO,2025-06-20 18:40:00,19:06:00,26,20:09:00,20:48:00,39,2025-06-20,67200,72540,4
2025,6,20,5,LAX,SFO,2025-06-20 18:59:00,18:57:00,-2,20:28:00,20:27:00,-1,2025-06-20,68340,73680,4
2025,6,20,5,LAX,SFO,2025-06-20 19:25:00,20:21:00,56,20:57:00,21:40:00,43,2025-06-20,69900,75420,4
2025,6,20,5,LAX,SFO,2025-06-20 19:35:00,19:33:00,-2,20:58:00,21:00:00,2,2025-06-20,70500,75480,4
2025,6,20,5,LAX,SFO,2025-06-20 21:30:00,21:28:00,-2,23:02:00,23:22:00,20,2025-06-20,77400,82920,4
2025,6,20,5,LAX,SFO,2025-06-20 21:49:00,22:06:00,17,23:12:00,23:21:00,9,2025-06-20,78540,83520,4
2025,6,20,5,LAX,SFO,2025-06-20 22:25:00,22:21:00,-4,23:52:00,00:21:00,29,2025-06-20,80700,85920,4
2025,6,20,5,LAX,SGF,2025-06-20 06:00:00,06:03:00,3,11:17:00,11:22:00,5,2025-06-20,21600,40620,4
2025,6,20,5,LAX,SGU,2025-06-20 13:15:00,13:15:00,0,15:47:00,15:48:00,1,2025-06-20,47700,56820,4
2025,6,20,5,LAX,SJC,2025-06-20 06:05:00,06:01:00,-4,07:25:00,07:06:00,-19,2025-06-20,21900,26700,4
2025,6,20,5,LAX,SJC,2025-06-20 07:05:00,06:53:00,-12,08:20:00,08:20:00,0,2025-06-20,25500,30000,4
2025,6,20,5,LAX,SJC,2025-06-20 09:00:00,09:00:00,0,10:20:00,10:01:00,-19,2025-06-20,32400,37200,4
2025,6,20,5,LAX,SJC,2025-06-20 09:15:00,09:08:00,-7,10:30:00,10:21:00,-9,2025-06-20,33300,37800,4
2025,6,20,5,LAX,SJC,2025-06-20 10:25:00,10:35:00,10,11:40:00,11:44:00,4,2025-06-20,37500,42000,4
2025,6,20,5,LAX,SJC,2025-06-20 11:35:00,11:34:00,-1,12:52:00,12:41:00,-11,2025-06-20,41700,46320,4
2025,6,20,5,LAX,SJC,2025-06-20 13:25:00,13:17:00,-8,14:40:00,14:40:00,0,2025-06-20,48300,52800,4
2025,6,20,5,LAX,SJC,2025-06-20 14:05:00,14:25:00,20,15:20:00,15:24:00,4,2025-06-20,50700,55200,4
2025,6,20,5,LAX,SJC,2025-06-20 15:45:00,15:39:00,-6,17:00:00,16:48:00,-12,2025-06-20,56700,61200,4
2025,6,20,5,LAX,SJC,2025-06-20 16:35:00,16:33:00,-2,17:50:00,17:36:00,-14,2025-06-20,59700,64200,4
2025,6,20,5,LAX,SJC,2025-06-20 18:00:00,18:15:00,15,19:15:00,19:38:00,23,2025-06-20,64800,69300,4
2025,6,20,5,LAX,SJC,2025-06-20 21:20:00,21:16:00,-4,22:45:00,22:21:00,-24,2025-06-20,76800,81900,4
2025,6,20,5,LAX,SJC,2025-06-20 21:28:00,21:58:00,30,22:44:00,23:22:00,38,2025-06-20,77280,81840,4
2025,6,20,5,LAX,SLC,2025-06-20 06:00:00,05:57:00,-3,08:53:00,08:30:00,-23,2025-06-20,21600,31980,4
2025,6,20,5,LAX,SLC,2025-06-20 07:00:00,06:57:00,-3,09:55:00,09:38:00,-17,2025-06-20,25200,35700,4
2025,6,20,5,LAX,SLC,2025-06-20 09:48:00,09:51:00,3,12:43:00,12:31:00,-12,2025-06-20,35280,45780,4
2025,6,20,5,LAX,SLC,2025-06-20 10:05:00,10:01:00,-4,12:55:00,12:34:00,-21,2025-06-20,36300,46500,4
2025,6,20,5,LAX,SLC,2025-06-20 11:11:00,11:05:00,-6,14:03:00,13:36:00,-27,2025-06-20,40260,50580,4
2025,6,20,5,LAX,SLC,2025-06-20 13:09:00,13:35:00,26,16:08:00,16:26:00,18,2025-06-20,47340,58080,4
2025,6,20,5,LAX,SLC,2025-06-20 13:11:00,13:03:00,-8,16:04:00,15:45:00,-19,2025-06-20,47460,57840,4
2025,6,20,5,LAX,SLC,2025-06-20 18:45:00,18:37:00,-8,21:39:00,21:23:00,-16,2025-06-20,67500,77940,4
2025,6,20,5,LAX,SLC,2025-06-20 19:19:00,19:50:00,31,22:06:00,22:36:00,30,2025-06-20,69540,79560,4
2025,6,20,5,LAX,SMF,2025-06-20 06:00:00,05:55:00,-5,07:25:00,07:10:00,-15,2025-06-20,21600,26700,4
2025,6,20,5,LAX,SMF,2025-06-20 07:55:00,07:52:00,-3,09:24:00,09:15:00,-9,2025-06-20,28500,33840,4
2025,6,20,5,LAX,SMF,2025-06-20 08:10:00,08:05:00,-5,09:40:00,09:20:00,-20,2025-06-20,29400,34800,4
2025,6,20,5,LAX,SMF,2025-06-20 08:15:00,08:10:00,-5,09:52:00,09:52:00,0,2025-06-20,29700,35520,4
2025,6,20,5,LAX,SMF,2025-06-20 09:46:00,09:37:00,-9,11:23:00,11:03:00,-20,2025-06-20,35160,40980,4
2025,6,20,5,LAX,SMF,2025-06-20 10:25:00,10:19:00,-6,11:59:00,11:42:00,-17,2025-06-20,37500,43140,4
2025,6,20,5,LAX,SMF,2025-06-20 11:40:00,11:51:00,11,13:05:00,13:13:00,8,2025-06-20,42000,47100,4
2025,6,20,5,LAX,SMF,2025-06-20 12:25:00,12:18:00,-7,13:54:00,13:37:00,-17,2025-06-20,44700,50040,4
2025,6,20,5,LAX,SMF,2025-06-20 16:20:00,16:17:00,-3,17:45:00,17:35:00,-10,2025-06-20,58800,63900,4
2025,6,20,5,LAX,SMF,2025-06-20 16:30:00,16:21:00,-9,18:01:00,17:45:00,-16,2025-06-20,59400,64860,4
2025,6,20,5,LAX,SMF,2025-06-20 16:54:00,17:11:00,17,18:23:00,18:37:00,14,2025-06-20,60840,66180,4
2025,6,20,5,LAX,SMF,2025-06-20 17:05:00,16:59:00,-6,18:37:00,18:39:00,2,2025-06-20,61500,67020,4
2025,6,20,5,LAX,SMF,2025-06-20 18:15:00,18:06:00,-9,19:45:00,19:46:00,1,2025-06-20,65700,71100,4
2025,6,20,5,LAX,SMF,2025-06-20 19:22:00,19:18:00,-4,21:01:00,20:44:00,-17,2025-06-20,69720,75660,4
2025,6,20,5,LAX,SMF,2025-06-20 20:30:00,20:55:00,25,21:55:00,22:17:00,22,2025-06-20,73800,78900,4
2025,6,20,5,LAX,SMF,2025-06-20 20:56:00,20:58:00,2,22:28:00,22:38:00,10,2025-06-20,75360,80880,4
2025,6,20,5,LAX,SMF,2025-06-20 21:55:00,22:02:00,7,23:20:00,23:27:00,7,2025-06-20,78900,84000,4
2025,6,20,5,LAX,STL,2025-06-20 05:10:00,05:05:00,-5,10:50:00,10:37:00,-13,2025-06-20,18600,39000,4
2025,6,20,5,LAX,STL,2025-06-20 17:33:00,17:31:00,-2,22:59:00,23:08:00,9,2025-06-20,63180,82740,4
2025,6,20,5,LAX,STS,2025-06-20 09:25:00,09:18:00,-7,11:06:00,10:50:00,-16,2025-06-20,33900,39960,4
2025,6,20,5,LAX,STS,2025-06-20 22:06:00,22:01:00,-5,23:44:00,23:36:00,-8,2025-06-20,79560,85440,4
2025,6,20,5,LAX,SUN,2025-06-20 08:30:00,08:26:00,-4,11:43:00,11:33:00,-10,2025-06-20,30600,42180,4
2025,6,20,5,LAX,TPA,2025-06-20 10:12:00,10:12:00,0,18:00:00,18:26:00,26,2025-06-20,36720,64800,4
2025,6,20,5,LAX,TPA,2025-06-20 22:10:00,22:00:00,-10,05:44:00,05:35:00,-9,2025-06-20,79800,20640,4
2025,6,20,5,LAX,TPA,2025-06-20 23:59:00,00:18:00,19,07:56:00,07:59:00,3,2025-06-20,86340,28560,4
2025,6,20,5,LAX,TUL,2025-06-20 07:45:00,07:40:00,-5,12:43:00,12:40:00,-3,2025-06-20,27900,45780,4
2025,6,20,5,LAX,TUL,2025-06-20 09:30:00,09:18:00,-12,14:40:00,14:41:00,1,2025-06-20,34200,52800,4
2025,6,20,5,LAX,TUS,2025-06-20 08:22:00,08:12:00,-10,10:03:00,09:42:00,-21,2025-06-20,30120,36180,4
2025,6,20,5,LAX,TUS,2025-06-20 09:35:00,09:26:00,-9,11:10:00,10:52:00,-18,2025-06-20,34500,40200,4
2025,6,20,5,LAX,TUS,2025-06-20 12:40:00,12:53:00,13,14:10:00,14:14:00,4,2025-06-20,45600,51000,4
2025,6,20,5,LAX,TUS,2025-06-20 14:10:00,14:03:00,-7,15:44:00,15:40:00,-4,2025-06-20,51000,56640,4
2025,6,20,5,LAX,TUS,2025-06-20 18:18:00,18:18:00,0,19:49:00,19:44:00,-5,2025-06-20,65880,71340,4
2025,6,20,5,LAX,TUS,2025-06-20 19:00:00,19:04:00,4,20:33:00,20:34:00,1,2025-06-20,68400,73980,4
2025,6,20,5,LAX,XNA,2025-06-20 09:14:00,09:07:00,-7,14:38:00,14:20:00,-18,2025-06-20,33240,52680,4
